MicroMag 2900/3900 Data File (Series 0016.002)
Direct moment vs. field; First-order reversal curves
Generated by Lake Shore 8600 series VSM software version 1.3

INSTRUMENT
Configuration			VSM
Temperature Control		None
Units of measure		SiMuNaughtH
Temperature in			Celsius

SCRIPT
Averaging time			0.3
Hb1				-0.0399999662134454
Hb2				0.0399999662134454
Hc2				0.399999662134454
HCal				0.439999628347899
HSat				1.79999847960504
NForc				160
PauseCal			1
PauseRvrsl			1
PauseSat			0.1
SlewRate			0.399999662134454
Smoothing			0
Includes hysteresis loop?	No

	Field		Moment
	(T)		(A·m²)
0.439337296191613, 1.20299581026031E-5

0.04, 3.24664691688591E-6

0.439344818543222, 1.20313213972596E-5

0.037, 3.04395029226201E-6
0.04, 3.2369847033224E-6
0.043, 3.42790056400617E-6

0.439340716251427, 1.20292828093772E-5

0.034, 2.8387811370856E-6
0.037, 3.02990448454501E-6
0.04, 3.2238201986573E-6
0.043, 3.41910826099912E-6
0.046, 3.61262111502272E-6

0.439336867177793, 1.202825216597E-5

0.031, 2.62725177580515E-6
0.034, 2.82448985205374E-6
0.037, 3.02377625869712E-6
0.04, 3.21642992925816E-6
0.043, 3.41335820377476E-6
0.046, 3.60564180565825E-6
0.049, 3.79694984452618E-6

0.439342177965738, 1.20292199477223E-5

0.028, 2.41795977581332E-6
0.031, 2.61408431611121E-6
0.034, 2.81290041333804E-6
0.037, 3.01195393200525E-6
0.04, 3.20795738977506E-6
0.043, 3.40516626135815E-6
0.046, 3.60172158030572E-6
0.049, 3.79510826258608E-6
0.052, 3.98301627901292E-6

0.439340243613756, 1.20282500479359E-5

0.025, 2.20232115689826E-6
0.028, 2.40393568769527E-6
0.031, 2.60180006189765E-6
0.034, 2.80383614181351E-6
0.037, 3.003724830143E-6
0.04, 3.20326118407685E-6
0.043, 3.40051080479799E-6
0.046, 3.59407338222653E-6
0.049, 3.78957108520694E-6
0.052, 3.97701171488993E-6
0.055, 4.16943025035277E-6

0.439346668628252, 1.20313367030536E-5

0.022, 1.98326953799725E-6
0.025, 2.18789762284665E-6
0.028, 2.38779430581184E-6
0.031, 2.59009070515135E-6
0.034, 2.7926076806539E-6
0.037, 2.99580105371032E-6
0.04, 3.19615115154454E-6
0.043, 3.39330111914504E-6
0.046, 3.58918702539723E-6
0.049, 3.78595031767145E-6
0.052, 3.97674321826751E-6
0.055, 4.16802316169343E-6
0.058, 4.35771893854115E-6

0.439351079356149, 1.20326736221906E-5

0.019, 1.76060575842983E-6
0.022, 1.96563183949185E-6
0.025, 2.1734061741434E-6
0.028, 2.37835566818166E-6
0.031, 2.58168067515542E-6
0.034, 2.78564753567838E-6
0.037, 2.9879329475144E-6
0.04, 3.18982270499344E-6
0.043, 3.38923850675176E-6
0.046, 3.58658269278473E-6
0.049, 3.78019868748327E-6
0.052, 3.97332349234335E-6
0.055, 4.16599422257493E-6
0.0579999999999999, 4.3545451779321E-6
0.0609999999999999, 4.53959230573234E-6

0.439344201216581, 1.20306808717641E-5

0.016, 1.53393810658093E-6
0.019, 1.74210978907362E-6
0.022, 1.94985461522675E-6
0.025, 2.16052975700372E-6
0.028, 2.36957846408165E-6
0.031, 2.57065352110351E-6
0.034, 2.77717537029889E-6
0.037, 2.98384898300652E-6
0.04, 3.18365653856107E-6
0.043, 3.38386341761964E-6
0.046, 3.58376191517261E-6
0.049, 3.77550962644495E-6
0.052, 3.97162868966066E-6
0.0549999999999999, 4.16225905969902E-6
0.0579999999999999, 4.3501905715672E-6
0.0609999999999999, 4.53704937661074E-6
0.0639999999999999, 4.72147452043863E-6

0.439341727835466, 1.2031302934396E-5

0.013, 1.30443782403244E-6
0.016, 1.51443603685284E-6
0.019, 1.72432749665403E-6
0.022, 1.93745693217233E-6
0.025, 2.1466496547007E-6
0.028, 2.35492230595517E-6
0.031, 2.56460996166443E-6
0.034, 2.7704723134916E-6
0.037, 2.97564977520823E-6
0.04, 3.17924716074875E-6
0.043, 3.38054585490409E-6
0.046, 3.57808010189756E-6
0.049, 3.77358722644945E-6
0.0519999999999999, 3.96843213571108E-6
0.0549999999999999, 4.1603112588883E-6
0.0579999999999999, 4.35169496245414E-6
0.0609999999999999, 4.53576230604044E-6
0.0639999999999999, 4.71992762970714E-6
0.0669999999999999, 4.90060774661859E-6

0.439340276835463, 1.20309844300162E-5

0.00999999999999995, 1.06733183177324E-6
0.013, 1.28187483464066E-6
0.016, 1.49275826243952E-6
0.019, 1.70793572275104E-6
0.022, 1.92389923274184E-6
0.025, 2.1365435660237E-6
0.028, 2.34834356363843E-6
0.031, 2.55917983567624E-6
0.034, 2.76670916035797E-6
0.037, 2.97136203629168E-6
0.04, 3.17702412525276E-6
0.043, 3.3773779568695E-6
0.046, 3.57564082778886E-6
0.0489999999999999, 3.77029855981688E-6
0.0519999999999999, 3.96674818793747E-6
0.0549999999999999, 4.15803992573604E-6
0.0579999999999999, 4.34874524471422E-6
0.0609999999999999, 4.53403315592533E-6
0.0639999999999999, 4.71977280705044E-6
0.0669999999999999, 4.90223968111452E-6
0.0699999999999999, 5.08064846492718E-6

0.439345265257769, 1.20308564288206E-5

0.00699999999999995, 8.30778975853188E-7
0.00999999999999995, 1.04366662771968E-6
0.013, 1.25719090035248E-6
0.016, 1.47580278007528E-6
0.019, 1.69394160747695E-6
0.022, 1.90966976928158E-6
0.025, 2.12609243547303E-6
0.028, 2.34043666568202E-6
0.031, 2.55115654900806E-6
0.034, 2.76050706923597E-6
0.037, 2.96710826506599E-6
0.04, 3.17120710723483E-6
0.043, 3.37464810504373E-6
0.0459999999999999, 3.57120861198124E-6
0.0489999999999999, 3.76636951169713E-6
0.0519999999999999, 3.96433637197659E-6
0.0549999999999999, 4.15594669310201E-6
0.0579999999999999, 4.34817274895741E-6
0.0609999999999999, 4.53421890817535E-6
0.0639999999999999, 4.71705826705006E-6
0.0669999999999999, 4.89774421853162E-6
0.0699999999999999, 5.07765269465982E-6
0.0729999999999999, 5.25475978292451E-6

0.439338119742342, 1.20331648462604E-5

0.00399999999999995, 5.8762866509636E-7
0.00699999999999995, 8.01119420333617E-7
0.00999999999999995, 1.02007866315941E-6
0.013, 1.24119114763232E-6
0.016, 1.46243160548214E-6
0.019, 1.68074006848308E-6
0.022, 1.89927993933489E-6
0.025, 2.11685679002753E-6
0.028, 2.33131201180543E-6
0.031, 2.54399875061093E-6
0.034, 2.75530295679825E-6
0.037, 2.96351879746397E-6
0.04, 3.16747287760563E-6
0.0429999999999999, 3.3688820058442E-6
0.0459999999999999, 3.56937252748085E-6
0.0489999999999999, 3.76720536851525E-6
0.0519999999999999, 3.96472208747135E-6
0.0549999999999999, 4.15571042176564E-6
0.0579999999999999, 4.34553128935952E-6
0.0609999999999999, 4.53133456169855E-6
0.0639999999999999, 4.71553739104715E-6
0.0669999999999999, 4.89882215870845E-6
0.0699999999999999, 5.07678847079098E-6
0.0729999999999999, 5.25468728678595E-6
0.076, 5.42894250547515E-6

0.439345349797457, 1.20336429225334E-5

0.000999999999999945, 3.34778573972685E-7
0.00399999999999995, 5.53673173999836E-7
0.00699999999999995, 7.74554262112485E-7
0.00999999999999995, 9.97333349326372E-7
0.013, 1.22185997686069E-6
0.016, 1.44541222561693E-6
0.019, 1.66882942342559E-6
0.022, 1.89107310417822E-6
0.025, 2.10969807553362E-6
0.028, 2.32601768578725E-6
0.031, 2.536621011429E-6
0.034, 2.74806275805125E-6
0.037, 2.95802283973173E-6
0.0399999999999999, 3.16410038467586E-6
0.0429999999999999, 3.36775032549805E-6
0.0459999999999999, 3.56615289022332E-6
0.0489999999999999, 3.76397932700636E-6
0.0519999999999999, 3.95894789899122E-6
0.0549999999999999, 4.15157073101881E-6
0.0579999999999999, 4.34347995650424E-6
0.0609999999999999, 4.53168200235118E-6
0.0639999999999999, 4.71749714243559E-6
0.0669999999999999, 4.89835149336213E-6
0.0699999999999999, 5.07667014346313E-6
0.0729999999999999, 5.25446794446537E-6
0.076, 5.43014969192619E-6
0.079, 5.59838416511296E-6

0.439342247087653, 1.20295454056482E-5

-0.00200000000000006, 8.17178382432602E-8
0.000999999999999945, 3.01866318069169E-7
0.00399999999999995, 5.24924507987596E-7
0.00699999999999995, 7.51080408961455E-7
0.00999999999999995, 9.77789376241847E-7
0.013, 1.20766007820332E-6
0.016, 1.43301856726455E-6
0.019, 1.65639200450541E-6
0.022, 1.87987623797524E-6
0.025, 2.09984095956618E-6
0.028, 2.31903898519407E-6
0.031, 2.53324921733691E-6
0.034, 2.74422538406205E-6
0.0369999999999999, 2.95339627167089E-6
0.0399999999999999, 3.15953580471949E-6
0.0429999999999999, 3.36339495905184E-6
0.0459999999999999, 3.56534752972124E-6
0.0489999999999999, 3.76117634738255E-6
0.0519999999999999, 3.95906863444458E-6
0.0549999999999999, 4.1510422503934E-6
0.0579999999999999, 4.34019123409798E-6
0.0609999999999999, 4.52956972379261E-6
0.0639999999999999, 4.7153081084767E-6
0.0669999999999999, 4.8960919709473E-6
0.0699999999999999, 5.075169512706E-6
0.0729999999999999, 5.25244280270439E-6
0.076, 5.4268737500251E-6
0.079, 5.5984746268979E-6
0.082, 5.76890836064419E-6

0.439339021911455, 1.2029168195756E-5

-0.00500000000000006, -1.72807766613826E-7
-0.00200000000000006, 4.43400320077707E-8
0.000999999999999945, 2.70181484376687E-7
0.00399999999999995, 4.97590615054115E-7
0.00699999999999995, 7.28064690017431E-7
0.00999999999999995, 9.58406701555823E-7
0.013, 1.18754413445761E-6
0.016, 1.42085088027494E-6
0.019, 1.65076381042573E-6
0.022, 1.87292357842321E-6
0.025, 2.09325736817199E-6
0.028, 2.31309197476899E-6
0.031, 2.52867109658383E-6
0.0339999999999999, 2.74166065868655E-6
0.0369999999999999, 2.94959977755742E-6
0.0399999999999999, 3.15820406589415E-6
0.0429999999999999, 3.36122291160051E-6
0.0459999999999999, 3.56080200438259E-6
0.0489999999999999, 3.76011304643568E-6
0.0519999999999999, 3.95770651865077E-6
0.0549999999999999, 4.15007615587009E-6
0.0579999999999999, 4.33936236532288E-6
0.0609999999999999, 4.52743700364874E-6
0.0639999999999999, 4.71132808686445E-6
0.0669999999999999, 4.89625277761864E-6
0.0699999999999999, 5.07482064962495E-6
0.0729999999999999, 5.25189610797088E-6
0.076, 5.42738650320648E-6
0.079, 5.59869140867944E-6
0.082, 5.76764317574663E-6
0.0849999999999999, 5.93313101356652E-6

0.439343469946132, 1.20298479248646E-5

-0.00800000000000006, -4.25770837214547E-7
-0.00500000000000006, -2.12268467956737E-7
-0.00200000000000006, 1.00532308212609E-8
0.000999999999999945, 2.39286143029007E-7
0.00399999999999995, 4.70301882375209E-7
0.00699999999999995, 7.07579725486449E-7
0.00999999999999995, 9.42932095284771E-7
0.013, 1.17668355612612E-6
0.016, 1.40736155745612E-6
0.019, 1.63758089751126E-6
0.022, 1.86461063505634E-6
0.025, 2.0871690968877E-6
0.028, 2.30753222235964E-6
0.0309999999999999, 2.52150599221794E-6
0.0339999999999999, 2.73712320585175E-6
0.0369999999999999, 2.94395504184985E-6
0.0399999999999999, 3.15089598622184E-6
0.0429999999999999, 3.35709871485048E-6
0.0459999999999999, 3.55988339681726E-6
0.0489999999999999, 3.75694650491968E-6
0.0519999999999999, 3.95281291059195E-6
0.0549999999999999, 4.14397527680953E-6
0.0579999999999999, 4.33873171620789E-6
0.0609999999999999, 4.52558660822958E-6
0.0639999999999999, 4.70901737088051E-6
0.0669999999999999, 4.8919598327748E-6
0.0699999999999999, 5.07249734843977E-6
0.0729999999999999, 5.24604950078392E-6
0.076, 5.4234458365111E-6
0.079, 5.59294714012007E-6
0.0819999999999999, 5.76088597421925E-6
0.0849999999999999, 5.92760837122504E-6
0.0879999999999999, 6.0903601125033E-6

0.439342038428926, 1.20290681685963E-5

-0.0110000000000001, -6.78625613671453E-7
-0.00800000000000006, -4.60488281655677E-7
-0.00500000000000006, -2.43559675355219E-7
-0.00200000000000006, -1.83359236316586E-8
0.000999999999999945, 2.1009156230368E-7
0.00399999999999995, 4.48577911393042E-7
0.00699999999999995, 6.89131424099919E-7
0.00999999999999995, 9.26442192228663E-7
0.013, 1.16430719809662E-6
0.016, 1.39810925828047E-6
0.019, 1.62975868918924E-6
0.022, 1.85676643584404E-6
0.025, 2.08062611728599E-6
0.0279999999999999, 2.30385255819122E-6
0.0309999999999999, 2.51986562287102E-6
0.0339999999999999, 2.72970806110612E-6
0.0369999999999999, 2.94329832032261E-6
0.0399999999999999, 3.14775226701833E-6
0.0429999999999999, 3.35390560825266E-6
0.0459999999999999, 3.55610434686769E-6
0.0489999999999999, 3.75536252952728E-6
0.0519999999999999, 3.95007571719742E-6
0.0549999999999999, 4.14346252517217E-6
0.0579999999999999, 4.33363924784119E-6
0.0609999999999999, 4.52282964492303E-6
0.0639999999999999, 4.70848852603814E-6
0.0669999999999999, 4.89009322236702E-6
0.0699999999999999, 5.06805303481198E-6
0.0729999999999999, 5.24569986129659E-6
0.076, 5.41866834622241E-6
0.0789999999999999, 5.59212038711962E-6
0.0819999999999999, 5.76342375583291E-6
0.0849999999999999, 5.9259315955718E-6
0.0879999999999999, 6.0936091778771E-6
0.0909999999999999, 6.2502117534507E-6

0.439342510553824, 1.20270415695863E-5

-0.0140000000000001, -9.22418362672614E-7
-0.0110000000000001, -7.08239023780384E-7
-0.00800000000000006, -4.9625714779635E-7
-0.00500000000000006, -2.72985139440244E-7
-0.00200000000000006, -4.69183552113446E-8
0.000999999999999945, 1.88305534090861E-7
0.00399999999999995, 4.30070413716977E-7
0.00699999999999995, 6.71822626225337E-7
0.00999999999999995, 9.12254981081223E-7
0.013, 1.15015070903934E-6
0.016, 1.38806882093241E-6
0.019, 1.62143048417639E-6
0.022, 1.85160779431012E-6
0.0249999999999999, 2.07761862628462E-6
0.0279999999999999, 2.29456199098632E-6
0.0309999999999999, 2.5147397844007E-6
0.0339999999999999, 2.72902585237854E-6
0.0369999999999999, 2.93819840446667E-6
0.0399999999999999, 3.14584873105656E-6
0.0429999999999999, 3.35033559038587E-6
0.0459999999999999, 3.55218098303089E-6
0.0489999999999999, 3.75346796209423E-6
0.0519999999999999, 3.94599333782175E-6
0.0549999999999999, 4.14422903986236E-6
0.0579999999999999, 4.33309881555079E-6
0.0609999999999999, 4.52118439846941E-6
0.0639999999999999, 4.7068983492485E-6
0.0669999999999999, 4.89038008276078E-6
0.0699999999999999, 5.06786261591102E-6
0.0729999999999999, 5.24717307233206E-6
0.0759999999999999, 5.42199472995215E-6
0.0789999999999999, 5.59141384794571E-6
0.0819999999999999, 5.762187120472E-6
0.0849999999999999, 5.92812016894174E-6
0.0879999999999999, 6.08962711646522E-6
0.0909999999999999, 6.24945375134025E-6
0.0939999999999999, 6.40679193166535E-6

0.439347059026996, 1.20268032308008E-5

-0.0170000000000001, -1.1684518364512E-6
-0.0140000000000001, -9.58548320088962E-7
-0.0110000000000001, -7.40033701145244E-7
-0.00800000000000006, -5.21390014742933E-7
-0.00500000000000006, -2.97937077096043E-7
-0.00200000000000006, -6.69674637557974E-8
0.000999999999999945, 1.65712573545197E-7
0.00399999999999995, 4.09280571593087E-7
0.00699999999999995, 6.52516399378348E-7
0.00999999999999995, 8.97399337865003E-7
0.013, 1.14027930376195E-6
0.016, 1.37691457669712E-6
0.019, 1.61252912487754E-6
0.0219999999999999, 1.84084000569823E-6
0.0249999999999999, 2.06806321689149E-6
0.0279999999999999, 2.29064847907079E-6
0.0309999999999999, 2.50862893719404E-6
0.0339999999999999, 2.72316027716246E-6
0.0369999999999999, 2.93562376241329E-6
0.0399999999999999, 3.14425450602604E-6
0.0429999999999999, 3.34832352569454E-6
0.0459999999999999, 3.55249086058934E-6
0.0489999999999999, 3.74927115757775E-6
0.0519999999999999, 3.94822281722541E-6
0.0549999999999999, 4.14231753270017E-6
0.0579999999999999, 4.33001592330618E-6
0.0609999999999999, 4.52044785990244E-6
0.0639999999999999, 4.70573490911133E-6
0.0669999999999999, 4.88977134105542E-6
0.0699999999999999, 5.06910161962489E-6
0.0729999999999999, 5.24503529299528E-6
0.0759999999999999, 5.41901865033899E-6
0.0789999999999999, 5.59144650913644E-6
0.0819999999999999, 5.76261357432712E-6
0.0849999999999999, 5.92878840988027E-6
0.0879999999999999, 6.09146591158311E-6
0.0909999999999999, 6.25175771262738E-6
0.0939999999999999, 6.40914162733809E-6
0.0969999999999999, 6.56085248930569E-6

0.439341660076648, 1.20264366910051E-5

-0.0200000000000001, -1.40497919796368E-6
-0.0170000000000001, -1.19969873374689E-6
-0.0140000000000001, -9.86072514934597E-7
-0.0110000000000001, -7.69615218891493E-7
-0.00800000000000006, -5.49109070484087E-7
-0.00500000000000006, -3.21474509193094E-7
-0.00200000000000006, -8.90270878530612E-8
0.000999999999999945, 1.45837163460758E-7
0.00399999999999995, 3.92003163879504E-7
0.00699999999999995, 6.37060714039235E-7
0.00999999999999995, 8.8490241215526E-7
0.013, 1.12787097416192E-6
0.016, 1.36723964713424E-6
0.0189999999999999, 1.60375303472566E-6
0.0219999999999999, 1.83508552426433E-6
0.0249999999999999, 2.06445216131597E-6
0.0279999999999999, 2.28351663074623E-6
0.0309999999999999, 2.50574309216805E-6
0.0339999999999999, 2.71947040989768E-6
0.0369999999999999, 2.93197167890043E-6
0.0399999999999999, 3.13815635235547E-6
0.0429999999999999, 3.34464410206035E-6
0.0459999999999999, 3.54931502953925E-6
0.0489999999999999, 3.75077287702785E-6
0.0519999999999999, 3.94657944373371E-6
0.0549999999999999, 4.14045999987916E-6
0.0579999999999999, 4.33004614818199E-6
0.0609999999999999, 4.52052116277547E-6
0.0639999999999999, 4.70426222260921E-6
0.0669999999999999, 4.88717051129448E-6
0.0699999999999999, 5.06645867215967E-6
0.0729999999999999, 5.24451710589117E-6
0.0759999999999999, 5.42035386974084E-6
0.0789999999999999, 5.58948782030993E-6
0.0819999999999999, 5.76015690758782E-6
0.0849999999999999, 5.92623639949864E-6
0.0879999999999999, 6.09157960418345E-6
0.0909999999999999, 6.25141974264881E-6
0.0939999999999999, 6.40785695643953E-6
0.0969999999999999, 6.56227231912933E-6
0.0999999999999999, 6.7124385692065E-6

0.439351617454146, 1.20252503121439E-5

-0.023, -1.64143918119194E-6
-0.02, -1.43607206569488E-6
-0.017, -1.22908334739625E-6
-0.014, -1.01193819997687E-6
-0.011, -7.92496326535895E-7
-0.00800000000000001, -5.70686616856895E-7
-0.005, -3.43818970663573E-7
-0.002, -1.11054404658292E-7
0.001, 1.28143209543376E-7
0.004, 3.75917877177356E-7
0.00700000000000001, 6.25630948671652E-7
0.01, 8.73348097896563E-7
0.013, 1.11843560484571E-6
0.016, 1.3575158036983E-6
0.019, 1.59428876556635E-6
0.022, 1.82953225924819E-6
0.025, 2.05504441226773E-6
0.028, 2.28301265742388E-6
0.031, 2.49874996486972E-6
0.034, 2.71581254025127E-6
0.037, 2.92883494925352E-6
0.04, 3.13612008153288E-6
0.043, 3.34512758038664E-6
0.046, 3.54837471794703E-6
0.049, 3.74573646697512E-6
0.052, 3.9435842460814E-6
0.055, 4.13727415314728E-6
0.058, 4.32823442701863E-6
0.061, 4.51683042223802E-6
0.064, 4.70384835355532E-6
0.0669999999999999, 4.88820770140253E-6
0.0699999999999999, 5.0661542063369E-6
0.0729999999999999, 5.24267949622187E-6
0.076, 5.41898253654094E-6
0.079, 5.58995495759351E-6
0.082, 5.76037413081592E-6
0.085, 5.92596134225342E-6
0.088, 6.08956220092614E-6
0.091, 6.2488207263857E-6
0.094, 6.407346122067E-6
0.097, 6.5631994575188E-6
0.1, 6.71491018506897E-6
0.103, 6.86064669405474E-6

0.439348976153243, 1.20276942438061E-5

-0.026, -1.87422166478834E-6
-0.023, -1.67009271816599E-6
-0.02, -1.46295584758756E-6
-0.017, -1.25093933063564E-6
-0.014, -1.0363319488488E-6
-0.011, -8.14658207305412E-7
-0.00800000000000001, -5.92168264342286E-7
-0.005, -3.62246649125012E-7
-0.002, -1.27087936191796E-7
0.001, 1.16962039588847E-7
0.004, 3.62672657003255E-7
0.00700000000000001, 6.12825225381118E-7
0.01, 8.58957273833979E-7
0.013, 1.10593493609024E-6
0.016, 1.34630535911707E-6
0.019, 1.58609030114941E-6
0.022, 1.82198427148577E-6
0.025, 2.04993540231625E-6
0.028, 2.27482273021909E-6
0.031, 2.49585461868551E-6
0.034, 2.71364509709349E-6
0.037, 2.92742153318085E-6
0.04, 3.13536080035906E-6
0.043, 3.34129175879144E-6
0.046, 3.54346619172819E-6
0.049, 3.74622987946882E-6
0.052, 3.94362130643696E-6
0.055, 4.1386567910671E-6
0.058, 4.32965702917927E-6
0.061, 4.5158177550618E-6
0.0639999999999999, 4.70324987701195E-6
0.0669999999999999, 4.88679540487305E-6
0.0699999999999999, 5.06563014165365E-6
0.0729999999999999, 5.24686579509095E-6
0.076, 5.41735005309404E-6
0.079, 5.59191836039053E-6
0.082, 5.75690691295496E-6
0.085, 5.92535884907701E-6
0.088, 6.08897909281541E-6
0.091, 6.25005806246842E-6
0.094, 6.40891650309014E-6
0.097, 6.56053487783347E-6
0.1, 6.71269860740995E-6
0.103, 6.85958477132007E-6
0.106, 7.00548088551521E-6

0.439341936163471, 1.20282893714377E-5

-0.029, -2.10288787825716E-6
-0.026, -1.90407143430716E-6
-0.023, -1.69501368871953E-6
-0.02, -1.48583430981519E-6
-0.017, -1.26992136132521E-6
-0.014, -1.05502493983667E-6
-0.011, -8.35252797648069E-7
-0.00800000000000001, -6.09407687464768E-7
-0.005, -3.79595782528299E-7
-0.002, -1.42648190029067E-7
0.001, 1.0112504392161E-7
0.004, 3.46987669299296E-7
0.00700000000000001, 5.98857293192088E-7
0.00999999999999995, 8.46940003743489E-7
0.013, 1.09403335605468E-6
0.016, 1.34054644125423E-6
0.019, 1.58025361147755E-6
0.022, 1.81598825173315E-6
0.025, 2.04623544820856E-6
0.028, 2.27242524159587E-6
0.031, 2.49215581493188E-6
0.034, 2.70795556815948E-6
0.037, 2.9249549410979E-6
0.04, 3.13062033098048E-6
0.043, 3.34179779931888E-6
0.046, 3.54468848382238E-6
0.049, 3.7444788675861E-6
0.052, 3.94382603450988E-6
0.055, 4.13717932665012E-6
0.058, 4.32864859558067E-6
0.0609999999999999, 4.51868200279217E-6
0.0639999999999999, 4.70262019496775E-6
0.0669999999999999, 4.88431406397835E-6
0.0699999999999999, 5.06632493667915E-6
0.0729999999999999, 5.24405817972365E-6
0.076, 5.41811759385817E-6
0.079, 5.59215806226028E-6
0.082, 5.7594359220471E-6
0.085, 5.92481294969618E-6
0.088, 6.0905070852131E-6
0.091, 6.24974368661646E-6
0.094, 6.40679666656821E-6
0.097, 6.56182552326936E-6
0.1, 6.71236904407148E-6
0.103, 6.861030426461E-6
0.106, 7.00555008317172E-6
0.109, 7.15061428263302E-6

0.439344806655984, 1.20295657867315E-5

-0.032, -2.32608525453841E-6
-0.029, -2.12686361046913E-6
-0.026, -1.92455194048641E-6
-0.023, -1.71861899633318E-6
-0.02, -1.50555584387369E-6
-0.017, -1.29157580063349E-6
-0.014, -1.07693312247542E-6
-0.011, -8.52083978510574E-7
-0.00800000000000001, -6.25320463441228E-7
-0.005, -3.9383354052054E-7
-0.002, -1.54361071632466E-7
0.001, 8.85391866724235E-8
0.004, 3.36779513657181E-7
0.00699999999999995, 5.87803933767102E-7
0.00999999999999995, 8.38316980097006E-7
0.013, 1.08716073017145E-6
0.016, 1.33269022947244E-6
0.019, 1.57202449550373E-6
0.022, 1.80790118734979E-6
0.025, 2.03930606296275E-6
0.028, 2.2637380658211E-6
0.031, 2.48867645561302E-6
0.034, 2.70736547599024E-6
0.037, 2.92198097614659E-6
0.04, 3.1311837259102E-6
0.043, 3.33676909829276E-6
0.046, 3.54217704626937E-6
0.049, 3.74279176877597E-6
0.052, 3.93870642191745E-6
0.055, 4.13478511187995E-6
0.0579999999999999, 4.32495189434575E-6
0.0609999999999999, 4.51545174809917E-6
0.0639999999999999, 4.69867928060212E-6
0.0669999999999999, 4.88586031628756E-6
0.0699999999999999, 5.06492684477936E-6
0.0729999999999999, 5.24187339027704E-6
0.076, 5.41863600640365E-6
0.079, 5.59104542085121E-6
0.082, 5.75805285231259E-6
0.085, 5.92577612929029E-6
0.088, 6.08942080686947E-6
0.091, 6.25089221974178E-6
0.094, 6.407215077229E-6
0.097, 6.5605387712612E-6
0.1, 6.71296307207137E-6
0.103, 6.86153573108789E-6
0.106, 7.00820725503132E-6
0.109, 7.14899270091858E-6
0.112, 7.29041607444559E-6

0.439347852916765, 1.20292713400225E-5

-0.035, -2.54535051357158E-6
-0.032, -2.34766436612732E-6
-0.029, -2.14957956784222E-6
-0.026, -1.94493728113677E-6
-0.023, -1.73545390939473E-6
-0.02, -1.52618379555324E-6
-0.017, -1.31040807613017E-6
-0.014, -1.0890665995225E-6
-0.011, -8.65639734347328E-7
-0.00800000000000001, -6.3958118101589E-7
-0.005, -4.06494189980399E-7
-0.002, -1.71090290740557E-7
0.001, 7.8732202678549E-8
0.00399999999999995, 3.26832155981293E-7
0.00699999999999995, 5.79381361812822E-7
0.00999999999999995, 8.29842260200107E-7
0.013, 1.07717274925184E-6
0.016, 1.32056920613211E-6
0.019, 1.56475366249375E-6
0.022, 1.80012251660396E-6
0.025, 2.03256291155033E-6
0.028, 2.26211012010378E-6
0.031, 2.48636346549081E-6
0.034, 2.70264082645524E-6
0.037, 2.91593711925697E-6
0.04, 3.12677454530259E-6
0.043, 3.33621509286604E-6
0.046, 3.54043906127121E-6
0.049, 3.7405971240791E-6
0.052, 3.93693475414232E-6
0.0549999999999999, 4.13411003166271E-6
0.0579999999999999, 4.32779068982524E-6
0.0609999999999999, 4.51490168621654E-6
0.0639999999999999, 4.702353849414E-6
0.0669999999999999, 4.88320694865532E-6
0.0699999999999999, 5.06471936269681E-6
0.0729999999999999, 5.24216467143602E-6
0.076, 5.41539250000332E-6
0.079, 5.59115152887365E-6
0.082, 5.7608852109635E-6
0.085, 5.92360783976122E-6
0.088, 6.08749622890659E-6
0.091, 6.24550822884432E-6
0.094, 6.40667046173763E-6
0.097, 6.56005909830878E-6
0.1, 6.71179998040892E-6
0.103, 6.86247587930719E-6
0.106, 7.0067097300091E-6
0.109, 7.14681949601093E-6
0.112, 7.28806878331888E-6
0.115, 7.42381166370468E-6

0.439341485410351, 1.20272796286316E-5

-0.038, -2.76256870256798E-6
-0.035, -2.57025151135221E-6
-0.032, -2.36885735602982E-6
-0.029, -2.1694262928255E-6
-0.026, -1.9626062170749E-6
-0.023, -1.75323891448286E-6
-0.02, -1.54183472330975E-6
-0.017, -1.32386743462204E-6
-0.014, -1.10704976048165E-6
-0.011, -8.8302745901726E-7
-0.00800000000000001, -6.49936793681432E-7
-0.005, -4.18785949795843E-7
-0.002, -1.78691808457791E-7
0.000999999999999945, 6.18307194758825E-8
0.00399999999999995, 3.15943754136377E-7
0.00699999999999995, 5.69762426634749E-7
0.00999999999999995, 8.19750917383559E-7
0.013, 1.07033131784337E-6
0.016, 1.31414673877919E-6
0.019, 1.55779484854178E-6
0.022, 1.79390962692354E-6
0.025, 2.0268726730738E-6
0.028, 2.25677097038172E-6
0.031, 2.47864250089629E-6
0.034, 2.69684967654434E-6
0.037, 2.91314874437488E-6
0.04, 3.12257059302383E-6
0.043, 3.33240610346035E-6
0.046, 3.53807269734014E-6
0.049, 3.74001637125622E-6
0.0519999999999999, 3.93706097332091E-6
0.0549999999999999, 4.13239407652348E-6
0.0579999999999999, 4.32151770653252E-6
0.0609999999999999, 4.51296604331599E-6
0.0639999999999999, 4.70250099011249E-6
0.0669999999999999, 4.88262849647842E-6
0.0699999999999999, 5.06264622767667E-6
0.0729999999999999, 5.23821235203987E-6
0.076, 5.41598724598715E-6
0.079, 5.58855272386762E-6
0.082, 5.76012790204561E-6
0.085, 5.92553611312138E-6
0.088, 6.0875634174784E-6
0.091, 6.2487711732458E-6
0.094, 6.40375139972695E-6
0.097, 6.56037261735937E-6
0.1, 6.71245109785993E-6
0.103, 6.86140749828798E-6
0.106, 7.00615173812077E-6
0.109, 7.14836469392945E-6
0.112, 7.28635407539208E-6
0.115, 7.42500273517984E-6
0.118, 7.55700327267413E-6

0.439344337778112, 1.20295933611382E-5

-0.041, -2.97551572939581E-6
-0.038, -2.78500809143449E-6
-0.035, -2.58774471625544E-6
-0.032, -2.38856673676981E-6
-0.029, -2.18576378508712E-6
-0.026, -1.98171367588353E-6
-0.023, -1.7723161322861E-6
-0.02, -1.55647251310736E-6
-0.017, -1.34070074555604E-6
-0.014, -1.11848343224965E-6
-0.011, -8.94220181984971E-7
-0.00800000000000001, -6.64815258904663E-7
-0.005, -4.29288245380148E-7
-0.00200000000000006, -1.92798162735473E-7
0.000999999999999945, 5.28098289447174E-8
0.00399999999999995, 3.05057323034713E-7
0.00699999999999995, 5.61058965279564E-7
0.00999999999999995, 8.13393667652635E-7
0.013, 1.06060188112078E-6
0.016, 1.30520734515071E-6
0.019, 1.54893176439645E-6
0.022, 1.786997716979E-6
0.025, 2.02278769846908E-6
0.028, 2.25013745176985E-6
0.031, 2.47102977472734E-6
0.034, 2.69135204709881E-6
0.037, 2.90973436266126E-6
0.04, 3.12109804646451E-6
0.043, 3.33078859727435E-6
0.046, 3.53618655298276E-6
0.0489999999999999, 3.7372398542527E-6
0.0519999999999999, 3.9361626423524E-6
0.0549999999999999, 4.12826467861761E-6
0.0579999999999999, 4.32388663890754E-6
0.0609999999999999, 4.51313595399596E-6
0.0639999999999999, 4.69945733301133E-6
0.0669999999999999, 4.88254283531663E-6
0.0699999999999999, 5.06109321404082E-6
0.0729999999999999, 5.24017811680636E-6
0.076, 5.41551285508063E-6
0.079, 5.58889065398807E-6
0.082, 5.7571526215374E-6
0.085, 5.92411698731336E-6
0.088, 6.08814038218011E-6
0.091, 6.24716803991505E-6
0.094, 6.4066821287526E-6
0.097, 6.56048436271925E-6
0.1, 6.71231199516906E-6
0.103, 6.85824409779853E-6
0.106, 7.00739106206909E-6
0.109, 7.14674582230653E-6
0.112, 7.28995276983994E-6
0.115, 7.42418892846345E-6
0.118, 7.56081406843345E-6
0.121, 7.6892971440188E-6

0.439340652664939, 1.20277348860839E-5

-0.044, -3.18648015299959E-6
-0.041, -2.99421566088606E-6
-0.038, -2.80182851003708E-6
-0.035, -2.60864740333653E-6
-0.032, -2.4054267010629E-6
-0.029, -2.20295197947152E-6
-0.026, -1.99552456480965E-6
-0.023, -1.78462057518659E-6
-0.02, -1.57126659950637E-6
-0.017, -1.35038087799767E-6
-0.014, -1.13217822778103E-6
-0.011, -9.04936887350853E-7
-0.00800000000000001, -6.75078172751318E-7
-0.00500000000000006, -4.40539878040449E-7
-0.00200000000000006, -2.02167578301424E-7
0.000999999999999945, 4.26397911116631E-8
0.00399999999999995, 2.97543337018437E-7
0.00699999999999995, 5.53011669365166E-7
0.00999999999999995, 8.02671336680714E-7
0.013, 1.05349170804187E-6
0.016, 1.30128721263344E-6
0.019, 1.54459922965189E-6
0.022, 1.78134234578186E-6
0.025, 2.01479444978417E-6
0.028, 2.24474106338733E-6
0.031, 2.46831104916317E-6
0.034, 2.68889391996857E-6
0.037, 2.90485046747002E-6
0.04, 3.1191322570229E-6
0.043, 3.32846557130549E-6
0.0459999999999999, 3.53449670840202E-6
0.0489999999999999, 3.73574683677295E-6
0.0519999999999999, 3.93528797852758E-6
0.0549999999999999, 4.13081092854826E-6
0.0579999999999999, 4.31956871620306E-6
0.0609999999999999, 4.51063663364212E-6
0.0639999999999999, 4.69663759414404E-6
0.0669999999999999, 4.88079680350796E-6
0.0699999999999999, 5.06375259941955E-6
0.0729999999999999, 5.23962630776217E-6
0.076, 5.41386989786944E-6
0.079, 5.5866704970978E-6
0.082, 5.7567364871519E-6
0.085, 5.92219426515027E-6
0.088, 6.08791101701046E-6
0.091, 6.24716753364393E-6
0.094, 6.40638722006382E-6
0.097, 6.55765413998906E-6
0.1, 6.71088084788994E-6
0.103, 6.86088670650035E-6
0.106, 7.00407715236382E-6
0.109, 7.14924447471714E-6
0.112, 7.28710066772893E-6
0.115, 7.42522445513467E-6
0.118, 7.55681091656197E-6
0.121, 7.68815604460413E-6
0.124, 7.8134474871583E-6

0.4393451522752, 1.20285220754532E-5

-0.047, -3.3918928282216E-6
-0.044, -3.20748477978622E-6
-0.041, -3.01308314383569E-6
-0.038, -2.81945484270525E-6
-0.035, -2.62081228144943E-6
-0.032, -2.42013217925579E-6
-0.029, -2.21606633712493E-6
-0.026, -2.00871261891275E-6
-0.023, -1.79732951696214E-6
-0.02, -1.5819369335848E-6
-0.017, -1.36357996105493E-6
-0.014, -1.14194969961391E-6
-0.011, -9.16656327283666E-7
-0.00800000000000006, -6.8700693016913E-7
-0.00500000000000006, -4.50188819879204E-7
-0.00200000000000006, -2.11116109734612E-7
0.000999999999999945, 3.81962887799036E-8
0.00399999999999995, 2.8918756810325E-7
0.00699999999999995, 5.44797762983747E-7
0.00999999999999995, 7.96941145967825E-7
0.013, 1.04699962472744E-6
0.016, 1.29231251419416E-6
0.019, 1.53341623856013E-6
0.022, 1.77626248461929E-6
0.025, 2.0066633562162E-6
0.028, 2.23697086937056E-6
0.031, 2.46361018780162E-6
0.034, 2.68365408371249E-6
0.037, 2.90223669938719E-6
0.04, 3.11420690793864E-6
0.0429999999999999, 3.32327998403358E-6
0.0459999999999999, 3.53187816704391E-6
0.0489999999999999, 3.73197604737916E-6
0.0519999999999999, 3.93418543756963E-6
0.0549999999999999, 4.12795982112632E-6
0.0579999999999999, 4.32043458102817E-6
0.0609999999999999, 4.51191053398343E-6
0.0639999999999999, 4.69716332763661E-6
0.0669999999999999, 4.88060275257587E-6
0.0699999999999999, 5.05960961031568E-6
0.0729999999999999, 5.23955112209232E-6
0.076, 5.41638287670853E-6
0.079, 5.58632943739376E-6
0.082, 5.75685156426408E-6
0.085, 5.92349163794937E-6
0.088, 6.08350520164416E-6
0.091, 6.24703303633673E-6
0.094, 6.40495968327863E-6
0.097, 6.55842110658985E-6
0.1, 6.71003172232548E-6
0.103, 6.86176696279627E-6
0.106, 7.00512005574375E-6
0.109, 7.14913171644481E-6
0.112, 7.28910354641312E-6
0.115, 7.42299647787776E-6
0.118, 7.55769587023341E-6
0.121, 7.68701600684109E-6
0.124, 7.81379247730994E-6
0.127, 7.9400499299792E-6

0.439346740304516, 1.20286892802619E-5

-0.0500000000000001, -3.59673395420968E-6
-0.047, -3.41473105936174E-6
-0.044, -3.22400009166216E-6
-0.041, -3.03053121889763E-6
-0.038, -2.83412691370023E-6
-0.035, -2.63723632697392E-6
-0.032, -2.43283752053489E-6
-0.029, -2.22880584448849E-6
-0.026, -2.02135769529527E-6
-0.023, -1.80966284986878E-6
-0.02, -1.59293321911248E-6
-0.017, -1.37620539007995E-6
-0.014, -1.15159328936464E-6
-0.0110000000000001, -9.27261760235454E-7
-0.00800000000000006, -6.96070604776363E-7
-0.00500000000000006, -4.60416652321595E-7
-0.00200000000000006, -2.16781355929482E-7
0.000999999999999945, 3.05989256720666E-8
0.00399999999999995, 2.84288600219517E-7
0.00699999999999995, 5.36568566657578E-7
0.00999999999999995, 7.9001406260629E-7
0.013, 1.03864393673961E-6
0.016, 1.28572621439847E-6
0.019, 1.52808858043647E-6
0.022, 1.76995368376872E-6
0.025, 2.00187546069924E-6
0.028, 2.23214029213124E-6
0.031, 2.45742236302944E-6
0.034, 2.68032475936635E-6
0.037, 2.89805478187274E-6
0.0399999999999999, 3.11047450342547E-6
0.0429999999999999, 3.32251817766159E-6
0.0459999999999999, 3.52958462452105E-6
0.0489999999999999, 3.73325365139937E-6
0.0519999999999999, 3.93169404133595E-6
0.0549999999999999, 4.12623179073743E-6
0.0579999999999999, 4.3206693716308E-6
0.0609999999999999, 4.50937413447349E-6
0.0639999999999999, 4.69643900785512E-6
0.0669999999999999, 4.87900029382301E-6
0.0699999999999999, 5.05898886591282E-6
0.0729999999999999, 5.23995528558067E-6
0.076, 5.41357323761338E-6
0.079, 5.58787467887555E-6
0.082, 5.75503940433249E-6
0.085, 5.92059029468829E-6
0.088, 6.08693957107753E-6
0.091, 6.24803662756901E-6
0.094, 6.40386756156373E-6
0.097, 6.5577477071828E-6
0.1, 6.7110632425658E-6
0.103, 6.85892286526748E-6
0.106, 7.00784790111325E-6
0.109, 7.14691762106118E-6
0.112, 7.29053742164249E-6
0.115, 7.42452828944989E-6
0.118, 7.55746134550394E-6
0.121, 7.68834227999608E-6
0.124, 7.814252548947E-6
0.127, 7.94270484679861E-6
0.13, 8.06321324049128E-6

0.439352096374174, 1.20270421290671E-5

-0.053, -3.79951611820857E-6
-0.0500000000000001, -3.6149329901628E-6
-0.047, -3.43068150454323E-6
-0.044, -3.23830666422416E-6
-0.041, -3.04655194941673E-6
-0.038, -2.85052767566417E-6
-0.035, -2.64882214044966E-6
-0.032, -2.44765282175802E-6
-0.029, -2.24012522809589E-6
-0.026, -2.03261009065747E-6
-0.023, -1.82011206415905E-6
-0.02, -1.60399683752231E-6
-0.017, -1.38632600905279E-6
-0.0140000000000001, -1.16141091039265E-6
-0.0110000000000001, -9.36130851997198E-7
-0.00800000000000006, -7.06177618774928E-7
-0.00500000000000006, -4.68855978429338E-7
-0.00200000000000006, -2.27818240122715E-7
0.000999999999999945, 2.26890337140817E-8
0.00399999999999995, 2.7446825351306E-7
0.00699999999999995, 5.28777184255797E-7
0.00999999999999995, 7.84743176920839E-7
0.013, 1.03322288684996E-6
0.016, 1.2792459490552E-6
0.019, 1.51944806181198E-6
0.022, 1.76237630336898E-6
0.025, 1.99588363608448E-6
0.028, 2.2280462699589E-6
0.031, 2.45240516672059E-6
0.034, 2.67582552873084E-6
0.0369999999999999, 2.89345800897133E-6
0.0399999999999999, 3.10390188817597E-6
0.0429999999999999, 3.31884348040418E-6
0.0459999999999999, 3.52575213887506E-6
0.0489999999999999, 3.72675392365898E-6
0.0519999999999999, 3.92971401019651E-6
0.0549999999999999, 4.12490010805604E-6
0.0579999999999999, 4.31740324022896E-6
0.0609999999999999, 4.50866216262362E-6
0.0639999999999999, 4.69396344355298E-6
0.0669999999999999, 4.87991462999447E-6
0.0699999999999999, 5.05894190283776E-6
0.0729999999999999, 5.23676548993583E-6
0.076, 5.41133621788267E-6
0.079, 5.58662405706836E-6
0.082, 5.75654751606813E-6
0.085, 5.92316725987916E-6
0.088, 6.0855383708003E-6
0.091, 6.24529764635241E-6
0.094, 6.40619834820879E-6
0.097, 6.55684844911897E-6
0.1, 6.71008096571696E-6
0.103, 6.85950833275202E-6
0.106, 7.00609319996903E-6
0.109, 7.14660117993006E-6
0.112, 7.28631350095004E-6
0.115, 7.42260008573334E-6
0.118, 7.55632302202549E-6
0.121, 7.68723880558943E-6
0.124, 7.81783292519645E-6
0.127, 7.94277781942549E-6
0.13, 8.06006926068649E-6
0.133, 8.18022613160375E-6

0.439346458480955, 1.20302616608551E-5

-0.0560000000000001, -3.99880984067587E-6
-0.053, -3.81510609805381E-6
-0.0500000000000001, -3.63177704076801E-6
-0.047, -3.44558170866024E-6
-0.044, -3.25049524120937E-6
-0.041, -3.0578453277596E-6
-0.038, -2.8622943026706E-6
-0.035, -2.66458834459091E-6
-0.032, -2.45988985739911E-6
-0.029, -2.25380176175397E-6
-0.026, -2.04607173340338E-6
-0.023, -1.83168035013887E-6
-0.02, -1.61401225523117E-6
-0.0170000000000001, -1.39626721985549E-6
-0.0140000000000001, -1.17072931825045E-6
-0.0110000000000001, -9.42996074694984E-7
-0.00800000000000006, -7.12293265301709E-7
-0.00500000000000006, -4.75602532638149E-7
-0.00200000000000006, -2.35181248599113E-7
0.000999999999999945, 1.24185368020636E-8
0.00399999999999995, 2.68097593130582E-7
0.00699999999999995, 5.22213097165414E-7
0.00999999999999995, 7.78020763079483E-7
0.013, 1.02628890247202E-6
0.016, 1.27181997117743E-6
0.019, 1.51689578982982E-6
0.022, 1.75513213882187E-6
0.025, 1.99170258172357E-6
0.028, 2.22274642638035E-6
0.031, 2.44817278694673E-6
0.0339999999999999, 2.66919667093038E-6
0.0369999999999999, 2.88998783763845E-6
0.0399999999999999, 3.1021306382597E-6
0.0429999999999999, 3.31456412695135E-6
0.0459999999999999, 3.52115772519548E-6
0.0489999999999999, 3.72692517131743E-6
0.0519999999999999, 3.92661999902792E-6
0.0549999999999999, 4.12402224072485E-6
0.0579999999999999, 4.31677017516562E-6
0.0609999999999999, 4.50604108119075E-6
0.0639999999999999, 4.69430184369431E-6
0.0669999999999999, 4.88165679857109E-6
0.0699999999999999, 5.05879346402265E-6
0.0729999999999999, 5.23851885637001E-6
0.076, 5.41222336414153E-6
0.079, 5.58526696517298E-6
0.082, 5.75547016821138E-6
0.085, 5.92301712954164E-6
0.088, 6.08617758450789E-6
0.091, 6.24453004692009E-6
0.094, 6.40251207543237E-6
0.097, 6.55943987070657E-6
0.1, 6.70957418445107E-6
0.103, 6.86036239682805E-6
0.106, 7.00498534264309E-6
0.109, 7.14782467610899E-6
0.112, 7.28254141735982E-6
0.115, 7.42344377954764E-6
0.118, 7.55659952982871E-6
0.121, 7.68836120102175E-6
0.124, 7.81596835286912E-6
0.127, 7.93683475129453E-6
0.13, 8.06039734613158E-6
0.133, 8.17699049847911E-6
0.136, 8.29239587589289E-6

0.439345749401478, 1.20299103069646E-5

-0.0590000000000001, -4.18929663677391E-6
-0.0560000000000001, -4.01382014358982E-6
-0.053, -3.8317012992906E-6
-0.0500000000000001, -3.6481002377951E-6
-0.047, -3.4552842270082E-6
-0.044, -3.26445121950375E-6
-0.041, -3.07005893800274E-6
-0.038, -2.87238177313521E-6
-0.035, -2.67308626727449E-6
-0.032, -2.46944429734185E-6
-0.029, -2.26255185754454E-6
-0.026, -2.05346977703447E-6
-0.023, -1.84013684337611E-6
-0.0200000000000001, -1.62376084261502E-6
-0.0170000000000001, -1.40448943572057E-6
-0.0140000000000001, -1.18050341569226E-6
-0.0110000000000001, -9.52897043945185E-7
-0.00800000000000006, -7.21989798529477E-7
-0.00500000000000006, -4.82445722289387E-7
-0.00200000000000006, -2.42642750578476E-7
0.000999999999999945, 8.99467441600345E-9
0.00399999999999995, 2.60529448372244E-7
0.00699999999999995, 5.17942878770359E-7
0.00999999999999995, 7.69642810686419E-7
0.013, 1.02046022562911E-6
0.016, 1.26745819340258E-6
0.019, 1.50884863293541E-6
0.022, 1.75135925122883E-6
0.025, 1.98427117999143E-6
0.028, 2.21627880754544E-6
0.0309999999999999, 2.44319493537273E-6
0.0339999999999999, 2.6651958392978E-6
0.0369999999999999, 2.88483712313408E-6
0.0399999999999999, 3.10117544515617E-6
0.0429999999999999, 3.31021955389551E-6
0.0459999999999999, 3.51865995108465E-6
0.0489999999999999, 3.72449759088992E-6
0.0519999999999999, 3.92442449771263E-6
0.0549999999999999, 4.11922742450381E-6
0.0579999999999999, 4.31640191475195E-6
0.0609999999999999, 4.50627945821188E-6
0.0639999999999999, 4.69355371234411E-6
0.0669999999999999, 4.87959496919367E-6
0.0699999999999999, 5.06082463454842E-6
0.0729999999999999, 5.23563829908242E-6
0.076, 5.41233109111266E-6
0.079, 5.58576784757683E-6
0.082, 5.75563232239472E-6
0.085, 5.92202334655783E-6
0.088, 6.0856249405851E-6
0.091, 6.24631328018879E-6
0.094, 6.40357550601019E-6
0.097, 6.55774363267291E-6
0.1, 6.70906541119352E-6
0.103, 6.86145920014676E-6
0.106, 7.00549258127823E-6
0.109, 7.14670243932929E-6
0.112, 7.28790521562559E-6
0.115, 7.42239710342011E-6
0.118, 7.55651905776006E-6
0.121, 7.68631193448227E-6
0.124, 7.81785835639839E-6
0.127, 7.94009706264952E-6
0.13, 8.05933467505833E-6
0.133, 8.17970824038245E-6
0.136, 8.29685648934667E-6
0.139, 8.40866588565728E-6

0.43934290204515, 1.20306401495604E-5

-0.0620000000000001, -4.38286858561321E-6
-0.0590000000000001, -4.20772416197389E-6
-0.0560000000000001, -4.02756840577679E-6
-0.053, -3.84402930516703E-6
-0.0500000000000001, -3.65803087020122E-6
-0.047, -3.47001290370395E-6
-0.044, -3.27674404161434E-6
-0.041, -3.08237154917277E-6
-0.038, -2.88273096825761E-6
-0.035, -2.68252690303999E-6
-0.032, -2.47823490349041E-6
-0.029, -2.27308696257613E-6
-0.026, -2.06580043930229E-6
-0.0230000000000001, -1.84881001707025E-6
-0.0200000000000001, -1.63169867099156E-6
-0.0170000000000001, -1.4098815650152E-6
-0.0140000000000001, -1.18752681020094E-6
-0.0110000000000001, -9.60781719553388E-7
-0.00800000000000006, -7.27609122322412E-7
-0.00500000000000006, -4.88685121437326E-7
-0.00200000000000006, -2.48386271328748E-7
0.000999999999999945, 1.94571364807959E-9
0.00399999999999995, 2.56986199920995E-7
0.00699999999999995, 5.10294190478663E-7
0.00999999999999995, 7.65920747762377E-7
0.013, 1.01410484823804E-6
0.016, 1.26183855400225E-6
0.019, 1.50381464366627E-6
0.022, 1.74442999108036E-6
0.025, 1.98151981708197E-6
0.0279999999999999, 2.21216605747008E-6
0.0309999999999999, 2.43624493791805E-6
0.0339999999999999, 2.65891901736114E-6
0.0369999999999999, 2.87979872740329E-6
0.0399999999999999, 3.09460802401921E-6
0.0429999999999999, 3.30766609767626E-6
0.0459999999999999, 3.51782842971389E-6
0.0489999999999999, 3.7200947845595E-6
0.0519999999999999, 3.91967797149694E-6
0.0549999999999999, 4.11915583431698E-6
0.0579999999999999, 4.3147548774035E-6
0.0609999999999999, 4.50289120976107E-6
0.0639999999999999, 4.68990439806161E-6
0.0669999999999999, 4.87668662696282E-6
0.0699999999999999, 5.05764368166689E-6
0.0729999999999999, 5.23899934269529E-6
0.076, 5.41228781241876E-6
0.079, 5.58523341397901E-6
0.082, 5.75424842573248E-6
0.085, 5.9203794907995E-6
0.088, 6.0844242904884E-6
0.091, 6.24595656907488E-6
0.094, 6.40246364540564E-6
0.097, 6.5592504091663E-6
0.1, 6.71202062289689E-6
0.103, 6.85791993946345E-6
0.106, 7.00534996320739E-6
0.109, 7.14657876134103E-6
0.112, 7.2868251106635E-6
0.115, 7.42618620880264E-6
0.118, 7.55932108990803E-6
0.121, 7.68767318913952E-6
0.124, 7.81424325523972E-6
0.127, 7.93670714456284E-6
0.13, 8.06277479444002E-6
0.133, 8.18000806435262E-6
0.136, 8.29522053491684E-6
0.139, 8.40725359385652E-6
0.142, 8.51689518300028E-6

0.439341119513391, 1.20307478895614E-5

-0.0650000000000001, -4.57023791543976E-6
-0.0620000000000001, -4.39780498007097E-6
-0.0590000000000001, -4.22174160299278E-6
-0.0560000000000001, -4.04141292869542E-6
-0.053, -3.85637694932533E-6
-0.0500000000000001, -3.67101247909758E-6
-0.047, -3.47977957087384E-6
-0.044, -3.28819583826835E-6
-0.041, -3.09198992195372E-6
-0.038, -2.89351489196459E-6
-0.035, -2.69303770276688E-6
-0.032, -2.48833672206684E-6
-0.029, -2.27783524897018E-6
-0.0260000000000001, -2.06971185608135E-6
-0.0230000000000001, -1.85519113095533E-6
-0.0200000000000001, -1.64222231054785E-6
-0.0170000000000001, -1.41709812616865E-6
-0.0140000000000001, -1.19520712014852E-6
-0.0110000000000001, -9.65402795937801E-7
-0.00800000000000006, -7.34069904213343E-7
-0.00500000000000006, -4.9818878880966E-7
-0.00200000000000006, -2.53964162156492E-7
0.000999999999999945, -6.2414649328273E-9
0.00399999999999995, 2.50199099464486E-7
0.00699999999999995, 5.07688921077639E-7
0.00999999999999995, 7.59970408692949E-7
0.013, 1.00737554106957E-6
0.016, 1.25464532247129E-6
0.019, 1.49919448163359E-6
0.022, 1.73870739398389E-6
0.0249999999999999, 1.97421190646014E-6
0.0279999999999999, 2.20333217809399E-6
0.0309999999999999, 2.43333694439713E-6
0.0339999999999999, 2.65835280971235E-6
0.0369999999999999, 2.872798301443E-6
0.0399999999999999, 3.08968043035604E-6
0.0429999999999999, 3.3056754264944E-6
0.0459999999999999, 3.51224511591231E-6
0.0489999999999999, 3.71592222039287E-6
0.0519999999999999, 3.91674219695937E-6
0.0549999999999999, 4.11386447499811E-6
0.0579999999999999, 4.30989575146071E-6
0.0609999999999999, 4.50284561810481E-6
0.0639999999999999, 4.69148082289375E-6
0.0669999999999999, 4.87429961022316E-6
0.0699999999999999, 5.05570581185383E-6
0.0729999999999999, 5.23379630462711E-6
0.076, 5.41135828093729E-6
0.079, 5.58313237700164E-6
0.082, 5.75355598384766E-6
0.085, 5.91954553509855E-6
0.088, 6.08621414243516E-6
0.091, 6.24217648942418E-6
0.094, 6.40268370740767E-6
0.097, 6.556792850923E-6
0.1, 6.70969871859081E-6
0.103, 6.85940909228162E-6
0.106, 7.00414486611006E-6
0.109, 7.14681760664498E-6
0.112, 7.28386048345968E-6
0.115, 7.42346718043183E-6
0.118, 7.55608421669205E-6
0.121, 7.68708675202888E-6
0.124, 7.81459607240792E-6
0.127, 7.93845392012442E-6
0.13, 8.06215701789498E-6
0.133, 8.18000495225321E-6
0.136, 8.29474263318431E-6
0.139, 8.40758392679582E-6
0.142, 8.51794300319221E-6
0.145, 8.62250631882393E-6

0.439337449215119, 1.20305427199898E-5

-0.0680000000000001, -4.75604818232014E-6
-0.0650000000000001, -4.58458472417172E-6
-0.0620000000000001, -4.41238703755765E-6
-0.0590000000000001, -4.23381113732198E-6
-0.0560000000000001, -4.05006616060407E-6
-0.053, -3.86777852324051E-6
-0.0500000000000001, -3.67904890207725E-6
-0.047, -3.48943992833822E-6
-0.044, -3.29813944216119E-6
-0.041, -3.10150101613483E-6
-0.038, -2.90214512825921E-6
-0.035, -2.69901583742014E-6
-0.032, -2.49386271517085E-6
-0.0290000000000001, -2.28971683386219E-6
-0.0260000000000001, -2.07727705445294E-6
-0.0230000000000001, -1.86523944810377E-6
-0.0200000000000001, -1.64722720809518E-6
-0.0170000000000001, -1.42355712426127E-6
-0.0140000000000001, -1.20278267245069E-6
-0.0110000000000001, -9.71685041562677E-7
-0.00800000000000006, -7.42587971944208E-7
-0.00500000000000006, -5.02200682923558E-7
-0.00200000000000006, -2.60593087185812E-7
0.000999999999999945, -9.99114117425358E-9
0.00399999999999995, 2.44682150209743E-7
0.00699999999999995, 4.99616425315585E-7
0.00999999999999995, 7.54201801605694E-7
0.013, 1.00463783305047E-6
0.016, 1.25000185874929E-6
0.019, 1.49564122042964E-6
0.0219999999999999, 1.73415575399445E-6
0.0249999999999999, 1.97138738185611E-6
0.0279999999999999, 2.20290252118812E-6
0.0309999999999999, 2.4275387596491E-6
0.0339999999999999, 2.6495234935873E-6
0.0369999999999999, 2.87155665780194E-6
0.0399999999999999, 3.08640764477208E-6
0.0429999999999999, 3.29821953864652E-6
0.0459999999999999, 3.50816329071055E-6
0.0489999999999999, 3.71441328810518E-6
0.0519999999999999, 3.91235106960582E-6
0.0549999999999999, 4.11267039440201E-6
0.0579999999999999, 4.3053599998442E-6
0.0609999999999999, 4.50056808600057E-6
0.0639999999999999, 4.688422403725E-6
0.0669999999999999, 4.87442354818804E-6
0.0699999999999999, 5.05402359334436E-6
0.0729999999999999, 5.23189892347107E-6
0.076, 5.40842215817422E-6
0.079, 5.58109743167176E-6
0.082, 5.75502080047597E-6
0.085, 5.91871916673333E-6
0.088, 6.08321393635433E-6
0.091, 6.24656027114041E-6
0.094, 6.40147888162276E-6
0.097, 6.55616667976495E-6
0.1, 6.70954963242202E-6
0.103, 6.85930306447134E-6
0.106, 7.00117163741214E-6
0.109, 7.1469044078901E-6
0.112, 7.28702323415364E-6
0.115, 7.42317652473881E-6
0.118, 7.55693740001011E-6
0.121, 7.6865717032787E-6
0.124, 7.81372924077158E-6
0.127, 7.93813781678518E-6
0.13, 8.06062571520163E-6
0.133, 8.17820339586082E-6
0.136, 8.29408205522175E-6
0.139, 8.40589763075589E-6
0.142, 8.51875553693084E-6
0.145, 8.62146543501369E-6
0.148, 8.72550101741694E-6

0.439346389715132, 1.20311080752547E-5

-0.0710000000000001, -4.93565557388099E-6
-0.0680000000000001, -4.77216263754155E-6
-0.0650000000000001, -4.59762703756604E-6
-0.0620000000000001, -4.42154126205343E-6
-0.0590000000000001, -4.24349296059055E-6
-0.0560000000000001, -4.06229090962824E-6
-0.053, -3.87969155754361E-6
-0.0500000000000001, -3.68881935820282E-6
-0.047, -3.50006451466292E-6
-0.044, -3.30702566518335E-6
-0.041, -3.10943532421783E-6
-0.038, -2.90839589549478E-6
-0.035, -2.7083418063469E-6
-0.0320000000000001, -2.5043300849983E-6
-0.0290000000000001, -2.29488968952908E-6
-0.0260000000000001, -2.08540445803627E-6
-0.0230000000000001, -1.8721351333015E-6
-0.0200000000000001, -1.6531059942328E-6
-0.0170000000000001, -1.43247282045979E-6
-0.0140000000000001, -1.20649247556565E-6
-0.0110000000000001, -9.81464804093133E-7
-0.00800000000000006, -7.46309413019947E-7
-0.00500000000000006, -5.05924198876616E-7
-0.00200000000000006, -2.64712163872992E-7
0.000999999999999945, -1.38036476495219E-8
0.00399999999999995, 2.426006645443E-7
0.00699999999999995, 4.94615923745587E-7
0.00999999999999995, 7.4941186853522E-7
0.013, 9.99144624494493E-7
0.016, 1.24657294961995E-6
0.0189999999999999, 1.48834529573812E-6
0.0219999999999999, 1.73013391011487E-6
0.0249999999999999, 1.9656556383169E-6
0.0279999999999999, 2.19501086091346E-6
0.0309999999999999, 2.42275697024294E-6
0.0339999999999999, 2.64783002703017E-6
0.0369999999999999, 2.86716409496262E-6
0.0399999999999999, 3.0848718529735E-6
0.0429999999999999, 3.29233438638957E-6
0.0459999999999999, 3.50440557369746E-6
0.0489999999999999, 3.70999909483862E-6
0.0519999999999999, 3.91353438126092E-6
0.0549999999999999, 4.10980423842014E-6
0.0579999999999999, 4.30625682725847E-6
0.0609999999999999, 4.49611867779319E-6
0.0639999999999999, 4.68429856400036E-6
0.0669999999999999, 4.87098498255266E-6
0.0699999999999999, 5.0520240192571E-6
0.0729999999999999, 5.23378839004043E-6
0.076, 5.40868029234424E-6
0.079, 5.57910564012745E-6
0.082, 5.75085410311124E-6
0.085, 5.91837426720238E-6
0.088, 6.0833535048122E-6
0.091, 6.24297597912644E-6
0.094, 6.39979197278022E-6
0.097, 6.55914436394283E-6
0.1, 6.70563607531707E-6
0.103, 6.85582579758804E-6
0.106, 7.0051352427358E-6
0.109, 7.14830894513708E-6
0.112, 7.28496200254169E-6
0.115, 7.42157956313612E-6
0.118, 7.5567141738224E-6
0.121, 7.68502429026323E-6
0.124, 7.81355571318099E-6
0.127, 7.93902259462753E-6
0.13, 8.06156035425428E-6
0.133, 8.1773847499967E-6
0.136, 8.29130895756616E-6
0.139, 8.40619457483509E-6
0.142, 8.51545730876244E-6
0.145, 8.62150446803652E-6
0.148, 8.72711423351726E-6
0.151, 8.82818327949033E-6

0.439347967605116, 1.2029873061534E-5

-0.0740000000000001, -5.11936378645806E-6
-0.0710000000000001, -4.95041464440017E-6
-0.0680000000000001, -4.78083996981075E-6
-0.0650000000000001, -4.6113389498724E-6
-0.0620000000000001, -4.43454167265737E-6
-0.0590000000000001, -4.25685049405331E-6
-0.0560000000000001, -4.07137610295913E-6
-0.053, -3.88795300816953E-6
-0.0500000000000001, -3.69797138249824E-6
-0.047, -3.50849639669857E-6
-0.044, -3.3135283629239E-6
-0.041, -3.12034679597248E-6
-0.038, -2.91798183661791E-6
-0.0350000000000001, -2.71287766539442E-6
-0.0320000000000001, -2.50962343775052E-6
-0.0290000000000001, -2.30350131727179E-6
-0.0260000000000001, -2.09109536682386E-6
-0.0230000000000001, -1.87695767372454E-6
-0.0200000000000001, -1.66142928887989E-6
-0.0170000000000001, -1.43512480519992E-6
-0.0140000000000001, -1.21357855866009E-6
-0.0110000000000001, -9.85550352662375E-7
-0.00800000000000006, -7.49333262050513E-7
-0.00500000000000006, -5.12888616671366E-7
-0.00200000000000006, -2.68230753444714E-7
0.000999999999999945, -2.0158027710587E-8
0.00399999999999995, 2.35444967455498E-7
0.00699999999999995, 4.9109897943791E-7
0.00999999999999995, 7.43421648284948E-7
0.013, 9.94095586408192E-7
0.0159999999999999, 1.24093379571005E-6
0.0189999999999999, 1.48430522890715E-6
0.0219999999999999, 1.72544554451405E-6
0.0249999999999999, 1.96169835458945E-6
0.0279999999999999, 2.1931527624354E-6
0.0309999999999999, 2.42047491753577E-6
0.0339999999999999, 2.6433400322351E-6
0.0369999999999999, 2.86260121593249E-6
0.0399999999999999, 3.07927292834351E-6
0.0429999999999999, 3.29160529528841E-6
0.0459999999999999, 3.50211022728624E-6
0.0489999999999999, 3.70679911283062E-6
0.0519999999999999, 3.90822181346841E-6
0.0549999999999999, 4.10626817975033E-6
0.0579999999999999, 4.30622075500962E-6
0.0609999999999999, 4.49658371958883E-6
0.0639999999999999, 4.68453012591006E-6
0.0669999999999999, 4.87026813063102E-6
0.0699999999999999, 5.05155065199827E-6
0.0729999999999999, 5.22882224528736E-6
0.076, 5.40859929143316E-6
0.079, 5.57883077245389E-6
0.082, 5.75183027890789E-6
0.085, 5.91857176372905E-6
0.088, 6.08181296540459E-6
0.091, 6.24541255496948E-6
0.094, 6.40260889002018E-6
0.097, 6.55447233207975E-6
0.1, 6.70973997262664E-6
0.103, 6.8594588686882E-6
0.106, 7.00047764009193E-6
0.109, 7.14498624537126E-6
0.112, 7.28552969265687E-6
0.115, 7.42268136037765E-6
0.118, 7.55524564984151E-6
0.121, 7.68559957592831E-6
0.124, 7.81175581542669E-6
0.127, 7.93953708288471E-6
0.13, 8.05960365810696E-6
0.133, 8.17888877212913E-6
0.136, 8.2939201549549E-6
0.139, 8.40666472478128E-6
0.142, 8.51500396765326E-6
0.145, 8.62114295929857E-6
0.148, 8.72413556840957E-6
0.151, 8.82417395879895E-6
0.154, 8.92728325068064E-6

0.439336494284386, 1.20305163844332E-5

-0.0770000000000001, -5.29406782910048E-6
-0.0740000000000001, -5.13101921642918E-6
-0.0710000000000001, -4.96147821218474E-6
-0.0680000000000001, -4.79355378535755E-6
-0.0650000000000001, -4.62339352102722E-6
-0.0620000000000001, -4.44567816337202E-6
-0.0590000000000001, -4.26460958929493E-6
-0.0560000000000001, -4.08053217639586E-6
-0.053, -3.89390359760216E-6
-0.0500000000000001, -3.70526198863606E-6
-0.047, -3.51561483058656E-6
-0.044, -3.32341919169761E-6
-0.041, -3.1239164000017E-6
-0.0380000000000001, -2.92552403856862E-6
-0.0350000000000001, -2.72152557991575E-6
-0.0320000000000001, -2.51698875407326E-6
-0.0290000000000001, -2.31018902096297E-6
-0.0260000000000001, -2.09759393910847E-6
-0.0230000000000001, -1.88270281914178E-6
-0.0200000000000001, -1.66397480020841E-6
-0.0170000000000001, -1.44372453788464E-6
-0.0140000000000001, -1.21861746358591E-6
-0.0110000000000001, -9.89833772828894E-7
-0.00800000000000006, -7.54543245784406E-7
-0.00500000000000006, -5.18444833406862E-7
-0.00200000000000006, -2.75295755069026E-7
0.000999999999999945, -2.46159552147151E-8
0.00399999999999995, 2.29374389030582E-7
0.00699999999999995, 4.84546107969919E-7
0.00999999999999995, 7.39588477427312E-7
0.0129999999999999, 9.8898850417012E-7
0.0159999999999999, 1.23632447784884E-6
0.0189999999999999, 1.4807570487708E-6
0.0219999999999999, 1.72016055435383E-6
0.0249999999999999, 1.95768116303991E-6
0.0279999999999999, 2.18719570477241E-6
0.0309999999999999, 2.41337118790878E-6
0.0339999999999999, 2.63755590318986E-6
0.0369999999999999, 2.8572702651863E-6
0.0399999999999999, 3.07529971138037E-6
0.0429999999999999, 3.28631532557987E-6
0.0459999999999999, 3.495170739836E-6
0.0489999999999999, 3.70011707415967E-6
0.0519999999999999, 3.90373690288864E-6
0.0549999999999999, 4.10469065279358E-6
0.0579999999999999, 4.2984043619047E-6
0.0609999999999999, 4.49130098134516E-6
0.0639999999999999, 4.681203087482E-6
0.0669999999999999, 4.86478981063847E-6
0.0699999999999999, 5.05178663456855E-6
0.0729999999999999, 5.22921586596483E-6
0.076, 5.40744760229849E-6
0.079, 5.58075457108797E-6
0.082, 5.75053569828911E-6
0.085, 5.91810356718241E-6
0.088, 6.08250221330394E-6
0.091, 6.24410209867991E-6
0.094, 6.40183150805694E-6
0.097, 6.55789406834019E-6
0.0999999999999999, 6.70830125234566E-6
0.103, 6.85672336633138E-6
0.106, 7.00289140220188E-6
0.109, 7.14493564102198E-6
0.112, 7.28578990370281E-6
0.115, 7.42385127615945E-6
0.118, 7.55557254558909E-6
0.121, 7.68512637710463E-6
0.124, 7.81252113514102E-6
0.127, 7.93614904718526E-6
0.13, 8.05984181262648E-6
0.133, 8.17940191875531E-6
0.136, 8.29532813282785E-6
0.139, 8.40705045664493E-6
0.142, 8.51427374413649E-6
0.145, 8.62048148516874E-6
0.148, 8.72656004047699E-6
0.151, 8.82701020650991E-6
0.154, 8.92425208970749E-6
0.157, 9.01824449675428E-6

0.439346968742772, 1.20284216886274E-5

-0.0800000000000001, -5.46883969316133E-6
-0.0770000000000001, -5.30969502637974E-6
-0.0740000000000001, -5.1443106685714E-6
-0.0710000000000001, -4.97463800101507E-6
-0.0680000000000001, -4.80449026918423E-6
-0.0650000000000001, -4.62864354368357E-6
-0.0620000000000001, -4.45110597975504E-6
-0.0590000000000001, -4.27053362201992E-6
-0.0560000000000001, -4.0886841394455E-6
-0.053, -3.9012005727939E-6
-0.0500000000000001, -3.71570206117691E-6
-0.047, -3.52191982352798E-6
-0.044, -3.32629661557549E-6
-0.0410000000000001, -3.1305752808921E-6
-0.0380000000000001, -2.92848875440261E-6
-0.0350000000000001, -2.72778281367802E-6
-0.0320000000000001, -2.52214125337591E-6
-0.0290000000000001, -2.31549814058571E-6
-0.0260000000000001, -2.10442684950685E-6
-0.0230000000000001, -1.8882417343528E-6
-0.0200000000000001, -1.67047450165087E-6
-0.0170000000000001, -1.4456569083927E-6
-0.0140000000000001, -1.22581577895993E-6
-0.0110000000000001, -9.9580292800002E-7
-0.00800000000000006, -7.60204577899611E-7
-0.00500000000000006, -5.23653789583964E-7
-0.00200000000000006, -2.79430253749385E-7
0.000999999999999945, -2.85275032137762E-8
0.00399999999999995, 2.28194701570767E-7
0.00699999999999995, 4.80729293658247E-7
0.0099999999999999, 7.35884523870025E-7
0.0129999999999999, 9.87312613987595E-7
0.0159999999999999, 1.23306566400323E-6
0.0189999999999999, 1.47704352743529E-6
0.0219999999999999, 1.7164399502486E-6
0.0249999999999999, 1.95056512220254E-6
0.0279999999999999, 2.18128440590409E-6
0.0309999999999999, 2.40909379059113E-6
0.0339999999999999, 2.63270627171954E-6
0.0369999999999999, 2.85464219352448E-6
0.0399999999999999, 3.06904156718616E-6
0.0429999999999999, 3.28203278458902E-6
0.0459999999999999, 3.49228326727111E-6
0.0489999999999999, 3.69931891669475E-6
0.0519999999999999, 3.90167338657004E-6
0.0549999999999999, 4.10090828950142E-6
0.0579999999999999, 4.29746177568217E-6
0.0609999999999999, 4.48705875583882E-6
0.0639999999999999, 4.67927126001103E-6
0.0669999999999999, 4.86399274375389E-6
0.0699999999999999, 5.04906024374262E-6
0.0729999999999999, 5.22996278858935E-6
0.076, 5.40517456801073E-6
0.079, 5.57789147063752E-6
0.082, 5.74965043190885E-6
0.085, 5.91598488659526E-6
0.088, 6.08018270123904E-6
0.091, 6.24111254947583E-6
0.094, 6.40060126657724E-6
0.0969999999999999, 6.55672649434032E-6
0.0999999999999999, 6.70632745823424E-6
0.103, 6.85670398588103E-6
0.106, 7.00117302874348E-6
0.109, 7.14492136884092E-6
0.112, 7.28442341885154E-6
0.115, 7.41947556804183E-6
0.118, 7.55567646434616E-6
0.121, 7.68322319915394E-6
0.124, 7.81247265523109E-6
0.127, 7.93694783555277E-6
0.13, 8.05770105601274E-6
0.133, 8.17887302762445E-6
0.136, 8.2899088652802E-6
0.139, 8.40440448498591E-6
0.142, 8.51421202098093E-6
0.145, 8.62206712180824E-6
0.148, 8.72298492484409E-6
0.151, 8.8252133148821E-6
0.154, 8.92463214000637E-6
0.157, 9.01689167735908E-6
0.16, 9.11278512865456E-6

0.439351766194735, 1.20298798152655E-5

-0.0830000000000001, -5.63837725375483E-6
-0.0800000000000001, -5.48068304788359E-6
-0.0770000000000001, -5.32089574190097E-6
-0.0740000000000001, -5.15511018281617E-6
-0.0710000000000001, -4.98505246308648E-6
-0.0680000000000001, -4.81314305743592E-6
-0.0650000000000001, -4.63749028401248E-6
-0.0620000000000001, -4.46240772306673E-6
-0.0590000000000001, -4.27917534140073E-6
-0.0560000000000001, -4.09688851705724E-6
-0.053, -3.90990556344242E-6
-0.0500000000000001, -3.72259603460994E-6
-0.047, -3.53201891061593E-6
-0.0440000000000001, -3.33616716988683E-6
-0.0410000000000001, -3.13737868876708E-6
-0.0380000000000001, -2.93723978922702E-6
-0.0350000000000001, -2.73349333193068E-6
-0.0320000000000001, -2.52877599685555E-6
-0.0290000000000001, -2.31973553091354E-6
-0.0260000000000001, -2.1095413256349E-6
-0.0230000000000001, -1.8937614376047E-6
-0.0200000000000001, -1.67773781352806E-6
-0.0170000000000001, -1.45497681934539E-6
-0.0140000000000001, -1.22705303463344E-6
-0.0110000000000001, -9.98715378449027E-7
-0.00800000000000006, -7.66469906718988E-7
-0.00500000000000006, -5.26460248310491E-7
-0.00200000000000006, -2.83463700044398E-7
0.000999999999999945, -3.11450415686849E-8
0.00399999999999995, 2.23693620916861E-7
0.0069999999999999, 4.77921798780901E-7
0.0099999999999999, 7.33462810976536E-7
0.0129999999999999, 9.81270852518111E-7
0.0159999999999999, 1.22906186189229E-6
0.0189999999999999, 1.47251158296097E-6
0.0219999999999999, 1.71241509655984E-6
0.0249999999999999, 1.94674809782956E-6
0.0279999999999999, 2.17996524304863E-6
0.0309999999999999, 2.404698603698E-6
0.0339999999999999, 2.63055953600833E-6
0.0369999999999999, 2.85037518090516E-6
0.0399999999999999, 3.06718169718568E-6
0.0429999999999999, 3.28082652124763E-6
0.0459999999999999, 3.4897191819639E-6
0.0489999999999999, 3.69445069049448E-6
0.0519999999999999, 3.89972799147996E-6
0.0549999999999999, 4.0979724328738E-6
0.0579999999999999, 4.29322741012271E-6
0.0609999999999999, 4.48687866694269E-6
0.0639999999999999, 4.67707698551899E-6
0.0669999999999999, 4.86146938488894E-6
0.0699999999999999, 5.04580854109337E-6
0.0729999999999999, 5.22747223190977E-6
0.076, 5.40385087493945E-6
0.079, 5.57803410196002E-6
0.082, 5.7466154257637E-6
0.085, 5.91584546827298E-6
0.088, 6.0798057451187E-6
0.091, 6.24199731732315E-6
0.0939999999999999, 6.4019966772865E-6
0.0969999999999999, 6.55529870948862E-6
0.0999999999999999, 6.70790410569782E-6
0.103, 6.8551413511802E-6
0.106, 7.00138192728341E-6
0.109, 7.14326488921447E-6
0.112, 7.28516801644856E-6
0.115, 7.42252567144466E-6
0.118, 7.55458339328749E-6
0.121, 7.68477169382127E-6
0.124, 7.81123212199805E-6
0.127, 7.93751201372058E-6
0.13, 8.05923780067046E-6
0.133, 8.17943296520783E-6
0.136, 8.29125093993887E-6
0.139, 8.40550170283037E-6
0.142, 8.51628865504517E-6
0.145, 8.61987377952028E-6
0.148, 8.72435664372767E-6
0.151, 8.82838558546089E-6
0.154, 8.92431080518388E-6
0.157, 9.01967047562217E-6
0.16, 9.11158052257329E-6
0.163, 9.20146430196226E-6

0.439344400161054, 1.20259992969728E-5

-0.086, -5.80630905633393E-6
-0.083, -5.65190302015914E-6
-0.08, -5.49235193126924E-6
-0.077, -5.33116699463436E-6
-0.074, -5.16442813542844E-6
-0.071, -4.99370538280864E-6
-0.068, -4.82290448656196E-6
-0.065, -4.6465740002739E-6
-0.062, -4.46736131053053E-6
-0.059, -4.28581559080342E-6
-0.056, -4.10094753430904E-6
-0.053, -3.91398550190307E-6
-0.05, -3.72575094568836E-6
-0.047, -3.53665731843849E-6
-0.044, -3.34140120214017E-6
-0.041, -3.14383233220651E-6
-0.038, -2.94060048819922E-6
-0.035, -2.73920135793972E-6
-0.032, -2.53408357307629E-6
-0.029, -2.32598875792498E-6
-0.026, -2.1167558869275E-6
-0.023, -1.89854123004501E-6
-0.02, -1.68121875900896E-6
-0.017, -1.45924843068641E-6
-0.014, -1.23334979476584E-6
-0.011, -1.00347585355274E-6
-0.00800000000000001, -7.70455696680196E-7
-0.005, -5.29732075544654E-7
-0.002, -2.8708084860355E-7
0.001, -3.58885731455387E-8
0.00399999999999995, 2.20843183268992E-7
0.00699999999999995, 4.72616852397791E-7
0.00999999999999995, 7.2671982446705E-7
0.013, 9.76802412910287E-7
0.016, 1.22689447797374E-6
0.019, 1.46715765583604E-6
0.022, 1.70787570048803E-6
0.025, 1.9423319947491E-6
0.028, 2.17387410663203E-6
0.031, 2.40187159479696E-6
0.034, 2.62624839032795E-6
0.037, 2.84745516730696E-6
0.04, 3.06469382643496E-6
0.043, 3.27760311368431E-6
0.046, 3.48514281657853E-6
0.049, 3.69289407312846E-6
0.052, 3.89615235361551E-6
0.055, 4.0953897586416E-6
0.058, 4.28996806138074E-6
0.061, 4.48459366241134E-6
0.064, 4.67295145220452E-6
0.067, 4.86150178251498E-6
0.07, 5.04287264560849E-6
0.073, 5.22605408919745E-6
0.076, 5.40161098415509E-6
0.079, 5.574857403699E-6
0.082, 5.74243012396552E-6
0.085, 5.91409301156955E-6
0.088, 6.07957196150629E-6
0.091, 6.24042595113381E-6
0.094, 6.39928080770923E-6
0.097, 6.55299510296123E-6
0.1, 6.70747296864053E-6
0.103, 6.85452219698662E-6
0.106, 7.00071540349081E-6
0.109, 7.14028776058462E-6
0.112, 7.2838070943663E-6
0.115, 7.42025677002955E-6
0.118, 7.55581457206472E-6
0.121, 7.68270340120299E-6
0.124, 7.81136252148551E-6
0.127, 7.93648238610846E-6
0.13, 8.06041134100355E-6
0.133, 8.17711041838377E-6
0.136, 8.29398860087958E-6
0.139, 8.40642982162937E-6
0.142, 8.51455858300441E-6
0.145, 8.62240463609866E-6
0.148, 8.72663865924451E-6
0.151, 8.82864184156129E-6
0.154, 8.92346879535496E-6
0.157, 9.02276947922668E-6
0.16, 9.11241085199919E-6
0.163, 9.20096740315477E-6
0.166, 9.28931591666616E-6

0.439346104102735, 1.20267895634861E-5

-0.089, -5.9719819677168E-6
-0.086, -5.8167832574734E-6
-0.083, -5.66306558681282E-6
-0.08, -5.50121363693502E-6
-0.077, -5.33780265892916E-6
-0.074, -5.17212638378494E-6
-0.071, -5.00091234247108E-6
-0.068, -4.83118021949941E-6
-0.065, -4.65326318743091E-6
-0.062, -4.47446822581797E-6
-0.059, -4.29474946485698E-6
-0.056, -4.10938446640104E-6
-0.053, -3.92385668612429E-6
-0.0500000000000001, -3.73371735299893E-6
-0.047, -3.54177389145605E-6
-0.044, -3.34455556633338E-6
-0.041, -3.14719622934397E-6
-0.038, -2.94976395047755E-6
-0.035, -2.74652054845436E-6
-0.032, -2.54099707654402E-6
-0.029, -2.329978887693E-6
-0.026, -2.11890182680729E-6
-0.023, -1.90166262570853E-6
-0.02, -1.68588926314822E-6
-0.017, -1.46415114745419E-6
-0.014, -1.23934397627596E-6
-0.011, -1.00940496181374E-6
-0.00800000000000001, -7.73188843034771E-7
-0.005, -5.35586967724719E-7
-0.002, -2.88371414969527E-7
0.000999999999999945, -4.04562911836962E-8
0.00399999999999995, 2.15842532379857E-7
0.00699999999999995, 4.71862611038281E-7
0.00999999999999995, 7.23139023021313E-7
0.013, 9.75328170656739E-7
0.016, 1.22278313714488E-6
0.019, 1.46291092478034E-6
0.022, 1.70326864315137E-6
0.025, 1.9402443447773E-6
0.028, 2.17183290017179E-6
0.031, 2.39846300114307E-6
0.034, 2.62328297687395E-6
0.037, 2.8430897958789E-6
0.04, 3.06213297351348E-6
0.043, 3.27088602578837E-6
0.046, 3.48178367277069E-6
0.049, 3.68920061556669E-6
0.052, 3.89451712457292E-6
0.055, 4.09180665373906E-6
0.058, 4.28490413443081E-6
0.061, 4.47987934744574E-6
0.064, 4.67071030783021E-6
0.067, 4.85840890934119E-6
0.07, 5.04128003894489E-6
0.073, 5.22253883953671E-6
0.076, 5.3996871291923E-6
0.079, 5.57308717219146E-6
0.082, 5.74500081732466E-6
0.085, 5.91489952393188E-6
0.088, 6.07929926333788E-6
0.091, 6.23870125061748E-6
0.094, 6.3966026982214E-6
0.097, 6.55397484876044E-6
0.1, 6.70397434169408E-6
0.103, 6.85372780153099E-6
0.106, 7.0009807881755E-6
0.109, 7.14105397762703E-6
0.112, 7.28291037746182E-6
0.115, 7.41912365013124E-6
0.118, 7.55370843529419E-6
0.121, 7.68382159504729E-6
0.124, 7.81206343997685E-6
0.127, 7.94000599958E-6
0.13, 8.05923081416619E-6
0.133, 8.17662821763338E-6
0.136, 8.29161750151035E-6
0.139, 8.40578927929914E-6
0.142, 8.5141279573583E-6
0.145, 8.61953525241145E-6
0.148, 8.72508999233378E-6
0.151, 8.82525835901445E-6
0.154, 8.92380803008914E-6
0.157, 9.01874451942643E-6
0.16, 9.11194010353459E-6
0.163, 9.20399152354959E-6
0.166, 9.2883394591892E-6
0.169, 9.3730803592205E-6

0.439344331571263, 1.20303904213459E-5

-0.092, -6.13443235724585E-6
-0.089, -5.9818264799783E-6
-0.086, -5.82937610436244E-6
-0.083, -5.67208310186723E-6
-0.08, -5.50838157181583E-6
-0.077, -5.34640395114499E-6
-0.074, -5.18085277438769E-6
-0.071, -5.0091560227245E-6
-0.068, -4.83780512458976E-6
-0.065, -4.66063010023254E-6
-0.062, -4.48236430402017E-6
-0.059, -4.30169026176062E-6
-0.056, -4.1171528379931E-6
-0.053, -3.93020046798934E-6
-0.0500000000000001, -3.73786276663603E-6
-0.047, -3.54946909166206E-6
-0.044, -3.3540173798824E-6
-0.041, -3.15480953143861E-6
-0.038, -2.95272741615401E-6
-0.035, -2.75047306633937E-6
-0.032, -2.54317593968835E-6
-0.029, -2.33926340930601E-6
-0.026, -2.12354553667169E-6
-0.023, -1.9082513543481E-6
-0.02, -1.69013524886951E-6
-0.017, -1.46738772085773E-6
-0.014, -1.24098482874601E-6
-0.011, -1.01140412424449E-6
-0.00800000000000001, -7.78556530345063E-7
-0.005, -5.41325056007958E-7
-0.00200000000000006, -2.92345200470425E-7
0.000999999999999945, -4.45910877371799E-8
0.00399999999999995, 2.13712470357178E-7
0.00699999999999995, 4.68670249492428E-7
0.00999999999999995, 7.2048439225812E-7
0.013, 9.72746943363653E-7
0.016, 1.21850538562782E-6
0.019, 1.46014142347902E-6
0.022, 1.70132176799033E-6
0.025, 1.93896332131461E-6
0.028, 2.16646290438756E-6
0.031, 2.39419682242412E-6
0.034, 2.62146036311309E-6
0.037, 2.8383007560818E-6
0.04, 3.05540274511777E-6
0.043, 3.26766935944418E-6
0.046, 3.4791063427294E-6
0.049, 3.68361456323222E-6
0.052, 3.88637805475115E-6
0.055, 4.08797233224269E-6
0.058, 4.28401774606432E-6
0.061, 4.48055689294773E-6
0.064, 4.66617817113395E-6
0.067, 4.85338280926359E-6
0.07, 5.04058148653517E-6
0.073, 5.21882928913852E-6
0.076, 5.39841044608252E-6
0.079, 5.57124586803731E-6
0.082, 5.74496173214783E-6
0.085, 5.91093474295895E-6
0.088, 6.07517055330057E-6
0.091, 6.23859180372269E-6
0.094, 6.39757710581455E-6
0.097, 6.5548773202941E-6
0.1, 6.70335013353714E-6
0.103, 6.8531571632137E-6
0.106, 7.00302625618205E-6
0.109, 7.14436254877013E-6
0.112, 7.28466904464716E-6
0.115, 7.42182837609464E-6
0.118, 7.55321728168891E-6
0.121, 7.68460912727852E-6
0.124, 7.81088838526425E-6
0.127, 7.93734244421135E-6
0.13, 8.06044281380189E-6
0.133, 8.17816659149054E-6
0.136, 8.29297924247995E-6
0.139, 8.40259139940748E-6
0.142, 8.51552150370374E-6
0.145, 8.61959255277011E-6
0.148, 8.72479668103631E-6
0.151, 8.82661603150146E-6
0.154, 8.9241916842731E-6
0.157, 9.02023028523832E-6
0.16, 9.10921368575598E-6
0.163, 9.20144857205852E-6
0.166, 9.28646979563509E-6
0.169, 9.37154713879102E-6
0.172, 9.45300938451454E-6

0.43934205243889, 1.20299300086785E-5

-0.095, -6.29238544004046E-6
-0.092, -6.14479490142866E-6
-0.089, -5.99197253186318E-6
-0.086, -5.83676311786725E-6
-0.083, -5.67996454223246E-6
-0.08, -5.52044505252614E-6
-0.077, -5.35480515087854E-6
-0.074, -5.18600471259996E-6
-0.071, -5.01524613371578E-6
-0.068, -4.8436539251289E-6
-0.065, -4.66678879505018E-6
-0.062, -4.49024369304178E-6
-0.059, -4.30660555591332E-6
-0.0560000000000001, -4.11888556868155E-6
-0.053, -3.93542189750983E-6
-0.0500000000000001, -3.74567316073772E-6
-0.047, -3.55299034879386E-6
-0.044, -3.35922351728533E-6
-0.041, -3.15866438654282E-6
-0.038, -2.95637538058759E-6
-0.035, -2.75367031590255E-6
-0.032, -2.5465396015079E-6
-0.029, -2.34143981074147E-6
-0.026, -2.13121014962439E-6
-0.023, -1.9120777648841E-6
-0.02, -1.69650702572919E-6
-0.017, -1.46986846346172E-6
-0.014, -1.24300733622291E-6
-0.011, -1.01432515196854E-6
-0.00800000000000001, -7.8200935176392E-7
-0.00500000000000006, -5.41460497236298E-7
-0.00200000000000006, -2.98188721556641E-7
0.000999999999999945, -4.71506187272978E-8
0.00399999999999995, 2.08073111625379E-7
0.00699999999999995, 4.62549856353376E-7
0.00999999999999995, 7.16049433802572E-7
0.013, 9.67306607674483E-7
0.016, 1.21561886050187E-6
0.019, 1.4589024024798E-6
0.022, 1.69844743490648E-6
0.025, 1.93222742012809E-6
0.028, 2.16343223313394E-6
0.031, 2.39262082923824E-6
0.034, 2.61517204926522E-6
0.037, 2.83406521181646E-6
0.04, 3.05284162549285E-6
0.043, 3.26534308324806E-6
0.046, 3.47560339437618E-6
0.049, 3.68309640802202E-6
0.052, 3.88436792423811E-6
0.055, 4.08766230936919E-6
0.058, 4.28153365072919E-6
0.061, 4.47721564304426E-6
0.064, 4.6621606765464E-6
0.067, 4.85141888300868E-6
0.07, 5.03686562812305E-6
0.073, 5.21633863131458E-6
0.076, 5.3933208838745E-6
0.079, 5.57139862629821E-6
0.082, 5.74227435602956E-6
0.085, 5.90943637943934E-6
0.088, 6.07364159505131E-6
0.091, 6.23560924105134E-6
0.094, 6.39583265610249E-6
0.097, 6.55028316438222E-6
0.1, 6.70451707081209E-6
0.103, 6.85247467980779E-6
0.106, 6.99828199025513E-6
0.109, 7.14294801694477E-6
0.112, 7.28200534362962E-6
0.115, 7.42049514772491E-6
0.118, 7.55095795639606E-6
0.121, 7.68299259131909E-6
0.124, 7.80947914474595E-6
0.127, 7.9359955166919E-6
0.13, 8.05917486085227E-6
0.133, 8.17651429860535E-6
0.136, 8.29173208004329E-6
0.139, 8.40635267847501E-6
0.142, 8.5168156588323E-6
0.145, 8.62262664024914E-6
0.148, 8.72708306808927E-6
0.151, 8.8285832092751E-6
0.154, 8.92785801016035E-6
0.157, 9.02201284796265E-6
0.16, 9.11016092249733E-6
0.163, 9.19897210591716E-6
0.166, 9.29012726914645E-6
0.169, 9.37257729672009E-6
0.172, 9.45527492831324E-6
0.175, 9.53575858264835E-6

0.439343392865034, 1.20318295256397E-5

-0.098, -6.44535952032527E-6
-0.095, -6.30482071594698E-6
-0.092, -6.1528488610668E-6
-0.089, -6.0056076320856E-6
-0.086, -5.84879301274322E-6
-0.083, -5.68668595994513E-6
-0.08, -5.52639592880983E-6
-0.077, -5.3618029901578E-6
-0.074, -5.19322087688031E-6
-0.071, -5.02345888874607E-6
-0.068, -4.85070569039865E-6
-0.065, -4.67182359734454E-6
-0.062, -4.49328460650052E-6
-0.0590000000000001, -4.30977757039598E-6
-0.0560000000000001, -4.1257189763422E-6
-0.053, -3.94167328902085E-6
-0.0500000000000001, -3.74923894556005E-6
-0.047, -3.55946776269767E-6
-0.044, -3.36237549737077E-6
-0.041, -3.16296403334629E-6
-0.038, -2.96269889105565E-6
-0.035, -2.7618438160243E-6
-0.032, -2.55275288073326E-6
-0.029, -2.34755278061996E-6
-0.026, -2.1309209674412E-6
-0.023, -1.91625414558442E-6
-0.02, -1.70017676264453E-6
-0.017, -1.47750877247228E-6
-0.014, -1.24997784129612E-6
-0.011, -1.01811517549674E-6
-0.00800000000000006, -7.86414518186122E-7
-0.00500000000000006, -5.47248084485478E-7
-0.00200000000000006, -3.00562166252018E-7
0.000999999999999945, -4.9974704590925E-8
0.00399999999999995, 2.04795459770527E-7
0.00699999999999995, 4.60376208464763E-7
0.00999999999999995, 7.13277133047457E-7
0.013, 9.6536447127937E-7
0.016, 1.21215366463134E-6
0.019, 1.45383067405769E-6
0.022, 1.69357181707884E-6
0.025, 1.92931258962625E-6
0.028, 2.16173627869935E-6
0.031, 2.39024383734368E-6
0.034, 2.61204628675994E-6
0.037, 2.83144344379621E-6
0.04, 3.0465736011003E-6
0.043, 3.26213827319901E-6
0.046, 3.47264687981507E-6
0.049, 3.67831783448149E-6
0.052, 3.88156665026238E-6
0.055, 4.08197624197065E-6
0.058, 4.27691324632328E-6
0.061, 4.47265330416262E-6
0.064, 4.65973328636727E-6
0.067, 4.84936686944375E-6
0.07, 5.03501512983362E-6
0.073, 5.21514014708813E-6
0.076, 5.39203043529394E-6
0.079, 5.56859440005217E-6
0.082, 5.73855105847339E-6
0.085, 5.90887156378898E-6
0.088, 6.07215185496637E-6
0.091, 6.23670033892724E-6
0.094, 6.39451960617388E-6
0.097, 6.54966175959094E-6
0.1, 6.70202367354237E-6
0.103, 6.85381429443636E-6
0.106, 7.00173119815482E-6
0.109, 7.14099831044897E-6
0.112, 7.28481723210899E-6
0.115, 7.41809537997901E-6
0.118, 7.55374508839402E-6
0.121, 7.68390431017894E-6
0.124, 7.81196077810638E-6
0.127, 7.93634665675295E-6
0.13, 8.05810990406758E-6
0.133, 8.17862455190579E-6
0.136, 8.29054127755378E-6
0.139, 8.40273219465918E-6
0.142, 8.51584600582332E-6
0.145, 8.62115009640929E-6
0.148, 8.72600371906583E-6
0.151, 8.82674168540534E-6
0.154, 8.92244781089585E-6
0.157, 9.02090653305158E-6
0.16, 9.11427107263426E-6
0.163, 9.20261231496135E-6
0.166, 9.28910903523754E-6
0.169, 9.37232021180427E-6
0.172, 9.45370928311527E-6
0.175, 9.53234772935693E-6
0.178, 9.60919181742642E-6

0.439342592811779, 1.20293057480866E-5

-0.101, -6.60091050415029E-6
-0.098, -6.46158887895895E-6
-0.095, -6.31256800770844E-6
-0.092, -6.16192256378375E-6
-0.089, -6.01216414888426E-6
-0.086, -5.85452873190238E-6
-0.083, -5.69683873128433E-6
-0.08, -5.53195281151376E-6
-0.077, -5.36908097187522E-6
-0.074, -5.2009446677497E-6
-0.071, -5.02808808770214E-6
-0.068, -4.85723427594042E-6
-0.065, -4.67905649953797E-6
-0.0620000000000001, -4.50095348606203E-6
-0.0590000000000001, -4.31664428538827E-6
-0.0560000000000001, -4.13193696693815E-6
-0.053, -3.9464720193581E-6
-0.0500000000000001, -3.75319649610611E-6
-0.047, -3.56326504945385E-6
-0.044, -3.36664705634864E-6
-0.041, -3.16799826572623E-6
-0.038, -2.96428335924084E-6
-0.035, -2.76330146029676E-6
-0.032, -2.56022384844588E-6
-0.029, -2.34933124242001E-6
-0.026, -2.14038209491261E-6
-0.023, -1.92209958950841E-6
-0.02, -1.70080741124436E-6
-0.017, -1.47747835596633E-6
-0.014, -1.25255996079989E-6
-0.0110000000000001, -1.02215431307676E-6
-0.00800000000000006, -7.87890752167314E-7
-0.00500000000000006, -5.48489030495419E-7
-0.00200000000000006, -3.03688301569043E-7
0.000999999999999945, -5.34424357413917E-8
0.00399999999999995, 2.00694561610601E-7
0.00699999999999995, 4.57805171326601E-7
0.00999999999999995, 7.11467102459019E-7
0.013, 9.60920302522601E-7
0.016, 1.21079180403592E-6
0.019, 1.45044562487804E-6
0.022, 1.69217823897403E-6
0.025, 1.92580069760092E-6
0.028, 2.1576487520026E-6
0.031, 2.38739268794305E-6
0.034, 2.6097548374548E-6
0.037, 2.83046395758816E-6
0.04, 3.04561814751163E-6
0.043, 3.25760780276585E-6
0.046, 3.46776417248816E-6
0.049, 3.67515540254308E-6
0.052, 3.87764395991047E-6
0.055, 4.07920396526818E-6
0.058, 4.27814101650633E-6
0.061, 4.46967790325261E-6
0.064, 4.6595676928478E-6
0.067, 4.84588057771472E-6
0.07, 5.03054535583352E-6
0.073, 5.2118753448396E-6
0.076, 5.39059543358177E-6
0.079, 5.56507843153484E-6
0.082, 5.73871207334456E-6
0.085, 5.90544291829966E-6
0.088, 6.07206853699854E-6
0.091, 6.23320726021496E-6
0.094, 6.39286213336966E-6
0.097, 6.54983498467612E-6
0.1, 6.70118999123242E-6
0.103, 6.85414804714976E-6
0.106, 6.99737431728789E-6
0.109, 7.14198371395233E-6
0.112, 7.27978368070553E-6
0.115, 7.41919285024683E-6
0.118, 7.55448967002519E-6
0.121, 7.68487090204717E-6
0.124, 7.81077685665755E-6
0.127, 7.93648540927368E-6
0.13, 8.05846794918172E-6
0.133, 8.17936139231835E-6
0.136, 8.29182973677219E-6
0.139, 8.40571376920068E-6
0.142, 8.5124962489647E-6
0.145, 8.62250701748994E-6
0.148, 8.72492243996968E-6
0.151, 8.82668866154482E-6
0.154, 8.9244765838198E-6
0.157, 9.01818415342451E-6
0.16, 9.11104000221852E-6
0.163, 9.20280308530757E-6
0.166, 9.28873893652951E-6
0.169, 9.3737174745497E-6
0.172, 9.45579278022893E-6
0.175, 9.53449696078791E-6
0.178, 9.60802574157263E-6
0.181, 9.68166517941329E-6

0.439340320408732, 1.20283025192346E-5

-0.104, -6.74942785408016E-6
-0.101, -6.61109828701291E-6
-0.098, -6.46820959049928E-6
-0.095, -6.32082795100102E-6
-0.092, -6.17093919941364E-6
-0.089, -6.01664198019746E-6
-0.086, -5.86204821845844E-6
-0.083, -5.70096487104517E-6
-0.08, -5.5387279280102E-6
-0.077, -5.37546368516078E-6
-0.074, -5.20442347291872E-6
-0.071, -5.03556460599914E-6
-0.068, -4.86108283202229E-6
-0.0650000000000001, -4.68363105534948E-6
-0.0620000000000001, -4.50373526258975E-6
-0.0590000000000001, -4.32010847963962E-6
-0.0560000000000001, -4.13567536501433E-6
-0.053, -3.9499214478983E-6
-0.0500000000000001, -3.75929380608668E-6
-0.047, -3.56649683644014E-6
-0.044, -3.37154374913916E-6
-0.041, -3.17357727134533E-6
-0.038, -2.97058383816694E-6
-0.035, -2.76823387293391E-6
-0.032, -2.56102719510434E-6
-0.029, -2.35381256214922E-6
-0.026, -2.14239523209448E-6
-0.023, -1.92559438840946E-6
-0.02, -1.7066527734771E-6
-0.017, -1.48281149500092E-6
-0.0140000000000001, -1.25516027786657E-6
-0.0110000000000001, -1.02662253727414E-6
-0.00800000000000006, -7.92516486087729E-7
-0.00500000000000006, -5.54061446037437E-7
-0.00200000000000006, -3.06253865878221E-7
0.000999999999999945, -5.82658383117471E-8
0.00399999999999995, 2.02512541917216E-7
0.00699999999999995, 4.53835432147016E-7
0.00999999999999995, 7.09027222206395E-7
0.013, 9.57437142949225E-7
0.016, 1.20344549226094E-6
0.019, 1.44939792988812E-6
0.022, 1.69003153268031E-6
0.025, 1.92409361692611E-6
0.028, 2.1546748032749E-6
0.031, 2.3818609480253E-6
0.034, 2.60316606128796E-6
0.037, 2.82544757091136E-6
0.04, 3.04333700238123E-6
0.043, 3.25686439437492E-6
0.046, 3.46623641488188E-6
0.049, 3.67354749301401E-6
0.052, 3.87631804053356E-6
0.055, 4.07488966877245E-6
0.058, 4.27054664048249E-6
0.061, 4.46600085047544E-6
0.064, 4.65575828988862E-6
0.067, 4.84486276497288E-6
0.07, 5.0274295916275E-6
0.0729999999999999, 5.20789427063847E-6
0.076, 5.39043742450892E-6
0.079, 5.56364528849504E-6
0.082, 5.73493210472679E-6
0.085, 5.90344504416177E-6
0.088, 6.06971454036835E-6
0.091, 6.23398525423528E-6
0.094, 6.39073024839555E-6
0.097, 6.5487981679858E-6
0.1, 6.69893893670582E-6
0.103, 6.84921344119996E-6
0.106, 6.99654433669852E-6
0.109, 7.14150484563829E-6
0.112, 7.28143977300592E-6
0.115, 7.41918934890678E-6
0.118, 7.55538852728815E-6
0.121, 7.6822046991081E-6
0.124, 7.80760395161888E-6
0.127, 7.93652586344637E-6
0.13, 8.05845691250049E-6
0.133, 8.17739572435898E-6
0.136, 8.29314683728977E-6
0.139, 8.40400500759827E-6
0.142, 8.51346484435457E-6
0.145, 8.62037030216886E-6
0.148, 8.72417502444106E-6
0.151, 8.82707545338221E-6
0.154, 8.92642699052966E-6
0.157, 9.0216159735699E-6
0.16, 9.11019769403662E-6
0.163, 9.20529593942972E-6
0.166, 9.28860777170913E-6
0.169, 9.37361387217376E-6
0.172, 9.45424155403498E-6
0.175, 9.53259692933241E-6
0.178, 9.61082013486136E-6
0.181, 9.68533760662335E-6
0.184, 9.75591242515972E-6

0.439344042530038, 1.20310151215298E-5

-0.107, -6.89802196405718E-6
-0.104, -6.76010658278485E-6
-0.101, -6.62122517880014E-6
-0.098, -6.4743462133528E-6
-0.095, -6.32955960893225E-6
-0.092, -6.17724982804427E-6
-0.089, -6.0249943540177E-6
-0.086, -5.8691599807215E-6
-0.083, -5.70835681133989E-6
-0.08, -5.54620480134504E-6
-0.077, -5.37915583956364E-6
-0.074, -5.21135936347635E-6
-0.071, -5.04114543020596E-6
-0.0680000000000001, -4.86576428974723E-6
-0.0650000000000001, -4.68710885564586E-6
-0.0620000000000001, -4.50863993896587E-6
-0.0590000000000001, -4.32427824810976E-6
-0.0560000000000001, -4.14169650743618E-6
-0.053, -3.95278246056352E-6
-0.0500000000000001, -3.76458271326525E-6
-0.047, -3.57070792634922E-6
-0.044, -3.37403475461374E-6
-0.041, -3.17787912044422E-6
-0.038, -2.97583277491906E-6
-0.035, -2.77370818795357E-6
-0.032, -2.5656285175252E-6
-0.029, -2.35749423617096E-6
-0.026, -2.14205914835206E-6
-0.023, -1.92936739537485E-6
-0.02, -1.70848865277466E-6
-0.0170000000000001, -1.48569896980981E-6
-0.0140000000000001, -1.25845890778938E-6
-0.0110000000000001, -1.02848737626917E-6
-0.00800000000000006, -7.96262719488664E-7
-0.00500000000000006, -5.53459319494698E-7
-0.00200000000000006, -3.07290310662032E-7
0.000999999999999945, -5.79056001717356E-8
0.00399999999999995, 1.9519775637738E-7
0.00699999999999995, 4.51870902007683E-7
0.00999999999999995, 7.05724553559734E-7
0.013, 9.55413037433077E-7
0.016, 1.20346297966382E-6
0.019, 1.44460735896253E-6
0.022, 1.68459654370275E-6
0.025, 1.92038505654606E-6
0.028, 2.15294206707391E-6
0.031, 2.3801101242464E-6
0.034, 2.60323499589034E-6
0.037, 2.82336218502878E-6
0.04, 3.03761620248759E-6
0.043, 3.25066817994058E-6
0.046, 3.46207439129605E-6
0.049, 3.66993002184693E-6
0.052, 3.87231909755638E-6
0.055, 4.07383275255251E-6
0.058, 4.27014243866892E-6
0.061, 4.46522578685818E-6
0.064, 4.65339772014031E-6
0.067, 4.8431940824652E-6
0.0699999999999999, 5.02372794483836E-6
0.0729999999999999, 5.20686486642498E-6
0.076, 5.38561406839302E-6
0.079, 5.55878422107695E-6
0.082, 5.73349498443175E-6
0.085, 5.90163007933549E-6
0.088, 6.06721897253984E-6
0.091, 6.22997917736418E-6
0.094, 6.39179862875782E-6
0.097, 6.54672556193146E-6
0.1, 6.70130112931844E-6
0.103, 6.84886596565368E-6
0.106, 6.99740528003846E-6
0.109, 7.1413753181463E-6
0.112, 7.2813316242277E-6
0.115, 7.41540851596241E-6
0.118, 7.5525154857541E-6
0.121, 7.68347554534096E-6
0.124, 7.81418483188403E-6
0.127, 7.93566320751163E-6
0.13, 8.05915721093262E-6
0.133, 8.17518110382577E-6
0.136, 8.28996520366722E-6
0.139, 8.40345994423813E-6
0.142, 8.51341567953948E-6
0.145, 8.62142945662579E-6
0.148, 8.72742310483871E-6
0.151, 8.82542632507241E-6
0.154, 8.92423840438486E-6
0.157, 9.01828003206079E-6
0.16, 9.11243354178621E-6
0.163, 9.20240067603795E-6
0.166, 9.28552695009586E-6
0.169, 9.37573600670899E-6
0.172, 9.45343716211331E-6
0.175, 9.53117863354772E-6
0.178, 9.61208463127617E-6
0.181, 9.68527892761603E-6
0.184, 9.75619574460906E-6
0.187, 9.82652185554927E-6

0.439351102212895, 1.20293192555496E-5

-0.11, -7.04020814772148E-6
-0.107, -6.90720367722306E-6
-0.104, -6.76869456665373E-6
-0.101, -6.62786772649877E-6
-0.098, -6.48345571286757E-6
-0.095, -6.3353028256371E-6
-0.092, -6.18355718070071E-6
-0.089, -6.03060430652636E-6
-0.086, -5.87460913221319E-6
-0.083, -5.71269864662738E-6
-0.08, -5.54972988938208E-6
-0.077, -5.3852038837486E-6
-0.074, -5.21486586629338E-6
-0.0710000000000001, -5.04260786905805E-6
-0.0680000000000001, -4.87142244495983E-6
-0.0650000000000001, -4.69208272816335E-6
-0.0620000000000001, -4.51334517709482E-6
-0.0590000000000001, -4.33236280920648E-6
-0.0560000000000001, -4.14695752071866E-6
-0.053, -3.9587169331989E-6
-0.0500000000000001, -3.76824323331801E-6
-0.047, -3.57589051741351E-6
-0.044, -3.37950971394137E-6
-0.041, -3.18108943874504E-6
-0.038, -2.97947561209333E-6
-0.035, -2.77379848781431E-6
-0.032, -2.56862768568887E-6
-0.029, -2.36046872037124E-6
-0.026, -2.1467472275983E-6
-0.023, -1.93085651646502E-6
-0.0200000000000001, -1.71196091416075E-6
-0.0170000000000001, -1.49084305579726E-6
-0.0140000000000001, -1.26129151033058E-6
-0.0110000000000001, -1.03259468393719E-6
-0.00800000000000006, -7.98039070825378E-7
-0.00500000000000006, -5.59305357575407E-7
-0.00200000000000006, -3.1333008298565E-7
0.000999999999999945, -6.41786970045879E-8
0.00399999999999995, 1.92237786477841E-7
0.00699999999999995, 4.52568767223738E-7
0.00999999999999995, 7.0187474185526E-7
0.013, 9.52199502197844E-7
0.016, 1.19953276769734E-6
0.019, 1.44387143259132E-6
0.022, 1.68272202655025E-6
0.025, 1.91729921343207E-6
0.028, 2.14925842766805E-6
0.031, 2.37597190605861E-6
0.034, 2.5990316081004E-6
0.037, 2.82059512997586E-6
0.04, 3.03597635389495E-6
0.043, 3.25158888162305E-6
0.046, 3.46006843943504E-6
0.049, 3.66655578238866E-6
0.052, 3.87136553168773E-6
0.055, 4.07153057984933E-6
0.058, 4.26668247809304E-6
0.061, 4.46207345159566E-6
0.064, 4.6524996614516E-6
0.0669999999999999, 4.84137987405892E-6
0.0699999999999999, 5.02357809291838E-6
0.0729999999999999, 5.20377247041368E-6
0.076, 5.3842654576998E-6
0.079, 5.56127246933954E-6
0.082, 5.73132826592172E-6
0.085, 5.89841010628607E-6
0.088, 6.06843349494485E-6
0.091, 6.22866510747077E-6
0.094, 6.38908885365368E-6
0.097, 6.5469735345217E-6
0.1, 6.69837412674764E-6
0.103, 6.84945718846048E-6
0.106, 6.99496459098052E-6
0.109, 7.14053857451517E-6
0.112, 7.28083397087334E-6
0.115, 7.41817466516373E-6
0.118, 7.55014225611432E-6
0.121, 7.6808745031069E-6
0.124, 7.81097913436174E-6
0.127, 7.93259430604686E-6
0.13, 8.05665155363294E-6
0.133, 8.17625446402415E-6
0.136, 8.28976479713404E-6
0.139, 8.40948824940751E-6
0.142, 8.51313705494146E-6
0.145, 8.62092603474759E-6
0.148, 8.72629762571913E-6
0.151, 8.82932471579137E-6
0.154, 8.92682812713498E-6
0.157, 9.01996968775126E-6
0.16, 9.11374856404847E-6
0.163, 9.19920834958408E-6
0.166, 9.28887136512591E-6
0.169, 9.37341703877255E-6
0.172, 9.45635294465045E-6
0.175, 9.5354266111054E-6
0.178, 9.60985311212719E-6
0.181, 9.68550538181152E-6
0.184, 9.75807129219866E-6
0.187, 9.82593491780526E-6
0.19, 9.89039241668246E-6

0.439347078073209, 1.2030967485743E-5

-0.113, -7.18224438755541E-6
-0.11, -7.05034881202958E-6
-0.107, -6.914477492898E-6
-0.104, -6.77648217632438E-6
-0.101, -6.63514277790825E-6
-0.098, -6.48963263481537E-6
-0.095, -6.34086952172239E-6
-0.092, -6.19178142603875E-6
-0.089, -6.03514363220871E-6
-0.086, -5.877338193703E-6
-0.083, -5.71937719750202E-6
-0.08, -5.55769776518315E-6
-0.077, -5.38849066703629E-6
-0.0740000000000001, -5.22183102533705E-6
-0.0710000000000001, -5.04823956431032E-6
-0.0680000000000001, -4.87514369106648E-6
-0.0650000000000001, -4.69767905488138E-6
-0.0620000000000001, -4.51795985105617E-6
-0.0590000000000001, -4.33607543977064E-6
-0.0560000000000001, -4.14930915540406E-6
-0.053, -3.96334643281521E-6
-0.0500000000000001, -3.77181669204597E-6
-0.047, -3.57883684341038E-6
-0.044, -3.38274470700115E-6
-0.041, -3.18525165664184E-6
-0.038, -2.98439334826555E-6
-0.035, -2.77936071980649E-6
-0.032, -2.57514296347841E-6
-0.029, -2.36158118741626E-6
-0.026, -2.15160871903808E-6
-0.0230000000000001, -1.93664312681984E-6
-0.0200000000000001, -1.71469929624984E-6
-0.0170000000000001, -1.49044093102303E-6
-0.0140000000000001, -1.26602154261347E-6
-0.0110000000000001, -1.03430807972644E-6
-0.00800000000000006, -8.02232387606622E-7
-0.00500000000000006, -5.61783898712759E-7
-0.00200000000000006, -3.16742938858986E-7
0.000999999999999945, -6.62898702105934E-8
0.00399999999999995, 1.90995064419038E-7
0.00699999999999995, 4.45109479845839E-7
0.00999999999999995, 7.00713377856874E-7
0.013, 9.50543511926058E-7
0.016, 1.19578256833073E-6
0.019, 1.44029786513356E-6
0.022, 1.68056431667981E-6
0.025, 1.9175281684118E-6
0.028, 2.1439797095422E-6
0.031, 2.37291804134292E-6
0.034, 2.59704845086488E-6
0.037, 2.81698488029196E-6
0.04, 3.03224104683971E-6
0.043, 3.2485226911762E-6
0.046, 3.45767106049236E-6
0.049, 3.66252999267998E-6
0.052, 3.86708853376631E-6
0.055, 4.06738658030089E-6
0.058, 4.26366828500853E-6
0.061, 4.45738841704046E-6
0.0639999999999999, 4.65047759208019E-6
0.0669999999999999, 4.83711986498869E-6
0.0699999999999999, 5.02044765913506E-6
0.0729999999999999, 5.20099161793303E-6
0.076, 5.38144685193624E-6
0.079, 5.55880957058479E-6
0.082, 5.72795893755526E-6
0.085, 5.89930148719265E-6
0.088, 6.06404810579204E-6
0.091, 6.22553174420712E-6
0.094, 6.38708929241113E-6
0.0969999999999999, 6.54098285287762E-6
0.1, 6.69923768629425E-6
0.103, 6.8471590592967E-6
0.106, 6.99533166314387E-6
0.109, 7.13937862158065E-6
0.112, 7.28061352148761E-6
0.115, 7.4175910203987E-6
0.118, 7.5513046005889E-6
0.121, 7.68339281267402E-6
0.124, 7.80835739401562E-6
0.127, 7.93497906876562E-6
0.13, 8.05746105008666E-6
0.133, 8.17630838467844E-6
0.136, 8.29462272458025E-6
0.139, 8.4058535878171E-6
0.142, 8.51709779658803E-6
0.145, 8.62004870106479E-6
0.148, 8.72470893016465E-6
0.151, 8.82555215829018E-6
0.154, 8.92758761233165E-6
0.157, 9.02001478272547E-6
0.16, 9.11037510265347E-6
0.163, 9.20294692145175E-6
0.166, 9.28876068615715E-6
0.169, 9.37468949058391E-6
0.172, 9.45341216267261E-6
0.175, 9.53322403542244E-6
0.178, 9.60979909274145E-6
0.181, 9.68353286070685E-6
0.184, 9.75691539519133E-6
0.187, 9.82521941997889E-6
0.19, 9.89177769884553E-6
0.193, 9.95697758131164E-6

0.4393474030337, 1.20331011853474E-5

-0.116, -7.31782768347621E-6
-0.113, -7.18945754350062E-6
-0.11, -7.05607393308524E-6
-0.107, -6.92180333863534E-6
-0.104, -6.7820838511324E-6
-0.101, -6.64168901695848E-6
-0.098, -6.49572418574833E-6
-0.095, -6.34421746936543E-6
-0.092, -6.19544269130424E-6
-0.089, -6.04023167409026E-6
-0.086, -5.88642784186912E-6
-0.083, -5.72520577608211E-6
-0.08, -5.56014642506936E-6
-0.0770000000000001, -5.39433916014836E-6
-0.0740000000000001, -5.22478891974617E-6
-0.0710000000000001, -5.05455675797965E-6
-0.0680000000000001, -4.87992265145457E-6
-0.0650000000000001, -4.70363960773123E-6
-0.0620000000000001, -4.52135219197148E-6
-0.0590000000000001, -4.33856100238494E-6
-0.0560000000000001, -4.15169800686176E-6
-0.053, -3.96501272276385E-6
-0.0500000000000001, -3.77802483946554E-6
-0.047, -3.5834643882664E-6
-0.044, -3.38732634537548E-6
-0.041, -3.18811532505899E-6
-0.038, -2.98697749010137E-6
-0.035, -2.7816509516173E-6
-0.032, -2.57814075305096E-6
-0.029, -2.36535052434773E-6
-0.0260000000000001, -2.15537705625136E-6
-0.0230000000000001, -1.9376288503403E-6
-0.0200000000000001, -1.71662244714447E-6
-0.0170000000000001, -1.49540761444346E-6
-0.0140000000000001, -1.26845891998065E-6
-0.0110000000000001, -1.03946506369046E-6
-0.00800000000000006, -8.04459496837282E-7
-0.00500000000000006, -5.62050749525156E-7
-0.00200000000000006, -3.13145879765067E-7
0.000999999999999945, -6.70549330654208E-8
0.00399999999999995, 1.89764578555656E-7
0.00699999999999995, 4.430090837522E-7
0.00999999999999995, 6.97203600524911E-7
0.013, 9.46488817466948E-7
0.016, 1.19272095827521E-6
0.019, 1.43849974857651E-6
0.022, 1.67796056836626E-6
0.025, 1.91276706827132E-6
0.028, 2.1425918885077E-6
0.031, 2.37022886866982E-6
0.034, 2.59301840919213E-6
0.037, 2.81372507086351E-6
0.04, 3.02973934606684E-6
0.043, 3.24434120148082E-6
0.046, 3.45394296774785E-6
0.049, 3.66031621707118E-6
0.052, 3.86484626457387E-6
0.055, 4.0628870786011E-6
0.058, 4.26011964586934E-6
0.0609999999999999, 4.45622924217032E-6
0.0639999999999999, 4.6471116485005E-6
0.0669999999999999, 4.83466329142598E-6
0.0699999999999999, 5.01910278127238E-6
0.0729999999999999, 5.19803057829658E-6
0.076, 5.37782432732674E-6
0.079, 5.55470893793142E-6
0.082, 5.72503749534066E-6
0.085, 5.89563496876406E-6
0.088, 6.06075704361686E-6
0.091, 6.22663872613728E-6
0.0939999999999999, 6.38542469216688E-6
0.0969999999999999, 6.5407575688905E-6
0.1, 6.69412942658908E-6
0.103, 6.8442724952548E-6
0.106, 6.99155579100473E-6
0.109, 7.13575739825335E-6
0.112, 7.27747661031855E-6
0.115, 7.41521555022087E-6
0.118, 7.5507687021994E-6
0.121, 7.67924323088568E-6
0.124, 7.80781545043057E-6
0.127, 7.93485036935307E-6
0.13, 8.05609764223286E-6
0.133, 8.17430563466916E-6
0.136, 8.28815618421824E-6
0.139, 8.40333065908058E-6
0.142, 8.51216075618818E-6
0.145, 8.62285291039387E-6
0.148, 8.72400710851168E-6
0.151, 8.82511311825475E-6
0.154, 8.92262472709861E-6
0.157, 9.02019699408152E-6
0.16, 9.11313725831518E-6
0.163, 9.20084000220336E-6
0.166, 9.28971345202598E-6
0.169, 9.37420881250536E-6
0.172, 9.45482545818664E-6
0.175, 9.53448022613101E-6
0.178, 9.6076135678122E-6
0.181, 9.68340621033016E-6
0.184, 9.75583718458325E-6
0.187, 9.82235443556579E-6
0.19, 9.89090249872312E-6
0.193, 9.95727231729731E-6
0.196, 1.00162009892486E-5

0.439342493125961, 1.20268571407642E-5

-0.119, -7.4527718714278E-6
-0.116, -7.32872887240019E-6
-0.113, -7.19787494208927E-6
-0.11, -7.06785184918422E-6
-0.107, -6.92796222322904E-6
-0.104, -6.78964379528005E-6
-0.101, -6.64583800423894E-6
-0.098, -6.50230789758565E-6
-0.095, -6.35240379443351E-6
-0.092, -6.20145092455163E-6
-0.089, -6.04674510660668E-6
-0.086, -5.8884907782686E-6
-0.083, -5.73028308508868E-6
-0.0800000000000001, -5.56429783514404E-6
-0.0770000000000001, -5.400508966597E-6
-0.0740000000000001, -5.23002956914668E-6
-0.0710000000000001, -5.05604444589459E-6
-0.0680000000000001, -4.88207553272203E-6
-0.0650000000000001, -4.70607172304666E-6
-0.0620000000000001, -4.52489319545335E-6
-0.0590000000000001, -4.3440469668029E-6
-0.0560000000000001, -4.15852310096969E-6
-0.053, -3.97111607557029E-6
-0.0500000000000001, -3.78101669378104E-6
-0.047, -3.5864053704212E-6
-0.044, -3.38957625560989E-6
-0.041, -3.19113106086539E-6
-0.038, -2.98963381295273E-6
-0.035, -2.78469858179102E-6
-0.032, -2.5790144376139E-6
-0.0290000000000001, -2.36958673478259E-6
-0.0260000000000001, -2.15600985206578E-6
-0.0230000000000001, -1.9407576840452E-6
-0.0200000000000001, -1.72589627754454E-6
-0.0170000000000001, -1.49899033386985E-6
-0.0140000000000001, -1.27041972445565E-6
-0.0110000000000001, -1.04001914683518E-6
-0.00800000000000006, -8.07100272954864E-7
-0.00500000000000006, -5.6561398100911E-7
-0.00200000000000006, -3.21208573251117E-7
0.000999999999999945, -7.08968171958758E-8
0.00399999999999995, 1.85195092820883E-7
0.00699999999999995, 4.41538668570162E-7
0.00999999999999995, 6.94483292791624E-7
0.013, 9.44064460786505E-7
0.016, 1.19304100393884E-6
0.019, 1.43347890910762E-6
0.022, 1.67422473267135E-6
0.025, 1.91146741906599E-6
0.028, 2.14051134891998E-6
0.031, 2.36854786634626E-6
0.034, 2.5894478965619E-6
0.037, 2.81001472132757E-6
0.04, 3.0271393351074E-6
0.043, 3.24307381181018E-6
0.046, 3.45152632137948E-6
0.049, 3.65762029884938E-6
0.052, 3.86171583611935E-6
0.055, 4.06006568143047E-6
0.0579999999999999, 4.25799748874889E-6
0.0609999999999999, 4.45108918275588E-6
0.0639999999999999, 4.64310313071393E-6
0.0669999999999999, 4.83073809442302E-6
0.0699999999999999, 5.01280035693917E-6
0.0729999999999999, 5.19714704745726E-6
0.076, 5.3753381248846E-6
0.079, 5.55051699592073E-6
0.082, 5.72446835094443E-6
0.085, 5.89415904445797E-6
0.088, 6.05853768090333E-6
0.0909999999999999, 6.22230880007581E-6
0.0939999999999999, 6.3831240507121E-6
0.0969999999999999, 6.54157864521014E-6
0.1, 6.6955557212413E-6
0.103, 6.84454051177614E-6
0.106, 6.98996910406892E-6
0.109, 7.13546670351878E-6
0.112, 7.27657784111696E-6
0.115, 7.41435854731989E-6
0.118, 7.55136469667726E-6
0.121, 7.68070372315028E-6
0.124, 7.81001535154775E-6
0.127, 7.934340741622E-6
0.13, 8.05474191286465E-6
0.133, 8.17448803823695E-6
0.136, 8.29147807426315E-6
0.139, 8.4043546387978E-6
0.142, 8.5139326437891E-6
0.145, 8.6189184577407E-6
0.148, 8.72099339909837E-6
0.151, 8.82373974672088E-6
0.154, 8.92297925715488E-6
0.157, 9.02012055598295E-6
0.16, 9.11266411741353E-6
0.163, 9.20201290938333E-6
0.166, 9.28935859442002E-6
0.169, 9.3731769128572E-6
0.172, 9.45379570775314E-6
0.175, 9.53602079545243E-6
0.178, 9.61033091927881E-6
0.181, 9.68273107764685E-6
0.184, 9.7559211476288E-6
0.187, 9.82468426247515E-6
0.19, 9.89057598199005E-6
0.193, 9.95588096511393E-6
0.196, 1.00203875819996E-5
0.199, 1.00806515883224E-5

0.43934094027125, 1.2028555764185E-5

-0.122, -7.58328207643124E-6
-0.119, -7.45935010209358E-6
-0.116, -7.33437812520229E-6
-0.113, -7.20677990422662E-6
-0.11, -7.06962728531683E-6
-0.107, -6.93351978890488E-6
-0.104, -6.79495519923834E-6
-0.101, -6.65158158591042E-6
-0.098, -6.50828723410802E-6
-0.095, -6.35846455564133E-6
-0.092, -6.20732518550425E-6
-0.089, -6.04980062483045E-6
-0.086, -5.89326251319587E-6
-0.0830000000000001, -5.73156268188252E-6
-0.0800000000000001, -5.56892153649946E-6
-0.0770000000000001, -5.40392314292033E-6
-0.0740000000000001, -5.23369867285156E-6
-0.0710000000000001, -5.06101943645558E-6
-0.0680000000000001, -4.88668736816636E-6
-0.0650000000000001, -4.70898060574266E-6
-0.0620000000000001, -4.52956863227119E-6
-0.0590000000000001, -4.34632809014677E-6
-0.0560000000000001, -4.16407324567025E-6
-0.053, -3.97259261188952E-6
-0.0500000000000001, -3.78302208273443E-6
-0.047, -3.58823980995275E-6
-0.044, -3.39555638506701E-6
-0.041, -3.19397738262753E-6
-0.038, -2.9926548783079E-6
-0.035, -2.78905584842712E-6
-0.0320000000000001, -2.58493218045055E-6
-0.0290000000000001, -2.37270146912766E-6
-0.0260000000000001, -2.16133680500873E-6
-0.0230000000000001, -1.94489953668945E-6
-0.0200000000000001, -1.72626963364134E-6
-0.0170000000000001, -1.50244495580498E-6
-0.0140000000000001, -1.27355036737471E-6
-0.0110000000000001, -1.04271069457896E-6
-0.00800000000000006, -8.09331639376297E-7
-0.00500000000000006, -5.68139699312703E-7
-0.00200000000000006, -3.22614884090682E-7
0.000999999999999945, -7.25371194090759E-8
0.00399999999999995, 1.829600670351E-7
0.00699999999999995, 4.40250375303959E-7
0.00999999999999995, 6.93454849569678E-7
0.013, 9.41918648710488E-7
0.016, 1.19014354116361E-6
0.019, 1.43162483116506E-6
0.022, 1.67175977521525E-6
0.025, 1.90692866428263E-6
0.028, 2.1384715123699E-6
0.031, 2.36401256717073E-6
0.034, 2.58760004660226E-6
0.037, 2.8085051436851E-6
0.04, 3.02465878096194E-6
0.043, 3.23947150953184E-6
0.046, 3.44772221075721E-6
0.049, 3.65561310601907E-6
0.052, 3.85806095792141E-6
0.0549999999999999, 4.05800257652976E-6
0.0579999999999999, 4.25668383155313E-6
0.0609999999999999, 4.45059748095798E-6
0.0639999999999999, 4.63838376134016E-6
0.0669999999999999, 4.83156090653416E-6
0.0699999999999999, 5.01130823186172E-6
0.0729999999999999, 5.19433615728211E-6
0.076, 5.37250502873545E-6
0.079, 5.54872416151245E-6
0.082, 5.72295415859714E-6
0.085, 5.88918739253518E-6
0.0879999999999999, 6.05724294602619E-6
0.0909999999999999, 6.22163218953439E-6
0.0939999999999999, 6.38181849930586E-6
0.0969999999999999, 6.53693949068002E-6
0.1, 6.69104907845757E-6
0.103, 6.84508211687994E-6
0.106, 6.99054022214867E-6
0.109, 7.13354154774918E-6
0.112, 7.27553350705708E-6
0.115, 7.4131808631306E-6
0.118, 7.54659884061427E-6
0.121, 7.68025834971433E-6
0.124, 7.80762736479847E-6
0.127, 7.93484256514734E-6
0.13, 8.05497642843939E-6
0.133, 8.17025884168524E-6
0.136, 8.29071380873452E-6
0.139, 8.40448673920578E-6
0.142, 8.51373621995987E-6
0.145, 8.62204392594495E-6
0.148, 8.72367554895997E-6
0.151, 8.82388350364744E-6
0.154, 8.9218544265136E-6
0.157, 9.0185885145349E-6
0.16, 9.11010117412283E-6
0.163, 9.20246310843058E-6
0.166, 9.28931737045148E-6
0.169, 9.37333555085907E-6
0.172, 9.45542502881192E-6
0.175, 9.53381998671628E-6
0.178, 9.61060899884337E-6
0.181, 9.68573327699433E-6
0.184, 9.75327462284481E-6
0.187, 9.82314115581115E-6
0.19, 9.89345315341115E-6
0.193, 9.95963527111806E-6
0.196, 1.00228059131017E-5
0.199, 1.00804686440518E-5
0.202, 1.01393569626698E-5

0.439356237466595, 1.20338589220532E-5

-0.125, -7.71147313410193E-6
-0.122, -7.59342155789244E-6
-0.119, -7.47085005305687E-6
-0.116, -7.34093573851286E-6
-0.113, -7.21053195574085E-6
-0.11, -7.07818554461698E-6
-0.107, -6.94065241814592E-6
-0.104, -6.80070306668909E-6
-0.101, -6.65797606933667E-6
-0.098, -6.51122724692905E-6
-0.095, -6.36352597562582E-6
-0.092, -6.21037911160269E-6
-0.089, -6.05549918961319E-6
-0.0860000000000001, -5.89771571974486E-6
-0.0830000000000001, -5.73676618889556E-6
-0.0800000000000001, -5.57580422649018E-6
-0.0770000000000001, -5.40683280838526E-6
-0.0740000000000001, -5.23681221559674E-6
-0.0710000000000001, -5.06479656448174E-6
-0.0680000000000001, -4.88969796729057E-6
-0.0650000000000001, -4.7141615251838E-6
-0.0620000000000001, -4.53314798192976E-6
-0.0590000000000001, -4.35098930206794E-6
-0.0560000000000001, -4.16422982129046E-6
-0.053, -3.97591494658206E-6
-0.0500000000000001, -3.78703939969159E-6
-0.047, -3.59403598165338E-6
-0.044, -3.397198590309E-6
-0.041, -3.19713711464659E-6
-0.038, -2.99588056788513E-6
-0.0350000000000001, -2.79300021299669E-6
-0.0320000000000001, -2.58404600498103E-6
-0.0290000000000001, -2.37553913861439E-6
-0.0260000000000001, -2.16278021856529E-6
-0.0230000000000001, -1.95006211101785E-6
-0.0200000000000001, -1.72885030110689E-6
-0.0170000000000001, -1.50369713025019E-6
-0.0140000000000001, -1.27719025732478E-6
-0.0110000000000001, -1.04502348801398E-6
-0.00800000000000006, -8.11571893473476E-7
-0.00500000000000006, -5.73202060477001E-7
-0.00200000000000006, -3.27929693793473E-7
0.000999999999999945, -7.32340766319704E-8
0.00399999999999995, 1.82071850394053E-7
0.00699999999999995, 4.37607162137681E-7
0.00999999999999995, 6.89956938154181E-7
0.013, 9.38864804331172E-7
0.016, 1.18707647244232E-6
0.019, 1.43176782035577E-6
0.022, 1.66896637647487E-6
0.025, 1.90498049567127E-6
0.028, 2.13444391453495E-6
0.031, 2.36413365418511E-6
0.034, 2.5866442466051E-6
0.037, 2.80348324045141E-6
0.04, 3.02333454651375E-6
0.043, 3.23683609039317E-6
0.046, 3.44518114479965E-6
0.049, 3.65245177349252E-6
0.0519999999999999, 3.85506476104685E-6
0.0549999999999999, 4.05620719163606E-6
0.0579999999999999, 4.25163626397184E-6
0.0609999999999999, 4.44652480990503E-6
0.0639999999999999, 4.63749200007328E-6
0.0669999999999999, 4.82586780173255E-6
0.0699999999999999, 5.00944928299879E-6
0.0729999999999999, 5.19021646397901E-6
0.076, 5.37232981901196E-6
0.079, 5.54693819844866E-6
0.082, 5.71865393610566E-6
0.0849999999999999, 5.88821002088059E-6
0.0879999999999999, 6.05252732910942E-6
0.0909999999999999, 6.21623121357368E-6
0.0939999999999999, 6.37675223692239E-6
0.0969999999999999, 6.53659071496141E-6
0.1, 6.6896930585471E-6
0.103, 6.84109791433654E-6
0.106, 6.9874637266081E-6
0.109, 7.13207682725914E-6
0.112, 7.27256003653199E-6
0.115, 7.41254063458584E-6
0.118, 7.54525465544521E-6
0.121, 7.67910919471862E-6
0.124, 7.80488967372523E-6
0.127, 7.93442432351278E-6
0.13, 8.05409475818139E-6
0.133, 8.17730131512458E-6
0.136, 8.28848324201742E-6
0.139, 8.40405344385123E-6
0.142, 8.51248430518348E-6
0.145, 8.61758171275795E-6
0.148, 8.72274842514101E-6
0.151, 8.82582988157616E-6
0.154, 8.92601885386013E-6
0.157, 9.02065776337854E-6
0.16, 9.11001028107528E-6
0.163, 9.20109750484067E-6
0.166, 9.28979489099369E-6
0.169, 9.37411237203272E-6
0.172, 9.45589757341616E-6
0.175, 9.53557178269195E-6
0.178, 9.61122301885296E-6
0.181, 9.68189806171647E-6
0.184, 9.75515711036639E-6
0.187, 9.82640020594539E-6
0.19, 9.89330574547499E-6
0.193, 9.956696692416E-6
0.196, 1.00191762354878E-5
0.199, 1.00805715123042E-5
0.202, 1.01417326313184E-5
0.205, 1.01982597801353E-5

0.439337494607721, 1.20304754224521E-5

-0.128, -7.83774689109232E-6
-0.125, -7.72045527508978E-6
-0.122, -7.59849777590075E-6
-0.119, -7.47458212548675E-6
-0.116, -7.34558757409174E-6
-0.113, -7.21772767244392E-6
-0.11, -7.0841840872643E-6
-0.107, -6.94724995016711E-6
-0.104, -6.8057491329628E-6
-0.101, -6.6634499062533E-6
-0.098, -6.51578119665278E-6
-0.095, -6.36587600695345E-6
-0.092, -6.21417891420934E-6
-0.0890000000000001, -6.06001402923866E-6
-0.0860000000000001, -5.90240635238889E-6
-0.0830000000000001, -5.74196221639997E-6
-0.0800000000000001, -5.57667937500637E-6
-0.0770000000000001, -5.41180061182128E-6
-0.0740000000000001, -5.24109793399219E-6
-0.0710000000000001, -5.07063623705318E-6
-0.0680000000000001, -4.89611983157453E-6
-0.0650000000000001, -4.71708633466523E-6
-0.0620000000000001, -4.53654088769676E-6
-0.0590000000000001, -4.35306139336811E-6
-0.0560000000000001, -4.1683933255108E-6
-0.053, -3.97861947224191E-6
-0.0500000000000001, -3.78840101620453E-6
-0.047, -3.59470326459796E-6
-0.044, -3.39761685669194E-6
-0.041, -3.19927076841937E-6
-0.0380000000000001, -2.99849035228812E-6
-0.0350000000000001, -2.79486690047173E-6
-0.0320000000000001, -2.58891055419354E-6
-0.0290000000000001, -2.37687349047194E-6
-0.0260000000000001, -2.16558077517314E-6
-0.0230000000000001, -1.949513923839E-6
-0.0200000000000001, -1.72887352276049E-6
-0.0170000000000001, -1.50649086199353E-6
-0.0140000000000001, -1.27986668920511E-6
-0.0110000000000001, -1.04940615475441E-6
-0.00800000000000006, -8.12847872081789E-7
-0.00500000000000006, -5.73971594372444E-7
-0.00200000000000006, -3.26953166012529E-7
0.000999999999999945, -7.84087011457165E-8
0.00399999999999995, 1.78812498462723E-7
0.00699999999999995, 4.35644496514743E-7
0.00999999999999995, 6.8862214920725E-7
0.013, 9.39508345390172E-7
0.016, 1.18471093257018E-6
0.019, 1.42766690295971E-6
0.022, 1.66629136264409E-6
0.025, 1.90017042572119E-6
0.028, 2.13254117115667E-6
0.031, 2.36051129278601E-6
0.034, 2.58144591272127E-6
0.037, 2.80350019299182E-6
0.04, 3.01900308789296E-6
0.043, 3.23265357854917E-6
0.046, 3.44149872485738E-6
0.0489999999999999, 3.64930771590756E-6
0.0519999999999999, 3.85278095817425E-6
0.0549999999999999, 4.05213312789391E-6
0.0579999999999999, 4.24999948489468E-6
0.0609999999999999, 4.44411996509079E-6
0.0639999999999999, 4.63480253876357E-6
0.0669999999999999, 4.82271846711339E-6
0.0699999999999999, 5.00578804419211E-6
0.0729999999999999, 5.18951092939544E-6
0.076, 5.36781424508244E-6
0.079, 5.54479272898763E-6
0.0819999999999999, 5.71504741215581E-6
0.0849999999999999, 5.88693180735328E-6
0.0879999999999999, 6.05219721922281E-6
0.0909999999999999, 6.21872019251432E-6
0.0939999999999999, 6.37728312554272E-6
0.0969999999999999, 6.53357659166218E-6
0.1, 6.6869725013763E-6
0.103, 6.83911395153066E-6
0.106, 6.98894784905021E-6
0.109, 7.13094016254013E-6
0.112, 7.26949250840274E-6
0.115, 7.40933756023963E-6
0.118, 7.54402784039297E-6
0.121, 7.67784048704143E-6
0.124, 7.80596551039162E-6
0.127, 7.93238431113795E-6
0.13, 8.05425633716751E-6
0.133, 8.17326984200881E-6
0.136, 8.28890130322087E-6
0.139, 8.40176189660753E-6
0.142, 8.51509232203284E-6
0.145, 8.61903258026232E-6
0.148, 8.72259007172209E-6
0.151, 8.82464244127544E-6
0.154, 8.92465430993597E-6
0.157, 9.01678229579689E-6
0.16, 9.11057989448934E-6
0.163, 9.20129446971506E-6
0.166, 9.28786836022124E-6
0.169, 9.3703884890445E-6
0.172, 9.45411588143755E-6
0.175, 9.53151219236771E-6
0.178, 9.60919519102718E-6
0.181, 9.68275080142562E-6
0.184, 9.75463880149066E-6
0.187, 9.82595572971613E-6
0.19, 9.89048140864796E-6
0.193, 9.95568770071565E-6
0.196, 1.00202790300729E-5
0.199, 1.00797543605045E-5
0.202, 1.01401438203436E-5
0.205, 1.01956082384323E-5
0.208, 1.02504326458795E-5

0.439340213537503, 1.20321867940407E-5

-0.131, -7.96002351717321E-6
-0.128, -7.84814411020975E-6
-0.125, -7.72609461620234E-6
-0.122, -7.60340966091438E-6
-0.119, -7.48009797417619E-6
-0.116, -7.35161055294901E-6
-0.113, -7.22349150200293E-6
-0.11, -7.08898464688442E-6
-0.107, -6.94909217494757E-6
-0.104, -6.81123436612473E-6
-0.101, -6.66834421492862E-6
-0.098, -6.51979154360428E-6
-0.095, -6.37230513032086E-6
-0.0920000000000001, -6.22198062908038E-6
-0.0890000000000001, -6.06569635689654E-6
-0.0860000000000001, -5.90804537535281E-6
-0.0830000000000001, -5.74503847480626E-6
-0.0800000000000001, -5.5808674043618E-6
-0.0770000000000001, -5.41485852453971E-6
-0.0740000000000001, -5.24512981453432E-6
-0.0710000000000001, -5.07254445367088E-6
-0.0680000000000001, -4.89835699419584E-6
-0.0650000000000001, -4.71951353732546E-6
-0.0620000000000001, -4.53762794631363E-6
-0.0590000000000001, -4.35618640773699E-6
-0.0560000000000001, -4.17114005515018E-6
-0.053, -3.98347290609373E-6
-0.0500000000000001, -3.79353135431286E-6
-0.047, -3.59774502953124E-6
-0.044, -3.4040830009887E-6
-0.0410000000000001, -3.20377205183916E-6
-0.0380000000000001, -3.00064125804731E-6
-0.0350000000000001, -2.7973480301334E-6
-0.0320000000000001, -2.59028939921812E-6
-0.0290000000000001, -2.38192443230917E-6
-0.0260000000000001, -2.16804193546838E-6
-0.0230000000000001, -1.95222492796998E-6
-0.0200000000000001, -1.73088625732691E-6
-0.0170000000000001, -1.51038020501144E-6
-0.0140000000000001, -1.28254270356134E-6
-0.0110000000000001, -1.05167181654331E-6
-0.00800000000000006, -8.18057332393729E-7
-0.00500000000000006, -5.73171674350564E-7
-0.00200000000000006, -3.28473758837807E-7
0.000999999999999945, -7.90270618907038E-8
0.00399999999999995, 1.79983260740108E-7
0.00699999999999995, 4.31053957297432E-7
0.00999999999999995, 6.85645133995999E-7
0.013, 9.34931624926756E-7
0.016, 1.18316683984313E-6
0.019, 1.42607405239275E-6
0.022, 1.66325530650257E-6
0.025, 1.90032075476409E-6
0.028, 2.12953742340606E-6
0.031, 2.35961956513796E-6
0.034, 2.57955854992536E-6
0.037, 2.79981865505836E-6
0.04, 3.01762652653606E-6
0.043, 3.22877617279873E-6
0.0459999999999999, 3.44043591009592E-6
0.0489999999999999, 3.64694384297221E-6
0.0519999999999999, 3.84830201642905E-6
0.0549999999999999, 4.04881327994146E-6
0.0579999999999999, 4.24903021669719E-6
0.0609999999999999, 4.44098052236657E-6
0.0639999999999999, 4.62896974218066E-6
0.0669999999999999, 4.81893144065731E-6
0.0699999999999999, 5.00566565791444E-6
0.0729999999999999, 5.18573790320691E-6
0.076, 5.36592599573966E-6
0.0789999999999999, 5.54103572289761E-6
0.0819999999999999, 5.71168826707662E-6
0.0849999999999999, 5.88479097233322E-6
0.0879999999999999, 6.0487870057545E-6
0.0909999999999999, 6.21396682396481E-6
0.0939999999999999, 6.37418840263774E-6
0.0969999999999999, 6.53292994075098E-6
0.1, 6.68384849369217E-6
0.103, 6.8344826665559E-6
0.106, 6.98603769799066E-6
0.109, 7.12685329916471E-6
0.112, 7.27177709522011E-6
0.115, 7.40792009264135E-6
0.118, 7.54304453555617E-6
0.121, 7.67753559583672E-6
0.124, 7.8063088265314E-6
0.127, 7.93142539121799E-6
0.13, 8.0535432526075E-6
0.133, 8.17256860292496E-6
0.136, 8.28603030274475E-6
0.139, 8.40042829797811E-6
0.142, 8.51357737495987E-6
0.145, 8.62135662915825E-6
0.148, 8.72531929075913E-6
0.151, 8.82733340849172E-6
0.154, 8.92531838292401E-6
0.157, 9.01864974778764E-6
0.16, 9.11087047111648E-6
0.163, 9.20185771933447E-6
0.166, 9.2893471454067E-6
0.169, 9.37260882808983E-6
0.172, 9.45582362127904E-6
0.175, 9.53218004383545E-6
0.178, 9.61024545270831E-6
0.181, 9.68593814955846E-6
0.184, 9.75616223998656E-6
0.187, 9.82372913570779E-6
0.19, 9.8938271982604E-6
0.193, 9.9564429597159E-6
0.196, 1.00174876952533E-5
0.199, 1.00786173239348E-5
0.202, 1.01391229565034E-5
0.205, 1.01937084914132E-5
0.208, 1.02510614046888E-5
0.211, 1.03035249320581E-5

0.439344140572763, 1.2031110992547E-5

-0.134, -8.07785309460243E-6
-0.131, -7.96752960598518E-6
-0.128, -7.8539893916285E-6
-0.125, -7.73498956132224E-6
-0.122, -7.61140309861487E-6
-0.119, -7.48802253476015E-6
-0.116, -7.35663592813021E-6
-0.113, -7.22677615893034E-6
-0.11, -7.093118181421E-6
-0.107, -6.95369723377038E-6
-0.104, -6.81602114644815E-6
-0.101, -6.67239903227282E-6
-0.098, -6.52551136235683E-6
-0.0950000000000001, -6.37732246717967E-6
-0.0920000000000001, -6.22507041750643E-6
-0.0890000000000001, -6.07117252336535E-6
-0.0860000000000001, -5.9110011706678E-6
-0.0830000000000001, -5.7482061782008E-6
-0.0800000000000001, -5.58598667409086E-6
-0.0770000000000001, -5.41710011228718E-6
-0.0740000000000001, -5.24982971628746E-6
-0.0710000000000001, -5.07564125652088E-6
-0.0680000000000001, -4.90153688325113E-6
-0.0650000000000001, -4.7232239693079E-6
-0.0620000000000001, -4.54179665392845E-6
-0.0590000000000001, -4.36172933380454E-6
-0.0560000000000001, -4.17194596763882E-6
-0.053, -3.98740919305913E-6
-0.0500000000000001, -3.79623060980672E-6
-0.047, -3.60212238339947E-6
-0.0440000000000001, -3.40541080913036E-6
-0.0410000000000001, -3.20435295937608E-6
-0.0380000000000001, -3.00466339617407E-6
-0.0350000000000001, -2.80040443274059E-6
-0.0320000000000001, -2.59472690915528E-6
-0.0290000000000001, -2.38426354013483E-6
-0.0260000000000001, -2.17246611628955E-6
-0.0230000000000001, -1.95548994240604E-6
-0.0200000000000001, -1.73616368637092E-6
-0.0170000000000001, -1.51139886048543E-6
-0.0140000000000001, -1.28435437333662E-6
-0.0110000000000001, -1.05427370362723E-6
-0.00800000000000006, -8.17132542302918E-7
-0.00500000000000006, -5.76239065606617E-7
-0.00200000000000006, -3.30855005590987E-7
0.000999999999999945, -7.86728916084028E-8
0.00399999999999995, 1.73715204484543E-7
0.00699999999999995, 4.31449355340898E-7
0.00999999999999995, 6.84109776143942E-7
0.013, 9.34123779425458E-7
0.016, 1.18098411478704E-6
0.019, 1.42349181707815E-6
0.022, 1.66102781994224E-6
0.025, 1.89623648911391E-6
0.028, 2.13044778815545E-6
0.031, 2.3547717609583E-6
0.034, 2.58078036100779E-6
0.037, 2.79806750554914E-6
0.04, 3.01383328948753E-6
0.0429999999999999, 3.22846875595838E-6
0.0459999999999999, 3.43659943363671E-6
0.0489999999999999, 3.64327121469352E-6
0.0519999999999999, 3.84796100860528E-6
0.0549999999999999, 4.04734082951558E-6
0.0579999999999999, 4.24614691460414E-6
0.0609999999999999, 4.43800393060353E-6
0.0639999999999999, 4.62964096279767E-6
0.0669999999999999, 4.81991319614426E-6
0.0699999999999999, 5.00368653690586E-6
0.0729999999999999, 5.1831433363829E-6
0.0759999999999999, 5.36253502571794E-6
0.0789999999999999, 5.53647933421552E-6
0.0819999999999999, 5.70922261487554E-6
0.0849999999999999, 5.88027307487121E-6
0.0879999999999999, 6.04784418277573E-6
0.0909999999999999, 6.21176421254224E-6
0.0939999999999999, 6.37225977831197E-6
0.0969999999999999, 6.52784065115456E-6
0.1, 6.68253750800948E-6
0.103, 6.83367694653423E-6
0.106, 6.98123863570602E-6
0.109, 7.12767301110426E-6
0.112, 7.26926101818733E-6
0.115, 7.40560998676146E-6
0.118, 7.53917738899857E-6
0.121, 7.674770699208E-6
0.124, 7.80429161862484E-6
0.127, 7.93011833682147E-6
0.13, 8.05251316568576E-6
0.133, 8.1685713576485E-6
0.136, 8.28786276268943E-6
0.139, 8.40191177912719E-6
0.142, 8.51311520674788E-6
0.145, 8.61679754732164E-6
0.148, 8.72353470738512E-6
0.151, 8.82513554469928E-6
0.154, 8.923906719023E-6
0.157, 9.01677367060029E-6
0.16, 9.11251115881987E-6
0.163, 9.20290225199527E-6
0.166, 9.28918371578806E-6
0.169, 9.37247357583943E-6
0.172, 9.45282802381777E-6
0.175, 9.5318047009069E-6
0.178, 9.60936506998158E-6
0.181, 9.68143026746894E-6
0.184, 9.75692871006623E-6
0.187, 9.82668630801914E-6
0.19, 9.89194242022835E-6
0.193, 9.95586049910294E-6
0.196, 1.00188394722842E-5
0.199, 1.00821671879994E-5
0.202, 1.01393426426804E-5
0.205, 1.01959656682206E-5
0.208, 1.02499315753572E-5
0.211, 1.0302112099843E-5
0.214, 1.03559210772565E-5

0.439338273273006, 1.20273284633056E-5

-0.137, -8.19529068530825E-6
-0.134, -8.08528495498456E-6
-0.131, -7.97403416727794E-6
-0.128, -7.85594499228449E-6
-0.125, -7.7413750071462E-6
-0.122, -7.61666930231944E-6
-0.119, -7.48967261623211E-6
-0.116, -7.36158187935165E-6
-0.113, -7.23179703438854E-6
-0.11, -7.09490503384285E-6
-0.107, -6.96043725248045E-6
-0.104, -6.81750508294143E-6
-0.101, -6.67660856278209E-6
-0.0980000000000001, -6.52873511118756E-6
-0.0950000000000001, -6.38035450131959E-6
-0.0920000000000001, -6.22521586549052E-6
-0.0890000000000001, -6.07026195279599E-6
-0.0860000000000001, -5.91574134000569E-6
-0.0830000000000001, -5.75211039579031E-6
-0.0800000000000001, -5.59052273140563E-6
-0.0770000000000001, -5.4213323209905E-6
-0.0740000000000001, -5.25075700237077E-6
-0.0710000000000001, -5.07827217248969E-6
-0.0680000000000001, -4.90329471566363E-6
-0.0650000000000001, -4.72729454244267E-6
-0.0620000000000001, -4.54594153881067E-6
-0.0590000000000001, -4.36277458379462E-6
-0.0560000000000001, -4.17685161768063E-6
-0.053, -3.9871441201408E-6
-0.0500000000000001, -3.79753707488831E-6
-0.0470000000000001, -3.60506923714056E-6
-0.0440000000000001, -3.40885054171281E-6
-0.0410000000000001, -3.21001529432387E-6
-0.0380000000000001, -3.00812550613692E-6
-0.0350000000000001, -2.80076404555725E-6
-0.0320000000000001, -2.5967163331057E-6
-0.0290000000000001, -2.38746190789085E-6
-0.0260000000000001, -2.17335731072006E-6
-0.0230000000000001, -1.95808233988271E-6
-0.0200000000000001, -1.73731395140567E-6
-0.0170000000000001, -1.51204039818206E-6
-0.0140000000000001, -1.28602280430176E-6
-0.0110000000000001, -1.05598647730834E-6
-0.00800000000000006, -8.21224574089955E-7
-0.00500000000000006, -5.80449947097057E-7
-0.00200000000000006, -3.33654672182671E-7
0.000999999999999945, -8.46371476514855E-8
0.00399999999999995, 1.74287250061352E-7
0.00699999999999995, 4.29057162370424E-7
0.00999999999999995, 6.81763660682931E-7
0.013, 9.30568709239849E-7
0.016, 1.17883358953078E-6
0.019, 1.4205976865558E-6
0.022, 1.65861849816308E-6
0.025, 1.89699314801385E-6
0.028, 2.12354336530314E-6
0.031, 2.35144284976465E-6
0.034, 2.57878721692988E-6
0.037, 2.79670727147688E-6
0.0399999999999999, 3.01299790869066E-6
0.0429999999999999, 3.22519832777518E-6
0.0459999999999999, 3.43462409039243E-6
0.0489999999999999, 3.64105634288578E-6
0.0519999999999999, 3.84538193502825E-6
0.0549999999999999, 4.045848546511E-6
0.0579999999999999, 4.24217602629293E-6
0.0609999999999999, 4.43794285083427E-6
0.0639999999999999, 4.62681891442646E-6
0.0669999999999999, 4.81352060043485E-6
0.0699999999999999, 4.99982665049128E-6
0.0729999999999999, 5.18148452018718E-6
0.0759999999999999, 5.36085087320701E-6
0.0789999999999999, 5.53714959157233E-6
0.0819999999999999, 5.70694454712863E-6
0.0849999999999999, 5.87984810101697E-6
0.0879999999999999, 6.04667875436798E-6
0.0909999999999999, 6.21041511676439E-6
0.0939999999999999, 6.36991210938063E-6
0.0969999999999999, 6.53023165588346E-6
0.1, 6.68163103000836E-6
0.103, 6.83343391850077E-6
0.106, 6.97953343494174E-6
0.109, 7.12352466523957E-6
0.112, 7.26632092386279E-6
0.115, 7.4081641758908E-6
0.118, 7.54218781154488E-6
0.121, 7.67366899169233E-6
0.124, 7.80347867665475E-6
0.127, 7.9290704784635E-6
0.13, 8.05289521414029E-6
0.133, 8.17152026766915E-6
0.136, 8.28843763534107E-6
0.139, 8.40301669177136E-6
0.142, 8.50992884121277E-6
0.145, 8.6201102796684E-6
0.148, 8.72263912657503E-6
0.151, 8.82590096969193E-6
0.154, 8.92232444144549E-6
0.157, 9.01928146302539E-6
0.16, 9.11160306505046E-6
0.163, 9.19987123297706E-6
0.166, 9.2887810082653E-6
0.169, 9.37421979518156E-6
0.172, 9.45473173357173E-6
0.175, 9.53275771980041E-6
0.178, 9.60846277391645E-6
0.181, 9.6826610213263E-6
0.184, 9.75484108604541E-6
0.187, 9.82380092066598E-6
0.19, 9.89504027561231E-6
0.193, 9.95681928117432E-6
0.196, 1.00205009210018E-5
0.199, 1.00822892458085E-5
0.202, 1.01364599132246E-5
0.205, 1.01955288781175E-5
0.208, 1.02514109952797E-5
0.211, 1.03030648574063E-5
0.214, 1.03561303541715E-5
0.217, 1.04033289056784E-5

0.439341092392523, 1.20311895596249E-5

-0.14, -8.3065375736292E-6
-0.137, -8.20266952722765E-6
-0.134, -8.09133875948388E-6
-0.131, -7.97869501862052E-6
-0.128, -7.86261586235117E-6
-0.125, -7.7464375376796E-6
-0.122, -7.6226778276502E-6
-0.119, -7.49521558508941E-6
-0.116, -7.36740804840902E-6
-0.113, -7.2368102036022E-6
-0.11, -7.09960596395294E-6
-0.107, -6.9647416104707E-6
-0.104, -6.8228369534632E-6
-0.101, -6.6786871461487E-6
-0.0980000000000001, -6.53336119013809E-6
-0.0950000000000001, -6.38641228955518E-6
-0.0920000000000001, -6.23255304682272E-6
-0.0890000000000001, -6.07284869809388E-6
-0.0860000000000001, -5.91989844083266E-6
-0.0830000000000001, -5.75689222235639E-6
-0.0800000000000001, -5.59130444517384E-6
-0.0770000000000001, -5.42521681635493E-6
-0.0740000000000001, -5.25542804056399E-6
-0.0710000000000001, -5.08121261252918E-6
-0.0680000000000001, -4.90768257875613E-6
-0.0650000000000001, -4.73178261267251E-6
-0.0620000000000001, -4.55032806484955E-6
-0.0590000000000001, -4.36731372234548E-6
-0.0560000000000001, -4.18230738336309E-6
-0.053, -3.99128836975572E-6
-0.0500000000000001, -3.80020560168145E-6
-0.0470000000000001, -3.60646050052202E-6
-0.0440000000000001, -3.41131316239308E-6
-0.0410000000000001, -3.21367727816988E-6
-0.0380000000000001, -3.0111281914291E-6
-0.0350000000000001, -2.80379251710611E-6
-0.0320000000000001, -2.59869220223388E-6
-0.0290000000000001, -2.3896239193006E-6
-0.0260000000000001, -2.1787091737619E-6
-0.0230000000000001, -1.96035662893138E-6
-0.0200000000000001, -1.73945119922895E-6
-0.0170000000000001, -1.51540055997325E-6
-0.0140000000000001, -1.28942110308685E-6
-0.0110000000000001, -1.05588284281483E-6
-0.00800000000000006, -8.22497214182934E-7
-0.00500000000000006, -5.81372256632505E-7
-0.00200000000000006, -3.3397560642577E-7
0.000999999999999945, -8.6276291445993E-8
0.00399999999999995, 1.72964322075056E-7
0.00699999999999995, 4.27545365835467E-7
0.00999999999999995, 6.81870639155968E-7
0.013, 9.28854484649299E-7
0.016, 1.17254085096064E-6
0.019, 1.41900567667018E-6
0.022, 1.65699184606069E-6
0.025, 1.89379294205397E-6
0.028, 2.12470371817535E-6
0.031, 2.34985066400045E-6
0.034, 2.57298531280182E-6
0.0369999999999999, 2.79424757945247E-6
0.0399999999999999, 3.01022765797528E-6
0.0429999999999999, 3.22489542765488E-6
0.0459999999999999, 3.4324318975806E-6
0.0489999999999999, 3.64002140574895E-6
0.0519999999999999, 3.84275842460224E-6
0.0549999999999999, 4.04374664168795E-6
0.0579999999999999, 4.23963749172619E-6
0.0609999999999999, 4.43491078641846E-6
0.0639999999999999, 4.6281163792905E-6
0.0669999999999999, 4.81095950594355E-6
0.0699999999999999, 4.99563021418396E-6
0.0729999999999999, 5.17715254617012E-6
0.0759999999999999, 5.35744757029818E-6
0.0789999999999999, 5.53567608682262E-6
0.0819999999999999, 5.70726204243426E-6
0.0849999999999999, 5.87673627418963E-6
0.0879999999999999, 6.04192856394139E-6
0.0909999999999999, 6.20411866871213E-6
0.0939999999999999, 6.36936633813208E-6
0.0969999999999999, 6.52736695184639E-6
0.0999999999999999, 6.67957712652394E-6
0.103, 6.82942303306061E-6
0.106, 6.9772865224659E-6
0.109, 7.12375652751261E-6
0.112, 7.26743248347178E-6
0.115, 7.40425456297494E-6
0.118, 7.53457506939739E-6
0.121, 7.67090233679335E-6
0.124, 7.80203322645564E-6
0.127, 7.92640972825976E-6
0.13, 8.04750197458865E-6
0.133, 8.16892848267731E-6
0.136, 8.28395483305915E-6
0.139, 8.39844551246025E-6
0.142, 8.51185380951145E-6
0.145, 8.61628584816016E-6
0.148, 8.72340052278649E-6
0.151, 8.82561064106173E-6
0.154, 8.92393985886294E-6
0.157, 9.01693307769814E-6
0.16, 9.11442507813732E-6
0.163, 9.20134628354784E-6
0.166, 9.2870407767473E-6
0.169, 9.36972137046977E-6
0.172, 9.45318717753706E-6
0.175, 9.53183934641229E-6
0.178, 9.61169849299854E-6
0.181, 9.6824537850818E-6
0.184, 9.75610034172379E-6
0.187, 9.82365550724639E-6
0.19, 9.88930947471574E-6
0.193, 9.95826814650312E-6
0.196, 1.00188431571127E-5
0.199, 1.00791646768134E-5
0.202, 1.01369098326922E-5
0.205, 1.01957738892836E-5
0.208, 1.02507390593441E-5
0.211, 1.03040109446195E-5
0.214, 1.03552941718863E-5
0.217, 1.04047769532339E-5
0.22, 1.04525350643491E-5

0.439348618309291, 1.20281741184099E-5

-0.143, -8.41647674388175E-6
-0.14, -8.31492174551495E-6
-0.137, -8.20749790034174E-6
-0.134, -8.09928816141583E-6
-0.131, -7.98619485584561E-6
-0.128, -7.86823004774683E-6
-0.125, -7.74778333306982E-6
-0.122, -7.62633389965171E-6
-0.119, -7.50075740541432E-6
-0.116, -7.37432677757646E-6
-0.113, -7.2411540414512E-6
-0.11, -7.10715833977494E-6
-0.107, -6.96668799273033E-6
-0.104, -6.82829396370209E-6
-0.101, -6.68317688041837E-6
-0.0980000000000001, -6.53585367278141E-6
-0.0950000000000001, -6.3866826867248E-6
-0.0920000000000001, -6.23490097605735E-6
-0.0890000000000001, -6.07874549810228E-6
-0.0860000000000001, -5.9212655737616E-6
-0.0830000000000001, -5.76113553141706E-6
-0.0800000000000001, -5.59475773921784E-6
-0.0770000000000001, -5.42794282517277E-6
-0.0740000000000001, -5.25643844957099E-6
-0.0710000000000001, -5.0843013840253E-6
-0.0680000000000001, -4.9105498254571E-6
-0.0650000000000001, -4.73243815690199E-6
-0.0620000000000001, -4.55264413399635E-6
-0.0590000000000001, -4.37025586182689E-6
-0.0560000000000001, -4.18286583920292E-6
-0.0530000000000001, -3.99420319448433E-6
-0.0500000000000001, -3.8027037898568E-6
-0.0470000000000001, -3.61288857100306E-6
-0.0440000000000001, -3.41302505398505E-6
-0.0410000000000001, -3.21470572030896E-6
-0.0380000000000001, -3.01203829904835E-6
-0.0350000000000001, -2.80722208967248E-6
-0.0320000000000001, -2.60070269317258E-6
-0.0290000000000001, -2.39206702016283E-6
-0.0260000000000001, -2.18039459400308E-6
-0.0230000000000001, -1.96201553932593E-6
-0.0200000000000001, -1.74138487651243E-6
-0.0170000000000001, -1.51898220702381E-6
-0.0140000000000001, -1.28956881941355E-6
-0.0110000000000001, -1.05880203798262E-6
-0.00800000000000006, -8.23252542099142E-7
-0.00500000000000006, -5.83126823238596E-7
-0.00200000000000006, -3.38841000319519E-7
0.000999999999999945, -8.61265174101318E-8
0.00399999999999995, 1.70315397934118E-7
0.00699999999999995, 4.26596448477044E-7
0.00999999999999995, 6.78435384775906E-7
0.013, 9.27042966611985E-7
0.016, 1.17340953371221E-6
0.019, 1.41645899021047E-6
0.022, 1.65722615275255E-6
0.025, 1.89095342623178E-6
0.028, 2.12307858106532E-6
0.031, 2.35175534552262E-6
0.0339999999999999, 2.57088967630652E-6
0.0369999999999999, 2.79233199392818E-6
0.0399999999999999, 3.00698863997576E-6
0.0429999999999999, 3.21980462513887E-6
0.0459999999999999, 3.42831189202317E-6
0.0489999999999999, 3.63588529310747E-6
0.0519999999999999, 3.84133747923648E-6
0.0549999999999999, 4.0387568410123E-6
0.0579999999999999, 4.2378951569933E-6
0.0609999999999999, 4.43301183329398E-6
0.0639999999999999, 4.62099989301749E-6
0.0669999999999999, 4.80995949824514E-6
0.0699999999999999, 4.99327169470942E-6
0.0729999999999999, 5.17741945496512E-6
0.0759999999999999, 5.35687349012614E-6
0.0789999999999999, 5.53053134684548E-6
0.0819999999999999, 5.70382301525779E-6
0.0849999999999999, 5.87599162088632E-6
0.0879999999999999, 6.03776137310801E-6
0.0909999999999999, 6.2046626664288E-6
0.0939999999999999, 6.36393777830153E-6
0.0969999999999999, 6.52428478287406E-6
0.0999999999999999, 6.67808814974487E-6
0.103, 6.82839411297969E-6
0.106, 6.97329755560832E-6
0.109, 7.12046180181866E-6
0.112, 7.26370567544331E-6
0.115, 7.40079674439765E-6
0.118, 7.53718800716118E-6
0.121, 7.66691953675074E-6
0.124, 7.79747844294568E-6
0.127, 7.9246248229394E-6
0.13, 8.04703711819087E-6
0.133, 8.16718270194536E-6
0.136, 8.28433073013515E-6
0.139, 8.4014493998988E-6
0.142, 8.50401214984244E-6
0.145, 8.6146714246213E-6
0.148, 8.72130094141785E-6
0.151, 8.82144082859635E-6
0.154, 8.92240585361009E-6
0.157, 9.01646671917534E-6
0.16, 9.1080850729204E-6
0.163, 9.20008364087461E-6
0.166, 9.28634034162469E-6
0.169, 9.36965260116339E-6
0.172, 9.45269949034377E-6
0.175, 9.53340052275222E-6
0.178, 9.60849821893443E-6
0.181, 9.68232869256362E-6
0.184, 9.7526301049376E-6
0.187, 9.82318267882726E-6
0.19, 9.89173040115621E-6
0.193, 9.95464990603361E-6
0.196, 1.00193737200691E-5
0.199, 1.00794224287251E-5
0.202, 1.01380554842715E-5
0.205, 1.01948574475399E-5
0.208, 1.02494335627192E-5
0.211, 1.03053228600736E-5
0.214, 1.03536494312503E-5
0.217, 1.04049020964454E-5
0.22, 1.04514664926393E-5
0.223, 1.04967919454053E-5

0.439377978318743, 1.20320883254344E-5

-0.146, -8.52550644232688E-6
-0.143, -8.4219484522352E-6
-0.14, -8.32104126609828E-6
-0.137, -8.2140743782079E-6
-0.134, -8.1026408771223E-6
-0.131, -7.99176138134643E-6
-0.128, -7.8723918755455E-6
-0.125, -7.7521331180638E-6
-0.122, -7.63048843815006E-6
-0.119, -7.5063571512329E-6
-0.116, -7.37507299256784E-6
-0.113, -7.24339290829508E-6
-0.11, -7.11039203860926E-6
-0.107, -6.97238857686546E-6
-0.104, -6.83142265785542E-6
-0.101, -6.68779697693999E-6
-0.0980000000000001, -6.54009825665363E-6
-0.0950000000000001, -6.39100867021637E-6
-0.0920000000000001, -6.23827479637445E-6
-0.0890000000000001, -6.08331282338114E-6
-0.0860000000000001, -5.92501508897265E-6
-0.0830000000000001, -5.76273846569762E-6
-0.0800000000000001, -5.59787594168848E-6
-0.0770000000000001, -5.43018447363443E-6
-0.0740000000000001, -5.26084840981924E-6
-0.0710000000000001, -5.0914338885637E-6
-0.0680000000000001, -4.91336555772229E-6
-0.0650000000000001, -4.73701740599286E-6
-0.0620000000000001, -4.55425581384032E-6
-0.0590000000000001, -4.37106092959432E-6
-0.0560000000000001, -4.18545166136879E-6
-0.0530000000000001, -3.99794602595411E-6
-0.0500000000000001, -3.80792513840377E-6
-0.0470000000000001, -3.61471957023382E-6
-0.0440000000000001, -3.41574288296674E-6
-0.0410000000000001, -3.21740008337682E-6
-0.0380000000000001, -3.01682259656311E-6
-0.0350000000000001, -2.8107584759221E-6
-0.0320000000000001, -2.60634172956393E-6
-0.0290000000000001, -2.39286465939668E-6
-0.0260000000000001, -2.18137246065959E-6
-0.0230000000000001, -1.96334359232744E-6
-0.0200000000000001, -1.74397319444192E-6
-0.0170000000000001, -1.52212829732472E-6
-0.0140000000000001, -1.29212078740361E-6
-0.0110000000000001, -1.05920001385204E-6
-0.00800000000000006, -8.2481996079242E-7
-0.00500000000000006, -5.86544748413377E-7
-0.00200000000000006, -3.40524020833633E-7
0.000999999999999945, -8.69377551920967E-8
0.00399999999999995, 1.67145663315433E-7
0.00699999999999995, 4.24189055991554E-7
0.00999999999999995, 6.76276248572624E-7
0.013, 9.27880774956696E-7
0.016, 1.1720401033701E-6
0.019, 1.41499191073969E-6
0.022, 1.65398001992709E-6
0.025, 1.88731038744065E-6
0.028, 2.11897170444323E-6
0.0309999999999999, 2.34686332895061E-6
0.0339999999999999, 2.56929272916216E-6
0.0369999999999999, 2.78804610877802E-6
0.0399999999999999, 3.00690388644555E-6
0.0429999999999999, 3.21785566944857E-6
0.0459999999999999, 3.42782761086351E-6
0.0489999999999999, 3.63651701462269E-6
0.0519999999999999, 3.83853185584217E-6
0.0549999999999999, 4.03862467689126E-6
0.0579999999999999, 4.23548018439866E-6
0.0609999999999999, 4.42907919191248E-6
0.0639999999999999, 4.61953396436647E-6
0.0669999999999999, 4.80879977380199E-6
0.0699999999999999, 4.99252096591322E-6
0.0729999999999999, 5.17320709284081E-6
0.0759999999999999, 5.35027775554826E-6
0.0789999999999999, 5.52946977561497E-6
0.0819999999999999, 5.70308424931133E-6
0.0849999999999999, 5.8725882877057E-6
0.0879999999999999, 6.03836632172325E-6
0.0909999999999999, 6.20130212016398E-6
0.0939999999999999, 6.36321820693322E-6
0.0969999999999999, 6.51916825130436E-6
0.0999999999999999, 6.67446284003121E-6
0.103, 6.82656920964637E-6
0.106, 6.97491380946799E-6
0.109, 7.11719922270678E-6
0.112, 7.26106939092711E-6
0.115, 7.39854956501009E-6
0.118, 7.53625359837727E-6
0.121, 7.66776374635422E-6
0.124, 7.79778529117529E-6
0.127, 7.92277334182301E-6
0.13, 8.04671342356306E-6
0.133, 8.16440998147698E-6
0.136, 8.28234481826163E-6
0.139, 8.39709645377054E-6
0.142, 8.50939446573731E-6
0.145, 8.61539215200831E-6
0.148, 8.71916138332571E-6
0.151, 8.82359732433142E-6
0.154, 8.92057028028812E-6
0.157, 9.01863494464886E-6
0.16, 9.1114543853705E-6
0.163, 9.20025367074493E-6
0.166, 9.28364719711126E-6
0.169, 9.36855107075298E-6
0.172, 9.45146846441806E-6
0.175, 9.53331201318095E-6
0.178, 9.61036372819528E-6
0.181, 9.68300801611638E-6
0.184, 9.75448646870781E-6
0.187, 9.82314082428373E-6
0.19, 9.88843103082171E-6
0.193, 9.95636208597419E-6
0.196, 1.00195854477582E-5
0.199, 1.00800974739546E-5
0.202, 1.01398128366371E-5
0.205, 1.01937805760221E-5
0.208, 1.02493484587009E-5
0.211, 1.03033498423906E-5
0.214, 1.03550621951576E-5
0.217, 1.04054207391559E-5
0.22, 1.04533212350841E-5
0.223, 1.05010800477698E-5
0.226, 1.05424937047985E-5

0.439342183125276, 1.20293360799341E-5

-0.149, -8.62899525058317E-6
-0.146, -8.53267493026298E-6
-0.143, -8.43186296301861E-6
-0.14, -8.3263705840401E-6
-0.137, -8.21999893880901E-6
-0.134, -8.11054473355628E-6
-0.131, -7.99447361889336E-6
-0.128, -7.87782553020961E-6
-0.125, -7.7597517121883E-6
-0.122, -7.63649486523697E-6
-0.119, -7.50905842704173E-6
-0.116, -7.38033081001006E-6
-0.113, -7.24898773230831E-6
-0.11, -7.11394472440982E-6
-0.107, -6.97737985537909E-6
-0.104, -6.8348246447298E-6
-0.101, -6.6905632504664E-6
-0.098, -6.54195873193561E-6
-0.095, -6.39425879068445E-6
-0.092, -6.2407891531948E-6
-0.089, -6.08606406150054E-6
-0.086, -5.92744978248426E-6
-0.083, -5.76583015156002E-6
-0.08, -5.60232866796066E-6
-0.077, -5.43220519902229E-6
-0.074, -5.26370978482295E-6
-0.071, -5.09246950860517E-6
-0.068, -4.91778671433379E-6
-0.065, -4.73818988344571E-6
-0.062, -4.55575830360743E-6
-0.0590000000000001, -4.3735313453348E-6
-0.0560000000000001, -4.18734321946884E-6
-0.053, -3.99989568813279E-6
-0.0500000000000001, -3.80944638516394E-6
-0.047, -3.61705868565386E-6
-0.044, -3.42041372130138E-6
-0.041, -3.2195054414597E-6
-0.038, -3.01657848058852E-6
-0.035, -2.81366707405353E-6
-0.032, -2.60728599455193E-6
-0.029, -2.39648467145832E-6
-0.026, -2.18250811470153E-6
-0.023, -1.96620765977974E-6
-0.02, -1.74841546579315E-6
-0.017, -1.52197030023937E-6
-0.014, -1.29437624691274E-6
-0.011, -1.06581752358785E-6
-0.00800000000000001, -8.28224628193472E-7
-0.005, -5.84364890589921E-7
-0.002, -3.41999382938632E-7
0.001, -8.96813449223588E-8
0.004, 1.66372593589894E-7
0.00700000000000001, 4.22272689794821E-7
0.01, 6.74260824700683E-7
0.013, 9.250763583105E-7
0.016, 1.17109567303025E-6
0.019, 1.41158724494498E-6
0.022, 1.65107588424199E-6
0.025, 1.88723283597092E-6
0.028, 2.11785947159729E-6
0.031, 2.34571799955809E-6
0.034, 2.56963925480062E-6
0.037, 2.78853751601342E-6
0.04, 3.00459828200872E-6
0.043, 3.21339478728026E-6
0.046, 3.42481339233655E-6
0.049, 3.63370165305702E-6
0.052, 3.83626507757117E-6
0.055, 4.03677882192523E-6
0.058, 4.23368002179096E-6
0.061, 4.42771108837703E-6
0.064, 4.6188600062967E-6
0.067, 4.80355640471257E-6
0.07, 4.9908074671568E-6
0.073, 5.17193882284516E-6
0.076, 5.3523974444148E-6
0.079, 5.52731743600798E-6
0.082, 5.69819222977509E-6
0.085, 5.8696959076377E-6
0.088, 6.0362168824151E-6
0.091, 6.20243973304481E-6
0.094, 6.35940554131186E-6
0.097, 6.51903499575104E-6
0.1, 6.67335926331812E-6
0.103, 6.82021616795626E-6
0.106, 6.97347681848576E-6
0.109, 7.11675782798974E-6
0.112, 7.26355650452315E-6
0.115, 7.39968177287303E-6
0.118, 7.53463159270619E-6
0.121, 7.66703173526101E-6
0.124, 7.79755037379739E-6
0.127, 7.92305906652789E-6
0.13, 8.04788040244523E-6
0.133, 8.16534623087713E-6
0.136, 8.28420630298983E-6
0.139, 8.39487554701087E-6
0.142, 8.50786097156249E-6
0.145, 8.61573737374274E-6
0.148, 8.7200661326053E-6
0.151, 8.8228080003697E-6
0.154, 8.92052375010523E-6
0.157, 9.01536211173586E-6
0.16, 9.11023502551253E-6
0.163, 9.19997868005163E-6
0.166, 9.28777420113556E-6
0.169, 9.37292258286973E-6
0.172, 9.4559128014509E-6
0.175, 9.52968073685268E-6
0.178, 9.60820350413152E-6
0.181, 9.68558185123554E-6
0.184, 9.75476936313952E-6
0.187, 9.82392411667137E-6
0.19, 9.89346037890792E-6
0.193, 9.9552560990277E-6
0.196, 1.00192589171239E-5
0.199, 1.0082240877998E-5
0.202, 1.01381272886005E-5
0.205, 1.01949715411524E-5
0.208, 1.02485429281396E-5
0.211, 1.03033538467105E-5
0.214, 1.03556662126554E-5
0.217, 1.04032257952035E-5
0.22, 1.04528886784348E-5
0.223, 1.04987207253868E-5
0.226, 1.05432587785142E-5
0.229, 1.05884286617897E-5

0.439344952462735, 1.20303552140237E-5

-0.152, -8.73188945525704E-6
-0.149, -8.63500083278521E-6
-0.146, -8.54043953598474E-6
-0.143, -8.43657403891136E-6
-0.14, -8.33061757984129E-6
-0.137, -8.22284027820557E-6
-0.134, -8.11103303545897E-6
-0.131, -8.00092963290991E-6
-0.128, -7.88318679396998E-6
-0.125, -7.76389926910927E-6
-0.122, -7.63811593606093E-6
-0.119, -7.51378302074206E-6
-0.116, -7.38397980293433E-6
-0.113, -7.25160692796805E-6
-0.11, -7.11973628277269E-6
-0.107, -6.97990799571839E-6
-0.104, -6.83755483098281E-6
-0.101, -6.69510164232034E-6
-0.098, -6.54477004471532E-6
-0.095, -6.39745808087068E-6
-0.092, -6.24468253008175E-6
-0.089, -6.08975373498273E-6
-0.086, -5.93131224107071E-6
-0.083, -5.76753330941142E-6
-0.08, -5.6021243495381E-6
-0.077, -5.43806860660685E-6
-0.074, -5.26591825505702E-6
-0.071, -5.0955512895486E-6
-0.068, -4.92065713858185E-6
-0.065, -4.74174684968372E-6
-0.0620000000000001, -4.55842676722329E-6
-0.0590000000000001, -4.37639313153256E-6
-0.0560000000000001, -4.19055183549812E-6
-0.053, -4.00445540441509E-6
-0.0500000000000001, -3.81288163127399E-6
-0.047, -3.61642843326309E-6
-0.044, -3.41993295731098E-6
-0.041, -3.22114312700015E-6
-0.038, -3.01972106494716E-6
-0.035, -2.81563909817311E-6
-0.032, -2.60991005357353E-6
-0.029, -2.3986097226929E-6
-0.026, -2.18531545307128E-6
-0.023, -1.96915530009741E-6
-0.02, -1.74874915066483E-6
-0.017, -1.52371097110951E-6
-0.014, -1.29920144479521E-6
-0.011, -1.06442026926244E-6
-0.00800000000000001, -8.2981819656889E-7
-0.005, -5.89332169303577E-7
-0.002, -3.44242018407859E-7
0.001, -9.25102208580959E-8
0.004, 1.64141924945883E-7
0.00700000000000001, 4.20380052096913E-7
0.01, 6.73214882515787E-7
0.013, 9.22640084843647E-7
0.016, 1.16905605809058E-6
0.019, 1.41066149673804E-6
0.022, 1.64846211994847E-6
0.025, 1.88398993620752E-6
0.028, 2.11836763919859E-6
0.031, 2.34316748869784E-6
0.034, 2.56607805761896E-6
0.037, 2.78500198962234E-6
0.04, 3.00116341948207E-6
0.043, 3.21494439558858E-6
0.046, 3.42500581268352E-6
0.049, 3.63268035708858E-6
0.052, 3.83355199527818E-6
0.055, 4.03428452928065E-6
0.058, 4.23092221749175E-6
0.061, 4.42470264779315E-6
0.064, 4.61838110195819E-6
0.067, 4.80503130247603E-6
0.07, 4.9892667590736E-6
0.073, 5.16874244312966E-6
0.076, 5.34873932417091E-6
0.079, 5.52484671793649E-6
0.082, 5.6990562386087E-6
0.085, 5.86980854235195E-6
0.088, 6.03723679130188E-6
0.091, 6.19912399316537E-6
0.094, 6.36120422549092E-6
0.097, 6.51800657449175E-6
0.1, 6.66876944827464E-6
0.103, 6.82500477327E-6
0.106, 6.97205932836765E-6
0.109, 7.1167040150298E-6
0.112, 7.25881848022588E-6
0.115, 7.39502811185644E-6
0.118, 7.52816498728154E-6
0.121, 7.66195918421511E-6
0.124, 7.79587626026381E-6
0.127, 7.92274808666306E-6
0.13, 8.04417245680728E-6
0.133, 8.16579789858225E-6
0.136, 8.28344012669532E-6
0.139, 8.39412325278066E-6
0.142, 8.50865528247501E-6
0.145, 8.61424960281512E-6
0.148, 8.71685329072401E-6
0.151, 8.82105986527655E-6
0.154, 8.91937047478819E-6
0.157, 9.01511145538307E-6
0.16, 9.11008190554177E-6
0.163, 9.20083740201597E-6
0.166, 9.28790050625026E-6
0.169, 9.36849176950995E-6
0.172, 9.45179732991462E-6
0.175, 9.53198753543079E-6
0.178, 9.6095108876195E-6
0.181, 9.68413902341215E-6
0.184, 9.75352074616158E-6
0.187, 9.82489662590456E-6
0.19, 9.89202912918249E-6
0.193, 9.95416803396743E-6
0.196, 1.00181087341497E-5
0.199, 1.00803068957436E-5
0.202, 1.0139501589363E-5
0.205, 1.01959556089938E-5
0.208, 1.02512875908282E-5
0.211, 1.03035852707098E-5
0.214, 1.03549817825206E-5
0.217, 1.04055994550342E-5
0.22, 1.04527627571182E-5
0.223, 1.04969218192921E-5
0.226, 1.0543799135391E-5
0.229, 1.05880548633193E-5
0.232, 1.06293021638252E-5

0.439344173324459, 1.20292217860161E-5

-0.155, -8.83048108477244E-6
-0.152, -8.73819625635887E-6
-0.149, -8.64119163637452E-6
-0.146, -8.54103243079554E-6
-0.143, -8.44039167292289E-6
-0.14, -8.33930411621876E-6
-0.137, -8.22865081297249E-6
-0.134, -8.11786562721054E-6
-0.131, -8.00136453781891E-6
-0.128, -7.88643895513417E-6
-0.125, -7.76689470362515E-6
-0.122, -7.64362320302693E-6
-0.119, -7.51731430824952E-6
-0.116, -7.38820678845442E-6
-0.113, -7.25758256583946E-6
-0.11, -7.12254871369231E-6
-0.107, -6.98298151981796E-6
-0.104, -6.84135951476896E-6
-0.101, -6.6962047119965E-6
-0.098, -6.55201910683237E-6
-0.095, -6.40008215284712E-6
-0.092, -6.24585977796227E-6
-0.089, -6.09306337240756E-6
-0.086, -5.93163395161125E-6
-0.083, -5.77063497742058E-6
-0.08, -5.60901544362769E-6
-0.077, -5.44228240747167E-6
-0.074, -5.26944820765665E-6
-0.071, -5.09565523678928E-6
-0.068, -4.92253755953926E-6
-0.0650000000000001, -4.74415947415886E-6
-0.0620000000000001, -4.56481119335717E-6
-0.0590000000000001, -4.3772820609075E-6
-0.0560000000000001, -4.19156420844997E-6
-0.053, -4.0056780129778E-6
-0.0500000000000001, -3.81162256860463E-6
-0.047, -3.62147416148543E-6
-0.044, -3.42523888486154E-6
-0.041, -3.22464975733614E-6
-0.038, -3.02327250917833E-6
-0.035, -2.81752922796008E-6
-0.032, -2.61067162442749E-6
-0.029, -2.39966075319791E-6
-0.026, -2.18834092627527E-6
-0.023, -1.97208811687029E-6
-0.02, -1.7496482556585E-6
-0.017, -1.52875830140473E-6
-0.014, -1.29725148009625E-6
-0.011, -1.06927508490033E-6
-0.00800000000000001, -8.35513009894865E-7
-0.005, -5.85446166484473E-7
-0.002, -3.44518866073264E-7
0.001, -9.26302274029399E-8
0.004, 1.63146082306168E-7
0.00700000000000001, 4.18932260067529E-7
0.01, 6.71532192024179E-7
0.013, 9.19403978048268E-7
0.016, 1.16668466254377E-6
0.019, 1.40873035093286E-6
0.022, 1.6507755395203E-6
0.025, 1.8840714673586E-6
0.028, 2.11561101634411E-6
0.031, 2.34097527176744E-6
0.034, 2.56358055285488E-6
0.037, 2.78460348060662E-6
0.04, 3.0014232053337E-6
0.043, 3.21139313935072E-6
0.046, 3.42085020407823E-6
0.049, 3.62892204770707E-6
0.052, 3.83025005241268E-6
0.055, 4.03217450516942E-6
0.058, 4.2308160624509E-6
0.061, 4.42365976828221E-6
0.064, 4.61290202621288E-6
0.067, 4.80090948782155E-6
0.07, 4.98590935016625E-6
0.073, 5.16619552081197E-6
0.076, 5.34533114421745E-6
0.079, 5.52332268567007E-6
0.082, 5.69472589271468E-6
0.085, 5.86443698068868E-6
0.088, 6.03153863459615E-6
0.091, 6.19563474416177E-6
0.094, 6.3565365648806E-6
0.097, 6.51655022444045E-6
0.1, 6.66726468902083E-6
0.103, 6.81948569304266E-6
0.106, 6.96977936693357E-6
0.109, 7.11341520356603E-6
0.112, 7.25627431533175E-6
0.115, 7.39558752124718E-6
0.118, 7.53117718292608E-6
0.121, 7.66295251081576E-6
0.124, 7.79409890154468E-6
0.127, 7.91910596872872E-6
0.13, 8.04446670983818E-6
0.133, 8.16075325842627E-6
0.136, 8.27924427207162E-6
0.139, 8.39874557794346E-6
0.142, 8.50132431851927E-6
0.145, 8.61291882342273E-6
0.148, 8.71646733658333E-6
0.151, 8.82239002040025E-6
0.154, 8.91944767702863E-6
0.157, 9.01408410002246E-6
0.16, 9.10500421270129E-6
0.163, 9.19749850545401E-6
0.166, 9.28599086613301E-6
0.169, 9.37279314645818E-6
0.172, 9.45404615947672E-6
0.175, 9.53028060393315E-6
0.178, 9.60763235777251E-6
0.181, 9.68150959189198E-6
0.184, 9.75361250517642E-6
0.187, 9.82293962843882E-6
0.19, 9.89082554641611E-6
0.193, 9.95694649079674E-6
0.196, 1.00174472157144E-5
0.199, 1.00803553540206E-5
0.202, 1.01365906471306E-5
0.205, 1.01952203139142E-5
0.208, 1.02492095691456E-5
0.211, 1.0302669918119E-5
0.214, 1.03533840627895E-5
0.217, 1.04028511487938E-5
0.22, 1.04497533413706E-5
0.223, 1.0498255493125E-5
0.226, 1.05418496260213E-5
0.229, 1.05878545126249E-5
0.232, 1.06274284814679E-5
0.235, 1.06693385385216E-5

0.439339283738751, 1.20283486364308E-5

-0.158, -8.92880845603356E-6
-0.155, -8.83538195904305E-6
-0.152, -8.74407661154675E-6
-0.149, -8.64841273967815E-6
-0.146, -8.54675643600304E-6
-0.143, -8.44407831231066E-6
-0.14, -8.3431748041643E-6
-0.137, -8.2327735093963E-6
-0.134, -8.12135526128279E-6
-0.131, -8.00951152244801E-6
-0.128, -7.89042007503134E-6
-0.125, -7.76922176163458E-6
-0.122, -7.64719428701689E-6
-0.119, -7.51967470780623E-6
-0.116, -7.39200027839941E-6
-0.113, -7.26093764635675E-6
-0.11, -7.12534677413106E-6
-0.107, -6.98458357295027E-6
-0.104, -6.84458684503617E-6
-0.101, -6.70081702440392E-6
-0.098, -6.55315549212768E-6
-0.095, -6.40460312850935E-6
-0.092, -6.24929052698111E-6
-0.089, -6.09346708169259E-6
-0.086, -5.93483047511395E-6
-0.083, -5.77397764461346E-6
-0.08, -5.60935306425376E-6
-0.077, -5.44133857030264E-6
-0.074, -5.27454742754937E-6
-0.071, -5.09934587080651E-6
-0.0680000000000001, -4.9239844016029E-6
-0.0650000000000001, -4.74401010620166E-6
-0.0620000000000001, -4.56258123760798E-6
-0.0590000000000001, -4.3807120665279E-6
-0.0560000000000001, -4.19686230001903E-6
-0.053, -4.007830967097E-6
-0.0500000000000001, -3.81312588273722E-6
-0.047, -3.62184512280853E-6
-0.044, -3.42505691007218E-6
-0.041, -3.2245265414681E-6
-0.038, -3.02394849546214E-6
-0.035, -2.81896374671776E-6
-0.032, -2.61158192162501E-6
-0.029, -2.40141690527494E-6
-0.026, -2.19055204932927E-6
-0.023, -1.97196067627572E-6
-0.02, -1.75301018921903E-6
-0.017, -1.52950932671277E-6
-0.014, -1.29708288010527E-6
-0.011, -1.06768504492234E-6
-0.00800000000000001, -8.30069716843693E-7
-0.005, -5.92453326873282E-7
-0.002, -3.45803099105733E-7
0.001, -9.73753572840935E-8
0.004, 1.61850429209172E-7
0.00700000000000001, 4.16740468275541E-7
0.01, 6.70278838096226E-7
0.013, 9.19682248476078E-7
0.016, 1.16425849789327E-6
0.019, 1.40829942184253E-6
0.022, 1.64484701729989E-6
0.025, 1.88180052855229E-6
0.028, 2.11276990359257E-6
0.031, 2.33940207214448E-6
0.034, 2.56302874313806E-6
0.037, 2.7797477191443E-6
0.04, 2.99820898697872E-6
0.043, 3.21128408155897E-6
0.046, 3.42121627832173E-6
0.049, 3.6278013232906E-6
0.052, 3.82986966353748E-6
0.055, 4.02893013499805E-6
0.058, 4.22687889129586E-6
0.061, 4.42176151352394E-6
0.064, 4.61172477217196E-6
0.067, 4.79835533912196E-6
0.07, 4.98377731528844E-6
0.073, 5.16351028040112E-6
0.076, 5.34608559588247E-6
0.079, 5.51934469399116E-6
0.082, 5.69358910798645E-6
0.085, 5.86344174799097E-6
0.088, 6.03017693173744E-6
0.091, 6.19359665455942E-6
0.094, 6.3529103429997E-6
0.097, 6.51014957920812E-6
0.1, 6.66658036108639E-6
0.103, 6.81938490625767E-6
0.106, 6.96595631322161E-6
0.109, 7.11189869947472E-6
0.112, 7.25025333172209E-6
0.115, 7.39121432995838E-6
0.118, 7.52940714116731E-6
0.121, 7.66116907287086E-6
0.124, 7.7905675057291E-6
0.127, 7.91827123704794E-6
0.13, 8.03947099529288E-6
0.133, 8.16129688231998E-6
0.136, 8.27712023433341E-6
0.139, 8.38954632584538E-6
0.142, 8.50222598753272E-6
0.145, 8.60970348621588E-6
0.148, 8.7166723867691E-6
0.151, 8.81816705803946E-6
0.154, 8.91768835102555E-6
0.157, 9.01458739199427E-6
0.16, 9.10762059940428E-6
0.163, 9.19724290375948E-6
0.166, 9.28481095113444E-6
0.169, 9.36858401361249E-6
0.172, 9.45121376735012E-6
0.175, 9.53173796257174E-6
0.178, 9.60815373880832E-6
0.181, 9.68258564382275E-6
0.184, 9.75463901911986E-6
0.187, 9.82195368024682E-6
0.19, 9.89055228382542E-6
0.193, 9.95748411656609E-6
0.196, 1.00187510403948E-5
0.199, 1.0079928863547E-5
0.202, 1.01376116351042E-5
0.205, 1.01923907433091E-5
0.208, 1.02504495142519E-5
0.211, 1.0302654469034E-5
0.214, 1.03560963294627E-5
0.217, 1.0405728686951E-5
0.22, 1.04517728578579E-5
0.223, 1.04992738507294E-5
0.226, 1.05414772236376E-5
0.229, 1.0586408369328E-5
0.232, 1.06291810304215E-5
0.235, 1.06697623924406E-5
0.238, 1.07064275507514E-5

0.439347061392324, 1.20291727515275E-5

-0.161, -9.01927652363675E-6
-0.158, -8.93298501438226E-6
-0.155, -8.84182881574349E-6
-0.152, -8.74884190765333E-6
-0.149, -8.65158363445293E-6
-0.146, -8.55233238985519E-6
-0.143, -8.44923731061473E-6
-0.14, -8.34446471119E-6
-0.137, -8.2362179184836E-6
-0.134, -8.12650268099386E-6
-0.131, -8.01075935080222E-6
-0.128, -7.89139778522618E-6
-0.125, -7.77444586551949E-6
-0.122, -7.64969254978762E-6
-0.119, -7.52461951780752E-6
-0.116, -7.39384776953071E-6
-0.113, -7.2631727399149E-6
-0.11, -7.12539890729826E-6
-0.107, -6.9865202927844E-6
-0.104, -6.84626977853099E-6
-0.101, -6.70454227706776E-6
-0.098, -6.55599949467243E-6
-0.095, -6.40686269400429E-6
-0.092, -6.25142325744004E-6
-0.089, -6.09598761982587E-6
-0.086, -5.93685116172558E-6
-0.083, -5.77744763102776E-6
-0.08, -5.61314881428568E-6
-0.077, -5.44270622914217E-6
-0.074, -5.2730908330464E-6
-0.0710000000000001, -5.10291644500818E-6
-0.0680000000000001, -4.92501318234591E-6
-0.0650000000000001, -4.74606827093469E-6
-0.0620000000000001, -4.56745202952522E-6
-0.0590000000000001, -4.3850283224169E-6
-0.0560000000000001, -4.19735018794905E-6
-0.053, -4.01166511310397E-6
-0.0500000000000001, -3.81967656481534E-6
-0.047, -3.62447994279374E-6
-0.044, -3.4275154396973E-6
-0.041, -3.22771650385732E-6
-0.038, -3.02700483041676E-6
-0.035, -2.82163158451048E-6
-0.032, -2.61233119889119E-6
-0.029, -2.40522930327566E-6
-0.026, -2.19116596353546E-6
-0.023, -1.97520287303346E-6
-0.02, -1.75519885428269E-6
-0.017, -1.53047528231124E-6
-0.014, -1.30080327412848E-6
-0.011, -1.07105729046939E-6
-0.00800000000000001, -8.334448739848E-7
-0.005, -5.94278358192121E-7
-0.002, -3.4912852641023E-7
0.001, -9.55217410482384E-8
0.004, 1.60652634050876E-7
0.00700000000000001, 4.17410949447621E-7
0.01, 6.69101210899244E-7
0.013, 9.16966625743027E-7
0.016, 1.16577601757769E-6
0.019, 1.40555137292007E-6
0.022, 1.6436161850923E-6
0.025, 1.88080441289153E-6
0.028, 2.11035659040286E-6
0.031, 2.33628955812649E-6
0.034, 2.55769123367591E-6
0.037, 2.7793994212267E-6
0.04, 2.99569939118609E-6
0.043, 3.20776011169642E-6
0.046, 3.41880685495081E-6
0.049, 3.62322877970128E-6
0.052, 3.82812746518306E-6
0.055, 4.02912380986343E-6
0.058, 4.22557259488604E-6
0.061, 4.41781429738706E-6
0.064, 4.60828089981925E-6
0.067, 4.79773354391526E-6
0.07, 4.98055486635141E-6
0.073, 5.16264793571728E-6
0.076, 5.3435960821749E-6
0.079, 5.51868472369906E-6
0.082, 5.69260405303658E-6
0.085, 5.86165035829109E-6
0.088, 6.02697380890786E-6
0.091, 6.19157115017867E-6
0.094, 6.3510702746539E-6
0.097, 6.51043184780857E-6
0.1, 6.66848672935417E-6
0.103, 6.81491375227514E-6
0.106, 6.96517566812615E-6
0.109, 7.10799987221186E-6
0.112, 7.25483548609646E-6
0.115, 7.38885665291546E-6
0.118, 7.52608131008537E-6
0.121, 7.65945191388034E-6
0.124, 7.78732758617977E-6
0.127, 7.91608335487062E-6
0.13, 8.04295368654447E-6
0.133, 8.15840824351197E-6
0.136, 8.27814496437155E-6
0.139, 8.38944283678213E-6
0.142, 8.49927225759824E-6
0.145, 8.60921314613102E-6
0.148, 8.71488756323971E-6
0.151, 8.81746222377773E-6
0.154, 8.91840765006052E-6
0.157, 9.01418650241759E-6
0.16, 9.10667734224648E-6
0.163, 9.19895457272094E-6
0.166, 9.28475027112914E-6
0.169, 9.37123036950509E-6
0.172, 9.44994583579272E-6
0.175, 9.53058676517736E-6
0.178, 9.61040793983871E-6
0.181, 9.68086525589631E-6
0.184, 9.7543769997779E-6
0.187, 9.8211718123841E-6
0.19, 9.89037298054718E-6
0.193, 9.95701705147095E-6
0.196, 1.0016532611158E-5
0.199, 1.00798300483024E-5
0.202, 1.01360444015036E-5
0.205, 1.01933405806725E-5
0.208, 1.02493170319799E-5
0.211, 1.03053074930741E-5
0.214, 1.03556048390801E-5
0.217, 1.04055823176447E-5
0.22, 1.04511219760046E-5
0.223, 1.05001852430101E-5
0.226, 1.05413941175574E-5
0.229, 1.05870356916366E-5
0.232, 1.06293504407352E-5
0.235, 1.06663735078764E-5
0.238, 1.07057989701884E-5
0.241, 1.0743093941192E-5

0.439352068114561, 1.20319574469095E-5

-0.164, -9.10982380227576E-6
-0.161, -9.02493831261368E-6
-0.158, -8.93608544884154E-6
-0.155, -8.84464460303308E-6
-0.152, -8.75063314710488E-6
-0.149, -8.65549478138858E-6
-0.146, -8.55729152006445E-6
-0.143, -8.45083671797498E-6
-0.14, -8.34936574994484E-6
-0.137, -8.23912824887678E-6
-0.134, -8.12822718821231E-6
-0.131, -8.01285112553406E-6
-0.128, -7.89888135899849E-6
-0.125, -7.77550051698623E-6
-0.122, -7.65312566822765E-6
-0.119, -7.52825641376227E-6
-0.116, -7.39668809804372E-6
-0.113, -7.26407915774118E-6
-0.11, -7.12748299683504E-6
-0.107, -6.99279842308013E-6
-0.104, -6.8513915874551E-6
-0.101, -6.70430793832441E-6
-0.098, -6.55899353732334E-6
-0.095, -6.40916382018187E-6
-0.092, -6.2554461272568E-6
-0.089, -6.10283699324331E-6
-0.086, -5.94143523352302E-6
-0.083, -5.77959734304198E-6
-0.08, -5.61263507784406E-6
-0.077, -5.44548419239959E-6
-0.0740000000000001, -5.27668822314174E-6
-0.0710000000000001, -5.1056861281642E-6
-0.0680000000000001, -4.92932634062604E-6
-0.0650000000000001, -4.7516250122044E-6
-0.0620000000000001, -4.56979730866771E-6
-0.0590000000000001, -4.38534256910638E-6
-0.0560000000000001, -4.20033262617574E-6
-0.053, -4.01062956613066E-6
-0.0500000000000001, -3.82118301927713E-6
-0.047, -3.62800568933665E-6
-0.044, -3.42745111881767E-6
-0.041, -3.2310174833089E-6
-0.038, -3.02772674696197E-6
-0.035, -2.82438556504356E-6
-0.032, -2.61884494233908E-6
-0.029, -2.40578886581599E-6
-0.026, -2.19304156794189E-6
-0.023, -1.97344350898809E-6
-0.02, -1.7556800257086E-6
-0.017, -1.53219531921026E-6
-0.014, -1.30274199320434E-6
-0.011, -1.07087968274164E-6
-0.00800000000000001, -8.3580340353651E-7
-0.005, -5.92698691008847E-7
-0.002, -3.4750242521433E-7
0.001, -9.66459923879367E-8
0.004, 1.59793033017072E-7
0.00700000000000001, 4.15210078033363E-7
0.01, 6.68663258229836E-7
0.013, 9.20394707949353E-7
0.016, 1.16168495889724E-6
0.019, 1.40289815350991E-6
0.022, 1.64368224037429E-6
0.025, 1.87586617857165E-6
0.028, 2.1076370488948E-6
0.031, 2.33611853462284E-6
0.034, 2.55743506207515E-6
0.037, 2.77738567614682E-6
0.04, 2.99390303077903E-6
0.043, 3.2066018452035E-6
0.046, 3.41828285798256E-6
0.049, 3.62244530146408E-6
0.052, 3.82749609413E-6
0.055, 4.02475119958514E-6
0.058, 4.22422861369028E-6
0.061, 4.41656791642832E-6
0.064, 4.60614140820203E-6
0.067, 4.79637369272922E-6
0.07, 4.97970758061536E-6
0.073, 5.16304089372444E-6
0.076, 5.34016053818742E-6
0.079, 5.51651147601424E-6
0.082, 5.69054257572631E-6
0.085, 5.86034014423359E-6
0.088, 6.02626698595772E-6
0.091, 6.19019119145471E-6
0.094, 6.35069523197215E-6
0.097, 6.51180365953793E-6
0.1, 6.66057885979994E-6
0.103, 6.81630139494146E-6
0.106, 6.9628270307892E-6
0.109, 7.10867977583293E-6
0.112, 7.24976062865558E-6
0.115, 7.38767079671958E-6
0.118, 7.52668015729629E-6
0.121, 7.65843763132763E-6
0.124, 7.78731120871951E-6
0.127, 7.91396729991331E-6
0.13, 8.03847672025617E-6
0.133, 8.15644625785627E-6
0.136, 8.27503091147584E-6
0.139, 8.38863948015776E-6
0.142, 8.50275174408593E-6
0.145, 8.61198533482438E-6
0.148, 8.71653381527016E-6
0.151, 8.81817969037334E-6
0.154, 8.91568817689826E-6
0.157, 9.0099106560019E-6
0.16, 9.10973260677244E-6
0.163, 9.19530772692414E-6
0.166, 9.28755584640254E-6
0.169, 9.36932919136117E-6
0.172, 9.44954597586169E-6
0.175, 9.53037330930634E-6
0.178, 9.60559438496071E-6
0.181, 9.6832587674811E-6
0.184, 9.75593006038681E-6
0.187, 9.8229442541882E-6
0.19, 9.89273883377121E-6
0.193, 9.95556992460099E-6
0.196, 1.00162506524634E-5
0.199, 1.00816285499556E-5
0.202, 1.01393817976613E-5
0.205, 1.01957171554864E-5
0.208, 1.02502805978783E-5
0.211, 1.03031777166541E-5
0.214, 1.03547546779083E-5
0.217, 1.04055763536368E-5
0.22, 1.04551741185751E-5
0.223, 1.04995847962119E-5
0.226, 1.05440084484759E-5
0.229, 1.05838635960559E-5
0.232, 1.06290158643099E-5
0.235, 1.06682871889656E-5
0.238, 1.0705947615399E-5
0.241, 1.0745209152307E-5
0.244, 1.07822141156556E-5

0.439356410208746, 1.20327992655746E-5

-0.167, -9.1975715079381E-6
-0.164, -9.11539696404692E-6
-0.161, -9.03055604554808E-6
-0.158, -8.94072771628041E-6
-0.155, -8.85116121896099E-6
-0.152, -8.75605745918935E-6
-0.149, -8.65674346064264E-6
-0.146, -8.55946544810829E-6
-0.143, -8.45703123456843E-6
-0.14, -8.35300100414007E-6
-0.137, -8.24405964153901E-6
-0.134, -8.1304121518809E-6
-0.131, -8.0173325576765E-6
-0.128, -7.89739850729451E-6
-0.125, -7.77787670649115E-6
-0.122, -7.65758692480919E-6
-0.119, -7.52944467512564E-6
-0.116, -7.40024074653231E-6
-0.113, -7.26910718106057E-6
-0.11, -7.12821431623459E-6
-0.107, -6.99616210451597E-6
-0.104, -6.85083287128429E-6
-0.101, -6.70740779754373E-6
-0.098, -6.56288665213654E-6
-0.095, -6.41271882723786E-6
-0.092, -6.25764603378537E-6
-0.089, -6.10182292216338E-6
-0.086, -5.94400531382412E-6
-0.083, -5.78203170764624E-6
-0.08, -5.61797408749476E-6
-0.0770000000000001, -5.450050960254E-6
-0.0740000000000001, -5.27982198936174E-6
-0.0710000000000001, -5.10537331398129E-6
-0.0680000000000001, -4.93078580477724E-6
-0.0650000000000001, -4.7523550549278E-6
-0.0620000000000001, -4.57346667718473E-6
-0.0590000000000001, -4.389021508546E-6
-0.0560000000000001, -4.19953466834453E-6
-0.053, -4.0142357114475E-6
-0.0500000000000001, -3.82244873926969E-6
-0.047, -3.62810733855465E-6
-0.044, -3.43292224200576E-6
-0.041, -3.23063502076444E-6
-0.038, -3.02986183120934E-6
-0.035, -2.82517161577335E-6
-0.032, -2.61576775988012E-6
-0.029, -2.40892129042351E-6
-0.026, -2.19661810309628E-6
-0.023, -1.97759904268977E-6
-0.02, -1.75676468936627E-6
-0.017, -1.5334790853684E-6
-0.014, -1.30420526888073E-6
-0.011, -1.07298834516722E-6
-0.00800000000000001, -8.39471559275174E-7
-0.005, -5.95561985143651E-7
-0.002, -3.48769790538182E-7
0.001, -9.73727578513394E-8
0.004, 1.58308808567563E-7
0.00700000000000001, 4.13869883300632E-7
0.00999999999999995, 6.63952991316553E-7
0.013, 9.14698511193354E-7
0.016, 1.16196682710367E-6
0.019, 1.40475839821206E-6
0.022, 1.64056539295818E-6
0.025, 1.87720963162877E-6
0.028, 2.10599631706161E-6
0.031, 2.33410030896601E-6
0.034, 2.55705430147241E-6
0.037, 2.77674750784361E-6
0.04, 2.99180801316481E-6
0.043, 3.20589980670326E-6
0.046, 3.41311898619378E-6
0.049, 3.6198161882845E-6
0.052, 3.82641632816467E-6
0.055, 4.02429616191013E-6
0.058, 4.22076655309139E-6
0.061, 4.4131469986729E-6
0.064, 4.60524398152679E-6
0.067, 4.79286442357826E-6
0.07, 4.97701421334975E-6
0.0729999999999999, 5.16124527698785E-6
0.076, 5.33970055692817E-6
0.079, 5.51514671359973E-6
0.082, 5.68703185075572E-6
0.085, 5.85675038398201E-6
0.088, 6.02189386770553E-6
0.091, 6.18578662403628E-6
0.094, 6.34869622561966E-6
0.097, 6.50645775491412E-6
0.1, 6.65912690789564E-6
0.103, 6.81295163088742E-6
0.106, 6.9587854193073E-6
0.109, 7.10556994685753E-6
0.112, 7.24970345557565E-6
0.115, 7.38788258671192E-6
0.118, 7.52336843079562E-6
0.121, 7.65501496765995E-6
0.124, 7.78554371086147E-6
0.127, 7.91273305517563E-6
0.13, 8.03512236340578E-6
0.133, 8.1578152173228E-6
0.136, 8.27466725399436E-6
0.139, 8.39020518125597E-6
0.142, 8.50000517334851E-6
0.145, 8.60996178375523E-6
0.148, 8.71551994820444E-6
0.151, 8.81596318269387E-6
0.154, 8.91322577916157E-6
0.157, 9.00868481662349E-6
0.16, 9.10386612299608E-6
0.163, 9.19720351541599E-6
0.166, 9.28237100197529E-6
0.169, 9.36683152836814E-6
0.172, 9.45044258277955E-6
0.175, 9.52934452468897E-6
0.178, 9.60648765771861E-6
0.181, 9.67890606545929E-6
0.184, 9.75171187951115E-6
0.187, 9.82210564542206E-6
0.19, 9.89074834495675E-6
0.193, 9.95523199421338E-6
0.196, 1.00177341098642E-5
0.199, 1.00791915740123E-5
0.202, 1.0137168573047E-5
0.205, 1.01958952747096E-5
0.208, 1.02509216666404E-5
0.211, 1.03025727341868E-5
0.214, 1.03548487563781E-5
0.217, 1.04024539476375E-5
0.22, 1.04521814656918E-5
0.223, 1.05011324628766E-5
0.226, 1.05446003282175E-5
0.229, 1.0586119812074E-5
0.232, 1.06263914551593E-5
0.235, 1.06707901855413E-5
0.238, 1.0707058539432E-5
0.241, 1.07467088913288E-5
0.244, 1.07826773904259E-5
0.247, 1.08187848019944E-5

0.439342887443876, 1.20331834290128E-5

-0.17, -9.28166119225106E-6
-0.167, -9.20241833161986E-6
-0.164, -9.1211112452643E-6
-0.161, -9.03412250070381E-6
-0.158, -8.946482087463E-6
-0.155, -8.85552608104409E-6
-0.152, -8.75838627344332E-6
-0.149, -8.66345396508319E-6
-0.146, -8.56721468065899E-6
-0.143, -8.46290949756914E-6
-0.14, -8.35662162683362E-6
-0.137, -8.24449607032446E-6
-0.134, -8.13405967209693E-6
-0.131, -8.02108513053581E-6
-0.128, -7.90298464363221E-6
-0.125, -7.78506496217489E-6
-0.122, -7.66159648128487E-6
-0.119, -7.53392545580122E-6
-0.116, -7.40310407411354E-6
-0.113, -7.27175908702584E-6
-0.11, -7.1359053433414E-6
-0.107, -6.99795472353933E-6
-0.104, -6.85598763244316E-6
-0.101, -6.71178120772315E-6
-0.098, -6.56342437945235E-6
-0.095, -6.41298158264083E-6
-0.092, -6.2601956807091E-6
-0.089, -6.10606073417711E-6
-0.086, -5.94540764813618E-6
-0.083, -5.78558342589052E-6
-0.0800000000000001, -5.61818671992897E-6
-0.0770000000000001, -5.45172879767457E-6
-0.0740000000000001, -5.28128799739407E-6
-0.0710000000000001, -5.10928490902933E-6
-0.0680000000000001, -4.93287523337016E-6
-0.0650000000000001, -4.75503650564654E-6
-0.0620000000000001, -4.57431444572067E-6
-0.0590000000000001, -4.38766692609296E-6
-0.0560000000000001, -4.20288727534251E-6
-0.053, -4.01720061261509E-6
-0.0500000000000001, -3.8259604545665E-6
-0.047, -3.63177887028306E-6
-0.044, -3.43205488463931E-6
-0.041, -3.23270145125639E-6
-0.038, -3.03234065833281E-6
-0.035, -2.82661305670988E-6
-0.032, -2.62126475409453E-6
-0.029, -2.41308051980749E-6
-0.026, -2.19823000396234E-6
-0.023, -1.98039661862149E-6
-0.02, -1.759921753591E-6
-0.017, -1.53537922984607E-6
-0.014, -1.30523703461368E-6
-0.011, -1.07475300238034E-6
-0.00800000000000001, -8.38396469950449E-7
-0.005, -5.98864343867913E-7
-0.002, -3.51630009854107E-7
0.001, -9.91247891721574E-8
0.004, 1.55334435660265E-7
0.00699999999999995, 4.10181336258058E-7
0.00999999999999995, 6.65910022833169E-7
0.013, 9.14324791486477E-7
0.016, 1.15963230505831E-6
0.019, 1.40309030986655E-6
0.022, 1.64234284462051E-6
0.025, 1.87504694533818E-6
0.028, 2.10447361950893E-6
0.031, 2.33168963457226E-6
0.034, 2.5546634290444E-6
0.037, 2.77606916054343E-6
0.04, 2.99072547535441E-6
0.043, 3.20585810592166E-6
0.046, 3.41347901278522E-6
0.049, 3.61953714190167E-6
0.052, 3.82334247252763E-6
0.055, 4.02255077164701E-6
0.058, 4.22078010903324E-6
0.061, 4.41401154085201E-6
0.064, 4.60131902605169E-6
0.067, 4.79143710584297E-6
0.0699999999999999, 4.97570450357287E-6
0.0729999999999999, 5.16176531265725E-6
0.076, 5.33939377921671E-6
0.079, 5.51097311835286E-6
0.082, 5.68564843637395E-6
0.085, 5.8518487442207E-6
0.088, 6.02105501275129E-6
0.091, 6.18538683959587E-6
0.094, 6.3476266049887E-6
0.097, 6.50398525018214E-6
0.1, 6.65900736428991E-6
0.103, 6.80874271493645E-6
0.106, 6.95730294149462E-6
0.109, 7.10549052165629E-6
0.112, 7.24756010126908E-6
0.115, 7.38575608516951E-6
0.118, 7.52108364383662E-6
0.121, 7.65314821892818E-6
0.124, 7.78477012528338E-6
0.127, 7.90934227633379E-6
0.13, 8.03276110936668E-6
0.133, 8.15338405999634E-6
0.136, 8.27306426505852E-6
0.139, 8.38837199181069E-6
0.142, 8.49740283244362E-6
0.145, 8.60686233866872E-6
0.148, 8.71359411447322E-6
0.151, 8.81825642596201E-6
0.154, 8.9136501124972E-6
0.157, 9.00972755556968E-6
0.16, 9.10190351394648E-6
0.163, 9.19581863227812E-6
0.166, 9.27991184619696E-6
0.169, 9.36600218788716E-6
0.172, 9.44966105440474E-6
0.175, 9.52883818215718E-6
0.178, 9.60401403999634E-6
0.181, 9.67953331476829E-6
0.184, 9.75544881264856E-6
0.187, 9.82144879224588E-6
0.19, 9.89365502569405E-6
0.193, 9.95600976131759E-6
0.196, 1.00166942815953E-5
0.199, 1.00775461199601E-5
0.202, 1.01387248497416E-5
0.205, 1.01950239524511E-5
0.208, 1.02493080985916E-5
0.211, 1.03040180973881E-5
0.214, 1.03528619275262E-5
0.217, 1.04033539838053E-5
0.22, 1.04518422203186E-5
0.223, 1.04990544053919E-5
0.226, 1.05447488697728E-5
0.229, 1.05885827858246E-5
0.232, 1.06263017655604E-5
0.235, 1.06691274565185E-5
0.238, 1.07088822636803E-5
0.241, 1.07469232726905E-5
0.244, 1.07814490000405E-5
0.247, 1.08157698784034E-5
0.25, 1.08520306193715E-5

0.439348649932421, 1.20320159526073E-5

-0.173, -9.36490299966361E-6
-0.17, -9.28674581007996E-6
-0.167, -9.20804527014706E-6
-0.164, -9.12268516922677E-6
-0.161, -9.03887791060959E-6
-0.158, -8.94731693869864E-6
-0.155, -8.85777203656563E-6
-0.152, -8.76512016996424E-6
-0.149, -8.66852334010637E-6
-0.146, -8.56859177113174E-6
-0.143, -8.46499376410536E-6
-0.14, -8.35978297640754E-6
-0.137, -8.25026774182147E-6
-0.134, -8.13982587656018E-6
-0.131, -8.02463720282465E-6
-0.128, -7.90950558820804E-6
-0.125, -7.78532708544733E-6
-0.122, -7.66360760409693E-6
-0.119, -7.53490510469331E-6
-0.116, -7.4051430005675E-6
-0.113, -7.27350722932295E-6
-0.11, -7.13974733814246E-6
-0.107, -6.99913612336549E-6
-0.104, -6.85593046733367E-6
-0.101, -6.71378297864885E-6
-0.098, -6.56606948098723E-6
-0.095, -6.4174289613883E-6
-0.092, -6.26355778333162E-6
-0.089, -6.10927435420689E-6
-0.086, -5.94839435490184E-6
-0.0830000000000001, -5.78345344730135E-6
-0.0800000000000001, -5.62185525010562E-6
-0.0770000000000001, -5.45367391920979E-6
-0.0740000000000001, -5.28376898553563E-6
-0.0710000000000001, -5.11199598137335E-6
-0.0680000000000001, -4.936197078703E-6
-0.0650000000000001, -4.75694345290985E-6
-0.0620000000000001, -4.57593268686289E-6
-0.0590000000000001, -4.392155661656E-6
-0.0560000000000001, -4.20725853650508E-6
-0.053, -4.01735829621422E-6
-0.0500000000000001, -3.82582337238654E-6
-0.047, -3.63122485672382E-6
-0.044, -3.43619131884906E-6
-0.041, -3.23437844589492E-6
-0.038, -3.03345370165785E-6
-0.035, -2.82936678291987E-6
-0.032, -2.62002604106078E-6
-0.029, -2.40982882770613E-6
-0.026, -2.19790548172024E-6
-0.023, -1.98109425567395E-6
-0.02, -1.76219945304565E-6
-0.017, -1.53766315540634E-6
-0.014, -1.30957204118665E-6
-0.011, -1.07536052855495E-6
-0.00800000000000001, -8.39084832677324E-7
-0.005, -5.9804306841929E-7
-0.002, -3.53504119999803E-7
0.001, -1.00705699320111E-7
0.00399999999999995, 1.53212347933855E-7
0.00699999999999995, 4.10785937946659E-7
0.00999999999999995, 6.64939659743797E-7
0.013, 9.15500535546031E-7
0.016, 1.16024709641466E-6
0.019, 1.39943705242144E-6
0.022, 1.63850927198577E-6
0.025, 1.87434198502852E-6
0.028, 2.10307008697688E-6
0.031, 2.33164052369989E-6
0.034, 2.55569988668062E-6
0.0369999999999999, 2.77344497867888E-6
0.04, 2.98923824692182E-6
0.043, 3.20224454753417E-6
0.046, 3.41334284467155E-6
0.049, 3.61820568603633E-6
0.052, 3.82152868927338E-6
0.055, 4.02045703722268E-6
0.058, 4.21823216135468E-6
0.061, 4.41330423963871E-6
0.064, 4.60385518031794E-6
0.0669999999999999, 4.7895777082432E-6
0.0699999999999999, 4.97477600898374E-6
0.0729999999999999, 5.15765951779905E-6
0.076, 5.33374544808115E-6
0.079, 5.51332910946829E-6
0.082, 5.6839259983762E-6
0.085, 5.8544789164233E-6
0.088, 6.02228429602482E-6
0.091, 6.18408052007427E-6
0.094, 6.34378807859021E-6
0.097, 6.50137090234028E-6
0.1, 6.65581990863154E-6
0.103, 6.80923909871301E-6
0.106, 6.95867016541869E-6
0.109, 7.10269310670057E-6
0.112, 7.24376041806493E-6
0.115, 7.38308902738616E-6
0.118, 7.51848318728968E-6
0.121, 7.65224670663829E-6
0.124, 7.78217909869128E-6
0.127, 7.91066955817086E-6
0.13, 8.03268048130894E-6
0.133, 8.15172777322559E-6
0.136, 8.27020354266592E-6
0.139, 8.38386313982602E-6
0.142, 8.49737681141248E-6
0.145, 8.60699008702553E-6
0.148, 8.71166890507732E-6
0.151, 8.81468006714564E-6
0.154, 8.911723643041E-6
0.157, 9.01183407034701E-6
0.16, 9.10394325719385E-6
0.163, 9.19627390452654E-6
0.166, 9.28062317267059E-6
0.169, 9.36661820588422E-6
0.172, 9.44775185412368E-6
0.175, 9.53038731418905E-6
0.178, 9.60838291194759E-6
0.181, 9.68223173117533E-6
0.184, 9.7534119932255E-6
0.187, 9.82458730681959E-6
0.19, 9.89067055697171E-6
0.193, 9.95754331357668E-6
0.196, 1.0018760631346E-5
0.199, 1.00816982310626E-5
0.202, 1.01400422525269E-5
0.205, 1.01961845484734E-5
0.208, 1.02505238394897E-5
0.211, 1.03033443024863E-5
0.214, 1.03542124266756E-5
0.217, 1.0404949686463E-5
0.22, 1.04515226498466E-5
0.223, 1.0500034363869E-5
0.226, 1.05425690095994E-5
0.229, 1.05885144488696E-5
0.232, 1.0626344063722E-5
0.235, 1.06717362970977E-5
0.238, 1.07081046662347E-5
0.241, 1.07449200412513E-5
0.244, 1.07833184682121E-5
0.247, 1.08181852001206E-5
0.25, 1.08528463758336E-5
0.253, 1.0884877164069E-5

0.439344763124579, 1.20305036762283E-5

-0.176, -9.44351270499116E-6
-0.173, -9.36777450673465E-6
-0.17, -9.29060842020689E-6
-0.167, -9.21194535680138E-6
-0.164, -9.12773173750221E-6
-0.161, -9.0442638739947E-6
-0.158, -8.95141750854723E-6
-0.155, -8.86029836627765E-6
-0.152, -8.76777573337426E-6
-0.149, -8.66953841268676E-6
-0.146, -8.57142158537854E-6
-0.143, -8.46819187597692E-6
-0.14, -8.36359631727157E-6
-0.137, -8.25161139026888E-6
-0.134, -8.1391926669657E-6
-0.131, -8.02465335907923E-6
-0.128, -7.90974748106693E-6
-0.125, -7.79170804952027E-6
-0.122, -7.66649464225105E-6
-0.119, -7.53692726338614E-6
-0.116, -7.40928366287666E-6
-0.113, -7.27698701097258E-6
-0.11, -7.14082713131012E-6
-0.107, -7.00375262044752E-6
-0.104, -6.86120399893233E-6
-0.101, -6.71896712579247E-6
-0.098, -6.57099131276313E-6
-0.095, -6.41940707326233E-6
-0.092, -6.26743584082999E-6
-0.089, -6.11046029169423E-6
-0.0860000000000001, -5.951165519184E-6
-0.0830000000000001, -5.79055500711669E-6
-0.0800000000000001, -5.62222961642626E-6
-0.0770000000000001, -5.45657489833617E-6
-0.0740000000000001, -5.28574075192766E-6
-0.0710000000000001, -5.11251363792285E-6
-0.0680000000000001, -4.93978101079068E-6
-0.0650000000000001, -4.75918915463714E-6
-0.0620000000000001, -4.57877548112852E-6
-0.0590000000000001, -4.3921706596854E-6
-0.0560000000000001, -4.20746576502413E-6
-0.053, -4.02228603234913E-6
-0.0500000000000001, -3.8264056810341E-6
-0.047, -3.63410023647577E-6
-0.044, -3.43614938943621E-6
-0.041, -3.23549437485188E-6
-0.038, -3.03288534606921E-6
-0.035, -2.83061880398101E-6
-0.032, -2.62408218868021E-6
-0.029, -2.41202501089294E-6
-0.026, -2.20039144681448E-6
-0.023, -1.9805874260399E-6
-0.02, -1.76217936167978E-6
-0.017, -1.53780041828453E-6
-0.014, -1.30977300253679E-6
-0.011, -1.08052646733652E-6
-0.00800000000000001, -8.41312864062906E-7
-0.005, -5.99948214145541E-7
-0.002, -3.55429092775241E-7
0.000999999999999945, -1.02288188573191E-7
0.00399999999999995, 1.51256259414859E-7
0.00699999999999995, 4.08410538672767E-7
0.00999999999999995, 6.63082744690836E-7
0.013, 9.12444644079924E-7
0.016, 1.15815033883756E-6
0.019, 1.39843601319463E-6
0.022, 1.63639876499218E-6
0.025, 1.87343554387902E-6
0.028, 2.10217667610922E-6
0.031, 2.33140701957721E-6
0.0339999999999999, 2.55222733953746E-6
0.0369999999999999, 2.77079781086582E-6
0.04, 2.98930282544685E-6
0.043, 3.20047833787781E-6
0.046, 3.40853142491548E-6
0.049, 3.61632613609097E-6
0.052, 3.82192934901585E-6
0.055, 4.01974377703566E-6
0.058, 4.21683388929678E-6
0.061, 4.41097426292471E-6
0.0639999999999999, 4.60073463765032E-6
0.0669999999999999, 4.78792583911746E-6
0.0699999999999999, 4.97381338185843E-6
0.0729999999999999, 5.15524362567418E-6
0.076, 5.3327914311029E-6
0.079, 5.50706259795569E-6
0.082, 5.67934060893658E-6
0.085, 5.84920718994722E-6
0.088, 6.01843919168221E-6
0.091, 6.18302020700081E-6
0.094, 6.34391129799738E-6
0.097, 6.49756299402672E-6
0.1, 6.65358469612465E-6
0.103, 6.80493194309652E-6
0.106, 6.95426449125015E-6
0.109, 7.09878511020637E-6
0.112, 7.24382913120711E-6
0.115, 7.38133794902716E-6
0.118, 7.51562869468839E-6
0.121, 7.65075454801248E-6
0.124, 7.78307932337709E-6
0.127, 7.90550085636925E-6
0.13, 8.03289276167065E-6
0.133, 8.15212897536724E-6
0.136, 8.26917322713041E-6
0.139, 8.380794208067E-6
0.142, 8.49407154116633E-6
0.145, 8.60560625430785E-6
0.148, 8.7111519500261E-6
0.151, 8.81255545247465E-6
0.154, 8.91271482798918E-6
0.157, 9.00773742826263E-6
0.16, 9.10268824687085E-6
0.163, 9.19160486477711E-6
0.166, 9.28021102161273E-6
0.169, 9.36729360605316E-6
0.172, 9.4451966617241E-6
0.175, 9.52629138872382E-6
0.178, 9.60604649450686E-6
0.181, 9.67819584719274E-6
0.184, 9.75010277591152E-6
0.187, 9.82346058470867E-6
0.19, 9.88947543532632E-6
0.193, 9.95463262726545E-6
0.196, 1.0015856092759E-5
0.199, 1.00785155207905E-5
0.202, 1.01404356489604E-5
0.205, 1.01946410660135E-5
0.208, 1.02498580172725E-5
0.211, 1.03032282969615E-5
0.214, 1.03541350621038E-5
0.217, 1.04018166510651E-5
0.22, 1.04531440160785E-5
0.223, 1.04957063059012E-5
0.226, 1.05426882639022E-5
0.229, 1.05852474811588E-5
0.232, 1.06233581257312E-5
0.235, 1.06675761853989E-5
0.238, 1.07057057882244E-5
0.241, 1.07437620686685E-5
0.244, 1.07805984949431E-5
0.247, 1.08156776921362E-5
0.25, 1.08500934059655E-5
0.253, 1.08823003764671E-5
0.256, 1.09175409268313E-5

0.439340099654624, 1.20300587691693E-5

-0.179, -9.50341125556401E-6
-0.176, -9.44491710769084E-6
-0.173, -9.37920894904073E-6
-0.17, -9.30136943763878E-6
-0.167, -9.22022875283179E-6
-0.164, -9.13909834535242E-6
-0.161, -9.04949052951788E-6
-0.158, -8.96113252225413E-6
-0.155, -8.86801031251828E-6
-0.152, -8.77117032717995E-6
-0.149, -8.67753236104274E-6
-0.146, -8.57430921634673E-6
-0.143, -8.47286447451909E-6
-0.14, -8.36536376934355E-6
-0.137, -8.25540832415654E-6
-0.134, -8.1420944279988E-6
-0.131, -8.02884501709693E-6
-0.128, -7.91509579868473E-6
-0.125, -7.79354195140485E-6
-0.122, -7.66647746297039E-6
-0.119, -7.54118038783025E-6
-0.116, -7.41187684301261E-6
-0.113, -7.27933034015121E-6
-0.11, -7.14264251536081E-6
-0.107, -7.00498842300483E-6
-0.104, -6.86372273874543E-6
-0.101, -6.71867293386296E-6
-0.098, -6.5717160444795E-6
-0.095, -6.42024059749496E-6
-0.092, -6.267935024677E-6
-0.0890000000000001, -6.11207694291157E-6
-0.0860000000000001, -5.95303674512877E-6
-0.0830000000000001, -5.78887318495548E-6
-0.0800000000000001, -5.62621621710885E-6
-0.0770000000000001, -5.45866961521664E-6
-0.0740000000000001, -5.28904177071107E-6
-0.0710000000000001, -5.11646448251522E-6
-0.0680000000000001, -4.93931076053467E-6
-0.0650000000000001, -4.76092643336199E-6
-0.0620000000000001, -4.57759700413593E-6
-0.0590000000000001, -4.39038121492336E-6
-0.0560000000000001, -4.20924761654879E-6
-0.053, -4.020000115028E-6
-0.0500000000000001, -3.8280456183086E-6
-0.047, -3.63615032121926E-6
-0.044, -3.43830177570201E-6
-0.041, -3.23755129981781E-6
-0.038, -3.037264063729E-6
-0.035, -2.833338252615E-6
-0.032, -2.62412921586107E-6
-0.029, -2.41221037017482E-6
-0.026, -2.20052503482968E-6
-0.023, -1.98297192641484E-6
-0.02, -1.76319861116533E-6
-0.017, -1.53798248420256E-6
-0.014, -1.31058060738121E-6
-0.011, -1.07969128388677E-6
-0.00800000000000001, -8.42504096643552E-7
-0.005, -6.01876953454214E-7
-0.00200000000000006, -3.52869111236922E-7
0.000999999999999945, -1.03879250364372E-7
0.00399999999999995, 1.53250520615464E-7
0.00699999999999995, 4.07992015615175E-7
0.00999999999999995, 6.59861851507723E-7
0.013, 9.1022499640558E-7
0.016, 1.15493511787655E-6
0.019, 1.39836418343944E-6
0.022, 1.63515164124006E-6
0.025, 1.87017516850351E-6
0.028, 2.10157463005119E-6
0.0309999999999999, 2.32356559918242E-6
0.0339999999999999, 2.55214729278611E-6
0.0369999999999999, 2.77204594392941E-6
0.04, 2.98729496959845E-6
0.043, 3.19878452291058E-6
0.046, 3.41095410550451E-6
0.049, 3.61592641081632E-6
0.052, 3.81986745397351E-6
0.055, 4.01739447433066E-6
0.058, 4.2147212490095E-6
0.0609999999999999, 4.40663602541302E-6
0.0639999999999999, 4.59784690009281E-6
0.0669999999999999, 4.78549286238139E-6
0.0699999999999999, 4.97067590380294E-6
0.0729999999999999, 5.15254666405683E-6
0.076, 5.33257322656291E-6
0.079, 5.50918510382215E-6
0.082, 5.67802586995976E-6
0.085, 5.8493924002692E-6
0.088, 6.0204172876223E-6
0.091, 6.17998191496634E-6
0.094, 6.34317914623167E-6
0.097, 6.49794201198515E-6
0.1, 6.65203067655252E-6
0.103, 6.80281913094511E-6
0.106, 6.95351599532286E-6
0.109, 7.09838453869747E-6
0.112, 7.23947554673187E-6
0.115, 7.38230750400579E-6
0.118, 7.51691529294785E-6
0.121, 7.64711265860535E-6
0.124, 7.77818222315956E-6
0.127, 7.90628439393746E-6
0.13, 8.0307229407218E-6
0.133, 8.14891712096988E-6
0.136, 8.26833541045043E-6
0.139, 8.38171072599695E-6
0.142, 8.49655523444869E-6
0.145, 8.60286607138505E-6
0.148, 8.71173422180637E-6
0.151, 8.81147451517019E-6
0.154, 8.90885850716877E-6
0.157, 9.00662033009004E-6
0.16, 9.1010553490562E-6
0.163, 9.19207231214662E-6
0.166, 9.2812944019767E-6
0.169, 9.36461893597365E-6
0.172, 9.44775182457534E-6
0.175, 9.52923869601011E-6
0.178, 9.60671813816452E-6
0.181, 9.6805033149669E-6
0.184, 9.7530244391504E-6
0.187, 9.81994304780368E-6
0.19, 9.8884126328845E-6
0.193, 9.9546838260719E-6
0.196, 1.00162372059336E-5
0.199, 1.00779821241232E-5
0.202, 1.01381279234613E-5
0.205, 1.01940384745382E-5
0.208, 1.02512239968663E-5
0.211, 1.03039615474821E-5
0.214, 1.03517172884289E-5
0.217, 1.04026355972592E-5
0.22, 1.04520997724136E-5
0.223, 1.0498442074314E-5
0.226, 1.05417436564011E-5
0.229, 1.05833280545947E-5
0.232, 1.0626163691947E-5
0.235, 1.06681324988476E-5
0.238, 1.07079632458315E-5
0.241, 1.0745676714152E-5
0.244, 1.07812829330799E-5
0.247, 1.08148013657032E-5
0.25, 1.08487457028875E-5
0.253, 1.08852915057025E-5
0.256, 1.09163426769332E-5
0.259, 1.09503526000532E-5

0.439343785263484, 1.20321872735956E-5

-0.182, -9.59613891062653E-6
-0.179, -9.52309262501881E-6
-0.176, -9.45469143930274E-6
-0.173, -9.37751420212048E-6
-0.17, -9.29866119582976E-6
-0.167, -9.2177832631133E-6
-0.164, -9.13336757431871E-6
-0.161, -9.0493055239007E-6
-0.158, -8.95822019335679E-6
-0.155, -8.86863220670131E-6
-0.152, -8.77399096390871E-6
-0.149, -8.67463633491655E-6
-0.146, -8.57689620599117E-6
-0.143, -8.47240303292816E-6
-0.14, -8.36370524594901E-6
-0.137, -8.25846952869289E-6
-0.134, -8.14740829850003E-6
-0.131, -8.0315904219572E-6
-0.128, -7.91273511689864E-6
-0.125, -7.79308222996103E-6
-0.122, -7.67074623667246E-6
-0.119, -7.54356244220362E-6
-0.116, -7.41227572755813E-6
-0.113, -7.28158003796789E-6
-0.11, -7.14532359629483E-6
-0.107, -7.00700892763258E-6
-0.104, -6.86398870899236E-6
-0.101, -6.72209699061077E-6
-0.098, -6.57166506896471E-6
-0.095, -6.42349244556832E-6
-0.0920000000000001, -6.27106887263376E-6
-0.0890000000000001, -6.11638104058347E-6
-0.0860000000000001, -5.9539825743064E-6
-0.0830000000000001, -5.79279891685656E-6
-0.0800000000000001, -5.62817059835909E-6
-0.0770000000000001, -5.46133009619889E-6
-0.0740000000000001, -5.29167824324673E-6
-0.0710000000000001, -5.11732907847619E-6
-0.0680000000000001, -4.94057562279567E-6
-0.0650000000000001, -4.7621995409316E-6
-0.0620000000000001, -4.57990944289634E-6
-0.0590000000000001, -4.39847548405632E-6
-0.0560000000000001, -4.2126380646907E-6
-0.053, -4.02102936183017E-6
-0.0500000000000001, -3.83203752215647E-6
-0.047, -3.63520378432043E-6
-0.044, -3.44150052261746E-6
-0.041, -3.23977072344881E-6
-0.038, -3.03922777470777E-6
-0.035, -2.8318269718177E-6
-0.032, -2.62477106892297E-6
-0.029, -2.41551305260251E-6
-0.026, -2.20223750242595E-6
-0.023, -1.98602127719253E-6
-0.02, -1.76658081204821E-6
-0.017, -1.54091320400385E-6
-0.014, -1.31277829480278E-6
-0.011, -1.07804831081418E-6
-0.00800000000000001, -8.44841015048817E-7
-0.00500000000000006, -6.02104021309042E-7
-0.00200000000000006, -3.56384249253259E-7
0.000999999999999945, -1.05516046986964E-7
0.00399999999999995, 1.50643698539657E-7
0.00699999999999995, 4.07105112242341E-7
0.00999999999999995, 6.59481544818959E-7
0.013, 9.08432424936356E-7
0.016, 1.1543920822619E-6
0.019, 1.39871063754871E-6
0.022, 1.63506828444381E-6
0.025, 1.87151760482988E-6
0.0279999999999999, 2.10215453010212E-6
0.0309999999999999, 2.32554905767856E-6
0.0339999999999999, 2.54878067763717E-6
0.0369999999999999, 2.76796215028628E-6
0.04, 2.98312487852152E-6
0.043, 3.19973279759142E-6
0.046, 3.40549736135181E-6
0.049, 3.61406772175014E-6
0.052, 3.81792929378751E-6
0.055, 4.01566986123254E-6
0.0579999999999999, 4.21401332729276E-6
0.0609999999999999, 4.40544476370939E-6
0.0639999999999999, 4.59645619523389E-6
0.0669999999999999, 4.78594146727429E-6
0.0699999999999999, 4.96910372196645E-6
0.0729999999999999, 5.15044600850725E-6
0.076, 5.3298499893062E-6
0.079, 5.50683100252143E-6
0.082, 5.67667424342447E-6
0.085, 5.84884119698174E-6
0.088, 6.0148791951075E-6
0.091, 6.17704259603752E-6
0.094, 6.34071800313745E-6
0.097, 6.49753048463779E-6
0.1, 6.65142584202073E-6
0.103, 6.80292255352748E-6
0.106, 6.95257212862531E-6
0.109, 7.09594914614398E-6
0.112, 7.23838465409015E-6
0.115, 7.37916033441929E-6
0.118, 7.51565107167106E-6
0.121, 7.64907299877633E-6
0.124, 7.77854728486789E-6
0.127, 7.90195506276667E-6
0.13, 8.0252092722858E-6
0.133, 8.14587961860978E-6
0.136, 8.26443280641042E-6
0.139, 8.38207909510325E-6
0.142, 8.49320976770271E-6
0.145, 8.60165475800252E-6
0.148, 8.70524846137422E-6
0.151, 8.80990645027861E-6
0.154, 8.90697537943546E-6
0.157, 9.00504702954413E-6
0.16, 9.10026475541462E-6
0.163, 9.19025216853078E-6
0.166, 9.27842955035323E-6
0.169, 9.36205844408448E-6
0.172, 9.4458785111381E-6
0.175, 9.52629601598975E-6
0.178, 9.60645887462598E-6
0.181, 9.67713595767121E-6
0.184, 9.75049991190585E-6
0.187, 9.81953009069171E-6
0.19, 9.88858694298739E-6
0.193, 9.95434222639225E-6
0.196, 1.00175483503039E-5
0.199, 1.00762403202224E-5
0.202, 1.01351250150872E-5
0.205, 1.01929030013199E-5
0.208, 1.02495752769637E-5
0.211, 1.0303984962425E-5
0.214, 1.03520455809938E-5
0.217, 1.0406152513265E-5
0.22, 1.04522131434142E-5
0.223, 1.04983728812659E-5
0.226, 1.05417592490302E-5
0.229, 1.05848644547952E-5
0.232, 1.0626565359116E-5
0.235, 1.0666502364233E-5
0.238, 1.07060377939297E-5
0.241, 1.07429365770711E-5
0.244, 1.0781208448866E-5
0.247, 1.08187021341826E-5
0.25, 1.08529838866578E-5
0.253, 1.08833200776165E-5
0.256, 1.09179974768195E-5
0.259, 1.09491905323464E-5
0.262, 1.09797457771827E-5

0.439346392598205, 1.20302837603435E-5

-0.185, -9.66811874657791E-6
-0.182, -9.60137742160834E-6
-0.179, -9.52992685085643E-6
-0.176, -9.45459063484416E-6
-0.173, -9.37961201739037E-6
-0.17, -9.30230587912237E-6
-0.167, -9.22110287252014E-6
-0.164, -9.13852331056154E-6
-0.161, -9.05325948424706E-6
-0.158, -8.96271088833122E-6
-0.155, -8.87104728641987E-6
-0.152, -8.77629165872483E-6
-0.149, -8.67952968352136E-6
-0.146, -8.58009277950613E-6
-0.143, -8.47650234517244E-6
-0.14, -8.37159175862869E-6
-0.137, -8.26149074214701E-6
-0.134, -8.1479411308362E-6
-0.131, -8.03476688641643E-6
-0.128, -7.91743516445645E-6
-0.125, -7.79607947704742E-6
-0.122, -7.67484341952406E-6
-0.119, -7.5426061885116E-6
-0.116, -7.41448415241909E-6
-0.113, -7.28408970568083E-6
-0.11, -7.14665778029878E-6
-0.107, -7.00874709941E-6
-0.104, -6.86942752953883E-6
-0.101, -6.72161249790284E-6
-0.098, -6.57543943324377E-6
-0.0950000000000001, -6.42535353352596E-6
-0.0920000000000001, -6.27307181853362E-6
-0.0890000000000001, -6.11712359399136E-6
-0.0860000000000001, -5.95752297812913E-6
-0.0830000000000001, -5.79478740219925E-6
-0.0800000000000001, -5.62960325111839E-6
-0.0770000000000001, -5.46007356621339E-6
-0.0740000000000001, -5.29235473435366E-6
-0.0710000000000001, -5.12033768938373E-6
-0.0680000000000001, -4.94096702813718E-6
-0.0650000000000001, -4.76067231126916E-6
-0.0620000000000001, -4.58168730176792E-6
-0.0590000000000001, -4.39871621017848E-6
-0.0560000000000001, -4.21095849430841E-6
-0.053, -4.02648727228107E-6
-0.0500000000000001, -3.83413940376137E-6
-0.047, -3.6378297875216E-6
-0.044, -3.43994525362338E-6
-0.041, -3.243065612312E-6
-0.038, -3.03881995405832E-6
-0.035, -2.83542316400343E-6
-0.032, -2.63015056313196E-6
-0.029, -2.41671318429305E-6
-0.026, -2.20263243595546E-6
-0.023, -1.98494580837635E-6
-0.02, -1.76709344827194E-6
-0.017, -1.54202270686118E-6
-0.014, -1.31478877012535E-6
-0.011, -1.07967395441643E-6
-0.00800000000000006, -8.45454768803449E-7
-0.00500000000000006, -6.02911415167273E-7
-0.00200000000000006, -3.5749767801404E-7
0.000999999999999945, -1.03326226592823E-7
0.00399999999999995, 1.4958284865084E-7
0.00699999999999995, 4.03593726598836E-7
0.00999999999999995, 6.57099827795826E-7
0.013, 9.08374946419332E-7
0.016, 1.15231802931515E-6
0.019, 1.39521864315983E-6
0.022, 1.63113636356932E-6
0.0249999999999999, 1.8673900901732E-6
0.0279999999999999, 2.0981791608687E-6
0.0309999999999999, 2.32583211110104E-6
0.0339999999999999, 2.54731570221735E-6
0.0369999999999999, 2.76814075988444E-6
0.04, 2.98601343314955E-6
0.043, 3.19552618942738E-6
0.046, 3.40584845305268E-6
0.049, 3.61137618190849E-6
0.052, 3.81639238752167E-6
0.0549999999999999, 4.01580657518853E-6
0.0579999999999999, 4.21057280906332E-6
0.0609999999999999, 4.40266738644621E-6
0.0639999999999999, 4.59546170774707E-6
0.0669999999999999, 4.78462579471037E-6
0.0699999999999999, 4.96649426384672E-6
0.0729999999999999, 5.149522326099E-6
0.076, 5.32931512711884E-6
0.079, 5.50336262363444E-6
0.082, 5.67832292083317E-6
0.085, 5.84521290886013E-6
0.088, 6.01363823462422E-6
0.091, 6.17611479981629E-6
0.094, 6.33607488606557E-6
0.097, 6.49257714206723E-6
0.1, 6.64968363703663E-6
0.103, 6.8023428656212E-6
0.106, 6.95009137994001E-6
0.109, 7.0944500023373E-6
0.112, 7.2368621725786E-6
0.115, 7.37693735959564E-6
0.118, 7.51466901620418E-6
0.121, 7.64473207087352E-6
0.124, 7.77698431384558E-6
0.127, 7.90137288632528E-6
0.13, 8.02472128220503E-6
0.133, 8.14612856946989E-6
0.136, 8.26387000728636E-6
0.139, 8.37736872304176E-6
0.142, 8.48995751940587E-6
0.145, 8.59932595451707E-6
0.148, 8.70397427585194E-6
0.151, 8.80796283230517E-6
0.154, 8.90664615841668E-6
0.157, 9.00242037498614E-6
0.16, 9.09891998853461E-6
0.163, 9.19040438979538E-6
0.166, 9.27886021206803E-6
0.169, 9.36025606084531E-6
0.172, 9.44659244462428E-6
0.175, 9.52469234237811E-6
0.178, 9.60327386062179E-6
0.181, 9.67882830111235E-6
0.184, 9.75345241142124E-6
0.187, 9.82068554176326E-6
0.19, 9.88872133301122E-6
0.193, 9.95306197486708E-6
0.196, 1.00155798494757E-5
0.199, 1.00792466308145E-5
0.202, 1.01362831132649E-5
0.205, 1.01932452933151E-5
0.208, 1.02452409137312E-5
0.211, 1.03029135314522E-5
0.214, 1.0354295623468E-5
0.217, 1.04036765781493E-5
0.22, 1.04506636741666E-5
0.223, 1.0498115258786E-5
0.226, 1.05404512487709E-5
0.229, 1.0582391730714E-5
0.232, 1.06263376694788E-5
0.235, 1.06678126022701E-5
0.238, 1.07060114991445E-5
0.241, 1.07448328192833E-5
0.244, 1.07797233496675E-5
0.247, 1.0816865250441E-5
0.25, 1.08496285376614E-5
0.253, 1.08857562756411E-5
0.256, 1.09162779110159E-5
0.259, 1.09503156639368E-5
0.262, 1.09801037470799E-5
0.265, 1.10085549163358E-5

0.439341201480909, 1.20313835395822E-5

-0.188, -9.73869898725625E-6
-0.185, -9.67412547329283E-6
-0.182, -9.60313289807603E-6
-0.179, -9.53510683035044E-6
-0.176, -9.45981750801275E-6
-0.173, -9.38474149067749E-6
-0.17, -9.30484035933892E-6
-0.167, -9.22339854754444E-6
-0.164, -9.14203053678312E-6
-0.161, -9.05546016425155E-6
-0.158, -8.96463747974335E-6
-0.155, -8.8769996377101E-6
-0.152, -8.78023307681369E-6
-0.149, -8.68167365104682E-6
-0.146, -8.58205844510632E-6
-0.143, -8.47842799300126E-6
-0.14, -8.3721125552443E-6
-0.137, -8.2631292837926E-6
-0.134, -8.15317793293292E-6
-0.131, -8.03782321704939E-6
-0.128, -7.9214288056292E-6
-0.125, -7.80011391994934E-6
-0.122, -7.67583482070583E-6
-0.119, -7.54957217459276E-6
-0.116, -7.41859243235519E-6
-0.113, -7.28538112371929E-6
-0.11, -7.14970839316804E-6
-0.107, -7.01210982969855E-6
-0.104, -6.86835255266753E-6
-0.101, -6.72493958975709E-6
-0.0980000000000001, -6.57795818715633E-6
-0.0950000000000001, -6.43009729391672E-6
-0.0920000000000001, -6.2748257156806E-6
-0.0890000000000001, -6.11906120709987E-6
-0.0860000000000001, -5.95844583096258E-6
-0.0830000000000001, -5.79603795270659E-6
-0.0800000000000001, -5.63164340757426E-6
-0.0770000000000001, -5.46350112551947E-6
-0.0740000000000001, -5.2946357613604E-6
-0.0710000000000001, -5.11940881268956E-6
-0.0680000000000001, -4.94445088556046E-6
-0.0650000000000001, -4.76494128738746E-6
-0.0620000000000001, -4.58462558267843E-6
-0.0590000000000001, -4.40033872200657E-6
-0.0560000000000001, -4.21634039402574E-6
-0.053, -4.02866117062246E-6
-0.0500000000000001, -3.83381729916482E-6
-0.047, -3.64072141545524E-6
-0.044, -3.44401847341331E-6
-0.041, -3.24172980331273E-6
-0.038, -3.04191431661323E-6
-0.035, -2.83551185906299E-6
-0.032, -2.6278088852304E-6
-0.029, -2.41776674241195E-6
-0.026, -2.20374315819463E-6
-0.023, -1.9876552902553E-6
-0.02, -1.76772306549154E-6
-0.017, -1.54369436920934E-6
-0.014, -1.31432623055435E-6
-0.0110000000000001, -1.08128085016757E-6
-0.00800000000000006, -8.47245799127428E-7
-0.00500000000000006, -6.03809910818526E-7
-0.00200000000000006, -3.58505207216001E-7
0.000999999999999945, -1.08222925308824E-7
0.00399999999999995, 1.51034513429723E-7
0.00699999999999995, 4.04160243439192E-7
0.00999999999999995, 6.57102462065663E-7
0.013, 9.09037616873912E-7
0.016, 1.15303897655082E-6
0.019, 1.39330326461717E-6
0.0219999999999999, 1.63205514611892E-6
0.0249999999999999, 1.86553591809471E-6
0.0279999999999999, 2.09747622883479E-6
0.0309999999999999, 2.32362969347233E-6
0.0339999999999999, 2.54710102753523E-6
0.0369999999999999, 2.76799553676774E-6
0.04, 2.98218240994389E-6
0.043, 3.19417604278288E-6
0.046, 3.40433053188595E-6
0.049, 3.60780207582696E-6
0.0519999999999999, 3.81311550487483E-6
0.0549999999999999, 4.01330143762859E-6
0.0579999999999999, 4.20971421877215E-6
0.0609999999999999, 4.40364058570342E-6
0.0639999999999999, 4.59558198559901E-6
0.0669999999999999, 4.77890163470546E-6
0.0699999999999999, 4.96406893398981E-6
0.0729999999999999, 5.14896449170581E-6
0.076, 5.3276640488905E-6
0.079, 5.50177678451917E-6
0.082, 5.6768171683163E-6
0.085, 5.84437980572495E-6
0.088, 6.01346879860692E-6
0.091, 6.1752019912335E-6
0.094, 6.33338039369692E-6
0.097, 6.49564823788326E-6
0.1, 6.64822969764405E-6
0.103, 6.80189706497762E-6
0.106, 6.94850567244814E-6
0.109, 7.09634826781383E-6
0.112, 7.23528834964807E-6
0.115, 7.37249077969449E-6
0.118, 7.51090356899905E-6
0.121, 7.64306516792248E-6
0.124, 7.77445865401201E-6
0.127, 7.89992699862727E-6
0.13, 8.02569763388418E-6
0.133, 8.1446989633736E-6
0.136, 8.26232352501437E-6
0.139, 8.37632502735543E-6
0.142, 8.48920564998984E-6
0.145, 8.59915569221617E-6
0.148, 8.70312014651071E-6
0.151, 8.80347891865092E-6
0.154, 8.905313223435E-6
0.157, 9.00078343612386E-6
0.16, 9.09764944886015E-6
0.163, 9.18901271724507E-6
0.166, 9.27576092607029E-6
0.169, 9.36228099576555E-6
0.172, 9.44457348015437E-6
0.175, 9.52414409207057E-6
0.178, 9.60149482862768E-6
0.181, 9.67762727857092E-6
0.184, 9.75012511778526E-6
0.187, 9.81954329302104E-6
0.19, 9.88747851496175E-6
0.193, 9.95267402906238E-6
0.196, 1.0014959828078E-5
0.199, 1.00769447694415E-5
0.202, 1.01366688018661E-5
0.205, 1.0193650059637E-5
0.208, 1.02481280691135E-5
0.211, 1.03020594277333E-5
0.214, 1.03568969720131E-5
0.217, 1.04041295874678E-5
0.22, 1.04523986675452E-5
0.223, 1.0495583638429E-5
0.226, 1.05409808590761E-5
0.229, 1.05870966590191E-5
0.232, 1.06285205280917E-5
0.235, 1.06662811213021E-5
0.238, 1.07073108873133E-5
0.241, 1.07456382322483E-5
0.244, 1.07806378115077E-5
0.247, 1.08172378761579E-5
0.25, 1.08505728514663E-5
0.253, 1.08841897074548E-5
0.256, 1.09175613484324E-5
0.259, 1.09497314627676E-5
0.262, 1.09796521048381E-5
0.265, 1.10096632606596E-5
0.268, 1.10353479862528E-5

0.439350257758937, 1.20326714242306E-5

-0.191, -9.80793916701485E-6
-0.188, -9.74394612123021E-6
-0.185, -9.67527338530909E-6
-0.182, -9.60721326762495E-6
-0.179, -9.53591646454528E-6
-0.176, -9.46400541006997E-6
-0.173, -9.38859944438116E-6
-0.17, -9.30941249053567E-6
-0.167, -9.22816121117775E-6
-0.164, -9.14618727809305E-6
-0.161, -9.05773819321246E-6
-0.158, -8.97020207664177E-6
-0.155, -8.87738572919774E-6
-0.152, -8.78605575211051E-6
-0.149, -8.68274586538971E-6
-0.146, -8.58388931821306E-6
-0.143, -8.47956482845976E-6
-0.14, -8.37545069181434E-6
-0.137, -8.2647079573023E-6
-0.134, -8.15405591596284E-6
-0.131, -8.03918819292923E-6
-0.128, -7.92073769598398E-6
-0.125, -7.80193583223433E-6
-0.122, -7.67557800995371E-6
-0.119, -7.54954935412137E-6
-0.116, -7.42328418757099E-6
-0.113, -7.28597415296548E-6
-0.11, -7.15258579213796E-6
-0.107, -7.01399063561414E-6
-0.104, -6.87117476746352E-6
-0.101, -6.72792692007203E-6
-0.0980000000000001, -6.58204568172185E-6
-0.0950000000000001, -6.42958745500282E-6
-0.0920000000000001, -6.27596003950174E-6
-0.0890000000000001, -6.12123114455499E-6
-0.0860000000000001, -5.96027563995266E-6
-0.0830000000000001, -5.80013402593155E-6
-0.0800000000000001, -5.63295735914623E-6
-0.0770000000000001, -5.46521845728865E-6
-0.0740000000000001, -5.29715072208137E-6
-0.0710000000000001, -5.12318701126488E-6
-0.0680000000000001, -4.94563753770469E-6
-0.0650000000000001, -4.76847821120561E-6
-0.0620000000000001, -4.58621291258135E-6
-0.0590000000000001, -4.40453329411858E-6
-0.0560000000000001, -4.21690980521058E-6
-0.053, -4.02857984762212E-6
-0.0500000000000001, -3.83374190824392E-6
-0.047, -3.6396978524325E-6
-0.044, -3.44289667154588E-6
-0.041, -3.24259716088732E-6
-0.038, -3.04228573810048E-6
-0.035, -2.83756084896094E-6
-0.032, -2.62807087559899E-6
-0.029, -2.41856106735547E-6
-0.026, -2.20488952309201E-6
-0.023, -1.98884602835399E-6
-0.02, -1.77139511050351E-6
-0.017, -1.54366757283877E-6
-0.0140000000000001, -1.31834693319609E-6
-0.0110000000000001, -1.08347503769736E-6
-0.00800000000000006, -8.4723783863698E-7
-0.00500000000000006, -6.06049795458417E-7
-0.00200000000000006, -3.59233813858503E-7
0.000999999999999945, -1.09325417241631E-7
0.00399999999999995, 1.48489779663947E-7
0.00699999999999995, 4.02484786002651E-7
0.00999999999999995, 6.57644974022811E-7
0.013, 9.06560459857235E-7
0.016, 1.14902540649762E-6
0.0189999999999999, 1.39255940343075E-6
0.0219999999999999, 1.63343411865248E-6
0.0249999999999999, 1.86752762695839E-6
0.0279999999999999, 2.09746435608689E-6
0.0309999999999999, 2.32560407916594E-6
0.0339999999999999, 2.5456853153057E-6
0.0369999999999999, 2.76511790617662E-6
0.04, 2.98308355170868E-6
0.043, 3.19487771808909E-6
0.046, 3.40353653146967E-6
0.0489999999999999, 3.6084118128731E-6
0.0519999999999999, 3.81465913420638E-6
0.0549999999999999, 4.01197898287478E-6
0.0579999999999999, 4.20916003802436E-6
0.0609999999999999, 4.40115242742444E-6
0.0639999999999999, 4.59336358323987E-6
0.0669999999999999, 4.78065656760599E-6
0.0699999999999999, 4.96431638107981E-6
0.0729999999999999, 5.14609867701476E-6
0.076, 5.32504210952133E-6
0.079, 5.50332721611316E-6
0.082, 5.67495956365031E-6
0.085, 5.84289018000399E-6
0.088, 6.01087418161845E-6
0.091, 6.17758332742152E-6
0.094, 6.33500336331518E-6
0.097, 6.49051895149862E-6
0.0999999999999999, 6.64716709597138E-6
0.103, 6.79994210679366E-6
0.106, 6.94942725940321E-6
0.109, 7.08991320217298E-6
0.112, 7.23518841799556E-6
0.115, 7.37382234000128E-6
0.118, 7.5093512979447E-6
0.121, 7.64400187057559E-6
0.124, 7.77502368149622E-6
0.127, 7.9002238143098E-6
0.13, 8.02264807241784E-6
0.133, 8.14379623329407E-6
0.136, 8.26445681154858E-6
0.139, 8.37357588666238E-6
0.142, 8.48812340098685E-6
0.145, 8.59683058834545E-6
0.148, 8.70134927369036E-6
0.151, 8.80399828112216E-6
0.154, 8.90482963027557E-6
0.157, 9.00207731920273E-6
0.16, 9.09656907935942E-6
0.163, 9.1872993152974E-6
0.166, 9.27517062908396E-6
0.169, 9.36067000830286E-6
0.172, 9.44538168817131E-6
0.175, 9.52208614481572E-6
0.178, 9.60384068610637E-6
0.181, 9.67736889505211E-6
0.184, 9.74815317555192E-6
0.187, 9.81964253733669E-6
0.19, 9.88797613652937E-6
0.193, 9.95269629232321E-6
0.196, 1.00178124253427E-5
0.199, 1.00770715858786E-5
0.202, 1.01356709577846E-5
0.205, 1.0192367846765E-5
0.208, 1.02481394700744E-5
0.211, 1.03006656156015E-5
0.214, 1.0355597954928E-5
0.217, 1.04026980576485E-5
0.22, 1.0449452934762E-5
0.223, 1.04970650232539E-5
0.226, 1.05418150633883E-5
0.229, 1.05853406138428E-5
0.232, 1.06304216648712E-5
0.235, 1.06671560225059E-5
0.238, 1.07088002676986E-5
0.241, 1.07432831397547E-5
0.244, 1.07818562615334E-5
0.247, 1.08181635406886E-5
0.25, 1.08524647263251E-5
0.253, 1.0888058024952E-5
0.256, 1.09136473963651E-5
0.259, 1.09473400591056E-5
0.262, 1.09774972617491E-5
0.265, 1.10074970966586E-5
0.268, 1.10391858019695E-5
0.271, 1.10646275550566E-5

0.439334368200731, 1.20315205324321E-5

-0.194, -9.87139995500741E-6
-0.191, -9.81121470413523E-6
-0.188, -9.7449246214261E-6
-0.185, -9.67899747121202E-6
-0.182, -9.61224836038678E-6
-0.179, -9.53985117677865E-6
-0.176, -9.46631946074877E-6
-0.173, -9.38701314329057E-6
-0.17, -9.31359404173348E-6
-0.167, -9.22948139688769E-6
-0.164, -9.14967536655269E-6
-0.161, -9.06325904458891E-6
-0.158, -8.96994976515354E-6
-0.155, -8.87908868841385E-6
-0.152, -8.78654919370804E-6
-0.149, -8.6876901460317E-6
-0.146, -8.58769223770194E-6
-0.143, -8.48511189224255E-6
-0.14, -8.37644075568224E-6
-0.137, -8.26861403148479E-6
-0.134, -8.15824657590549E-6
-0.131, -8.04239177536815E-6
-0.128, -7.92445688539335E-6
-0.125, -7.80548601006738E-6
-0.122, -7.67767658541414E-6
-0.119, -7.55399560223949E-6
-0.116, -7.42060395206233E-6
-0.113, -7.291294121058E-6
-0.11, -7.15562868597397E-6
-0.107, -7.01605046523287E-6
-0.104, -6.87603704955682E-6
-0.101, -6.72984763428045E-6
-0.0980000000000001, -6.58101221175082E-6
-0.0950000000000001, -6.43130170396198E-6
-0.0920000000000001, -6.28148265070764E-6
-0.0890000000000001, -6.12421377849188E-6
-0.0860000000000001, -5.96076625287398E-6
-0.0830000000000001, -5.80002995756632E-6
-0.0800000000000001, -5.63429311024046E-6
-0.0770000000000001, -5.46666223994999E-6
-0.0740000000000001, -5.29775767423763E-6
-0.0710000000000001, -5.12321922961888E-6
-0.0680000000000001, -4.94711918364602E-6
-0.0650000000000001, -4.76772709786855E-6
-0.0620000000000001, -4.58611176709389E-6
-0.0590000000000001, -4.40502819632367E-6
-0.0560000000000001, -4.21596940859382E-6
-0.053, -4.02945603773007E-6
-0.0500000000000001, -3.83790153138291E-6
-0.047, -3.64049157931119E-6
-0.044, -3.44586892510823E-6
-0.041, -3.24423918556074E-6
-0.038, -3.04389944649361E-6
-0.035, -2.8386474483745E-6
-0.032, -2.6331883598158E-6
-0.029, -2.42195744908226E-6
-0.026, -2.20860640491842E-6
-0.023, -1.99128815610853E-6
-0.02, -1.76823865091972E-6
-0.0170000000000001, -1.54311857638091E-6
-0.0140000000000001, -1.31818076011665E-6
-0.0110000000000001, -1.08352070371158E-6
-0.00800000000000006, -8.50469965379837E-7
-0.00500000000000006, -6.05895220841291E-7
-0.00200000000000006, -3.6097602140499E-7
0.000999999999999945, -1.09450343430451E-7
0.00399999999999995, 1.46652939138023E-7
0.00699999999999995, 4.03561456360147E-7
0.00999999999999995, 6.57263108793315E-7
0.013, 9.05506319560129E-7
0.0159999999999999, 1.15159484343205E-6
0.0189999999999999, 1.39299112614511E-6
0.0219999999999999, 1.63162646913023E-6
0.0249999999999999, 1.86631055550211E-6
0.0279999999999999, 2.09711196370319E-6
0.0309999999999999, 2.32426725172307E-6
0.0339999999999999, 2.54559686311372E-6
0.0369999999999999, 2.76511215399137E-6
0.04, 2.9785616012779E-6
0.043, 3.19145378043914E-6
0.0459999999999999, 3.40260836607124E-6
0.0489999999999999, 3.60912653403342E-6
0.0519999999999999, 3.81366412634357E-6
0.0549999999999999, 4.01281022751263E-6
0.0579999999999999, 4.2055714184073E-6
0.0609999999999999, 4.39846427667582E-6
0.0639999999999999, 4.58937800247622E-6
0.0669999999999999, 4.78091480400029E-6
0.0699999999999999, 4.96448619247132E-6
0.0729999999999999, 5.1455888890839E-6
0.076, 5.32111742829184E-6
0.079, 5.50034192973076E-6
0.082, 5.67404185039849E-6
0.085, 5.84220799882484E-6
0.088, 6.0099505293644E-6
0.091, 6.17554686301273E-6
0.094, 6.33391831721958E-6
0.0969999999999999, 6.49138011979237E-6
0.0999999999999999, 6.64687470708405E-6
0.103, 6.79641767109385E-6
0.106, 6.94531873653927E-6
0.109, 7.09093188822234E-6
0.112, 7.23189104304304E-6
0.115, 7.37170533751028E-6
0.118, 7.50812205605333E-6
0.121, 7.6410045644622E-6
0.124, 7.76953965388863E-6
0.127, 7.89735843858406E-6
0.13, 8.02073864908876E-6
0.133, 8.1392357095198E-6
0.136, 8.25919059872579E-6
0.139, 8.37277447631972E-6
0.142, 8.48540250693392E-6
0.145, 8.59542946561834E-6
0.148, 8.70155339640563E-6
0.151, 8.80282873261196E-6
0.154, 8.90304161893154E-6
0.157, 8.99759203724014E-6
0.16, 9.09392392095274E-6
0.163, 9.18677341804711E-6
0.166, 9.27523167793098E-6
0.169, 9.35770867131557E-6
0.172, 9.44227326242159E-6
0.175, 9.52008511531054E-6
0.178, 9.6010250468129E-6
0.181, 9.67729527249754E-6
0.184, 9.74962207976059E-6
0.187, 9.81958685899007E-6
0.19, 9.8856889312418E-6
0.193, 9.95186474514872E-6
0.196, 1.00148956201087E-5
0.199, 1.00773788501747E-5
0.202, 1.01373970087738E-5
0.205, 1.01935525886613E-5
0.208, 1.02476896452949E-5
0.211, 1.029934384706E-5
0.214, 1.03519068191499E-5
0.217, 1.04039652678499E-5
0.22, 1.04511271556788E-5
0.223, 1.04968287512716E-5
0.226, 1.05423633539356E-5
0.229, 1.05857230601583E-5
0.232, 1.06240091099269E-5
0.235, 1.06672718050583E-5
0.238, 1.07097954037745E-5
0.241, 1.07463207687534E-5
0.244, 1.07822462012602E-5
0.247, 1.08155239515812E-5
0.25, 1.08515514146179E-5
0.253, 1.08853850850203E-5
0.256, 1.09171039823456E-5
0.259, 1.09501944490825E-5
0.262, 1.09787761575316E-5
0.265, 1.10090956650924E-5
0.268, 1.10363350363781E-5
0.271, 1.10649758212545E-5
0.274, 1.10924670092093E-5

0.439348463133415, 1.20281971370452E-5

-0.197, -9.93429228771244E-6
-0.194, -9.87389764194813E-6
-0.191, -9.81247442925602E-6
-0.188, -9.74972701450097E-6
-0.185, -9.68629205496185E-6
-0.182, -9.61578819034205E-6
-0.179, -9.54314714054419E-6
-0.176, -9.46922043281726E-6
-0.173, -9.39114304133863E-6
-0.17, -9.31632763569636E-6
-0.167, -9.23482362139526E-6
-0.164, -9.14997658123176E-6
-0.161, -9.06252510838135E-6
-0.158, -8.97378738580248E-6
-0.155, -8.88190870994015E-6
-0.152, -8.78646169347386E-6
-0.149, -8.69000546983159E-6
-0.146, -8.58982397869617E-6
-0.143, -8.48690646275357E-6
-0.14, -8.38238553991738E-6
-0.137, -8.27127773620063E-6
-0.134, -8.16155081488227E-6
-0.131, -8.04249781816973E-6
-0.128, -7.92653857643184E-6
-0.125, -7.80467210048143E-6
-0.122, -7.68174776445742E-6
-0.119, -7.55137707078221E-6
-0.116, -7.42430265948204E-6
-0.113, -7.29138686716377E-6
-0.11, -7.15838799453899E-6
-0.107, -7.01825373222184E-6
-0.104, -6.87559951306825E-6
-0.101, -6.73175729207856E-6
-0.0980000000000001, -6.58495401641574E-6
-0.0950000000000001, -6.43070221955672E-6
-0.0920000000000001, -6.27752078404801E-6
-0.0890000000000001, -6.12483977598832E-6
-0.0860000000000001, -5.96457441316185E-6
-0.0830000000000001, -5.8004914409183E-6
-0.0800000000000001, -5.63356806407449E-6
-0.0770000000000001, -5.46965008946728E-6
-0.0740000000000001, -5.29665752964687E-6
-0.0710000000000001, -5.12663205421456E-6
-0.0680000000000001, -4.95075175975877E-6
-0.0650000000000001, -4.77012206940569E-6
-0.0620000000000001, -4.58811155142192E-6
-0.0590000000000001, -4.40548294277377E-6
-0.0560000000000001, -4.21810047776483E-6
-0.053, -4.03209560377059E-6
-0.0500000000000001, -3.83939808444542E-6
-0.047, -3.64437185607859E-6
-0.044, -3.44597200574335E-6
-0.041, -3.24690229671766E-6
-0.038, -3.04322740971846E-6
-0.035, -2.84135306064164E-6
-0.032, -2.63412551520343E-6
-0.029, -2.42256423887496E-6
-0.026, -2.2098697571858E-6
-0.023, -1.99145830324018E-6
-0.0200000000000001, -1.7695350712193E-6
-0.0170000000000001, -1.54702384888265E-6
-0.0140000000000001, -1.31623539493331E-6
-0.0110000000000001, -1.08763236345593E-6
-0.00800000000000006, -8.49491119293563E-7
-0.00500000000000006, -6.07835485492697E-7
-0.00200000000000006, -3.59564586628115E-7
0.000999999999999945, -1.11483592401295E-7
0.00399999999999995, 1.43587934760337E-7
0.00699999999999995, 4.00850418998304E-7
0.00999999999999995, 6.55052964684608E-7
0.0129999999999999, 9.06095867423014E-7
0.0159999999999999, 1.14772748010907E-6
0.0189999999999999, 1.39130216575581E-6
0.0219999999999999, 1.63078484326815E-6
0.0249999999999999, 1.86223620295479E-6
0.0279999999999999, 2.09542764094196E-6
0.0309999999999999, 2.32334972266619E-6
0.0339999999999999, 2.54419662336955E-6
0.0369999999999999, 2.76365078725383E-6
0.04, 2.9796969547287E-6
0.0429999999999999, 3.19106831996805E-6
0.0459999999999999, 3.40248309928069E-6
0.0489999999999999, 3.60822835253165E-6
0.0519999999999999, 3.81072864243401E-6
0.0549999999999999, 4.01210134231593E-6
0.0579999999999999, 4.20541257685535E-6
0.0609999999999999, 4.39759763130925E-6
0.0639999999999999, 4.58798336297746E-6
0.0669999999999999, 4.77867851586662E-6
0.0699999999999999, 4.96109707954898E-6
0.0729999999999999, 5.14174378722791E-6
0.076, 5.32113261561433E-6
0.079, 5.49703253895058E-6
0.082, 5.67030692339734E-6
0.085, 5.8409586399342E-6
0.088, 6.00708640462082E-6
0.091, 6.17271093456009E-6
0.0939999999999999, 6.33196397339498E-6
0.0969999999999999, 6.48762102190327E-6
0.0999999999999999, 6.64361954492115E-6
0.103, 6.79415559191215E-6
0.106, 6.94461047525255E-6
0.109, 7.08943430396838E-6
0.112, 7.2296709461232E-6
0.115, 7.36590576436921E-6
0.118, 7.50727903422323E-6
0.121, 7.63948062256574E-6
0.124, 7.76821618446239E-6
0.127, 7.89799935039426E-6
0.13, 8.02082202282634E-6
0.133, 8.13976321462882E-6
0.136, 8.25590574172244E-6
0.139, 8.37417521436518E-6
0.142, 8.48550060440878E-6
0.145, 8.5932384235946E-6
0.148, 8.70188336034876E-6
0.151, 8.7999434938396E-6
0.154, 8.90311314470347E-6
0.157, 8.99677288256513E-6
0.16, 9.09235367855235E-6
0.163, 9.18557941437958E-6
0.166, 9.27166954350816E-6
0.169, 9.35838823884934E-6
0.172, 9.44128510782896E-6
0.175, 9.52158648079273E-6
0.178, 9.60001575647414E-6
0.181, 9.67485250181211E-6
0.184, 9.75074286241961E-6
0.187, 9.81909429249682E-6
0.19, 9.88628528160515E-6
0.193, 9.95067772578426E-6
0.196, 1.00150700782779E-5
0.199, 1.00768012263884E-5
0.202, 1.01345682912427E-5
0.205, 1.01925116031472E-5
0.208, 1.02458199936634E-5
0.211, 1.03021341723017E-5
0.214, 1.03535783961665E-5
0.217, 1.04024819127615E-5
0.22, 1.04528742963286E-5
0.223, 1.04967655014009E-5
0.226, 1.05399944824027E-5
0.229, 1.0582854212602E-5
0.232, 1.06258464472144E-5
0.235, 1.0666058682052E-5
0.238, 1.07070301496064E-5
0.241, 1.07458482165495E-5
0.244, 1.07802775406897E-5
0.247, 1.08158038184725E-5
0.25, 1.08497155609614E-5
0.253, 1.0884294964227E-5
0.256, 1.09191630134708E-5
0.259, 1.09504619586546E-5
0.262, 1.09796616215013E-5
0.265, 1.10087682946589E-5
0.268, 1.10353751427237E-5
0.271, 1.10673408227579E-5
0.274, 1.10938060418164E-5
0.277, 1.11210727510027E-5

0.439336668762679, 1.20310792220348E-5

-0.2, -9.9968384347114E-6
-0.197, -9.9382765010488E-6
-0.194, -9.88007309784555E-6
-0.191, -9.81720730336032E-6
-0.188, -9.75624902935219E-6
-0.185, -9.68667612872448E-6
-0.182, -9.61614321049689E-6
-0.179, -9.54453408111115E-6
-0.176, -9.47149964021742E-6
-0.173, -9.39660496572563E-6
-0.17, -9.31840146639953E-6
-0.167, -9.23639158010777E-6
-0.164, -9.15038062929055E-6
-0.161, -9.06545260050706E-6
-0.158, -8.9774550911079E-6
-0.155, -8.88519776844706E-6
-0.152, -8.78931984436113E-6
-0.149, -8.69283796227689E-6
-0.146, -8.59269165601112E-6
-0.143, -8.48830162910548E-6
-0.14, -8.38129758913233E-6
-0.137, -8.27249830805108E-6
-0.134, -8.16208071605311E-6
-0.131, -8.0465516725844E-6
-0.128, -7.92632774268116E-6
-0.125, -7.80742675840409E-6
-0.122, -7.68206276842917E-6
-0.119, -7.5587077070146E-6
-0.116, -7.42701943804722E-6
-0.113, -7.29454313846619E-6
-0.11, -7.15613995811464E-6
-0.107, -7.02068059150853E-6
-0.104, -6.87572331669158E-6
-0.101, -6.73185218643359E-6
-0.0980000000000001, -6.58471885402436E-6
-0.095, -6.43551020781561E-6
-0.092, -6.28128080769245E-6
-0.0890000000000001, -6.12263767862097E-6
-0.0860000000000001, -5.96516551033158E-6
-0.083, -5.80186309348589E-6
-0.08, -5.63696341610407E-6
-0.077, -5.46939325503981E-6
-0.0740000000000001, -5.30113282943516E-6
-0.071, -5.12520799177026E-6
-0.068, -4.9529990772554E-6
-0.065, -4.77012905224303E-6
-0.062, -4.59078214415014E-6
-0.059, -4.40792112732465E-6
-0.056, -4.22152881120783E-6
-0.053, -4.03226643372821E-6
-0.05, -3.83889173223341E-6
-0.047, -3.64686299389072E-6
-0.044, -3.44882694815732E-6
-0.041, -3.25276337657972E-6
-0.038, -3.04592475512891E-6
-0.035, -2.84234658619796E-6
-0.032, -2.63297731045273E-6
-0.029, -2.4223024808277E-6
-0.026, -2.20962071087461E-6
-0.023, -1.99490359379075E-6
-0.02, -1.77316732099691E-6
-0.017, -1.54948611431309E-6
-0.014, -1.32043717124777E-6
-0.011, -1.08539818448248E-6
-0.00800000000000003, -8.48825978984705E-7
-0.00500000000000003, -6.07754589889951E-7
-0.00200000000000003, -3.61094776330705E-7
0.000999999999999973, -1.11494482274298E-7
0.00399999999999998, 1.45252846554444E-7
0.00699999999999998, 4.00305892082606E-7
0.00999999999999995, 6.55784979011876E-7
0.013, 9.01257447872875E-7
0.016, 1.14644601483243E-6
0.019, 1.39037581922469E-6
0.022, 1.62820658240241E-6
0.025, 1.86130181136247E-6
0.028, 2.09497801163413E-6
0.031, 2.31895779940134E-6
0.034, 2.54175207983699E-6
0.037, 2.76209982796362E-6
0.04, 2.97602511611387E-6
0.043, 3.19121462103772E-6
0.046, 3.39912921300879E-6
0.049, 3.60674268817953E-6
0.052, 3.80767774759257E-6
0.055, 4.00895652054037E-6
0.058, 4.20610928323715E-6
0.061, 4.39631186410768E-6
0.064, 4.59049727017107E-6
0.067, 4.77668654658757E-6
0.07, 4.95936247937341E-6
0.073, 5.14238161611422E-6
0.076, 5.31913718782558E-6
0.079, 5.49668034264656E-6
0.082, 5.66793180348386E-6
0.085, 5.84133455328308E-6
0.088, 6.00470490491516E-6
0.0909999999999999, 6.16939779471146E-6
0.0939999999999999, 6.32895929391899E-6
0.0969999999999999, 6.48556047624883E-6
0.1, 6.64322485190125E-6
0.103, 6.79291791268144E-6
0.106, 6.93962105704484E-6
0.109, 7.08660501236573E-6
0.112, 7.22704499725534E-6
0.115, 7.36725836038696E-6
0.118, 7.50281729972875E-6
0.121, 7.637492136215E-6
0.124, 7.76623228701089E-6
0.127, 7.89318355967644E-6
0.13, 8.01849325798043E-6
0.133, 8.14107943708037E-6
0.136, 8.2554670912351E-6
0.139, 8.37190502284136E-6
0.142, 8.48358376472063E-6
0.145, 8.5900808053805E-6
0.148, 8.69551335665671E-6
0.151, 8.80057684392074E-6
0.154, 8.90214955889653E-6
0.157, 8.99760489380664E-6
0.16, 9.09362694911772E-6
0.163, 9.18434632345933E-6
0.166, 9.27065148030908E-6
0.169, 9.35641981303587E-6
0.172, 9.44099798376736E-6
0.175, 9.52051439935547E-6
0.178, 9.5968020683286E-6
0.181, 9.6737114630206E-6
0.184, 9.74660902003046E-6
0.187, 9.81660980445702E-6
0.19, 9.88484531068588E-6
0.193, 9.95001214800462E-6
0.196, 1.00151348952304E-5
0.199, 1.00770532783938E-5
0.202, 1.01359177904501E-5
0.205, 1.01916980168333E-5
0.208, 1.02468811947771E-5
0.211, 1.03005881500571E-5
0.214, 1.03518633012593E-5
0.217, 1.04025328706397E-5
0.22, 1.04496299294764E-5
0.223, 1.04946821772256E-5
0.226, 1.05438670629966E-5
0.229, 1.05843871164501E-5
0.232, 1.06287890739681E-5
0.235, 1.06695806314223E-5
0.238, 1.07060214505618E-5
0.241, 1.07431519983338E-5
0.244, 1.07797091768078E-5
0.247, 1.081550152053E-5
0.25, 1.08505644080908E-5
0.253, 1.08846529332736E-5
0.256, 1.09193377117108E-5
0.259, 1.09486813202338E-5
0.262, 1.09781929799809E-5
0.265, 1.10064975573162E-5
0.268, 1.10379461080708E-5
0.271, 1.10687511131515E-5
0.274, 1.10943772741631E-5
0.277, 1.11212110079725E-5
0.28, 1.11465972898325E-5

0.439342919403733, 1.20319226791792E-5

-0.203, -1.0054540722144E-5
-0.2, -1.00017086698175E-5
-0.197, -9.9435427555075E-6
-0.194, -9.88042050891705E-6
-0.191, -9.81995376622438E-6
-0.188, -9.75428072262839E-6
-0.185, -9.68703506179239E-6
-0.182, -9.61796203744149E-6
-0.179, -9.55044175351302E-6
-0.176, -9.47196703485078E-6
-0.173, -9.39822306982173E-6
-0.17, -9.31854424243906E-6
-0.167, -9.23748804956882E-6
-0.164, -9.1548913418899E-6
-0.161, -9.06938690933272E-6
-0.158, -8.97895549570803E-6
-0.155, -8.88575373109593E-6
-0.152, -8.79058126826131E-6
-0.149, -8.69284020082607E-6
-0.146, -8.59424210028234E-6
-0.143, -8.49181834601119E-6
-0.14, -8.38431236141348E-6
-0.137, -8.27371175744852E-6
-0.134, -8.16266825367481E-6
-0.131, -8.04904626536071E-6
-0.128, -7.92844238229543E-6
-0.125, -7.80873602025118E-6
-0.122, -7.6855461254771E-6
-0.119, -7.55933535058769E-6
-0.116, -7.42664069490623E-6
-0.113, -7.29395342598945E-6
-0.11, -7.1590139310288E-6
-0.107, -7.0221205066374E-6
-0.104, -6.88065139743519E-6
-0.101, -6.73335793530149E-6
-0.0980000000000001, -6.58644013344054E-6
-0.095, -6.43675669511241E-6
-0.092, -6.28167472531372E-6
-0.0890000000000001, -6.12666621173127E-6
-0.0860000000000001, -5.96680298807541E-6
-0.083, -5.80533880964355E-6
-0.08, -5.63990584495293E-6
-0.077, -5.47048022899316E-6
-0.0740000000000001, -5.30155568353522E-6
-0.071, -5.12789403689946E-6
-0.068, -4.95248781947068E-6
-0.065, -4.77507623726652E-6
-0.062, -4.59236547915231E-6
-0.059, -4.40878371742525E-6
-0.056, -4.22085061804806E-6
-0.053, -4.03276812704466E-6
-0.05, -3.84184596631273E-6
-0.047, -3.64768816768824E-6
-0.044, -3.44971103199513E-6
-0.041, -3.25090535271842E-6
-0.038, -3.04577328628803E-6
-0.035, -2.84239650823854E-6
-0.032, -2.63519671120651E-6
-0.029, -2.42543426331696E-6
-0.026, -2.2098653097156E-6
-0.023, -1.99236666789587E-6
-0.02, -1.77308695990669E-6
-0.017, -1.54855797110879E-6
-0.014, -1.3196706664497E-6
-0.011, -1.08956818216935E-6
-0.00800000000000003, -8.52119298548949E-7
-0.00500000000000003, -6.10764566309072E-7
-0.00200000000000003, -3.64480852201599E-7
0.000999999999999973, -1.11126060579427E-7
0.00399999999999998, 1.4392547758152E-7
0.00699999999999995, 4.01306378979625E-7
0.00999999999999995, 6.52513767563698E-7
0.013, 9.01896036714492E-7
0.016, 1.1481418319511E-6
0.019, 1.39014809030449E-6
0.022, 1.62936503437225E-6
0.025, 1.86179740684283E-6
0.028, 2.09076572931501E-6
0.031, 2.31852377314426E-6
0.034, 2.5423132412124E-6
0.0369999999999999, 2.75990589432569E-6
0.04, 2.97879617479859E-6
0.043, 3.18644989881336E-6
0.046, 3.39822432344156E-6
0.049, 3.60123311376044E-6
0.052, 3.80865441251068E-6
0.055, 4.00724311556859E-6
0.058, 4.20485577785677E-6
0.061, 4.39829287787943E-6
0.064, 4.58703809775916E-6
0.067, 4.77665631718698E-6
0.07, 4.95945906311121E-6
0.073, 5.14029814863962E-6
0.076, 5.31858398833373E-6
0.079, 5.49348416755082E-6
0.082, 5.66886067313284E-6
0.085, 5.8376334082257E-6
0.0879999999999999, 6.0069508284528E-6
0.0909999999999999, 6.16904852111022E-6
0.0939999999999999, 6.32941200632907E-6
0.0969999999999999, 6.48433189440272E-6
0.1, 6.64177436055776E-6
0.103, 6.79002283378614E-6
0.106, 6.94003856784643E-6
0.109, 7.08558073182342E-6
0.112, 7.22903541781093E-6
0.115, 7.3655955662784E-6
0.118, 7.5048573361713E-6
0.121, 7.63337520631934E-6
0.124, 7.76694609997548E-6
0.127, 7.89351211483766E-6
0.13, 8.01529141304804E-6
0.133, 8.1385015495646E-6
0.136, 8.25295535601104E-6
0.139, 8.36749208035924E-6
0.142, 8.48005140456593E-6
0.145, 8.58623605874163E-6
0.148, 8.69507322782833E-6
0.151, 8.79976839388987E-6
0.154, 8.89921764125638E-6
0.157, 8.99394452629413E-6
0.16, 9.08767419612333E-6
0.163, 9.18028007242861E-6
0.166, 9.26841321972401E-6
0.169, 9.35474222748251E-6
0.172, 9.43882567402364E-6
0.175, 9.51677190035311E-6
0.178, 9.5965938403291E-6
0.181, 9.67089197771953E-6
0.184, 9.7464469677043E-6
0.187, 9.81722086409542E-6
0.19, 9.88457664364664E-6
0.193, 9.94918428680229E-6
0.196, 1.00124845658678E-5
0.199, 1.00762028901625E-5
0.202, 1.01343760264958E-5
0.205, 1.01934091585523E-5
0.208, 1.02469503884375E-5
0.211, 1.02979809907994E-5
0.214, 1.035148196861E-5
0.217, 1.03993984779002E-5
0.22, 1.04478593586775E-5
0.223, 1.04975513256606E-5
0.226, 1.05430860925556E-5
0.229, 1.0585084906131E-5
0.232, 1.06259922452579E-5
0.235, 1.06689837578707E-5
0.238, 1.07077147881509E-5
0.241, 1.07455154005916E-5
0.244, 1.07805589494222E-5
0.247, 1.08157847638263E-5
0.25, 1.08518407735384E-5
0.253, 1.08841397676645E-5
0.256, 1.09165509375563E-5
0.259, 1.0948988532763E-5
0.262, 1.09782271214013E-5
0.265, 1.10089653272405E-5
0.268, 1.1036470200822E-5
0.271, 1.10649165031901E-5
0.274, 1.10940316577897E-5
0.277, 1.11205939126123E-5
0.28, 1.11481068515769E-5
0.283, 1.11712078650282E-5

0.439349163254154, 1.20320759768957E-5

-0.206, -1.01134470944115E-5
-0.203, -1.00609620916064E-5
-0.2, -1.0001747824944E-5
-0.197, -9.94637191425074E-6
-0.194, -9.88555527565609E-6
-0.191, -9.82282131385133E-6
-0.188, -9.75719326744332E-6
-0.185, -9.69003574930898E-6
-0.182, -9.62373586865421E-6
-0.179, -9.54945193476555E-6
-0.176, -9.47825310487194E-6
-0.173, -9.40078248501967E-6
-0.17, -9.32214753445312E-6
-0.167, -9.24112806917052E-6
-0.164, -9.16013499705442E-6
-0.161, -9.07169830202648E-6
-0.158, -8.97892436319797E-6
-0.155, -8.88981115834781E-6
-0.152, -8.79303068460974E-6
-0.149, -8.69604771375769E-6
-0.146, -8.59665760124388E-6
-0.143, -8.4940142183809E-6
-0.14, -8.3873308567523E-6
-0.137, -8.27857859597403E-6
-0.134, -8.16575858778925E-6
-0.131, -8.05031335693786E-6
-0.128, -7.93157774943004E-6
-0.125, -7.81165905949683E-6
-0.122, -7.68731712282124E-6
-0.119, -7.56006308034377E-6
-0.116, -7.43028964799196E-6
-0.113, -7.29641117966487E-6
-0.11, -7.16335535514832E-6
-0.107, -7.02176072025108E-6
-0.104, -6.88116269568612E-6
-0.101, -6.73735962508078E-6
-0.0980000000000001, -6.5897661660626E-6
-0.095, -6.44009045674879E-6
-0.092, -6.28356191723902E-6
-0.0890000000000001, -6.12803500539937E-6
-0.0860000000000001, -5.97104850785647E-6
-0.083, -5.80782993966241E-6
-0.08, -5.64163101573011E-6
-0.077, -5.4733608922222E-6
-0.0740000000000001, -5.30479190690156E-6
-0.071, -5.12751620288295E-6
-0.068, -4.95511368135401E-6
-0.065, -4.7762894755125E-6
-0.062, -4.59445392702349E-6
-0.059, -4.41155133532299E-6
-0.056, -4.22096621473972E-6
-0.053, -4.03383176805988E-6
-0.05, -3.84296513933362E-6
-0.047, -3.6485228337285E-6
-0.044, -3.44924147385834E-6
-0.041, -3.25173532317186E-6
-0.038, -3.0494146895869E-6
-0.035, -2.84527411462679E-6
-0.032, -2.636056989082E-6
-0.0290000000000001, -2.42685171002196E-6
-0.026, -2.21225021171878E-6
-0.023, -1.9940797254349E-6
-0.02, -1.77493426631897E-6
-0.017, -1.54836058048329E-6
-0.014, -1.31990948178114E-6
-0.011, -1.08741595040753E-6
-0.00800000000000003, -8.55219778221373E-7
-0.00500000000000003, -6.11474767558108E-7
-0.00200000000000003, -3.63094924604546E-7
0.000999999999999973, -1.10923940515732E-7
0.00399999999999995, 1.42751829061269E-7
0.00699999999999995, 3.98203491399612E-7
0.00999999999999995, 6.52539119274439E-7
0.013, 9.01331422076962E-7
0.016, 1.14727374533694E-6
0.019, 1.39095096894111E-6
0.022, 1.62645250094774E-6
0.025, 1.86102876111282E-6
0.028, 2.09002486555708E-6
0.031, 2.31948500557027E-6
0.0339999999999999, 2.54093729427051E-6
0.0369999999999999, 2.76006944806016E-6
0.04, 2.97739106193853E-6
0.043, 3.19002098632979E-6
0.046, 3.39822380201314E-6
0.049, 3.60351553693046E-6
0.052, 3.80703382283399E-6
0.055, 4.00719723420024E-6
0.058, 4.20385331026415E-6
0.061, 4.39560209169118E-6
0.064, 4.58336636107851E-6
0.067, 4.77240040269389E-6
0.07, 4.95961702468465E-6
0.073, 5.13944859913539E-6
0.076, 5.31871800151577E-6
0.079, 5.49381858358481E-6
0.082, 5.66662514813172E-6
0.0849999999999999, 5.83531240058781E-6
0.0879999999999999, 6.00291871341316E-6
0.0909999999999999, 6.16475713636342E-6
0.0939999999999999, 6.32695039742742E-6
0.0969999999999999, 6.48555037689558E-6
0.1, 6.63741522050298E-6
0.103, 6.79118847844608E-6
0.106, 6.93981766920766E-6
0.109, 7.08423361399497E-6
0.112, 7.22610891540684E-6
0.115, 7.36751263199503E-6
0.118, 7.50185893747706E-6
0.121, 7.63704507306598E-6
0.124, 7.76261239616265E-6
0.127, 7.89227576856474E-6
0.13, 8.0174772468944E-6
0.133, 8.13509928805421E-6
0.136, 8.25522845160192E-6
0.139, 8.36654977356136E-6
0.142, 8.48201732171815E-6
0.145, 8.58850435362733E-6
0.148, 8.69619829057682E-6
0.151, 8.79957901240141E-6
0.154, 8.89626620265945E-6
0.157, 8.99237594441784E-6
0.16, 9.08853268646484E-6
0.163, 9.18035162790673E-6
0.166, 9.26940758461357E-6
0.169, 9.35246901120098E-6
0.172, 9.44004753022817E-6
0.175, 9.51839263821838E-6
0.178, 9.59653513938867E-6
0.181, 9.67222588720138E-6
0.184, 9.74506624038641E-6
0.187, 9.81607670741809E-6
0.19, 9.88175943400787E-6
0.193, 9.94848946539871E-6
0.196, 1.00111103309107E-5
0.199, 1.00742116635484E-5
0.202, 1.01356749314696E-5
0.205, 1.01913093128689E-5
0.208, 1.02472841649792E-5
0.211, 1.03013168138072E-5
0.214, 1.0350698598558E-5
0.217, 1.04010990549878E-5
0.22, 1.0450864797685E-5
0.223, 1.04968984281175E-5
0.226, 1.05423865844326E-5
0.229, 1.05845573812202E-5
0.232, 1.06257834145763E-5
0.235, 1.06662105536403E-5
0.238, 1.07064603222097E-5
0.241, 1.07468135012584E-5
0.244, 1.0782605081005E-5
0.247, 1.0817290485802E-5
0.25, 1.08499203352593E-5
0.253, 1.08872896491832E-5
0.256, 1.09175891213749E-5
0.259, 1.09510578691353E-5
0.262, 1.09796514909022E-5
0.265, 1.10103292909599E-5
0.268, 1.10358570021207E-5
0.271, 1.10635528646332E-5
0.274, 1.10923479644404E-5
0.277, 1.1120217795475E-5
0.28, 1.11457585724363E-5
0.283, 1.11731945539107E-5
0.286, 1.11959665147329E-5

0.439335565947807, 1.2031471737721E-5

-0.209, -1.0169172088219E-5
-0.206, -1.0117677207631E-5
-0.203, -1.00640611520197E-5
-0.2, -1.00073343325735E-5
-0.197, -9.94836674265712E-6
-0.194, -9.88730436685334E-6
-0.191, -9.82503348531118E-6
-0.188, -9.76355385594893E-6
-0.185, -9.69502374779331E-6
-0.182, -9.62492652889263E-6
-0.179, -9.55373945572273E-6
-0.176, -9.47950498327433E-6
-0.173, -9.40478089039111E-6
-0.17, -9.32379386662291E-6
-0.167, -9.24428468364844E-6
-0.164, -9.15973200843663E-6
-0.161, -9.07273333458792E-6
-0.158, -8.98182592585656E-6
-0.155, -8.89091924118161E-6
-0.152, -8.79751444856296E-6
-0.149, -8.69812741307824E-6
-0.146, -8.59568705504445E-6
-0.143, -8.49467258059826E-6
-0.14, -8.38781918298972E-6
-0.137, -8.27952533268091E-6
-0.134, -8.1666624311279E-6
-0.131, -8.05274259697966E-6
-0.128, -7.93491040636476E-6
-0.125, -7.81343015623107E-6
-0.122, -7.68720484698865E-6
-0.119, -7.56156666379468E-6
-0.116, -7.43080559328606E-6
-0.113, -7.30021483615306E-6
-0.11, -7.16456193410678E-6
-0.107, -7.02506397583692E-6
-0.104, -6.88310790218185E-6
-0.101, -6.73820733021722E-6
-0.0980000000000001, -6.59244252881908E-6
-0.095, -6.43881841918094E-6
-0.092, -6.2864039687831E-6
-0.0890000000000001, -6.13029102063973E-6
-0.0860000000000001, -5.9688758301873E-6
-0.083, -5.8065362111289E-6
-0.08, -5.64169767811399E-6
-0.077, -5.47440313872954E-6
-0.0740000000000001, -5.30460501984535E-6
-0.071, -5.13267190079318E-6
-0.068, -4.95528657600189E-6
-0.065, -4.77644295519201E-6
-0.062, -4.59401527582844E-6
-0.059, -4.41184056821725E-6
-0.056, -4.22463007830336E-6
-0.053, -4.0378462508885E-6
-0.05, -3.84363999896478E-6
-0.047, -3.64841594707074E-6
-0.044, -3.45123957472471E-6
-0.041, -3.25325483201018E-6
-0.038, -3.05018101926625E-6
-0.035, -2.845266905836E-6
-0.0320000000000001, -2.63786396205854E-6
-0.0290000000000001, -2.42768638322878E-6
-0.026, -2.21497629250783E-6
-0.023, -1.9959934474721E-6
-0.02, -1.77558868901292E-6
-0.017, -1.55046228435208E-6
-0.014, -1.32083286736186E-6
-0.011, -1.09032327940832E-6
-0.00800000000000003, -8.51186623428345E-7
-0.00500000000000003, -6.07970395945457E-7
-0.00200000000000003, -3.65182141390281E-7
0.000999999999999945, -1.13659094312059E-7
0.00399999999999995, 1.43043150096155E-7
0.00699999999999995, 3.95381074329919E-7
0.00999999999999995, 6.50105766481885E-7
0.013, 8.98846017536357E-7
0.016, 1.1473058066267E-6
0.019, 1.38672897718701E-6
0.022, 1.62844158801167E-6
0.025, 1.85915417445845E-6
0.028, 2.09146200037223E-6
0.0309999999999999, 2.31682754962219E-6
0.0339999999999999, 2.53756141962617E-6
0.0369999999999999, 2.7588345754716E-6
0.04, 2.9750619127197E-6
0.043, 3.18658244884192E-6
0.046, 3.3971725307641E-6
0.049, 3.60127477092594E-6
0.052, 3.80733775012526E-6
0.055, 4.00500082547405E-6
0.058, 4.2006790503147E-6
0.061, 4.39434018942107E-6
0.064, 4.58799815648184E-6
0.067, 4.77440828678639E-6
0.07, 4.95797287005767E-6
0.073, 5.1383155892253E-6
0.076, 5.31632925369881E-6
0.079, 5.49283259711798E-6
0.0819999999999999, 5.66378556856891E-6
0.0849999999999999, 5.83505022521284E-6
0.0879999999999999, 6.00360760098792E-6
0.0909999999999999, 6.16765296119143E-6
0.0939999999999999, 6.32567101112431E-6
0.0969999999999999, 6.48348982515654E-6
0.1, 6.63601353762293E-6
0.103, 6.78885031593783E-6
0.106, 6.93805325921059E-6
0.109, 7.08139139406596E-6
0.112, 7.22692826678383E-6
0.115, 7.35998014034486E-6
0.118, 7.50053296484699E-6
0.121, 7.63274288268546E-6
0.124, 7.76069560822402E-6
0.127, 7.89076502420679E-6
0.13, 8.012762892739E-6
0.133, 8.13618565122951E-6
0.136, 8.25101991175662E-6
0.139, 8.36625537565792E-6
0.142, 8.47812582045128E-6
0.145, 8.58699234363406E-6
0.148, 8.69078726781963E-6
0.151, 8.7934825021373E-6
0.154, 8.89465267326944E-6
0.157, 8.99217414796254E-6
0.16, 9.08808038482813E-6
0.163, 9.1781037716221E-6
0.166, 9.26582447892899E-6
0.169, 9.35290605135698E-6
0.172, 9.43370042912932E-6
0.175, 9.51725321478766E-6
0.178, 9.59557666377459E-6
0.181, 9.67193197769497E-6
0.184, 9.74468617673894E-6
0.187, 9.81384211891267E-6
0.19, 9.88370620259408E-6
0.193, 9.94795947954525E-6
0.196, 1.00131252998806E-5
0.199, 1.00730839670605E-5
0.202, 1.01312889595512E-5
0.205, 1.01879423849432E-5
0.208, 1.02464496964595E-5
0.211, 1.02968658648228E-5
0.214, 1.03510225611636E-5
0.217, 1.04005228028084E-5
0.22, 1.04490734190631E-5
0.223, 1.0495133953368E-5
0.226, 1.05420918335233E-5
0.229, 1.05815681897367E-5
0.232, 1.06265607049051E-5
0.235, 1.06665851795572E-5
0.238, 1.0706676379317E-5
0.241, 1.07449124975023E-5
0.244, 1.07794540814923E-5
0.247, 1.08132717687154E-5
0.25, 1.0849504224919E-5
0.253, 1.08868558018276E-5
0.256, 1.09144747572025E-5
0.259, 1.09494205606154E-5
0.262, 1.09788001774948E-5
0.265, 1.10073230579442E-5
0.268, 1.10364578418657E-5
0.271, 1.10650775401993E-5
0.274, 1.10935824736661E-5
0.277, 1.11189480202988E-5
0.28, 1.11462189112196E-5
0.283, 1.11688042327184E-5
0.286, 1.11968085757884E-5
0.289, 1.12187520811453E-5

0.439351436015131, 1.20306021448346E-5

-0.212, -1.02202327860714E-5
-0.209, -1.01716508784307E-5
-0.206, -1.01211652533984E-5
-0.203, -1.0062737384362E-5
-0.2, -1.00090911486324E-5
-0.197, -9.95078818414592E-6
-0.194, -9.88880515221194E-6
-0.191, -9.82646129670388E-6
-0.188, -9.76392018553912E-6
-0.185, -9.6929129681996E-6
-0.182, -9.62626560186669E-6
-0.179, -9.55540322957213E-6
-0.176, -9.48052398175497E-6
-0.173, -9.40638074107603E-6
-0.17, -9.32568780615E-6
-0.167, -9.24448949634958E-6
-0.164, -9.16127566624692E-6
-0.161, -9.07329206379368E-6
-0.158, -8.98460819403518E-6
-0.155, -8.8922441295419E-6
-0.152, -8.79564010534645E-6
-0.149, -8.70073466961248E-6
-0.146, -8.59932698194048E-6
-0.143, -8.49376099107917E-6
-0.14, -8.39177981707789E-6
-0.137, -8.28257470727331E-6
-0.134, -8.1703117523611E-6
-0.131, -8.05537524232298E-6
-0.128, -7.93330492946962E-6
-0.125, -7.8149602482997E-6
-0.122, -7.69028000678365E-6
-0.119, -7.5635786916086E-6
-0.116, -7.43374890405045E-6
-0.113, -7.30021794359562E-6
-0.11, -7.16554026861732E-6
-0.107, -7.02612140072401E-6
-0.104, -6.88448152283703E-6
-0.101, -6.73970828339504E-6
-0.0980000000000001, -6.59287621795567E-6
-0.095, -6.44230874304127E-6
-0.092, -6.28787011901969E-6
-0.0890000000000001, -6.13127292506408E-6
-0.0860000000000001, -5.97232207691804E-6
-0.083, -5.80947393814881E-6
-0.08, -5.64260754850077E-6
-0.077, -5.47580241164616E-6
-0.0740000000000001, -5.30559305481236E-6
-0.071, -5.13223772793192E-6
-0.068, -4.955874746694E-6
-0.065, -4.77981801989087E-6
-0.062, -4.59601563766348E-6
-0.059, -4.41341702603507E-6
-0.056, -4.22566569345828E-6
-0.053, -4.03796575185011E-6
-0.05, -3.84422888803496E-6
-0.047, -3.65045515821874E-6
-0.044, -3.45308301953092E-6
-0.041, -3.25400770823679E-6
-0.038, -3.05146888856561E-6
-0.0350000000000001, -2.84406134132667E-6
-0.0320000000000001, -2.63692111590636E-6
-0.0290000000000001, -2.42799750499671E-6
-0.026, -2.21360770950854E-6
-0.023, -1.99873109438405E-6
-0.02, -1.77669275658734E-6
-0.017, -1.55113389862758E-6
-0.014, -1.32354554197566E-6
-0.011, -1.08856499809928E-6
-0.00800000000000003, -8.55018615021042E-7
-0.00500000000000003, -6.13791761686424E-7
-0.00200000000000006, -3.6729940731754E-7
0.000999999999999945, -1.14910507577559E-7
0.00399999999999995, 1.43437397848182E-7
0.00699999999999995, 3.98389015231236E-7
0.00999999999999995, 6.49721431584325E-7
0.013, 9.00457902472336E-7
0.016, 1.14395182290141E-6
0.019, 1.38690025414721E-6
0.022, 1.62708335126235E-6
0.025, 1.85969512808464E-6
0.0279999999999999, 2.08965187301001E-6
0.0309999999999999, 2.31556637748189E-6
0.0339999999999999, 2.53836534442574E-6
0.0369999999999999, 2.75899288776122E-6
0.04, 2.97459015911184E-6
0.043, 3.18510120073843E-6
0.046, 3.39645369752816E-6
0.049, 3.59918284682422E-6
0.052, 3.80226285713525E-6
0.055, 4.00558732352346E-6
0.058, 4.20386237584046E-6
0.061, 4.39277747783365E-6
0.064, 4.58526998833253E-6
0.067, 4.77347112308246E-6
0.07, 4.95663265210126E-6
0.073, 5.13922167476872E-6
0.076, 5.31495795364434E-6
0.0789999999999999, 5.49196953931643E-6
0.0819999999999999, 5.66420519798098E-6
0.0849999999999999, 5.83368260951446E-6
0.0879999999999999, 6.00061205233231E-6
0.0909999999999999, 6.16256884575299E-6
0.0939999999999999, 6.32601926451757E-6
0.0969999999999999, 6.48322186983145E-6
0.1, 6.63636632816684E-6
0.103, 6.78369362372365E-6
0.106, 6.9349915025605E-6
0.109, 7.08192125487228E-6
0.112, 7.22268047261455E-6
0.115, 7.36265424425099E-6
0.118, 7.49871603136793E-6
0.121, 7.63287058471783E-6
0.124, 7.76113648794166E-6
0.127, 7.88806733166711E-6
0.13, 8.01336732142468E-6
0.133, 8.13086552955056E-6
0.136, 8.24946591323244E-6
0.139, 8.36383439560067E-6
0.142, 8.47699281608278E-6
0.145, 8.58369968184349E-6
0.148, 8.69176089161627E-6
0.151, 8.79227595786118E-6
0.154, 8.89526105342831E-6
0.157, 8.99162213270224E-6
0.16, 9.08723523975884E-6
0.163, 9.17681573496357E-6
0.166, 9.26651139781469E-6
0.169, 9.3494636722199E-6
0.172, 9.43371626249362E-6
0.175, 9.51552986214768E-6
0.178, 9.59516076399268E-6
0.181, 9.6674902171991E-6
0.184, 9.74277219368789E-6
0.187, 9.81255508800251E-6
0.19, 9.8779433033902E-6
0.193, 9.94709227290441E-6
0.196, 1.00096804849484E-5
0.199, 1.00698374537797E-5
0.202, 1.01323146004006E-5
0.205, 1.01882076278943E-5
0.208, 1.02451509922047E-5
0.211, 1.02975095096408E-5
0.214, 1.03504761094053E-5
0.217, 1.03980265508632E-5
0.22, 1.04491183057625E-5
0.223, 1.04950837260506E-5
0.226, 1.05422184781738E-5
0.229, 1.05830319043128E-5
0.232, 1.06255101792563E-5
0.235, 1.06653730792333E-5
0.238, 1.07056243683979E-5
0.241, 1.07430939719552E-5
0.244, 1.07814869376797E-5
0.247, 1.08164722289166E-5
0.25, 1.08480694128576E-5
0.253, 1.08836032259189E-5
0.256, 1.09172345495729E-5
0.259, 1.09480906785744E-5
0.262, 1.09807383110953E-5
0.265, 1.10071273534561E-5
0.268, 1.1038038400568E-5
0.271, 1.10658082001631E-5
0.274, 1.10915483053654E-5
0.277, 1.11192227506501E-5
0.28, 1.1142516786171E-5
0.283, 1.11705774790802E-5
0.286, 1.11968678907419E-5
0.289, 1.12187694028791E-5
0.292, 1.12443263092293E-5

0.439350882246062, 1.20318038294896E-5

-0.215, -1.02733913174327E-5
-0.212, -1.02265162906538E-5
-0.209, -1.01776699867831E-5
-0.206, -1.01246747400563E-5
-0.203, -1.0067974857348E-5
-0.2, -1.00079835614334E-5
-0.197, -9.95241316565443E-6
-0.194, -9.89445067483289E-6
-0.191, -9.82798589812873E-6
-0.188, -9.76376399338665E-6
-0.185, -9.69734025328284E-6
-0.182, -9.62981383771465E-6
-0.179, -9.55649637311104E-6
-0.176, -9.48516874781586E-6
-0.173, -9.40776139015554E-6
-0.17, -9.32680007574981E-6
-0.167, -9.24816042599996E-6
-0.164, -9.16205734277745E-6
-0.161, -9.07839907408096E-6
-0.158, -8.98931630940333E-6
-0.155, -8.89363189087578E-6
-0.152, -8.79765127275316E-6
-0.149, -8.70102681665311E-6
-0.146, -8.59974569249008E-6
-0.143, -8.49934624160399E-6
-0.14, -8.39263394654773E-6
-0.137, -8.28209756027327E-6
-0.134, -8.16729067701025E-6
-0.131, -8.05455721725059E-6
-0.128, -7.93704561380538E-6
-0.125, -7.81559305510391E-6
-0.122, -7.69363722850585E-6
-0.119, -7.5661151061515E-6
-0.116, -7.4352521857926E-6
-0.113, -7.30470235190903E-6
-0.11, -7.16511876629134E-6
-0.107, -7.02608680248868E-6
-0.104, -6.88561721264993E-6
-0.101, -6.74094609871308E-6
-0.0980000000000001, -6.59483355287719E-6
-0.095, -6.44197871888106E-6
-0.092, -6.28988988204107E-6
-0.0890000000000001, -6.13159768229732E-6
-0.0860000000000001, -5.97251589666108E-6
-0.083, -5.81232306356324E-6
-0.08, -5.64735940572433E-6
-0.077, -5.47718298390889E-6
-0.0740000000000001, -5.30733137696826E-6
-0.071, -5.1335872055954E-6
-0.068, -4.95799911501567E-6
-0.065, -4.77912298782898E-6
-0.062, -4.59715635246593E-6
-0.059, -4.41218617151094E-6
-0.056, -4.229141549338E-6
-0.053, -4.035722863161E-6
-0.05, -3.8471955938192E-6
-0.047, -3.651708435175E-6
-0.044, -3.45713521188627E-6
-0.041, -3.25445572993953E-6
-0.0380000000000001, -3.04823191343311E-6
-0.0350000000000001, -2.8471069604798E-6
-0.0320000000000001, -2.63888079071772E-6
-0.0290000000000001, -2.42821220287979E-6
-0.026, -2.21760687153109E-6
-0.023, -1.99709806852605E-6
-0.02, -1.77758805273981E-6
-0.017, -1.55055435222379E-6
-0.014, -1.32301816526467E-6
-0.011, -1.090545934652E-6
-0.00800000000000003, -8.54352352485553E-7
-0.00500000000000006, -6.15477956887039E-7
-0.00200000000000006, -3.66991020923638E-7
0.000999999999999945, -1.17050287245869E-7
0.00399999999999995, 1.40695112729326E-7
0.00699999999999995, 3.98290122257927E-7
0.00999999999999995, 6.48838561056226E-7
0.013, 8.95919528644783E-7
0.016, 1.14238084741941E-6
0.019, 1.38591774005025E-6
0.022, 1.62382883682755E-6
0.0249999999999999, 1.85967955609386E-6
0.0279999999999999, 2.09043301450688E-6
0.0309999999999999, 2.31304082129877E-6
0.0339999999999999, 2.53595411700045E-6
0.0369999999999999, 2.75752922459298E-6
0.04, 2.9755600239244E-6
0.043, 3.18416087220358E-6
0.046, 3.39332854369812E-6
0.049, 3.5985285419731E-6
0.052, 3.80408544645106E-6
0.055, 4.00252564537449E-6
0.058, 4.19830805619683E-6
0.061, 4.39607978271028E-6
0.064, 4.58370742166213E-6
0.067, 4.7700519247905E-6
0.07, 4.95289081197664E-6
0.073, 5.1354122086587E-6
0.0759999999999999, 5.31532951161959E-6
0.0789999999999999, 5.49033159984309E-6
0.0819999999999999, 5.66394292131474E-6
0.0849999999999999, 5.83222428776674E-6
0.0879999999999999, 5.99826738795778E-6
0.0909999999999999, 6.16137297857466E-6
0.0939999999999999, 6.32502237213106E-6
0.0969999999999999, 6.48001392304015E-6
0.1, 6.63492380103875E-6
0.103, 6.78800415943509E-6
0.106, 6.93491959430109E-6
0.109, 7.0794164952627E-6
0.112, 7.22212628790449E-6
0.115, 7.36233065436997E-6
0.118, 7.49715462985615E-6
0.121, 7.62825548124947E-6
0.124, 7.75991658214979E-6
0.127, 7.88642969944249E-6
0.13, 8.00996659763145E-6
0.133, 8.13227866080579E-6
0.136, 8.24870637676843E-6
0.139, 8.36408208353994E-6
0.142, 8.47493968207305E-6
0.145, 8.58482072763669E-6
0.148, 8.68892413656295E-6
0.151, 8.79407722154473E-6
0.154, 8.89459255238947E-6
0.157, 8.991634142991E-6
0.16, 9.08577762504489E-6
0.163, 9.17548080806748E-6
0.166, 9.26401421046911E-6
0.169, 9.35090237112835E-6
0.172, 9.43591131252133E-6
0.175, 9.51598711590156E-6
0.178, 9.59197756577898E-6
0.181, 9.66713403076901E-6
0.184, 9.74035416008699E-6
0.187, 9.8118568069545E-6
0.19, 9.88275405300452E-6
0.193, 9.94597216111941E-6
0.196, 1.00081331658116E-5
0.199, 1.00725766598729E-5
0.202, 1.01332420051597E-5
0.205, 1.01904987184059E-5
0.208, 1.02462103749486E-5
0.211, 1.02993093099246E-5
0.214, 1.03500897364425E-5
0.217, 1.04022362532199E-5
0.22, 1.04483251325663E-5
0.223, 1.04935761553E-5
0.226, 1.05411269302081E-5
0.229, 1.05837150014508E-5
0.232, 1.06271565498815E-5
0.235, 1.06673377748185E-5
0.238, 1.07080943859531E-5
0.241, 1.07459752469955E-5
0.244, 1.07809247218374E-5
0.247, 1.08174764023554E-5
0.25, 1.08518682098332E-5
0.253, 1.08822499996882E-5
0.256, 1.09164166832826E-5
0.259, 1.09480199427256E-5
0.262, 1.09792323342457E-5
0.265, 1.10074377315459E-5
0.268, 1.10374791253621E-5
0.271, 1.10655436217415E-5
0.274, 1.10924973409637E-5
0.277, 1.11204641795801E-5
0.28, 1.11460775699033E-5
0.283, 1.11716393602093E-5
0.286, 1.1197530690093E-5
0.289, 1.12203733992435E-5
0.292, 1.1242716998747E-5
0.295, 1.12682921982654E-5

0.439351249810573, 1.20333257369296E-5

-0.218, -1.03244778746359E-5
-0.215, -1.02803245610106E-5
-0.212, -1.02296562067051E-5
-0.209, -1.01775882385334E-5
-0.206, -1.01248329656805E-5
-0.203, -1.00707504461145E-5
-0.2, -1.00128762421315E-5
-0.197, -9.95466873437633E-6
-0.194, -9.89342201724808E-6
-0.191, -9.83226196311972E-6
-0.188, -9.76564000936477E-6
-0.185, -9.70217596726044E-6
-0.182, -9.63001053231553E-6
-0.179, -9.55952272189593E-6
-0.176, -9.48653362206664E-6
-0.173, -9.40568296806658E-6
-0.17, -9.33237293207662E-6
-0.167, -9.24862184762239E-6
-0.164, -9.16208470806855E-6
-0.161, -9.07832883782949E-6
-0.158, -8.98871132311385E-6
-0.155, -8.89591517639976E-6
-0.152, -8.80035433731271E-6
-0.149, -8.70577149084456E-6
-0.146, -8.60290315451464E-6
-0.143, -8.49852518399658E-6
-0.14, -8.39453171665854E-6
-0.137, -8.28380709969978E-6
-0.134, -8.17323956724521E-6
-0.131, -8.05466736907566E-6
-0.128, -7.93914696759244E-6
-0.125, -7.81967812264182E-6
-0.122, -7.69268324215689E-6
-0.119, -7.5654097196235E-6
-0.116, -7.4359120732484E-6
-0.113, -7.30316006288983E-6
-0.11, -7.1686858427953E-6
-0.107, -7.03137899709978E-6
-0.104, -6.88624982278351E-6
-0.101, -6.7432346450164E-6
-0.0980000000000001, -6.5951072883797E-6
-0.095, -6.44369942179314E-6
-0.092, -6.29094949023771E-6
-0.0890000000000001, -6.13515326013845E-6
-0.0860000000000001, -5.97513607722933E-6
-0.083, -5.81403756202896E-6
-0.08, -5.64728157606931E-6
-0.077, -5.47870186482251E-6
-0.0740000000000001, -5.30824931750836E-6
-0.071, -5.1351607471678E-6
-0.068, -4.96030152801665E-6
-0.065, -4.78060536237452E-6
-0.062, -4.59771806369404E-6
-0.059, -4.41488523216247E-6
-0.056, -4.22809159341602E-6
-0.053, -4.03902071805578E-6
-0.05, -3.84616687436025E-6
-0.047, -3.65220918393517E-6
-0.044, -3.45717014714276E-6
-0.0410000000000001, -3.25325468582408E-6
-0.0380000000000001, -3.05438789598208E-6
-0.0350000000000001, -2.84481813329678E-6
-0.0320000000000001, -2.64035041775331E-6
-0.0290000000000001, -2.43078987177475E-6
-0.026, -2.21498515071213E-6
-0.023, -1.99698755009523E-6
-0.02, -1.77835716633799E-6
-0.017, -1.55322423460212E-6
-0.014, -1.32580629579863E-6
-0.011, -1.09073267141395E-6
-0.00800000000000006, -8.54887033400166E-7
-0.00500000000000006, -6.12257789250797E-7
-0.00200000000000006, -3.68633221425063E-7
0.000999999999999945, -1.16059083395282E-7
0.00399999999999995, 1.39298822222701E-7
0.00699999999999995, 3.94843400714982E-7
0.00999999999999995, 6.47945944503322E-7
0.013, 8.95996537201621E-7
0.016, 1.14277081984851E-6
0.019, 1.38554093950128E-6
0.0219999999999999, 1.62456473748135E-6
0.0249999999999999, 1.85780740696607E-6
0.0279999999999999, 2.09073623574534E-6
0.0309999999999999, 2.31586903645705E-6
0.0339999999999999, 2.53768550168978E-6
0.0369999999999999, 2.75820687467017E-6
0.04, 2.9690667158055E-6
0.043, 3.18247670235814E-6
0.046, 3.39348993808985E-6
0.049, 3.59982640137187E-6
0.052, 3.80483942767247E-6
0.055, 4.00290175366465E-6
0.058, 4.19850332084029E-6
0.061, 4.39107199240491E-6
0.064, 4.58489103119803E-6
0.067, 4.76957017600119E-6
0.07, 4.95575956176274E-6
0.0729999999999999, 5.13679300460294E-6
0.0759999999999999, 5.31818131031302E-6
0.0789999999999999, 5.48847249860746E-6
0.0819999999999999, 5.66263888804868E-6
0.0849999999999999, 5.83050762889295E-6
0.0879999999999999, 5.99753066501419E-6
0.0909999999999999, 6.16541169258109E-6
0.0939999999999999, 6.32235715804686E-6
0.0969999999999999, 6.47854843287826E-6
0.1, 6.63072791282769E-6
0.103, 6.78473828673944E-6
0.106, 6.93343363788899E-6
0.109, 7.07824070919969E-6
0.112, 7.21985776948375E-6
0.115, 7.35953087010098E-6
0.118, 7.49507747108551E-6
0.121, 7.62794688524481E-6
0.124, 7.75654486333985E-6
0.127, 7.88411812960116E-6
0.13, 8.00662795735715E-6
0.133, 8.13050089778186E-6
0.136, 8.24674132978473E-6
0.139, 8.35981166138326E-6
0.142, 8.47475819209928E-6
0.145, 8.58312909381103E-6
0.148, 8.69052695827674E-6
0.151, 8.79177560139942E-6
0.154, 8.89040949120043E-6
0.157, 8.98854596068904E-6
0.16, 9.08226608947814E-6
0.163, 9.17379419759139E-6
0.166, 9.26209711287201E-6
0.169, 9.34949682630427E-6
0.172, 9.43287736480757E-6
0.175, 9.51100170264471E-6
0.178, 9.59219565909614E-6
0.181, 9.66604718257803E-6
0.184, 9.73852742458295E-6
0.187, 9.81191760288759E-6
0.19, 9.88137313461209E-6
0.193, 9.94211201461389E-6
0.196, 1.00083179746615E-5
0.199, 1.00700586313333E-5
0.202, 1.01310030193181E-5
0.205, 1.01876368954761E-5
0.208, 1.02443252928259E-5
0.211, 1.02962130709076E-5
0.214, 1.03474417795056E-5
0.217, 1.03982549638891E-5
0.22, 1.04482833125925E-5
0.223, 1.04969063787856E-5
0.226, 1.05395638925381E-5
0.229, 1.05857556068565E-5
0.232, 1.06255529387568E-5
0.235, 1.06667149898037E-5
0.238, 1.0706311072162E-5
0.241, 1.07433759002662E-5
0.244, 1.07802648481124E-5
0.247, 1.08138085903407E-5
0.25, 1.08511715497518E-5
0.253, 1.0882736698469E-5
0.256, 1.09167052502323E-5
0.259, 1.09494864115616E-5
0.262, 1.09778516296978E-5
0.265, 1.10082657981872E-5
0.268, 1.10372569732762E-5
0.271, 1.10646107757101E-5
0.274, 1.10927189749751E-5
0.277, 1.11210755001485E-5
0.28, 1.11466520482894E-5
0.283, 1.11707615828213E-5
0.286, 1.11964178324339E-5
0.289, 1.12211333168126E-5
0.292, 1.12425268232552E-5
0.295, 1.1266741199035E-5
0.298, 1.12899116777197E-5

0.439343552721669, 1.20284623708681E-5

-0.221, -1.03752614231377E-5
-0.218, -1.03159075100541E-5
-0.215, -1.0281062539503E-5
-0.212, -1.02387554025733E-5
-0.209, -1.01875879887278E-5
-0.206, -1.01349995985639E-5
-0.203, -1.00771058507856E-5
-0.2, -1.00203767581324E-5
-0.197, -9.96104708355542E-6
-0.194, -9.90163999805122E-6
-0.191, -9.83920539955138E-6
-0.188, -9.77102010192537E-6
-0.185, -9.70475854380597E-6
-0.182, -9.63436848807852E-6
-0.179, -9.56178579133191E-6
-0.176, -9.4874401969547E-6
-0.173, -9.41110141978497E-6
-0.17, -9.33202371813525E-6
-0.167, -9.25228965872466E-6
-0.164, -9.16723416434007E-6
-0.161, -9.08047231118409E-6
-0.158, -8.98976696718714E-6
-0.155, -8.89830010428417E-6
-0.152, -8.80467764385771E-6
-0.149, -8.70609361405462E-6
-0.146, -8.60776261087273E-6
-0.143, -8.50317611050623E-6
-0.14, -8.39232696383904E-6
-0.137, -8.28597360917924E-6
-0.134, -8.17291955624464E-6
-0.131, -8.05955900435797E-6
-0.128, -7.94036871281777E-6
-0.125, -7.82049092223123E-6
-0.122, -7.69340197504447E-6
-0.119, -7.56589439389379E-6
-0.116, -7.43955798711428E-6
-0.113, -7.30418963105606E-6
-0.11, -7.16834427704609E-6
-0.107, -7.02859599822336E-6
-0.104, -6.88853071311709E-6
-0.101, -6.74322288462833E-6
-0.0980000000000001, -6.59423291491609E-6
-0.095, -6.44648559041652E-6
-0.092, -6.29137476824965E-6
-0.0890000000000001, -6.13515776111216E-6
-0.0860000000000001, -5.9764376239319E-6
-0.083, -5.81224333411954E-6
-0.08, -5.64943377393206E-6
-0.077, -5.4799387401164E-6
-0.0740000000000001, -5.31034066415693E-6
-0.071, -5.13510975559549E-6
-0.068, -4.9596289723409E-6
-0.065, -4.77790976226059E-6
-0.062, -4.59759958195867E-6
-0.059, -4.41605442770828E-6
-0.056, -4.22855482589749E-6
-0.053, -4.03726213960207E-6
-0.05, -3.84464493123786E-6
-0.047, -3.65234556773116E-6
-0.0440000000000001, -3.45620472677308E-6
-0.0410000000000001, -3.25790739266774E-6
-0.0380000000000001, -3.05276468611754E-6
-0.0350000000000001, -2.85059107319608E-6
-0.0320000000000001, -2.64195444955526E-6
-0.0290000000000001, -2.42955222089412E-6
-0.026, -2.21643914801984E-6
-0.023, -2.00107186287463E-6
-0.02, -1.77903319131023E-6
-0.017, -1.55133363626861E-6
-0.014, -1.32514240367403E-6
-0.0110000000000001, -1.09190663926267E-6
-0.00800000000000006, -8.5618573352317E-7
-0.00500000000000006, -6.1446311524162E-7
-0.00200000000000006, -3.69489634047345E-7
0.000999999999999945, -1.16127680376533E-7
0.00399999999999995, 1.40567270662173E-7
0.00699999999999995, 3.96346457216031E-7
0.00999999999999995, 6.48946926928468E-7
0.013, 8.97395770584732E-7
0.016, 1.14038867735286E-6
0.0189999999999999, 1.38232351168839E-6
0.0219999999999999, 1.62473924609305E-6
0.0249999999999999, 1.85529358987584E-6
0.0279999999999999, 2.09081399971787E-6
0.0309999999999999, 2.31455984101576E-6
0.0339999999999999, 2.53558946779852E-6
0.0369999999999999, 2.75629567495363E-6
0.04, 2.97175470215881E-6
0.043, 3.18330318948218E-6
0.046, 3.39208427631263E-6
0.049, 3.59806218221662E-6
0.052, 3.80054568774105E-6
0.055, 4.00088980612319E-6
0.058, 4.19635489799654E-6
0.061, 4.39000162476818E-6
0.064, 4.58187751387446E-6
0.067, 4.76605089438077E-6
0.0699999999999999, 4.95457883756037E-6
0.0729999999999999, 5.13106469201597E-6
0.0759999999999999, 5.31103906111569E-6
0.0789999999999999, 5.48842337915871E-6
0.0819999999999999, 5.6628962336827E-6
0.0849999999999999, 5.83032514801628E-6
0.0879999999999999, 5.9981067395892E-6
0.0909999999999999, 6.16162759813415E-6
0.0939999999999999, 6.32174016440275E-6
0.0969999999999999, 6.47918549704934E-6
0.1, 6.63401878859269E-6
0.103, 6.78285284662254E-6
0.106, 6.93153291300233E-6
0.109, 7.0778739916133E-6
0.112, 7.21958277121416E-6
0.115, 7.35706662686999E-6
0.118, 7.49579731186069E-6
0.121, 7.626969313614E-6
0.124, 7.75659385652151E-6
0.127, 7.88208514786713E-6
0.13, 8.00917369673735E-6
0.133, 8.12820404814795E-6
0.136, 8.24479297766158E-6
0.139, 8.36152914711732E-6
0.142, 8.4740858336315E-6
0.145, 8.58010976094214E-6
0.148, 8.68695295210929E-6
0.151, 8.79083800594599E-6
0.154, 8.89066077853534E-6
0.157, 8.98811592865057E-6
0.16, 9.08244903379479E-6
0.163, 9.17168983664473E-6
0.166, 9.26056531441125E-6
0.169, 9.34890728902097E-6
0.172, 9.4318362470386E-6
0.175, 9.51412929671951E-6
0.178, 9.59083394319357E-6
0.181, 9.66472764161956E-6
0.184, 9.73788411514119E-6
0.187, 9.80729417292634E-6
0.19, 9.87748935688269E-6
0.193, 9.94576732702658E-6
0.196, 1.00091331518346E-5
0.199, 1.00734085439471E-5
0.202, 1.01295293578899E-5
0.205, 1.01892959573853E-5
0.208, 1.02455623038808E-5
0.211, 1.0299798110835E-5
0.214, 1.03485811188883E-5
0.217, 1.04008422362866E-5
0.22, 1.04469834469063E-5
0.223, 1.04942105953285E-5
0.226, 1.05392941697168E-5
0.229, 1.0583288972142E-5
0.232, 1.06275491030038E-5
0.235, 1.0667980236815E-5
0.238, 1.0706582351881E-5
0.241, 1.07424107175885E-5
0.244, 1.0782335175085E-5
0.247, 1.08164753644173E-5
0.25, 1.08515354342728E-5
0.253, 1.08851693404698E-5
0.256, 1.09186768080941E-5
0.259, 1.09462258881065E-5
0.262, 1.09784920176076E-5
0.265, 1.10100766210231E-5
0.268, 1.10378893881101E-5
0.271, 1.10656052217075E-5
0.274, 1.10923932987569E-5
0.277, 1.11217490898082E-5
0.28, 1.11448156705004E-5
0.283, 1.11720878051465E-5
0.286, 1.11969937138471E-5
0.289, 1.12197005708453E-5
0.292, 1.12442237080283E-5
0.295, 1.12665042628373E-5
0.298, 1.12892237506102E-5
0.301, 1.1310475317293E-5

0.439344193118053, 1.20309916233397E-5

-0.224, -1.04215231018359E-5
-0.221, -1.03772969414751E-5
-0.218, -1.03315656660325E-5
-0.215, -1.02807477098033E-5
-0.212, -1.02335318927902E-5
-0.209, -1.01835791800842E-5
-0.206, -1.01302536384474E-5
-0.203, -1.0073197442234E-5
-0.2, -1.00176779310848E-5
-0.197, -9.95871623903529E-6
-0.194, -9.89789026193094E-6
-0.191, -9.83798063665098E-6
-0.188, -9.76998116437255E-6
-0.185, -9.70554901122853E-6
-0.182, -9.63433881328281E-6
-0.179, -9.56227429066863E-6
-0.176, -9.48987532677508E-6
-0.173, -9.41242866771638E-6
-0.17, -9.33506137846558E-6
-0.167, -9.25124660944891E-6
-0.164, -9.16731254345032E-6
-0.161, -9.08102350004415E-6
-0.158, -8.99064727855142E-6
-0.155, -8.90007784844712E-6
-0.152, -8.80504395886896E-6
-0.149, -8.70964749498374E-6
-0.146, -8.60745021063489E-6
-0.143, -8.50253308176225E-6
-0.14, -8.39763574903184E-6
-0.137, -8.28888668151208E-6
-0.134, -8.17480660459656E-6
-0.131, -8.06038507761078E-6
-0.128, -7.94255885787163E-6
-0.125, -7.82191923031205E-6
-0.122, -7.69595995767141E-6
-0.119, -7.57165950085838E-6
-0.116, -7.43983355176557E-6
-0.113, -7.30942622836144E-6
-0.11, -7.17117143066851E-6
-0.107, -7.03061697127448E-6
-0.104, -6.89043408007929E-6
-0.101, -6.74512350908776E-6
-0.0980000000000001, -6.60004471819534E-6
-0.095, -6.44946774836856E-6
-0.092, -6.29255611480284E-6
-0.0890000000000001, -6.13553198824812E-6
-0.0860000000000001, -5.97649724770692E-6
-0.083, -5.81418387482379E-6
-0.08, -5.65061698104437E-6
-0.077, -5.48253808125196E-6
-0.0740000000000001, -5.31093088604881E-6
-0.071, -5.13727260486158E-6
-0.068, -4.9616587349249E-6
-0.065, -4.77998163671083E-6
-0.062, -4.60117024926497E-6
-0.059, -4.41530205961534E-6
-0.056, -4.23077894841916E-6
-0.053, -4.04095325573073E-6
-0.05, -3.85025078594591E-6
-0.0470000000000001, -3.65241698065465E-6
-0.0440000000000001, -3.45691538805409E-6
-0.0410000000000001, -3.26003094044954E-6
-0.0380000000000001, -3.05557510378622E-6
-0.0350000000000001, -2.8503216338148E-6
-0.0320000000000001, -2.64175523233541E-6
-0.0290000000000001, -2.42989158097347E-6
-0.026, -2.21717028152343E-6
-0.023, -2.00172200585948E-6
-0.02, -1.77906331320503E-6
-0.017, -1.55423768264988E-6
-0.0140000000000001, -1.32610177511587E-6
-0.0110000000000001, -1.09274521232218E-6
-0.00800000000000006, -8.56677141696575E-7
-0.00500000000000006, -6.16078331159619E-7
-0.00200000000000006, -3.66902328018689E-7
0.000999999999999945, -1.19095629987161E-7
0.00399999999999995, 1.3925416489724E-7
0.00699999999999995, 3.96422542301152E-7
0.00999999999999995, 6.48968070458527E-7
0.013, 8.93793216612658E-7
0.0159999999999999, 1.14342796351776E-6
0.0189999999999999, 1.38296669383932E-6
0.0219999999999999, 1.62004455363523E-6
0.0249999999999999, 1.85775223114499E-6
0.0279999999999999, 2.08874070226348E-6
0.0309999999999999, 2.31130961098153E-6
0.0339999999999999, 2.53620047814461E-6
0.0369999999999999, 2.7551175847323E-6
0.04, 2.97097055058265E-6
0.043, 3.18081347364435E-6
0.046, 3.39305687628797E-6
0.049, 3.5985796284399E-6
0.052, 3.8012721502073E-6
0.055, 3.99712876843736E-6
0.058, 4.19535267848328E-6
0.061, 4.38973157139809E-6
0.064, 4.58108039261593E-6
0.0669999999999999, 4.76837330882485E-6
0.0699999999999999, 4.95320186217245E-6
0.0729999999999999, 5.13155959288767E-6
0.0759999999999999, 5.31206020657783E-6
0.0789999999999999, 5.48641978119305E-6
0.0819999999999999, 5.65843528761437E-6
0.0849999999999999, 5.82974565063779E-6
0.0879999999999999, 5.99753081214126E-6
0.0909999999999999, 6.15943582157402E-6
0.0939999999999999, 6.3174761897343E-6
0.0969999999999999, 6.47873831425105E-6
0.1, 6.6306564170253E-6
0.103, 6.78377045127692E-6
0.106, 6.93042667995511E-6
0.109, 7.07510635316614E-6
0.112, 7.21673990368779E-6
0.115, 7.35654269712534E-6
0.118, 7.496904737105E-6
0.121, 7.62779006631668E-6
0.124, 7.75464391813312E-6
0.127, 7.88060332589295E-6
0.13, 8.00535624474312E-6
0.133, 8.12788503931858E-6
0.136, 8.24582940124658E-6
0.139, 8.36037172237293E-6
0.142, 8.47094564165973E-6
0.145, 8.58164998576519E-6
0.148, 8.68806039475991E-6
0.151, 8.79046287231549E-6
0.154, 8.89096436807728E-6
0.157, 8.98819528455666E-6
0.16, 9.08448269281396E-6
0.163, 9.17283493441154E-6
0.166, 9.25979229216456E-6
0.169, 9.34804676943758E-6
0.172, 9.43030901107214E-6
0.175, 9.51245193474738E-6
0.178, 9.58913084674863E-6
0.181, 9.66348414794899E-6
0.184, 9.73885074690258E-6
0.187, 9.80616247994829E-6
0.19, 9.87716336825597E-6
0.193, 9.94345316473917E-6
0.196, 1.0009485393373E-5
0.199, 1.00705019755839E-5
0.202, 1.01310883629864E-5
0.205, 1.01861163387735E-5
0.208, 1.0244347069536E-5
0.211, 1.02961101308457E-5
0.214, 1.03503860796416E-5
0.217, 1.04001375439128E-5
0.22, 1.04488042611092E-5
0.223, 1.04950865375101E-5
0.226, 1.05402356205205E-5
0.229, 1.05855148011178E-5
0.232, 1.06247507965677E-5
0.235, 1.06666410101327E-5
0.238, 1.07050055293596E-5
0.241, 1.07433097470213E-5
0.244, 1.07791787191539E-5
0.247, 1.08141628347118E-5
0.25, 1.08518310214714E-5
0.253, 1.08851439704416E-5
0.256, 1.0916510524299E-5
0.259, 1.09489340672524E-5
0.262, 1.09764125748725E-5
0.265, 1.10083151257354E-5
0.268, 1.10358389577676E-5
0.271, 1.10665054960233E-5
0.274, 1.10931797469685E-5
0.277, 1.11199208006017E-5
0.28, 1.11444636837199E-5
0.283, 1.11706230464805E-5
0.286, 1.11979125140624E-5
0.289, 1.12221220482209E-5
0.292, 1.12430365214439E-5
0.295, 1.12680082463775E-5
0.298, 1.12890832745169E-5
0.301, 1.13105671575022E-5
0.304, 1.13349845682439E-5

0.439344858305198, 1.20326020885846E-5

-0.227, -1.04652514215957E-5
-0.224, -1.04245381797023E-5
-0.221, -1.03789171411464E-5
-0.218, -1.03340913427904E-5
-0.215, -1.02836307862662E-5
-0.212, -1.0238553618605E-5
-0.209, -1.01856361691911E-5
-0.206, -1.01319112405206E-5
-0.203, -1.00751791202908E-5
-0.2, -1.00186991202168E-5
-0.197, -9.96001381632965E-6
-0.194, -9.90196380809746E-6
-0.191, -9.83833024380569E-6
-0.188, -9.77198574777836E-6
-0.185, -9.70552522015706E-6
-0.182, -9.63539330760243E-6
-0.179, -9.56486062193816E-6
-0.176, -9.49271266519476E-6
-0.173, -9.41666274902207E-6
-0.17, -9.33501571047774E-6
-0.167, -9.2517512942612E-6
-0.164, -9.16879546956511E-6
-0.161, -9.08205675779122E-6
-0.158, -8.99505106566961E-6
-0.155, -8.90192632699196E-6
-0.152, -8.80619147813446E-6
-0.149, -8.70789162850233E-6
-0.146, -8.6091245798839E-6
-0.143, -8.50565979618187E-6
-0.14, -8.39918461509295E-6
-0.137, -8.28785696459526E-6
-0.134, -8.17785363107577E-6
-0.131, -8.06024029297706E-6
-0.128, -7.94364949889789E-6
-0.125, -7.82335884226977E-6
-0.122, -7.69672720048408E-6
-0.119, -7.57288701720638E-6
-0.116, -7.44101250651163E-6
-0.113, -7.3081388341913E-6
-0.11, -7.17208742479728E-6
-0.107, -7.03055007015878E-6
-0.104, -6.89179039978602E-6
-0.101, -6.74603272871194E-6
-0.0980000000000001, -6.59960739804441E-6
-0.095, -6.4467307002444E-6
-0.092, -6.29302054487104E-6
-0.0890000000000001, -6.13889985216613E-6
-0.0860000000000001, -5.97515058439312E-6
-0.083, -5.81694730130873E-6
-0.08, -5.65248234238253E-6
-0.077, -5.48134414752782E-6
-0.0740000000000001, -5.31000499448081E-6
-0.071, -5.14117650039842E-6
-0.068, -4.96265637900083E-6
-0.065, -4.78390373841198E-6
-0.062, -4.60254213804065E-6
-0.059, -4.41817970495062E-6
-0.056, -4.22936547884914E-6
-0.053, -4.04096623340523E-6
-0.0500000000000001, -3.85098462523473E-6
-0.0470000000000001, -3.65603253773932E-6
-0.0440000000000001, -3.45751372225574E-6
-0.0410000000000001, -3.25714504350042E-6
-0.0380000000000001, -3.05694048386949E-6
-0.0350000000000001, -2.8524940806822E-6
-0.0320000000000001, -2.64359263056074E-6
-0.0290000000000001, -2.43122231993078E-6
-0.026, -2.22173954479704E-6
-0.023, -2.00141084150653E-6
-0.02, -1.78017875054085E-6
-0.0170000000000001, -1.55485329187659E-6
-0.0140000000000001, -1.32587006543452E-6
-0.0110000000000001, -1.09395356751406E-6
-0.00800000000000006, -8.58203252800546E-7
-0.00500000000000006, -6.16298788390117E-7
-0.00200000000000006, -3.69950827765223E-7
0.000999999999999945, -1.16665760957348E-7
0.00399999999999995, 1.40149917362047E-7
0.00699999999999995, 3.93937250788624E-7
0.00999999999999995, 6.4631366534968E-7
0.0129999999999999, 8.94841804687743E-7
0.0159999999999999, 1.14174918052927E-6
0.0189999999999999, 1.38405886877981E-6
0.0219999999999999, 1.62189847389529E-6
0.0249999999999999, 1.85670640531893E-6
0.0279999999999999, 2.08447057682022E-6
0.0309999999999999, 2.31160405047925E-6
0.0339999999999999, 2.53437850098882E-6
0.0369999999999999, 2.75380252379604E-6
0.04, 2.97096542081506E-6
0.043, 3.18043154838404E-6
0.046, 3.39195499100141E-6
0.049, 3.59382355908364E-6
0.052, 3.80147458210298E-6
0.055, 4.00131291679414E-6
0.058, 4.19346554412608E-6
0.061, 4.3879016900404E-6
0.0639999999999999, 4.58269318872339E-6
0.0669999999999999, 4.76696362410283E-6
0.0699999999999999, 4.95158679409498E-6
0.0729999999999999, 5.13330622269817E-6
0.0759999999999999, 5.310922483998E-6
0.0789999999999999, 5.48532764067714E-6
0.0819999999999999, 5.6601083407611E-6
0.0849999999999999, 5.82883128809402E-6
0.0879999999999999, 5.99324177300492E-6
0.0909999999999999, 6.15518520905351E-6
0.0939999999999999, 6.31933002880834E-6
0.0969999999999999, 6.47281597088793E-6
0.1, 6.62930000326717E-6
0.103, 6.78100436838754E-6
0.106, 6.92830679363424E-6
0.109, 7.07374016057634E-6
0.112, 7.21725602652824E-6
0.115, 7.35548979689596E-6
0.118, 7.49338488658702E-6
0.121, 7.62482558709036E-6
0.124, 7.75274293784057E-6
0.127, 7.882684920409E-6
0.13, 8.00575281637438E-6
0.133, 8.12612938702247E-6
0.136, 8.24347993427663E-6
0.139, 8.35811636050751E-6
0.142, 8.46897238193926E-6
0.145, 8.57909033955675E-6
0.148, 8.68480701431018E-6
0.151, 8.78768011510011E-6
0.154, 8.88974370271913E-6
0.157, 8.98460865759425E-6
0.16, 9.07960666042165E-6
0.163, 9.17341994262244E-6
0.166, 9.25981186092534E-6
0.169, 9.34480134196891E-6
0.172, 9.4295337816102E-6
0.175, 9.51036201925275E-6
0.178, 9.5859854404238E-6
0.181, 9.66363779794132E-6
0.184, 9.73452290203534E-6
0.187, 9.80636100549509E-6
0.19, 9.87596502664923E-6
0.193, 9.94257711900884E-6
0.196, 1.00049790584942E-5
0.199, 1.00693847559795E-5
0.202, 1.01268372959745E-5
0.205, 1.01882647047716E-5
0.208, 1.02418810897518E-5
0.211, 1.02957908158254E-5
0.214, 1.03470366202591E-5
0.217, 1.0397708528182E-5
0.22, 1.04445034803028E-5
0.223, 1.04920216748103E-5
0.226, 1.05403592781677E-5
0.229, 1.05813321346958E-5
0.232, 1.06208886790292E-5
0.235, 1.06624969636759E-5
0.238, 1.07031649428491E-5
0.241, 1.0741298551991E-5
0.244, 1.0778818548759E-5
0.247, 1.08153653218211E-5
0.25, 1.08492392893032E-5
0.253, 1.08821534235566E-5
0.256, 1.09156226555983E-5
0.259, 1.09457069627129E-5
0.262, 1.09768350400232E-5
0.265, 1.10105485726046E-5
0.268, 1.10361416892741E-5
0.271, 1.10660910224227E-5
0.274, 1.10932278392082E-5
0.277, 1.11203383246134E-5
0.28, 1.11467503726299E-5
0.283, 1.11717846612342E-5
0.286, 1.11976605098105E-5
0.289, 1.12194464729198E-5
0.292, 1.12404513279995E-5
0.295, 1.12672923029034E-5
0.298, 1.12906928759408E-5
0.301, 1.13148416102616E-5
0.304, 1.13356661033951E-5
0.307, 1.13560706829773E-5

0.439350591812766, 1.20309596929759E-5

-0.23, -1.05100615544824E-5
-0.227, -1.04691210137995E-5
-0.224, -1.04256895693735E-5
-0.221, -1.03819990669091E-5
-0.218, -1.03338674158534E-5
-0.215, -1.02894801743961E-5
-0.212, -1.02367981971084E-5
-0.209, -1.01870649620041E-5
-0.206, -1.01340344728161E-5
-0.203, -1.00785939832214E-5
-0.2, -1.00205941436237E-5
-0.197, -9.96265279667642E-6
-0.194, -9.90183331652195E-6
-0.191, -9.84125246823961E-6
-0.188, -9.77723328136277E-6
-0.185, -9.70728714113968E-6
-0.182, -9.6380428522404E-6
-0.179, -9.56870667934887E-6
-0.176, -9.49103051174942E-6
-0.173, -9.41643104357462E-6
-0.17, -9.33869820880857E-6
-0.167, -9.25472929436551E-6
-0.164, -9.1713394896567E-6
-0.161, -9.08447388445701E-6
-0.158, -8.99655886264958E-6
-0.155, -8.90439617175457E-6
-0.152, -8.81009301449157E-6
-0.149, -8.71270943540344E-6
-0.146, -8.61133002869009E-6
-0.143, -8.50766798797525E-6
-0.14, -8.39888142730462E-6
-0.137, -8.29108222041387E-6
-0.134, -8.17865815545754E-6
-0.131, -8.06345197086342E-6
-0.128, -7.94646571721421E-6
-0.125, -7.8229539044352E-6
-0.122, -7.70001416084138E-6
-0.119, -7.5712573232232E-6
-0.116, -7.44313471086529E-6
-0.113, -7.30815438025594E-6
-0.11, -7.17493927165327E-6
-0.107, -7.03421650698437E-6
-0.104, -6.89129330776037E-6
-0.101, -6.74662155853565E-6
-0.098, -6.60087277984316E-6
-0.095, -6.44935958711684E-6
-0.092, -6.29468973131354E-6
-0.089, -6.13965019666388E-6
-0.086, -5.97768206787821E-6
-0.083, -5.81711306517015E-6
-0.08, -5.65101246878888E-6
-0.077, -5.48459197597896E-6
-0.074, -5.31413195061314E-6
-0.071, -5.13963211941387E-6
-0.068, -4.96340803043292E-6
-0.065, -4.78454849867988E-6
-0.062, -4.60288755131527E-6
-0.059, -4.41854896894641E-6
-0.056, -4.23130113254783E-6
-0.053, -4.04282606505157E-6
-0.0500000000000001, -3.84924846726225E-6
-0.047, -3.65560176322781E-6
-0.044, -3.45915570084313E-6
-0.041, -3.25599297194129E-6
-0.038, -3.05615697009067E-6
-0.035, -2.85176614474531E-6
-0.032, -2.64397909397689E-6
-0.029, -2.43349020246692E-6
-0.026, -2.21675036911464E-6
-0.023, -2.00182831984507E-6
-0.02, -1.77958707483E-6
-0.017, -1.55643252486375E-6
-0.014, -1.32882678275915E-6
-0.011, -1.09348148431853E-6
-0.00800000000000003, -8.59538217151406E-7
-0.00500000000000003, -6.14496093708941E-7
-0.00200000000000003, -3.70806879157215E-7
0.000999999999999973, -1.16544980445756E-7
0.00399999999999998, 1.38178189671426E-7
0.00699999999999998, 3.93435317078998E-7
0.00999999999999995, 6.47649293517891E-7
0.013, 8.95556263367987E-7
0.016, 1.14151429301633E-6
0.019, 1.38142239580588E-6
0.022, 1.62130196388279E-6
0.025, 1.85618434979427E-6
0.028, 2.08666493858265E-6
0.031, 2.31157326361954E-6
0.034, 2.53431977706724E-6
0.037, 2.75017819409031E-6
0.04, 2.96671125171495E-6
0.043, 3.18080077059078E-6
0.046, 3.39074957407431E-6
0.049, 3.59592932364371E-6
0.052, 3.80038256502246E-6
0.055, 3.99624498211566E-6
0.058, 4.19196054140459E-6
0.0609999999999999, 4.38935331812786E-6
0.0639999999999999, 4.5806423845879E-6
0.0669999999999999, 4.76666610808831E-6
0.0699999999999999, 4.95049451932363E-6
0.0729999999999999, 5.12844136535123E-6
0.076, 5.30911718417346E-6
0.079, 5.48433572076727E-6
0.082, 5.65753824872615E-6
0.085, 5.82687278887214E-6
0.088, 5.99185000344946E-6
0.091, 6.15679096044772E-6
0.094, 6.31755338017797E-6
0.097, 6.47389712675003E-6
0.1, 6.62981510419126E-6
0.103, 6.78063571169865E-6
0.106, 6.93111188905037E-6
0.109, 7.07277930874874E-6
0.112, 7.21636295326493E-6
0.115, 7.35519408304279E-6
0.118, 7.49045532260658E-6
0.121, 7.62401262609043E-6
0.124, 7.75594610688705E-6
0.127, 7.88132588024584E-6
0.13, 8.0050901175465E-6
0.133, 8.12480893215906E-6
0.136, 8.24372022500742E-6
0.139, 8.3563692802238E-6
0.142, 8.46917774732618E-6
0.145, 8.57972414333514E-6
0.148, 8.68493133432049E-6
0.151, 8.78521535176077E-6
0.154, 8.88684558556074E-6
0.157, 8.98398795092823E-6
0.16, 9.07876461178509E-6
0.163, 9.17003555313248E-6
0.166, 9.25899986885118E-6
0.169, 9.34405341813237E-6
0.172, 9.42783474895638E-6
0.175, 9.50767779514648E-6
0.178, 9.58781031808001E-6
0.181, 9.66200569969465E-6
0.184, 9.73597005586776E-6
0.187, 9.8051484975462E-6
0.19, 9.87456416793253E-6
0.193, 9.93801211273396E-6
0.196, 1.00069334191365E-5
0.199, 1.00674232798439E-5
0.202, 1.01257955979644E-5
0.205, 1.01861635018568E-5
0.208, 1.02419745670231E-5
0.211, 1.02935505559982E-5
0.214, 1.03474161840082E-5
0.217, 1.03975259043434E-5
0.22, 1.04462800227183E-5
0.223, 1.04930151507151E-5
0.226, 1.05395060893407E-5
0.229, 1.05804127390936E-5
0.232, 1.06243799569448E-5
0.235, 1.06646283827205E-5
0.238, 1.07045852661844E-5
0.241, 1.07400735843803E-5
0.244, 1.07796083909966E-5
0.247, 1.08134283456462E-5
0.25, 1.08502752861392E-5
0.253, 1.08837040252381E-5
0.256, 1.09154017891704E-5
0.259, 1.09465961095668E-5
0.262, 1.09791385306852E-5
0.265, 1.10071015145102E-5
0.268, 1.1038631669585E-5
0.271, 1.10640930195351E-5
0.274, 1.1094641100244E-5
0.277, 1.11177571321122E-5
0.28, 1.11453475682623E-5
0.283, 1.11682645571938E-5
0.286, 1.11946249721993E-5
0.289, 1.12196260174693E-5
0.292, 1.12442104589984E-5
0.295, 1.1267489094727E-5
0.298, 1.12901147490238E-5
0.301, 1.1311431000943E-5
0.304, 1.13337481913429E-5
0.307, 1.13558242459147E-5
0.31, 1.13757017465888E-5

0.439340829328261, 1.20312638506716E-5

-0.233, -1.05539347926719E-5
-0.23, -1.0511127315272E-5
-0.227, -1.04728538837695E-5
-0.224, -1.04275443217399E-5
-0.221, -1.03832197910354E-5
-0.218, -1.03382356691958E-5
-0.215, -1.02892901752477E-5
-0.212, -1.02382647892976E-5
-0.209, -1.01872824297147E-5
-0.206, -1.01372458713072E-5
-0.203, -1.00791165207135E-5
-0.2, -1.00251079674643E-5
-0.197, -9.965379747195E-6
-0.194, -9.90370916234198E-6
-0.191, -9.84177657566321E-6
-0.188, -9.77731785645455E-6
-0.185, -9.71002563499327E-6
-0.182, -9.64150850827588E-6
-0.179, -9.5680230066222E-6
-0.176, -9.49521474882489E-6
-0.173, -9.41711650516495E-6
-0.17, -9.33863347025352E-6
-0.167, -9.25951084336136E-6
-0.164, -9.17465590739672E-6
-0.161, -9.08897127811132E-6
-0.158, -8.99882789601985E-6
-0.155, -8.90600995563751E-6
-0.152, -8.81099088588469E-6
-0.149, -8.71312140332647E-6
-0.146, -8.61142274292547E-6
-0.143, -8.50850835785363E-6
-0.14, -8.40151333876889E-6
-0.137, -8.29252434895176E-6
-0.134, -8.17893634251851E-6
-0.131, -8.06727957831499E-6
-0.128, -7.95019727400849E-6
-0.125, -7.82686554482202E-6
-0.122, -7.70088154305118E-6
-0.119, -7.57448983636694E-6
-0.116, -7.44458305649305E-6
-0.113, -7.31294187097502E-6
-0.11, -7.17652859793383E-6
-0.107, -7.03833852140286E-6
-0.104, -6.89452563871197E-6
-0.101, -6.74828361248646E-6
-0.098, -6.60027365803186E-6
-0.095, -6.4496858963439E-6
-0.092, -6.29678587905342E-6
-0.089, -6.14094605133067E-6
-0.086, -5.97970792440439E-6
-0.083, -5.8169403263537E-6
-0.08, -5.65194381975904E-6
-0.077, -5.4820139787745E-6
-0.074, -5.31497510412139E-6
-0.071, -5.1396634531867E-6
-0.068, -4.96387633015068E-6
-0.065, -4.78276537071735E-6
-0.062, -4.6018213407572E-6
-0.059, -4.42013131915656E-6
-0.0560000000000001, -4.23291131148644E-6
-0.053, -4.04359687580139E-6
-0.0500000000000001, -3.85008360172374E-6
-0.047, -3.65523293563214E-6
-0.044, -3.45604212405146E-6
-0.041, -3.25860136791124E-6
-0.038, -3.05480210097934E-6
-0.035, -2.8502447385348E-6
-0.032, -2.64481271214817E-6
-0.029, -2.43298508679959E-6
-0.026, -2.21936613971468E-6
-0.023, -2.00202010775364E-6
-0.02, -1.78120720363387E-6
-0.017, -1.55561871578868E-6
-0.014, -1.32785013601294E-6
-0.011, -1.09302662259091E-6
-0.00800000000000003, -8.58021118918416E-7
-0.00500000000000003, -6.1704124089193E-7
-0.00200000000000003, -3.67970622043902E-7
0.000999999999999973, -1.19090319178707E-7
0.00399999999999998, 1.39515846918298E-7
0.00699999999999995, 3.92927764230269E-7
0.00999999999999995, 6.45273022622974E-7
0.013, 8.9432560087551E-7
0.016, 1.14341127465415E-6
0.019, 1.38060467869924E-6
0.022, 1.62037895257386E-6
0.025, 1.85495271159961E-6
0.028, 2.08265300128911E-6
0.031, 2.31403291948905E-6
0.034, 2.53221368512284E-6
0.037, 2.75180227393102E-6
0.04, 2.97027627575199E-6
0.043, 3.17924770799811E-6
0.046, 3.38870249145616E-6
0.049, 3.59677192243759E-6
0.052, 3.79887249590879E-6
0.055, 3.99769122449415E-6
0.0579999999999999, 4.1920042621472E-6
0.0609999999999999, 4.38992489553445E-6
0.0639999999999999, 4.57617885658656E-6
0.0669999999999999, 4.76600571952823E-6
0.0699999999999999, 4.94778786653348E-6
0.0729999999999999, 5.1324906498962E-6
0.076, 5.31037931351194E-6
0.079, 5.48429923526321E-6
0.082, 5.65717704488271E-6
0.085, 5.8264293736686E-6
0.088, 5.99195589456122E-6
0.091, 6.15632216256392E-6
0.094, 6.3138725278946E-6
0.097, 6.47223401530528E-6
0.1, 6.62885394338382E-6
0.103, 6.77977634044797E-6
0.106, 6.92842114591674E-6
0.109, 7.07228742087051E-6
0.112, 7.21600695234427E-6
0.115, 7.35269617844269E-6
0.118, 7.48619392822297E-6
0.121, 7.6206793684338E-6
0.124, 7.75289064613644E-6
0.127, 7.87848298358433E-6
0.13, 8.00267580142449E-6
0.133, 8.1230330111504E-6
0.136, 8.23998881856161E-6
0.139, 8.35568854706376E-6
0.142, 8.46642004714844E-6
0.145, 8.57836382372085E-6
0.148, 8.68311422646472E-6
0.151, 8.78458599509045E-6
0.154, 8.88373909796086E-6
0.157, 8.98416806831994E-6
0.16, 9.07749147776806E-6
0.163, 9.17019736676626E-6
0.166, 9.25801058568286E-6
0.169, 9.34338378954304E-6
0.172, 9.42436192431233E-6
0.175, 9.50708943500031E-6
0.178, 9.58742888179025E-6
0.181, 9.66154861548929E-6
0.184, 9.73520143894818E-6
0.187, 9.80530969689336E-6
0.19, 9.8734814595028E-6
0.193, 9.94084856426599E-6
0.196, 1.00055586511868E-5
0.199, 1.00680004453957E-5
0.202, 1.01269573622403E-5
0.205, 1.0185654075036E-5
0.208, 1.02393648963658E-5
0.211, 1.02962915365483E-5
0.214, 1.03449189209414E-5
0.217, 1.03979653677362E-5
0.22, 1.04445173797729E-5
0.223, 1.04918996809531E-5
0.226, 1.05378968667418E-5
0.229, 1.05819909330975E-5
0.232, 1.06213037403086E-5
0.235, 1.06650427982936E-5
0.238, 1.07022640560767E-5
0.241, 1.07429859491314E-5
0.244, 1.07783003831336E-5
0.247, 1.08146286589138E-5
0.25, 1.08504087448042E-5
0.253, 1.08830786407031E-5
0.256, 1.09161059463988E-5
0.259, 1.09481848075718E-5
0.262, 1.09788052057395E-5
0.265, 1.10075766285478E-5
0.268, 1.10377539096871E-5
0.271, 1.10658787750405E-5
0.274, 1.10950678374331E-5
0.277, 1.11175526492965E-5
0.28, 1.11449225685825E-5
0.283, 1.11693570156391E-5
0.286, 1.11931443394513E-5
0.289, 1.12180090848284E-5
0.292, 1.12414042063225E-5
0.295, 1.12652612899435E-5
0.298, 1.12887241248007E-5
0.301, 1.13104985857425E-5
0.304, 1.13328971939549E-5
0.307, 1.13534647629938E-5
0.31, 1.13760029842466E-5
0.313, 1.13965628981863E-5

0.43935315823406, 1.20311785698251E-5

-0.236, -1.05954719918925E-5
-0.233, -1.05549768328257E-5
-0.23, -1.05141452476298E-5
-0.227, -1.04751015435322E-5
-0.224, -1.04299642124771E-5
-0.221, -1.03854566965523E-5
-0.218, -1.03405686944044E-5
-0.215, -1.02905452965944E-5
-0.212, -1.02408770883034E-5
-0.209, -1.01913086911196E-5
-0.206, -1.01394454256261E-5
-0.203, -1.00823996623327E-5
-0.2, -1.00238639202097E-5
-0.197, -9.9668585323478E-6
-0.194, -9.9058191241463E-6
-0.191, -9.84310199096171E-6
-0.188, -9.77946318076525E-6
-0.185, -9.71255274448003E-6
-0.182, -9.64055207921128E-6
-0.179, -9.57100820565768E-6
-0.176, -9.49456372027139E-6
-0.173, -9.4190222978118E-6
-0.17, -9.34113560285237E-6
-0.167, -9.26063143572745E-6
-0.164, -9.17441389664792E-6
-0.161, -9.08739989583435E-6
-0.158, -8.99835405539896E-6
-0.155, -8.9077899716099E-6
-0.152, -8.81238965726708E-6
-0.149, -8.71245292319324E-6
-0.146, -8.61228725907481E-6
-0.143, -8.51159969853115E-6
-0.14, -8.40111989256452E-6
-0.137, -8.29519077422475E-6
-0.134, -8.18230526168559E-6
-0.131, -8.06650930675798E-6
-0.128, -7.9493994213012E-6
-0.125, -7.82667560311775E-6
-0.122, -7.70388369376759E-6
-0.119, -7.57637607038397E-6
-0.116, -7.44902159632452E-6
-0.113, -7.3142889728899E-6
-0.11, -7.1769771958297E-6
-0.107, -7.03842208141563E-6
-0.104, -6.89461474752254E-6
-0.101, -6.74985419886947E-6
-0.098, -6.60280021036971E-6
-0.095, -6.45286727192399E-6
-0.092, -6.30021265545514E-6
-0.089, -6.14097058628017E-6
-0.086, -5.98174167232454E-6
-0.083, -5.81926867969976E-6
-0.08, -5.65494352933217E-6
-0.077, -5.4849457171048E-6
-0.074, -5.31352370126967E-6
-0.071, -5.14319189640411E-6
-0.068, -4.9638592608379E-6
-0.065, -4.78753161670017E-6
-0.062, -4.60359417389108E-6
-0.0590000000000001, -4.42056389166626E-6
-0.0560000000000001, -4.23296585539469E-6
-0.053, -4.04675404264871E-6
-0.0500000000000001, -3.8537763063605E-6
-0.047, -3.65755241285246E-6
-0.044, -3.46222132147177E-6
-0.041, -3.26085029749986E-6
-0.038, -3.05840773980969E-6
-0.035, -2.85526040661452E-6
-0.032, -2.64654195929263E-6
-0.029, -2.43515992286559E-6
-0.026, -2.22099435477323E-6
-0.023, -2.00165710539729E-6
-0.02, -1.78319066693076E-6
-0.017, -1.55629186785164E-6
-0.014, -1.32976599106977E-6
-0.011, -1.09406800361096E-6
-0.00800000000000003, -8.57065027223751E-7
-0.00500000000000003, -6.17944873242383E-7
-0.00200000000000003, -3.70492201088437E-7
0.000999999999999973, -1.1918153011223E-7
0.00399999999999995, 1.37667817064227E-7
0.00699999999999995, 3.92994849230566E-7
0.00999999999999995, 6.46931900905583E-7
0.013, 8.96504496830321E-7
0.016, 1.13999049740063E-6
0.019, 1.38126666989937E-6
0.022, 1.61914703768419E-6
0.025, 1.85499727245057E-6
0.028, 2.08544438508637E-6
0.031, 2.30692706650139E-6
0.034, 2.53427086493756E-6
0.037, 2.7508931404427E-6
0.04, 2.96633945874219E-6
0.043, 3.17758563142115E-6
0.046, 3.39206037001667E-6
0.049, 3.59506254417688E-6
0.052, 3.79880554650258E-6
0.0549999999999999, 3.99477326481661E-6
0.0579999999999999, 4.19359743114863E-6
0.0609999999999999, 4.38519064659613E-6
0.0639999999999999, 4.57896159413936E-6
0.0669999999999999, 4.76363441176234E-6
0.0699999999999999, 4.94941152223891E-6
0.0729999999999999, 5.13055706072417E-6
0.076, 5.30576661844206E-6
0.079, 5.4813801900375E-6
0.082, 5.65699871258238E-6
0.085, 5.82574019429048E-6
0.088, 5.99185282538189E-6
0.091, 6.15425866408739E-6
0.094, 6.31340435499108E-6
0.097, 6.47186330469141E-6
0.1, 6.62669812646791E-6
0.103, 6.77815784659646E-6
0.106, 6.92851137469763E-6
0.109, 7.07193502507901E-6
0.112, 7.2114859864694E-6
0.115, 7.35407142726827E-6
0.118, 7.48855499648601E-6
0.121, 7.62287017576924E-6
0.124, 7.75292623993767E-6
0.127, 7.87839660032664E-6
0.13, 8.00091408182436E-6
0.133, 8.12366822457052E-6
0.136, 8.23972642795675E-6
0.139, 8.35581400893528E-6
0.142, 8.46730546194787E-6
0.145, 8.57684626528543E-6
0.148, 8.68097434453518E-6
0.151, 8.78418865742027E-6
0.154, 8.88220587313684E-6
0.157, 8.98329287592118E-6
0.16, 9.07725935294729E-6
0.163, 9.16898173715542E-6
0.166, 9.25754969769237E-6
0.169, 9.34184213205931E-6
0.172, 9.42573943614861E-6
0.175, 9.50618483353507E-6
0.178, 9.58388427495634E-6
0.181, 9.6603619141393E-6
0.184, 9.73451985490695E-6
0.187, 9.80365441824827E-6
0.19, 9.87132278458791E-6
0.193, 9.93780242632907E-6
0.196, 1.00047405543265E-5
0.199, 1.00661317542469E-5
0.202, 1.01255261864614E-5
0.205, 1.01824589928192E-5
0.208, 1.02386724864139E-5
0.211, 1.02939819018938E-5
0.214, 1.03446930881489E-5
0.217, 1.0397170493749E-5
0.22, 1.04435255417711E-5
0.223, 1.0491862116088E-5
0.226, 1.05372300620464E-5
0.229, 1.05794141350361E-5
0.232, 1.0623474486413E-5
0.235, 1.06642414947816E-5
0.238, 1.07034434821937E-5
0.241, 1.07396648468717E-5
0.244, 1.07784153113525E-5
0.247, 1.08134221977747E-5
0.25, 1.08483941820057E-5
0.253, 1.08824621888734E-5
0.256, 1.09151288725741E-5
0.259, 1.09508986538048E-5
0.262, 1.09767309000883E-5
0.265, 1.10063924387758E-5
0.268, 1.10396178317831E-5
0.271, 1.10649472511698E-5
0.274, 1.10927016110519E-5
0.277, 1.11212094287758E-5
0.28, 1.11467283343635E-5
0.283, 1.11719093669638E-5
0.286, 1.11961476112673E-5
0.289, 1.1219686431669E-5
0.292, 1.12462589281205E-5
0.295, 1.12684209632934E-5
0.298, 1.12879845535932E-5
0.301, 1.13107513800401E-5
0.304, 1.13317969367644E-5
0.307, 1.13542187675536E-5
0.31, 1.13753806936109E-5
0.313, 1.13974222667899E-5
0.316, 1.14176712569952E-5

0.439352757502087, 1.20341101288953E-5

-0.239, -1.06326757704175E-5
-0.236, -1.05991510544578E-5
-0.233, -1.05562560224471E-5
-0.23, -1.05177358814384E-5
-0.227, -1.04759383226065E-5
-0.224, -1.04331308815444E-5
-0.221, -1.03897678192274E-5
-0.218, -1.03417013322789E-5
-0.215, -1.02939781339857E-5
-0.212, -1.02440695704852E-5
-0.209, -1.01906818891743E-5
-0.206, -1.01402615702437E-5
-0.203, -1.00846016025219E-5
-0.2, -1.00280304678303E-5
-0.197, -9.97133590197502E-6
-0.194, -9.90826185617267E-6
-0.191, -9.84639194858246E-6
-0.188, -9.77822213914645E-6
-0.185, -9.71141906798248E-6
-0.182, -9.64112162803586E-6
-0.179, -9.57205905353264E-6
-0.176, -9.49835048921958E-6
-0.173, -9.41917194886161E-6
-0.17, -9.34057673347841E-6
-0.167, -9.26098338878009E-6
-0.164, -9.1761007078393E-6
-0.161, -9.08756381540362E-6
-0.158, -9.00319390300766E-6
-0.155, -8.90882509098499E-6
-0.152, -8.81128060230582E-6
-0.149, -8.71414137072402E-6
-0.146, -8.61501008196275E-6
-0.143, -8.51143225115067E-6
-0.14, -8.40414381550211E-6
-0.137, -8.29529014256233E-6
-0.134, -8.18469968545447E-6
-0.131, -8.06777362329245E-6
-0.128, -7.94821230463569E-6
-0.125, -7.82875077579465E-6
-0.122, -7.70297630510765E-6
-0.119, -7.57618073270931E-6
-0.116, -7.44564283046316E-6
-0.113, -7.3127763883619E-6
-0.11, -7.17745047869795E-6
-0.107, -7.0374680204565E-6
-0.104, -6.89659277949484E-6
-0.101, -6.75110952318537E-6
-0.098, -6.60351154253731E-6
-0.095, -6.45303873073583E-6
-0.092, -6.29901981979193E-6
-0.089, -6.14051578875904E-6
-0.086, -5.98433672226026E-6
-0.083, -5.81841850173876E-6
-0.08, -5.65499029217459E-6
-0.077, -5.48631558959349E-6
-0.074, -5.31513391339451E-6
-0.071, -5.14086801521471E-6
-0.068, -4.9656376558253E-6
-0.065, -4.78722791281757E-6
-0.0620000000000001, -4.60513586589257E-6
-0.0590000000000001, -4.42078606977391E-6
-0.0560000000000001, -4.23271700154416E-6
-0.053, -4.04580812318178E-6
-0.0500000000000001, -3.85467492291355E-6
-0.047, -3.65971541077792E-6
-0.044, -3.45986081847645E-6
-0.041, -3.26219243103331E-6
-0.038, -3.05838086859448E-6
-0.035, -2.85139184189179E-6
-0.032, -2.64486800288544E-6
-0.0290000000000001, -2.43555211187302E-6
-0.026, -2.22185162309702E-6
-0.023, -2.00463587739889E-6
-0.02, -1.78139432331987E-6
-0.017, -1.55727881792567E-6
-0.014, -1.32807479421765E-6
-0.011, -1.09648667548977E-6
-0.00800000000000003, -8.59615517418877E-7
-0.00500000000000003, -6.20367612051448E-7
-0.00200000000000003, -3.69826399788287E-7
0.000999999999999945, -1.18252714761952E-7
0.00399999999999995, 1.35642501722324E-7
0.00699999999999995, 3.93757637250962E-7
0.00999999999999995, 6.43898958119627E-7
0.013, 8.93631062182611E-7
0.016, 1.1403001603906E-6
0.019, 1.3805030797234E-6
0.022, 1.61906089224902E-6
0.025, 1.85222573717348E-6
0.028, 2.08121685730027E-6
0.031, 2.31093871622897E-6
0.034, 2.53336623859916E-6
0.037, 2.74997969280801E-6
0.04, 2.96662043528128E-6
0.043, 3.1783868271593E-6
0.046, 3.38950274257956E-6
0.049, 3.59233527922301E-6
0.0519999999999999, 3.79348811376196E-6
0.0549999999999999, 3.99524276404349E-6
0.0579999999999999, 4.19384218580461E-6
0.0609999999999999, 4.38552303426834E-6
0.0639999999999999, 4.57784537079415E-6
0.0669999999999999, 4.7647640558436E-6
0.0699999999999999, 4.94816955106072E-6
0.0729999999999999, 5.12916617315793E-6
0.076, 5.30858080898159E-6
0.079, 5.48285100377771E-6
0.082, 5.6573193771665E-6
0.085, 5.82304727410977E-6
0.088, 5.99234324708681E-6
0.091, 6.15417581705583E-6
0.094, 6.31486130485966E-6
0.097, 6.47192284418757E-6
0.1, 6.62662331963011E-6
0.103, 6.77719857474361E-6
0.106, 6.92590299956711E-6
0.109, 7.07275884804414E-6
0.112, 7.21259334635173E-6
0.115, 7.35230864421152E-6
0.118, 7.48999375799938E-6
0.121, 7.61925282613822E-6
0.124, 7.75024232864092E-6
0.127, 7.87790734637807E-6
0.13, 8.00109518707802E-6
0.133, 8.1207716389274E-6
0.136, 8.24037544878126E-6
0.139, 8.35206476252891E-6
0.142, 8.46480796021656E-6
0.145, 8.57526527938338E-6
0.148, 8.67739287438691E-6
0.151, 8.78269976843931E-6
0.154, 8.88487419228423E-6
0.157, 8.98124405233369E-6
0.16, 9.07379931021891E-6
0.163, 9.16639110792629E-6
0.166, 9.25273337760559E-6
0.169, 9.34214800929259E-6
0.172, 9.42353960284269E-6
0.175, 9.50410562170275E-6
0.178, 9.57944977548099E-6
0.181, 9.65910475280435E-6
0.184, 9.7339640247771E-6
0.187, 9.80282934585597E-6
0.19, 9.87367469739541E-6
0.193, 9.94044100217699E-6
0.196, 1.00006128070734E-5
0.199, 1.00642371947027E-5
0.202, 1.01235724492856E-5
0.205, 1.01817622949181E-5
0.208, 1.02389412844576E-5
0.211, 1.02911945726634E-5
0.214, 1.03437882111774E-5
0.217, 1.0394987389824E-5
0.22, 1.04435108115679E-5
0.223, 1.0489902865645E-5
0.226, 1.05358503772228E-5
0.229, 1.058009505925E-5
0.232, 1.06224019189248E-5
0.235, 1.06638043062382E-5
0.238, 1.07017396373814E-5
0.241, 1.07428584348839E-5
0.244, 1.07804928101544E-5
0.247, 1.08139258602865E-5
0.25, 1.08481814900004E-5
0.253, 1.08806346974708E-5
0.256, 1.09154553983674E-5
0.259, 1.09459928953442E-5
0.262, 1.09768344488435E-5
0.265, 1.10087111049446E-5
0.268, 1.10384447958093E-5
0.271, 1.1064897418245E-5
0.274, 1.1091725702899E-5
0.277, 1.11171562783364E-5
0.28, 1.11454220604607E-5
0.283, 1.11689674213653E-5
0.286, 1.11957384148013E-5
0.289, 1.12204989167312E-5
0.292, 1.12435017580128E-5
0.295, 1.12639593118144E-5
0.298, 1.12893620904291E-5
0.301, 1.13129988073188E-5
0.304, 1.13330124413558E-5
0.307, 1.13529833589386E-5
0.31, 1.13763548481016E-5
0.313, 1.13950974326348E-5
0.316, 1.14155226897036E-5
0.319, 1.14354669628197E-5

0.439345240930146, 1.20294624826133E-5

-0.242, -1.06719486261801E-5
-0.239, -1.06371796881373E-5
-0.236, -1.05981648567826E-5
-0.233, -1.05600028541314E-5
-0.23, -1.05209886403465E-5
-0.227, -1.04761001819049E-5
-0.224, -1.04322897910295E-5
-0.221, -1.03880379079979E-5
-0.218, -1.0344343866454E-5
-0.215, -1.02968354590292E-5
-0.212, -1.02460152509493E-5
-0.209, -1.01944196565857E-5
-0.206, -1.01393404024018E-5
-0.203, -1.00854884680042E-5
-0.2, -1.0027327971784E-5
-0.197, -9.97017285621777E-6
-0.194, -9.90847058312053E-6
-0.191, -9.84559250148225E-6
-0.188, -9.78258015300281E-6
-0.185, -9.71204540895993E-6
-0.182, -9.64269582290562E-6
-0.179, -9.57305094501332E-6
-0.176, -9.49985336549498E-6
-0.173, -9.42270030194304E-6
-0.17, -9.34530924003843E-6
-0.167, -9.26180295787221E-6
-0.164, -9.17846122339915E-6
-0.161, -9.09054391882339E-6
-0.158, -9.00078821975027E-6
-0.155, -8.90803223382563E-6
-0.152, -8.81575834239323E-6
-0.149, -8.71590203877553E-6
-0.146, -8.61570610785822E-6
-0.143, -8.51189879510599E-6
-0.14, -8.40617790629465E-6
-0.137, -8.29569539252742E-6
-0.134, -8.1816529014452E-6
-0.131, -8.0691538861008E-6
-0.128, -7.94993249567753E-6
-0.125, -7.82862783655456E-6
-0.122, -7.70493479158342E-6
-0.119, -7.57803299474844E-6
-0.116, -7.44935145978678E-6
-0.113, -7.31449359023217E-6
-0.11, -7.17854033328208E-6
-0.107, -7.03821977873598E-6
-0.104, -6.89533206211349E-6
-0.101, -6.75157340998724E-6
-0.098, -6.60385129151215E-6
-0.095, -6.4546764963607E-6
-0.092, -6.29951782259658E-6
-0.089, -6.14156924961697E-6
-0.086, -5.9862088885916E-6
-0.083, -5.81988843546397E-6
-0.08, -5.65600731316081E-6
-0.077, -5.48839969146346E-6
-0.074, -5.31530751271597E-6
-0.071, -5.14301931850621E-6
-0.068, -4.96515739769564E-6
-0.0650000000000001, -4.78534204711286E-6
-0.0620000000000001, -4.60629531175999E-6
-0.0590000000000001, -4.42067479633833E-6
-0.0560000000000001, -4.23515051161048E-6
-0.053, -4.04451437181775E-6
-0.0500000000000001, -3.85508240240545E-6
-0.047, -3.65887235034405E-6
-0.044, -3.46333162653765E-6
-0.041, -3.26510710845231E-6
-0.038, -3.0589570943282E-6
-0.035, -2.85385270940779E-6
-0.0320000000000001, -2.64614963719494E-6
-0.0290000000000001, -2.43440425176906E-6
-0.026, -2.22360094404642E-6
-0.023, -2.00400383729049E-6
-0.02, -1.78341151690675E-6
-0.017, -1.55802867239429E-6
-0.014, -1.32789359676451E-6
-0.011, -1.097407303206E-6
-0.00800000000000003, -8.6115803130394E-7
-0.00500000000000003, -6.17814960669638E-7
-0.00200000000000006, -3.72947275992866E-7
0.000999999999999945, -1.18296483954486E-7
0.00399999999999995, 1.36280121256721E-7
0.00699999999999995, 3.90582426713657E-7
0.00999999999999995, 6.47397545851236E-7
0.013, 8.92359762095273E-7
0.016, 1.13722360391302E-6
0.019, 1.38293107677107E-6
0.022, 1.62088303652746E-6
0.025, 1.85535116671476E-6
0.028, 2.08196064050827E-6
0.031, 2.30954092010108E-6
0.034, 2.53196930132809E-6
0.037, 2.75042485000623E-6
0.04, 2.9683866699687E-6
0.043, 3.17840976423955E-6
0.046, 3.38586616364321E-6
0.0489999999999999, 3.59233047447696E-6
0.0519999999999999, 3.79597780268074E-6
0.0549999999999999, 3.99481275664994E-6
0.0579999999999999, 4.19316490764975E-6
0.0609999999999999, 4.38495141043973E-6
0.0639999999999999, 4.57729164985899E-6
0.0669999999999999, 4.76318573772667E-6
0.0699999999999999, 4.94604497451744E-6
0.0729999999999999, 5.12803045823591E-6
0.076, 5.3063381833158E-6
0.079, 5.48148923563432E-6
0.082, 5.65525096548208E-6
0.085, 5.8238156475598E-6
0.088, 5.98913574507343E-6
0.091, 6.15376463324303E-6
0.094, 6.31557303889533E-6
0.097, 6.46990879367622E-6
0.1, 6.62774044148091E-6
0.103, 6.77720049475329E-6
0.106, 6.92558863659647E-6
0.109, 7.06931581574185E-6
0.112, 7.20955415138778E-6
0.115, 7.3524417637752E-6
0.118, 7.48769843345325E-6
0.121, 7.61921642860293E-6
0.124, 7.74768912615879E-6
0.127, 7.87489208089092E-6
0.13, 7.9996494551391E-6
0.133, 8.11944409667824E-6
0.136, 8.23734114973531E-6
0.139, 8.35285438358976E-6
0.142, 8.46247667447468E-6
0.145, 8.57366275729139E-6
0.148, 8.67928232505769E-6
0.151, 8.78015798524965E-6
0.154, 8.88392974435839E-6
0.157, 8.98061554847526E-6
0.16, 9.07255850651642E-6
0.163, 9.1668609737063E-6
0.166, 9.2538310052201E-6
0.169, 9.34055941860831E-6
0.172, 9.4227891881772E-6
0.175, 9.50380857332896E-6
0.178, 9.58264194901584E-6
0.181, 9.65613193515181E-6
0.184, 9.73094373463338E-6
0.187, 9.79925431348826E-6
0.19, 9.87102595054994E-6
0.193, 9.93842547308637E-6
0.196, 1.00015992107118E-5
0.199, 1.006436783143E-5
0.202, 1.01225685607293E-5
0.205, 1.01825233745776E-5
0.208, 1.02379062186827E-5
0.211, 1.02932341178768E-5
0.214, 1.03431772281675E-5
0.217, 1.03957016704625E-5
0.22, 1.04446193747747E-5
0.223, 1.04892911683611E-5
0.226, 1.05381894207748E-5
0.229, 1.05811430344963E-5
0.232, 1.062307435116E-5
0.235, 1.06624806848748E-5
0.238, 1.07051388100379E-5
0.241, 1.07423699242748E-5
0.244, 1.07770626432725E-5
0.247, 1.08166755799953E-5
0.25, 1.08499107536509E-5
0.253, 1.08812009455509E-5
0.256, 1.09149585230749E-5
0.259, 1.09470921861009E-5
0.262, 1.09786393683796E-5
0.265, 1.10076743817314E-5
0.268, 1.10395476604635E-5
0.271, 1.10646671593363E-5
0.274, 1.10924890211642E-5
0.277, 1.11184478787286E-5
0.28, 1.11426033256527E-5
0.283, 1.11695188108258E-5
0.286, 1.11949724126675E-5
0.289, 1.12195889283711E-5
0.292, 1.12423415325224E-5
0.295, 1.12648847985337E-5
0.298, 1.12903194448796E-5
0.301, 1.13118835148134E-5
0.304, 1.13355428772349E-5
0.307, 1.1355979303256E-5
0.31, 1.13759732946099E-5
0.313, 1.13969840149291E-5
0.316, 1.14136673598911E-5
0.319, 1.14345683342009E-5
0.322, 1.14563667160495E-5

0.439362638547472, 1.20322005013183E-5

-0.245, -1.07096602857365E-5
-0.242, -1.06747401701837E-5
-0.239, -1.06363768636328E-5
-0.236, -1.06013554033248E-5
-0.233, -1.05604650860972E-5
-0.23, -1.05218024181584E-5
-0.227, -1.04774991519835E-5
-0.224, -1.0436656340812E-5
-0.221, -1.03901596969776E-5
-0.218, -1.03456275505291E-5
-0.215, -1.02971744203306E-5
-0.212, -1.02487078923145E-5
-0.209, -1.01963074887291E-5
-0.206, -1.0140909161386E-5
-0.203, -1.00881591091065E-5
-0.2, -1.00296343589141E-5
-0.197, -9.97296442172355E-6
-0.194, -9.91020115263101E-6
-0.191, -9.84719969700933E-6
-0.188, -9.78179590851497E-6
-0.185, -9.71462442367299E-6
-0.182, -9.64716081022086E-6
-0.179, -9.57334699319249E-6
-0.176, -9.50155620259726E-6
-0.173, -9.42479379218489E-6
-0.17, -9.34549686961951E-6
-0.167, -9.26255630604866E-6
-0.164, -9.18136705545222E-6
-0.161, -9.09100079792387E-6
-0.158, -9.00533777380446E-6
-0.155, -8.91157226829846E-6
-0.152, -8.81493980475324E-6
-0.149, -8.71643692160796E-6
-0.146, -8.6161118645216E-6
-0.143, -8.51336957594111E-6
-0.14, -8.40707216068776E-6
-0.137, -8.29809251199185E-6
-0.134, -8.18596685736033E-6
-0.131, -8.06898252767058E-6
-0.128, -7.9510830852453E-6
-0.125, -7.82776928183242E-6
-0.122, -7.70721481842933E-6
-0.119, -7.5798678902329E-6
-0.116, -7.45062520042969E-6
-0.113, -7.31634582803498E-6
-0.11, -7.17874091397754E-6
-0.107, -7.04273277534329E-6
-0.104, -6.89776892651864E-6
-0.101, -6.75676786326158E-6
-0.098, -6.60530704858845E-6
-0.095, -6.45496806316492E-6
-0.092, -6.30076161762517E-6
-0.089, -6.14258582278086E-6
-0.086, -5.98455234812293E-6
-0.083, -5.82200424666881E-6
-0.08, -5.65902159429585E-6
-0.077, -5.48823420989067E-6
-0.074, -5.31558202704351E-6
-0.071, -5.14112647734792E-6
-0.0680000000000001, -4.96643688983855E-6
-0.0650000000000001, -4.78958292187934E-6
-0.0620000000000001, -4.60881278994994E-6
-0.0590000000000001, -4.42132949515037E-6
-0.0560000000000001, -4.23443719586417E-6
-0.053, -4.04535850304604E-6
-0.0500000000000001, -3.85617848898158E-6
-0.047, -3.65784141981123E-6
-0.044, -3.46514804935114E-6
-0.041, -3.26207810064157E-6
-0.038, -3.06121134519242E-6
-0.0350000000000001, -2.85531279089493E-6
-0.0320000000000001, -2.64688869282097E-6
-0.0290000000000001, -2.43490137340188E-6
-0.026, -2.22256653377934E-6
-0.023, -2.0059382686204E-6
-0.02, -1.78493209308465E-6
-0.017, -1.56057311163227E-6
-0.014, -1.32931840612939E-6
-0.011, -1.09797151521926E-6
-0.00800000000000003, -8.58044796005717E-7
-0.00500000000000006, -6.21342576773051E-7
-0.00200000000000006, -3.75978568285005E-7
0.000999999999999945, -1.21510656740031E-7
0.00399999999999995, 1.36231343672922E-7
0.00699999999999995, 3.89825804678714E-7
0.00999999999999995, 6.43165423512359E-7
0.013, 8.92878174876815E-7
0.016, 1.13583307436764E-6
0.019, 1.37923085418227E-6
0.022, 1.61849743251036E-6
0.025, 1.85385063309201E-6
0.028, 2.08049169386055E-6
0.031, 2.30688640655632E-6
0.034, 2.52930458807258E-6
0.037, 2.74979144570905E-6
0.04, 2.96835882547931E-6
0.043, 3.18100402765562E-6
0.0459999999999999, 3.38574428886613E-6
0.0489999999999999, 3.5921127837366E-6
0.0519999999999999, 3.79324573980148E-6
0.0549999999999999, 3.99321897370552E-6
0.0579999999999999, 4.19120192476237E-6
0.0609999999999999, 4.38465120040834E-6
0.0639999999999999, 4.5757056572298E-6
0.0669999999999999, 4.76172737588951E-6
0.0699999999999999, 4.94471079978206E-6
0.0729999999999999, 5.1263099848657E-6
0.076, 5.30449233542178E-6
0.079, 5.4804231807245E-6
0.082, 5.65279699733606E-6
0.085, 5.82427196547122E-6
0.088, 5.98705728248972E-6
0.091, 6.15264189610962E-6
0.094, 6.31177288062606E-6
0.097, 6.47178754848354E-6
0.1, 6.62562655435877E-6
0.103, 6.77329248365698E-6
0.106, 6.92241114780103E-6
0.109, 7.06922502514455E-6
0.112, 7.20788657934797E-6
0.115, 7.34996986046546E-6
0.118, 7.4853884000462E-6
0.121, 7.61820428576967E-6
0.124, 7.74648878401318E-6
0.127, 7.87292073380066E-6
0.13, 7.99792729877478E-6
0.133, 8.12084071985582E-6
0.136, 8.23567686156942E-6
0.139, 8.35079596533009E-6
0.142, 8.46466230671375E-6
0.145, 8.57164505023386E-6
0.148, 8.67909694746141E-6
0.151, 8.78023712493886E-6
0.154, 8.88213928901891E-6
0.157, 8.97952239853209E-6
0.16, 9.07279329962616E-6
0.163, 9.16539132172279E-6
0.166, 9.25263579527373E-6
0.169, 9.33940977350554E-6
0.172, 9.42577840242133E-6
0.175, 9.50146285075433E-6
0.178, 9.58090360160953E-6
0.181, 9.6574978759366E-6
0.184, 9.73066893009072E-6
0.187, 9.8040296662576E-6
0.19, 9.8713620017559E-6
0.193, 9.93562026967903E-6
0.196, 1.00011332551985E-5
0.199, 1.00612146380697E-5
0.202, 1.01192716234755E-5
0.205, 1.01829582307937E-5
0.208, 1.02397903392823E-5
0.211, 1.02937203157779E-5
0.214, 1.03438860868203E-5
0.217, 1.03955112350267E-5
0.22, 1.04415436625185E-5
0.223, 1.04901071727019E-5
0.226, 1.05358422071881E-5
0.229, 1.05795411221926E-5
0.232, 1.06216068603964E-5
0.235, 1.06629473511476E-5
0.238, 1.07033716164217E-5
0.241, 1.07411202019964E-5
0.244, 1.07785830823753E-5
0.247, 1.08175171733591E-5
0.25, 1.08490543104791E-5
0.253, 1.0883688297911E-5
0.256, 1.0912293198367E-5
0.259, 1.09452515054779E-5
0.262, 1.09782191904753E-5
0.265, 1.10073303643286E-5
0.268, 1.1038179614723E-5
0.271, 1.1065013966879E-5
0.274, 1.10922963435141E-5
0.277, 1.11208850705572E-5
0.28, 1.11458756578446E-5
0.283, 1.11715903679304E-5
0.286, 1.11965110031299E-5
0.289, 1.12205322533689E-5
0.292, 1.1243889194195E-5
0.295, 1.12651671260764E-5
0.298, 1.12916439492248E-5
0.301, 1.13120582732304E-5
0.304, 1.13346227215194E-5
0.307, 1.1355142218414E-5
0.31, 1.13770653606369E-5
0.313, 1.13964247325721E-5
0.316, 1.14170217526215E-5
0.319, 1.14361136290755E-5
0.322, 1.14557002624753E-5
0.325, 1.14736954525756E-5

0.43936088746609, 1.20340279251928E-5

-0.248, -1.07442073578735E-5
-0.245, -1.0711409433683E-5
-0.242, -1.06763970922845E-5
-0.239, -1.06403946879116E-5
-0.236, -1.06040295007457E-5
-0.233, -1.05620263507355E-5
-0.23, -1.05215306872097E-5
-0.227, -1.04802458823108E-5
-0.224, -1.04385682973397E-5
-0.221, -1.0392803983348E-5
-0.218, -1.03460853949418E-5
-0.215, -1.02967905004481E-5
-0.212, -1.02489735912758E-5
-0.209, -1.01968678409168E-5
-0.206, -1.01456488785242E-5
-0.203, -1.00908313069301E-5
-0.2, -1.00328801167734E-5
-0.197, -9.97133939388141E-6
-0.194, -9.91258341377354E-6
-0.191, -9.84998799850955E-6
-0.188, -9.78473087376426E-6
-0.185, -9.71675492842231E-6
-0.182, -9.6462065783714E-6
-0.179, -9.57561756843154E-6
-0.176, -9.49987656960989E-6
-0.173, -9.42670195220343E-6
-0.17, -9.34805567463568E-6
-0.167, -9.26626298790222E-6
-0.164, -9.17973792027696E-6
-0.161, -9.09279534096201E-6
-0.158, -9.00525135049616E-6
-0.155, -8.91405928580731E-6
-0.152, -8.81717362502786E-6
-0.149, -8.71907359543778E-6
-0.146, -8.61688780276356E-6
-0.143, -8.51410695111509E-6
-0.14, -8.40857378219121E-6
-0.137, -8.29907220076827E-6
-0.134, -8.18742551237374E-6
-0.131, -8.07325868026477E-6
-0.128, -7.95307176876927E-6
-0.125, -7.83065717488559E-6
-0.122, -7.70752947971783E-6
-0.119, -7.58070512040287E-6
-0.116, -7.45131299814276E-6
-0.113, -7.317736893581E-6
-0.11, -7.18150039377422E-6
-0.107, -7.04179807778457E-6
-0.104, -6.90193486673753E-6
-0.101, -6.75462164485098E-6
-0.098, -6.60720480010783E-6
-0.095, -6.45592773015969E-6
-0.092, -6.30104221108179E-6
-0.089, -6.14493140035964E-6
-0.086, -5.9853037930446E-6
-0.083, -5.82126427788657E-6
-0.08, -5.65850291554337E-6
-0.077, -5.48879306179232E-6
-0.074, -5.31872918732516E-6
-0.0710000000000001, -5.14752724963719E-6
-0.0680000000000001, -4.96663286913799E-6
-0.0650000000000001, -4.78995081554409E-6
-0.0620000000000001, -4.60799051772927E-6
-0.0590000000000001, -4.42367752327701E-6
-0.0560000000000001, -4.23646639779425E-6
-0.053, -4.04934661775656E-6
-0.0500000000000001, -3.85771043650737E-6
-0.047, -3.66105812006301E-6
-0.044, -3.46136721431868E-6
-0.041, -3.26276983660307E-6
-0.0380000000000001, -3.06041608612698E-6
-0.0350000000000001, -2.8552812850606E-6
-0.0320000000000001, -2.65003002621991E-6
-0.0290000000000001, -2.43546038037101E-6
-0.026, -2.22275831447355E-6
-0.023, -2.00606950449546E-6
-0.02, -1.78466345499514E-6
-0.017, -1.55920974826576E-6
-0.014, -1.33054638619658E-6
-0.011, -1.09903421614992E-6
-0.00800000000000006, -8.59011424825977E-7
-0.00500000000000006, -6.18009673776935E-7
-0.00200000000000006, -3.73396454365098E-7
0.000999999999999945, -1.21925871368031E-7
0.00399999999999995, 1.34814522884652E-7
0.00699999999999995, 3.91065523428998E-7
0.00999999999999995, 6.42924480522711E-7
0.013, 8.92209194102403E-7
0.016, 1.1385243113871E-6
0.019, 1.38005755815876E-6
0.022, 1.61849545405017E-6
0.025, 1.85248101849525E-6
0.028, 2.08277053299061E-6
0.031, 2.30696479595655E-6
0.034, 2.52992059400386E-6
0.037, 2.74911686659267E-6
0.04, 2.96418090283414E-6
0.0429999999999999, 3.17623825960313E-6
0.0459999999999999, 3.38848588819916E-6
0.0489999999999999, 3.59242110848933E-6
0.0519999999999999, 3.79646681784173E-6
0.0549999999999999, 3.99164824104446E-6
0.0579999999999999, 4.1880984886139E-6
0.0609999999999999, 4.38205732977752E-6
0.0639999999999999, 4.57598627904951E-6
0.0669999999999999, 4.7626491713357E-6
0.0699999999999999, 4.94631162344816E-6
0.0729999999999999, 5.12690092501192E-6
0.076, 5.30625499218291E-6
0.079, 5.47799298526446E-6
0.082, 5.65241998444201E-6
0.085, 5.82251852789322E-6
0.088, 5.98811888829288E-6
0.091, 6.1536195624508E-6
0.094, 6.31049196820101E-6
0.097, 6.46702251467807E-6
0.1, 6.62333116912278E-6
0.103, 6.77505886294516E-6
0.106, 6.92205826924213E-6
0.109, 7.06835724063202E-6
0.112, 7.20799418565756E-6
0.115, 7.34694957860455E-6
0.118, 7.48361056982865E-6
0.121, 7.61741976193166E-6
0.124, 7.74696675470202E-6
0.127, 7.87447330592127E-6
0.13, 7.99638390187132E-6
0.133, 8.11499859669573E-6
0.136, 8.23392413614077E-6
0.139, 8.34978443023928E-6
0.142, 8.46190380742196E-6
0.145, 8.56947451912988E-6
0.148, 8.67539008468058E-6
0.151, 8.77927212537021E-6
0.154, 8.88033501034851E-6
0.157, 8.97845133438409E-6
0.16, 9.07106045165893E-6
0.163, 9.16234662447727E-6
0.166, 9.25120415288326E-6
0.169, 9.33701678110777E-6
0.172, 9.41997516768961E-6
0.175, 9.50169492270996E-6
0.178, 9.58181073221987E-6
0.181, 9.65911871460086E-6
0.184, 9.72946493913902E-6
0.187, 9.80189275092776E-6
0.19, 9.86792007268169E-6
0.193, 9.93657443475384E-6
0.196, 1.00002791224686E-5
0.199, 1.00626856357112E-5
0.202, 1.01202212216908E-5
0.205, 1.01807089162053E-5
0.208, 1.02361978187368E-5
0.211, 1.02922159708139E-5
0.214, 1.0341063117718E-5
0.217, 1.03952628102404E-5
0.22, 1.04427256570349E-5
0.223, 1.04908101472055E-5
0.226, 1.05324368428331E-5
0.229, 1.05785981788946E-5
0.232, 1.06217312330107E-5
0.235, 1.06636586441052E-5
0.238, 1.07013507558944E-5
0.241, 1.07411563281883E-5
0.244, 1.07761819660958E-5
0.247, 1.08137617615457E-5
0.25, 1.08496189920846E-5
0.253, 1.08833343405872E-5
0.256, 1.09148729965399E-5
0.259, 1.09458326643701E-5
0.262, 1.09764105894661E-5
0.265, 1.10050530950247E-5
0.268, 1.1036086295113E-5
0.271, 1.10650690125189E-5
0.274, 1.10921598736436E-5
0.277, 1.11209838397654E-5
0.28, 1.11440155763126E-5
0.283, 1.11711414373612E-5
0.286, 1.11937008029741E-5
0.289, 1.12195543846124E-5
0.292, 1.124537476848E-5
0.295, 1.12657309552494E-5
0.298, 1.12888617509964E-5
0.301, 1.13124842148748E-5
0.304, 1.13322653188915E-5
0.307, 1.13547509080784E-5
0.31, 1.13754147740798E-5
0.313, 1.13984030407665E-5
0.316, 1.14189097295316E-5
0.319, 1.14383402535738E-5
0.322, 1.14568141180892E-5
0.325, 1.14742925775796E-5
0.328, 1.14938512277321E-5

0.439350978514242, 1.203049944016E-5

-0.251, -1.07802508972285E-5
-0.248, -1.07459384432217E-5
-0.245, -1.07134833042748E-5
-0.242, -1.0678804298755E-5
-0.239, -1.0643478734184E-5
-0.236, -1.06053992440961E-5
-0.233, -1.05638931145446E-5
-0.23, -1.052432736757E-5
-0.227, -1.04805951314566E-5
-0.224, -1.04370470592693E-5
-0.221, -1.03947987904766E-5
-0.218, -1.03462828993787E-5
-0.215, -1.0303374224786E-5
-0.212, -1.02470233363529E-5
-0.209, -1.0196302924503E-5
-0.206, -1.01443831930335E-5
-0.203, -1.00889706015851E-5
-0.2, -1.00345698146018E-5
-0.197, -9.97414055352936E-6
-0.194, -9.9129667022655E-6
-0.191, -9.8504329496779E-6
-0.188, -9.78643620160537E-6
-0.185, -9.71796221728326E-6
-0.182, -9.64816793410054E-6
-0.179, -9.57760742818743E-6
-0.176, -9.49998295088003E-6
-0.173, -9.4259516657878E-6
-0.17, -9.3475116532186E-6
-0.167, -9.26403982027351E-6
-0.164, -9.18504982551418E-6
-0.161, -9.09407818758949E-6
-0.158, -9.00560856609525E-6
-0.155, -8.91072453520593E-6
-0.152, -8.81624602393395E-6
-0.149, -8.71999533832206E-6
-0.146, -8.61929316235037E-6
-0.143, -8.51567954270835E-6
-0.14, -8.40980462558182E-6
-0.137, -8.29922780406883E-6
-0.134, -8.18822621253427E-6
-0.131, -8.07146755065911E-6
-0.128, -7.95319248707281E-6
-0.125, -7.8345394701975E-6
-0.122, -7.709820743062E-6
-0.119, -7.5791347265213E-6
-0.116, -7.45076177724789E-6
-0.113, -7.31529589301905E-6
-0.11, -7.18125803545677E-6
-0.107, -7.04114934237684E-6
-0.104, -6.89976597138212E-6
-0.101, -6.75554683564823E-6
-0.098, -6.60650300286533E-6
-0.095, -6.45575784598715E-6
-0.092, -6.3030127722128E-6
-0.089, -6.14550709586736E-6
-0.086, -5.98648334013172E-6
-0.083, -5.82450150958755E-6
-0.08, -5.65726373366969E-6
-0.077, -5.48923780708556E-6
-0.0740000000000001, -5.31790007444596E-6
-0.0710000000000001, -5.14497928602544E-6
-0.0680000000000001, -4.9677223405616E-6
-0.0650000000000001, -4.79098248131219E-6
-0.0620000000000001, -4.60971198359971E-6
-0.0590000000000001, -4.4241770623734E-6
-0.0560000000000001, -4.23725175942542E-6
-0.053, -4.05019223834004E-6
-0.0500000000000001, -3.85639002263181E-6
-0.047, -3.66274745366309E-6
-0.044, -3.46246751434829E-6
-0.0410000000000001, -3.26344907108075E-6
-0.0380000000000001, -3.05943108452164E-6
-0.0350000000000001, -2.85693682395765E-6
-0.0320000000000001, -2.64915623291658E-6
-0.0290000000000001, -2.438114247107E-6
-0.026, -2.22404557193114E-6
-0.023, -2.00820727616497E-6
-0.02, -1.78454225088672E-6
-0.017, -1.56044307866876E-6
-0.014, -1.33211809939787E-6
-0.0110000000000001, -1.09973873540021E-6
-0.00800000000000006, -8.6385537990581E-7
-0.00500000000000006, -6.20784786172178E-7
-0.00200000000000006, -3.73224216861507E-7
0.000999999999999945, -1.20431815389421E-7
0.00399999999999995, 1.34300849449808E-7
0.00699999999999995, 3.90930174264866E-7
0.00999999999999995, 6.43453391737919E-7
0.013, 8.91596871048785E-7
0.016, 1.138528121958E-6
0.019, 1.37987908222083E-6
0.022, 1.61693409791454E-6
0.025, 1.85190915298695E-6
0.028, 2.07971906960703E-6
0.031, 2.30864506627108E-6
0.034, 2.52892284313523E-6
0.037, 2.74991821894795E-6
0.0399999999999999, 2.96395080534111E-6
0.0429999999999999, 3.17648990084774E-6
0.0459999999999999, 3.38516887958567E-6
0.0489999999999999, 3.5912169401121E-6
0.0519999999999999, 3.7935270298004E-6
0.0549999999999999, 3.99330451787708E-6
0.0579999999999999, 4.19083693618306E-6
0.0609999999999999, 4.38059674708643E-6
0.0639999999999999, 4.57173538921652E-6
0.0669999999999999, 4.76134114054414E-6
0.0699999999999999, 4.94573305335715E-6
0.0729999999999999, 5.12546311902052E-6
0.076, 5.3045088541252E-6
0.079, 5.47869210964131E-6
0.082, 5.65310540558422E-6
0.085, 5.82025370961813E-6
0.088, 5.98805758133126E-6
0.091, 6.15283487604539E-6
0.094, 6.31058762504737E-6
0.097, 6.4666731936906E-6
0.1, 6.620167980594E-6
0.103, 6.77403800943301E-6
0.106, 6.91945579328825E-6
0.109, 7.06773050338555E-6
0.112, 7.20860687563761E-6
0.115, 7.34663345430268E-6
0.118, 7.48268878758331E-6
0.121, 7.61454886313341E-6
0.124, 7.74778786029077E-6
0.127, 7.87257756840037E-6
0.13, 7.99472346259382E-6
0.133, 8.1168544268131E-6
0.136, 8.23346673817643E-6
0.139, 8.34873288739982E-6
0.142, 8.46073271769108E-6
0.145, 8.57096292169497E-6
0.148, 8.67591254230632E-6
0.151, 8.7795390758238E-6
0.154, 8.87722141090377E-6
0.157, 8.97380088014602E-6
0.16, 9.0703849773569E-6
0.163, 9.16333061271812E-6
0.166, 9.25064472744464E-6
0.169, 9.33897448572527E-6
0.172, 9.41963011717681E-6
0.175, 9.49826960723884E-6
0.178, 9.57949820114551E-6
0.181, 9.65476619471112E-6
0.184, 9.7300689454253E-6
0.187, 9.79949189756345E-6
0.19, 9.86945997221481E-6
0.193, 9.93260731278132E-6
0.196, 9.99747903875484E-6
0.199, 1.00609982584833E-5
0.202, 1.01222456731158E-5
0.205, 1.01808215103927E-5
0.208, 1.0236167606702E-5
0.211, 1.02875995570324E-5
0.214, 1.03416973469893E-5
0.217, 1.039188418748E-5
0.22, 1.04425621263843E-5
0.223, 1.04892519686867E-5
0.226, 1.0535678654432E-5
0.229, 1.0577529028451E-5
0.232, 1.0618799869178E-5
0.235, 1.06605800384026E-5
0.238, 1.07014045046967E-5
0.241, 1.07392794466858E-5
0.244, 1.07784178568046E-5
0.247, 1.0812913666271E-5
0.25, 1.0848491500982E-5
0.253, 1.08843919030692E-5
0.256, 1.09133776909303E-5
0.259, 1.09489454869122E-5
0.262, 1.09771524180165E-5
0.265, 1.10058020326403E-5
0.268, 1.10322207207857E-5
0.271, 1.10630622524241E-5
0.274, 1.10913733412047E-5
0.277, 1.11202009880069E-5
0.28, 1.11457054571813E-5
0.283, 1.11702436410672E-5
0.286, 1.11951872334959E-5
0.289, 1.12208295974001E-5
0.292, 1.1243937546789E-5
0.295, 1.12687074964114E-5
0.298, 1.12890785060379E-5
0.301, 1.13116520308387E-5
0.304, 1.13342334635866E-5
0.307, 1.1354944363747E-5
0.31, 1.13755953731172E-5
0.313, 1.13960068086812E-5
0.316, 1.14193569174229E-5
0.319, 1.14364205267249E-5
0.322, 1.14574436271727E-5
0.325, 1.14753158311417E-5
0.328, 1.14930937337208E-5
0.331, 1.15131635534364E-5

0.439347383150027, 1.20311864824809E-5

-0.254, -1.0817438911292E-5
-0.251, -1.07837134912453E-5
-0.248, -1.07518946966907E-5
-0.245, -1.07150108159151E-5
-0.242, -1.06823760047212E-5
-0.239, -1.06466703823299E-5
-0.236, -1.0605472969396E-5
-0.233, -1.05677091643076E-5
-0.23, -1.05250241113494E-5
-0.227, -1.04816510751864E-5
-0.224, -1.04410634891068E-5
-0.221, -1.03961024015542E-5
-0.218, -1.03482664288092E-5
-0.215, -1.03022577842842E-5
-0.212, -1.02534901432563E-5
-0.209, -1.0199119125567E-5
-0.206, -1.01457945273877E-5
-0.203, -1.00934793614469E-5
-0.2, -1.00358216482665E-5
-0.197, -9.97479934428102E-6
-0.194, -9.91600900438706E-6
-0.191, -9.85249831704429E-6
-0.188, -9.78789421100097E-6
-0.185, -9.72274435409611E-6
-0.182, -9.65056364102825E-6
-0.179, -9.57817457406206E-6
-0.176, -9.50448160508314E-6
-0.173, -9.42771610570398E-6
-0.17, -9.34825026254883E-6
-0.167, -9.2677207508587E-6
-0.164, -9.185150584207E-6
-0.161, -9.09827948760348E-6
-0.158, -9.00681823352463E-6
-0.155, -8.91317425522894E-6
-0.152, -8.82113377324791E-6
-0.149, -8.72212667371345E-6
-0.146, -8.62270835460515E-6
-0.143, -8.5185031774502E-6
-0.14, -8.41075349382587E-6
-0.137, -8.30198481428644E-6
-0.134, -8.18776308159624E-6
-0.131, -8.07597295532504E-6
-0.128, -7.95454540850792E-6
-0.125, -7.83545340381874E-6
-0.122, -7.70883713127293E-6
-0.119, -7.58231692253878E-6
-0.116, -7.4514801589676E-6
-0.113, -7.31688656809692E-6
-0.11, -7.184138883261E-6
-0.107, -7.04433996173626E-6
-0.104, -6.90079241087915E-6
-0.101, -6.75725514187407E-6
-0.098, -6.6087411391699E-6
-0.095, -6.45725907375198E-6
-0.092, -6.30562733721278E-6
-0.089, -6.14867796483112E-6
-0.086, -5.98702079473551E-6
-0.083, -5.82230106201529E-6
-0.08, -5.65710061552383E-6
-0.0770000000000001, -5.4926894655881E-6
-0.0740000000000001, -5.32011478431085E-6
-0.0710000000000001, -5.14850750758459E-6
-0.0680000000000001, -4.96968678362871E-6
-0.0650000000000001, -4.7905664721198E-6
-0.0620000000000001, -4.60820262793323E-6
-0.0590000000000001, -4.42425036897732E-6
-0.0560000000000001, -4.23836075229251E-6
-0.053, -4.05086039969763E-6
-0.0500000000000001, -3.85805140331093E-6
-0.047, -3.66126751696815E-6
-0.0440000000000001, -3.46259784086433E-6
-0.0410000000000001, -3.26443941893863E-6
-0.0380000000000001, -3.06411469274719E-6
-0.0350000000000001, -2.8568589922046E-6
-0.0320000000000001, -2.65101288334752E-6
-0.0290000000000001, -2.43913624960717E-6
-0.026, -2.22511090194953E-6
-0.023, -2.00702396510563E-6
-0.02, -1.78401916973244E-6
-0.017, -1.56227224401924E-6
-0.0140000000000001, -1.33163746872083E-6
-0.0110000000000001, -1.09950361889807E-6
-0.00800000000000006, -8.65338034593434E-7
-0.00500000000000006, -6.2108670545223E-7
-0.00200000000000006, -3.72618115730712E-7
0.000999999999999945, -1.22824571122325E-7
0.00399999999999995, 1.32420163330641E-7
0.00699999999999995, 3.90747522152029E-7
0.00999999999999995, 6.4214979941348E-7
0.013, 8.9243962421956E-7
0.016, 1.13704540595203E-6
0.019, 1.3794383889956E-6
0.022, 1.61368641299346E-6
0.025, 1.84913639360348E-6
0.028, 2.08171559953688E-6
0.031, 2.30665627646401E-6
0.034, 2.53022761352236E-6
0.0369999999999999, 2.74907368534797E-6
0.0399999999999999, 2.96252629423387E-6
0.0429999999999999, 3.17480646968345E-6
0.0459999999999999, 3.38582002056027E-6
0.0489999999999999, 3.59325694473308E-6
0.0519999999999999, 3.79457856983833E-6
0.0549999999999999, 3.99323497979899E-6
0.0579999999999999, 4.19037790674765E-6
0.0609999999999999, 4.38266203920359E-6
0.0639999999999999, 4.57283396019086E-6
0.0669999999999999, 4.76043495230592E-6
0.0699999999999999, 4.94691810470337E-6
0.0729999999999999, 5.12486762644689E-6
0.076, 5.30399795669781E-6
0.079, 5.4793841122275E-6
0.082, 5.65261517396667E-6
0.085, 5.82077017686794E-6
0.088, 5.98957572885214E-6
0.091, 6.15130140591256E-6
0.094, 6.31311949834526E-6
0.097, 6.46635496178732E-6
0.0999999999999999, 6.62223778331031E-6
0.103, 6.77327798772034E-6
0.106, 6.92227422028707E-6
0.109, 7.06777925072144E-6
0.112, 7.21031673384765E-6
0.115, 7.35030691758369E-6
0.118, 7.48127884394573E-6
0.121, 7.61792627673337E-6
0.124, 7.74872973663635E-6
0.127, 7.8739938539088E-6
0.13, 7.99956647469515E-6
0.133, 8.11844952575116E-6
0.136, 8.23609534900612E-6
0.139, 8.34958378983032E-6
0.142, 8.46118037256404E-6
0.145, 8.56908396209271E-6
0.148, 8.67545521169109E-6
0.151, 8.77773456040959E-6
0.154, 8.87693136074426E-6
0.157, 8.97670193409406E-6
0.16, 9.06853249413706E-6
0.163, 9.16280682152559E-6
0.166, 9.25122199300374E-6
0.169, 9.33626419701034E-6
0.172, 9.42030006868795E-6
0.175, 9.49878084353137E-6
0.178, 9.5776421334008E-6
0.181, 9.6555358304703E-6
0.184, 9.7281513386889E-6
0.187, 9.79784918304595E-6
0.19, 9.86640905126066E-6
0.193, 9.93244760153712E-6
0.196, 9.99586479819542E-6
0.199, 1.00590357156766E-5
0.202, 1.01227492642953E-5
0.205, 1.01791472436191E-5
0.208, 1.02345195746701E-5
0.211, 1.02873853205747E-5
0.214, 1.0340669478535E-5
0.217, 1.03940001730694E-5
0.22, 1.04395182070764E-5
0.223, 1.04859765221802E-5
0.226, 1.05329583130252E-5
0.229, 1.05767078780386E-5
0.232, 1.06211560822891E-5
0.235, 1.06635065977835E-5
0.238, 1.07037059068184E-5
0.241, 1.07385871430204E-5
0.244, 1.07754408663831E-5
0.247, 1.08110501957658E-5
0.25, 1.08482350504892E-5
0.253, 1.08822693809974E-5
0.256, 1.09142045632019E-5
0.259, 1.09480456737061E-5
0.262, 1.09771062356619E-5
0.265, 1.10062054792405E-5
0.268, 1.10371216881466E-5
0.271, 1.10666891750119E-5
0.274, 1.10938665550996E-5
0.277, 1.11193526342376E-5
0.28, 1.1145833937484E-5
0.283, 1.11679349511208E-5
0.286, 1.11950167841688E-5
0.289, 1.12198995347525E-5
0.292, 1.12427697364625E-5
0.295, 1.12665172052055E-5
0.298, 1.12883562436295E-5
0.301, 1.13117227645347E-5
0.304, 1.13353878793942E-5
0.307, 1.13550693928003E-5
0.31, 1.1376970343134E-5
0.313, 1.13994662866157E-5
0.316, 1.14167157242033E-5
0.319, 1.14380390408336E-5
0.322, 1.14548077703951E-5
0.325, 1.14728708834425E-5
0.328, 1.14950943687837E-5
0.331, 1.15113007890732E-5
0.334, 1.15290982494031E-5

0.439341802413513, 1.20310486903728E-5

-0.257, -1.08478800255043E-5
-0.254, -1.08150054923985E-5
-0.251, -1.07878763079714E-5
-0.248, -1.07535367603776E-5
-0.245, -1.07175298441324E-5
-0.242, -1.06850837504442E-5
-0.239, -1.06440458390096E-5
-0.236, -1.06072557237545E-5
-0.233, -1.056675247129E-5
-0.23, -1.05274651993288E-5
-0.227, -1.04856835466175E-5
-0.224, -1.04430722048918E-5
-0.221, -1.03971036743536E-5
-0.218, -1.03490906205989E-5
-0.215, -1.03010475566244E-5
-0.212, -1.02536739785764E-5
-0.209, -1.02038740987047E-5
-0.206, -1.01504006299191E-5
-0.203, -1.00925293109761E-5
-0.2, -1.00373284505064E-5
-0.197, -9.97756650100565E-6
-0.194, -9.9171959501902E-6
-0.191, -9.85427459022986E-6
-0.188, -9.7875609943285E-6
-0.185, -9.71936889292942E-6
-0.182, -9.64988295760741E-6
-0.179, -9.58019986578213E-6
-0.176, -9.50474739405074E-6
-0.173, -9.4318698550289E-6
-0.17, -9.35269896451716E-6
-0.167, -9.26922658909642E-6
-0.164, -9.18422572112083E-6
-0.161, -9.09675780246416E-6
-0.158, -9.00866687451062E-6
-0.155, -8.9163195890761E-6
-0.152, -8.82046989298937E-6
-0.149, -8.72324846361004E-6
-0.146, -8.62232327477315E-6
-0.143, -8.51882739977798E-6
-0.14, -8.41127070674058E-6
-0.137, -8.30239459726661E-6
-0.134, -8.19042674475195E-6
-0.131, -8.0734875095289E-6
-0.128, -7.95743972423481E-6
-0.125, -7.83575899926313E-6
-0.122, -7.71084201048718E-6
-0.119, -7.58533152904566E-6
-0.116, -7.45236705414946E-6
-0.113, -7.32205572485055E-6
-0.11, -7.18338601880667E-6
-0.107, -7.04442714277369E-6
-0.104, -6.90081669193429E-6
-0.101, -6.75628282202589E-6
-0.098, -6.61070151119045E-6
-0.095, -6.45819138277866E-6
-0.092, -6.305115251844E-6
-0.089, -6.14640349871225E-6
-0.086, -5.98839972026778E-6
-0.083, -5.82465957762672E-6
-0.0800000000000001, -5.66100955170586E-6
-0.0770000000000001, -5.49245731151741E-6
-0.0740000000000001, -5.31989004236342E-6
-0.0710000000000001, -5.14555554558653E-6
-0.0680000000000001, -4.9710718417184E-6
-0.0650000000000001, -4.78865336218541E-6
-0.0620000000000001, -4.60989536885134E-6
-0.0590000000000001, -4.42566120019984E-6
-0.0560000000000001, -4.23739803653922E-6
-0.053, -4.04982566949061E-6
-0.0500000000000001, -3.85772770541871E-6
-0.0470000000000001, -3.66372036812223E-6
-0.0440000000000001, -3.46745309749114E-6
-0.0410000000000001, -3.26646297726827E-6
-0.0380000000000001, -3.06398221997017E-6
-0.0350000000000001, -2.85583070958807E-6
-0.0320000000000001, -2.64901848885632E-6
-0.0290000000000001, -2.43915023384917E-6
-0.026, -2.22331897642149E-6
-0.023, -2.00639999082571E-6
-0.02, -1.78542415820706E-6
-0.0170000000000001, -1.56491434459581E-6
-0.0140000000000001, -1.33004143748233E-6
-0.0110000000000001, -1.09961947531145E-6
-0.00800000000000006, -8.6291487628631E-7
-0.00500000000000006, -6.20823210833625E-7
-0.00200000000000006, -3.75341169776964E-7
0.000999999999999945, -1.18058580622728E-7
0.00399999999999995, 1.3473070916522E-7
0.00699999999999995, 3.89602199024438E-7
0.00999999999999995, 6.42203975404294E-7
0.013, 8.91469471735327E-7
0.016, 1.13669148044045E-6
0.019, 1.37762753411567E-6
0.022, 1.61939682423192E-6
0.025, 1.85366532412583E-6
0.028, 2.08169951203374E-6
0.031, 2.3063089015773E-6
0.0339999999999999, 2.52854935830844E-6
0.0369999999999999, 2.74770011887737E-6
0.0399999999999999, 2.96343522109434E-6
0.0429999999999999, 3.17659285844921E-6
0.0459999999999999, 3.38655897576685E-6
0.0489999999999999, 3.59099333771E-6
0.0519999999999999, 3.79358299688346E-6
0.0549999999999999, 3.99154654422495E-6
0.0579999999999999, 4.18904630272479E-6
0.0609999999999999, 4.38180436988804E-6
0.0639999999999999, 4.56946089421627E-6
0.0669999999999999, 4.75929204031878E-6
0.0699999999999999, 4.94265428824655E-6
0.0729999999999999, 5.1271701177386E-6
0.076, 5.30238354631359E-6
0.079, 5.47908290723449E-6
0.082, 5.65026752546185E-6
0.085, 5.82032710041064E-6
0.088, 5.98500270062223E-6
0.091, 6.14884066759286E-6
0.094, 6.30999235667371E-6
0.0969999999999999, 6.46645783984673E-6
0.0999999999999999, 6.62088889348669E-6
0.103, 6.77265888467577E-6
0.106, 6.92095653763865E-6
0.109, 7.06485474659362E-6
0.112, 7.20792413794709E-6
0.115, 7.34507392801459E-6
0.118, 7.48204025634721E-6
0.121, 7.61582964317378E-6
0.124, 7.74412463072136E-6
0.127, 7.87053214162413E-6
0.13, 7.99625914152842E-6
0.133, 8.11806752462459E-6
0.136, 8.23378003110456E-6
0.139, 8.34757157217915E-6
0.142, 8.46023276177622E-6
0.145, 8.56748762768023E-6
0.148, 8.67463940984642E-6
0.151, 8.77596435052704E-6
0.154, 8.87657366677036E-6
0.157, 8.97444833560782E-6
0.16, 9.06948483480928E-6
0.163, 9.16021365483555E-6
0.166, 9.24887198924077E-6
0.169, 9.33315670360127E-6
0.172, 9.41992436997467E-6
0.175, 9.49741830562407E-6
0.178, 9.5743169551567E-6
0.181, 9.6530489786693E-6
0.184, 9.7248160190603E-6
0.187, 9.7960148945828E-6
0.19, 9.86513750201325E-6
0.193, 9.93428864701344E-6
0.196, 9.99633170260657E-6
0.199, 1.0060354783728E-5
0.202, 1.0120210990478E-5
0.205, 1.01755069546222E-5
0.208, 1.02351126563237E-5
0.211, 1.02881053350102E-5
0.214, 1.03417987730698E-5
0.217, 1.03906464430649E-5
0.22, 1.04419982473644E-5
0.223, 1.04845125448521E-5
0.226, 1.053260794326E-5
0.229, 1.05781147943171E-5
0.232, 1.0618133673017E-5
0.235, 1.06616619889455E-5
0.238, 1.06990501929097E-5
0.241, 1.07392020757728E-5
0.244, 1.07769201834628E-5
0.247, 1.08120042391218E-5
0.25, 1.08477743475416E-5
0.253, 1.08824104284672E-5
0.256, 1.09142570786119E-5
0.259, 1.09440300245966E-5
0.262, 1.09761310328931E-5
0.265, 1.10062538171398E-5
0.268, 1.10342369619602E-5
0.271, 1.10664067670553E-5
0.274, 1.10915363690861E-5
0.277, 1.1117476849077E-5
0.28, 1.11429471160763E-5
0.283, 1.11685178262292E-5
0.286, 1.11961078686745E-5
0.289, 1.1221632334018E-5
0.292, 1.12452539187814E-5
0.295, 1.12652922794678E-5
0.298, 1.12882291486161E-5
0.301, 1.13101180085791E-5
0.304, 1.13323564068142E-5
0.307, 1.13563120219212E-5
0.31, 1.13759338449686E-5
0.313, 1.13932663921813E-5
0.316, 1.14150030250815E-5
0.319, 1.14365593594265E-5
0.322, 1.14553436797164E-5
0.325, 1.14748656549063E-5
0.328, 1.14950576324012E-5
0.331, 1.15122662626104E-5
0.334, 1.15305099157299E-5
0.337, 1.15474264991428E-5

0.439351428450733, 1.20332478092582E-5

-0.26, -1.08784204404296E-5
-0.257, -1.08488017701333E-5
-0.254, -1.08184202937348E-5
-0.251, -1.07836406173682E-5
-0.248, -1.07532425423484E-5
-0.245, -1.07183139544738E-5
-0.242, -1.06830931026317E-5
-0.239, -1.06442441364358E-5
-0.236, -1.06074875577633E-5
-0.233, -1.05682148583362E-5
-0.23, -1.05290113466868E-5
-0.227, -1.0485497448572E-5
-0.224, -1.0443201466453E-5
-0.221, -1.03998672206847E-5
-0.218, -1.0351572706345E-5
-0.215, -1.03054064664983E-5
-0.212, -1.02555281686653E-5
-0.209, -1.02019835444663E-5
-0.206, -1.01492313944638E-5
-0.203, -1.00942932277161E-5
-0.2, -1.0039193715516E-5
-0.197, -9.97748823853285E-6
-0.194, -9.91762657456799E-6
-0.191, -9.85571665242792E-6
-0.188, -9.79072692601296E-6
-0.185, -9.72360461921192E-6
-0.182, -9.65328703044474E-6
-0.179, -9.58122676173311E-6
-0.176, -9.50444411240868E-6
-0.173, -9.43275041412036E-6
-0.17, -9.35407612652733E-6
-0.167, -9.27136174087921E-6
-0.164, -9.18631412878617E-6
-0.161, -9.0991899253658E-6
-0.158, -9.00859950121677E-6
-0.155, -8.91687324325581E-6
-0.152, -8.82286325566528E-6
-0.149, -8.72389627137817E-6
-0.146, -8.62467775530772E-6
-0.143, -8.52014908763975E-6
-0.14, -8.41031973817757E-6
-0.137, -8.30368912254445E-6
-0.134, -8.19383063090294E-6
-0.131, -8.07460283576038E-6
-0.128, -7.95711536944105E-6
-0.125, -7.83604106678894E-6
-0.122, -7.71339375581079E-6
-0.119, -7.58379817738464E-6
-0.116, -7.45494827722007E-6
-0.113, -7.32461257694629E-6
-0.11, -7.18542120240548E-6
-0.107, -7.04483781236346E-6
-0.104, -6.90197712477625E-6
-0.101, -6.75759344109282E-6
-0.098, -6.61114171111266E-6
-0.095, -6.4583229057636E-6
-0.092, -6.30614275124532E-6
-0.089, -6.14947413930666E-6
-0.086, -5.98857233344053E-6
-0.0830000000000001, -5.82650928044777E-6
-0.0800000000000001, -5.65823366865927E-6
-0.0770000000000001, -5.49187564784134E-6
-0.0740000000000001, -5.32077595117034E-6
-0.0710000000000001, -5.14705525646892E-6
-0.0680000000000001, -4.97302955369688E-6
-0.0650000000000001, -4.79184021547225E-6
-0.0620000000000001, -4.60846657212193E-6
-0.0590000000000001, -4.4263757691663E-6
-0.0560000000000001, -4.23958458254168E-6
-0.053, -4.05038599210203E-6
-0.0500000000000001, -3.85759072310862E-6
-0.0470000000000001, -3.65999010036612E-6
-0.0440000000000001, -3.46442494956251E-6
-0.0410000000000001, -3.26606046757622E-6
-0.0380000000000001, -3.06603659377922E-6
-0.0350000000000001, -2.85888352378393E-6
-0.0320000000000001, -2.65033496796051E-6
-0.0290000000000001, -2.43786246306812E-6
-0.026, -2.22549798299767E-6
-0.023, -2.00797261929751E-6
-0.0200000000000001, -1.78727843469435E-6
-0.0170000000000001, -1.56128886043981E-6
-0.0140000000000001, -1.33432166721986E-6
-0.0110000000000001, -1.10005000851443E-6
-0.00800000000000006, -8.59191976874244E-7
-0.00500000000000006, -6.19203830528552E-7
-0.00200000000000006, -3.74923115119346E-7
0.000999999999999945, -1.20148131313775E-7
0.00399999999999995, 1.33752964880922E-7
0.00699999999999995, 3.91960595145245E-7
0.00999999999999995, 6.45508476377407E-7
0.013, 8.90272446939492E-7
0.016, 1.13356618582209E-6
0.019, 1.37730978060718E-6
0.022, 1.61807845984376E-6
0.025, 1.84983025810826E-6
0.028, 2.08018395077478E-6
0.0309999999999999, 2.3069005337981E-6
0.0339999999999999, 2.52935895314837E-6
0.0369999999999999, 2.74768191869574E-6
0.0399999999999999, 2.96232759996824E-6
0.0429999999999999, 3.17210750963316E-6
0.0459999999999999, 3.38608505557287E-6
0.0489999999999999, 3.58930114049414E-6
0.0519999999999999, 3.79564509403875E-6
0.0549999999999999, 3.99179711465923E-6
0.0579999999999999, 4.18691187877466E-6
0.0609999999999999, 4.3797142842487E-6
0.0639999999999999, 4.57088298111248E-6
0.0669999999999999, 4.76088606490069E-6
0.0699999999999999, 4.94153014106968E-6
0.0729999999999999, 5.12453642351455E-6
0.076, 5.30290798880635E-6
0.079, 5.4768363225084E-6
0.082, 5.6514356796945E-6
0.085, 5.81744673062186E-6
0.088, 5.98830658017268E-6
0.091, 6.14905788136179E-6
0.0939999999999999, 6.30924757587055E-6
0.0969999999999999, 6.46619353553387E-6
0.0999999999999999, 6.62070757406076E-6
0.103, 6.77232230985407E-6
0.106, 6.91794069582701E-6
0.109, 7.06465436001962E-6
0.112, 7.20598575529002E-6
0.115, 7.34516205430672E-6
0.118, 7.48147043729505E-6
0.121, 7.61514236222296E-6
0.124, 7.74547269677066E-6
0.127, 7.87021245218219E-6
0.13, 7.99455080675558E-6
0.133, 8.1155890055318E-6
0.136, 8.23053338700789E-6
0.139, 8.34589234653812E-6
0.142, 8.45944897361727E-6
0.145, 8.56725435391386E-6
0.148, 8.67213155512577E-6
0.151, 8.77438968434433E-6
0.154, 8.87632393043159E-6
0.157, 8.97353575734938E-6
0.16, 9.06865608859389E-6
0.163, 9.16061042905811E-6
0.166, 9.24871316137325E-6
0.169, 9.3334559095473E-6
0.172, 9.41887737427416E-6
0.175, 9.49801817681834E-6
0.178, 9.57816441339994E-6
0.181, 9.65209206780927E-6
0.184, 9.72503877655297E-6
0.187, 9.79609622460904E-6
0.19, 9.86483388150909E-6
0.193, 9.93128894719341E-6
0.196, 9.99722115281769E-6
0.199, 1.00588313590153E-5
0.202, 1.01178694768973E-5
0.205, 1.01754068361847E-5
0.208, 1.02311296171635E-5
0.211, 1.02877883664709E-5
0.214, 1.03420882293803E-5
0.217, 1.03893190303433E-5
0.22, 1.04397135179906E-5
0.223, 1.04865563246958E-5
0.226, 1.0531501482122E-5
0.229, 1.0576294007567E-5
0.232, 1.06200526203413E-5
0.235, 1.0660685321364E-5
0.238, 1.0699963645696E-5
0.241, 1.07379502063906E-5
0.244, 1.07762173631227E-5
0.247, 1.08137645475049E-5
0.25, 1.08473226127292E-5
0.253, 1.0882585455943E-5
0.256, 1.09146123478034E-5
0.259, 1.09435217548184E-5
0.262, 1.09752387196726E-5
0.265, 1.10061368026304E-5
0.268, 1.10348572276988E-5
0.271, 1.1065761680008E-5
0.274, 1.10931696942342E-5
0.277, 1.11184801876866E-5
0.28, 1.11419653803078E-5
0.283, 1.11703722483386E-5
0.286, 1.11956753505662E-5
0.289, 1.12177739440861E-5
0.292, 1.12433297376782E-5
0.295, 1.12638466117125E-5
0.298, 1.12875039107673E-5
0.301, 1.13123084509889E-5
0.304, 1.13343680760366E-5
0.307, 1.13547496057823E-5
0.31, 1.13771081159375E-5
0.313, 1.13962191028218E-5
0.316, 1.14169756914778E-5
0.319, 1.14371374239138E-5
0.322, 1.14541437998642E-5
0.325, 1.14735297113966E-5
0.328, 1.14948318917254E-5
0.331, 1.15129613904863E-5
0.334, 1.15313128970775E-5
0.337, 1.15467029183739E-5
0.34, 1.15634946146998E-5

0.439344475797699, 1.20304784596331E-5

-0.263, -1.09105895143372E-5
-0.26, -1.08812917938635E-5
-0.257, -1.08507076496744E-5
-0.254, -1.0816678802305E-5
-0.251, -1.07865894900869E-5
-0.248, -1.0753499461155E-5
-0.245, -1.07203829045452E-5
-0.242, -1.0683459521408E-5
-0.239, -1.06457153229985E-5
-0.236, -1.06071547289642E-5
-0.233, -1.0568796875963E-5
-0.23, -1.05291200338453E-5
-0.227, -1.04890353772604E-5
-0.224, -1.0441837196977E-5
-0.221, -1.03978432210392E-5
-0.218, -1.03508876415515E-5
-0.215, -1.03045147635222E-5
-0.212, -1.02569078128568E-5
-0.209, -1.0202606169574E-5
-0.206, -1.01514029237357E-5
-0.203, -1.00935343543017E-5
-0.2, -1.00380126040326E-5
-0.197, -9.97945719824267E-6
-0.194, -9.91881234063677E-6
-0.191, -9.85787121665765E-6
-0.188, -9.79169064249384E-6
-0.185, -9.72458215669447E-6
-0.182, -9.65199342392581E-6
-0.179, -9.58194647148306E-6
-0.176, -9.50572928092515E-6
-0.173, -9.43073820739806E-6
-0.17, -9.35183795369477E-6
-0.167, -9.2713288796775E-6
-0.164, -9.18748362825152E-6
-0.161, -9.09969579667261E-6
-0.158, -9.00808532084336E-6
-0.155, -8.91936789707472E-6
-0.152, -8.82170007505968E-6
-0.149, -8.72193425010905E-6
-0.146, -8.62510422852189E-6
-0.143, -8.5188779234026E-6
-0.14, -8.41459308072044E-6
-0.137, -8.30233001697855E-6
-0.134, -8.19287323969254E-6
-0.131, -8.07598293595542E-6
-0.128, -7.95698188625846E-6
-0.125, -7.83724723926097E-6
-0.122, -7.71252471777103E-6
-0.119, -7.5849038856368E-6
-0.116, -7.45399587716361E-6
-0.113, -7.3209333342719E-6
-0.11, -7.18684592942728E-6
-0.107, -7.04297422302627E-6
-0.104, -6.90290128641134E-6
-0.101, -6.75777394928373E-6
-0.098, -6.61049177376556E-6
-0.095, -6.46028661794239E-6
-0.092, -6.30580180892174E-6
-0.089, -6.14901041852214E-6
-0.0860000000000001, -5.98782186451684E-6
-0.083, -5.82674367472857E-6
-0.08, -5.66052133764098E-6
-0.077, -5.49422345576193E-6
-0.0740000000000001, -5.32243371127143E-6
-0.071, -5.14860354442885E-6
-0.068, -4.97206190523977E-6
-0.065, -4.79244610782696E-6
-0.062, -4.61081495743671E-6
-0.059, -4.42766997867869E-6
-0.056, -4.2411176741365E-6
-0.053, -4.05330543288338E-6
-0.0500000000000001, -3.85626368674551E-6
-0.047, -3.66463287473959E-6
-0.044, -3.46709990552993E-6
-0.041, -3.26755967137749E-6
-0.038, -3.06496420036873E-6
-0.035, -2.85879039191484E-6
-0.032, -2.64918102717152E-6
-0.029, -2.43949226622542E-6
-0.026, -2.22620238886384E-6
-0.023, -2.00830188654008E-6
-0.02, -1.78813290837522E-6
-0.017, -1.56341602633476E-6
-0.014, -1.33332301067612E-6
-0.011, -1.10008854355785E-6
-0.00800000000000003, -8.61734021930864E-7
-0.00500000000000003, -6.22024137296578E-7
-0.00200000000000003, -3.75390128399188E-7
0.000999999999999973, -1.24135496686204E-7
0.00399999999999998, 1.33421717546266E-7
0.00699999999999998, 3.89214979291538E-7
0.00999999999999998, 6.43244445131763E-7
0.013, 8.89525376160523E-7
0.016, 1.13679208668159E-6
0.019, 1.37538630165413E-6
0.022, 1.61385592344376E-6
0.025, 1.8531734746723E-6
0.0279999999999999, 2.07743240991115E-6
0.0309999999999999, 2.30660105229822E-6
0.0339999999999999, 2.52763389128661E-6
0.0369999999999999, 2.74758481994954E-6
0.04, 2.962299672239E-6
0.043, 3.1745918231032E-6
0.046, 3.38500148959959E-6
0.049, 3.5879280816651E-6
0.052, 3.78807991028641E-6
0.055, 3.99219875474873E-6
0.058, 4.18518228071263E-6
0.061, 4.38169415838234E-6
0.064, 4.57079488795192E-6
0.067, 4.75803535924665E-6
0.07, 4.93934761520401E-6
0.073, 5.12119646353715E-6
0.076, 5.29997396278961E-6
0.079, 5.47903323903661E-6
0.082, 5.64995937977999E-6
0.085, 5.81847092375624E-6
0.088, 5.98531495187156E-6
0.0909999999999999, 6.14703860823988E-6
0.0939999999999999, 6.30667626830436E-6
0.0969999999999999, 6.46400506430817E-6
0.1, 6.61729691499876E-6
0.103, 6.7708750443946E-6
0.106, 6.9192461354576E-6
0.109, 7.06165671230381E-6
0.112, 7.20318293190278E-6
0.115, 7.34267526336565E-6
0.118, 7.48148655757858E-6
0.121, 7.61303492262939E-6
0.124, 7.74086188026095E-6
0.127, 7.86992923114327E-6
0.13, 7.99138229432311E-6
0.133, 8.11534136062001E-6
0.136, 8.23236057255251E-6
0.139, 8.34470593707717E-6
0.142, 8.45903436617722E-6
0.145, 8.56394447364304E-6
0.148, 8.6715244245125E-6
0.151, 8.77246542342119E-6
0.154, 8.87586717385614E-6
0.157, 8.97268543993468E-6
0.16, 9.06713478578444E-6
0.163, 9.15792105429925E-6
0.166, 9.2443067823107E-6
0.169, 9.33092991057986E-6
0.172, 9.41761867911303E-6
0.175, 9.49664242166135E-6
0.178, 9.57584329003464E-6
0.181, 9.65151076420311E-6
0.184, 9.72528650773648E-6
0.187, 9.79541488224685E-6
0.19, 9.86302910544475E-6
0.193, 9.92981394086826E-6
0.196, 9.99580001577253E-6
0.199, 1.00582523709453E-5
0.202, 1.01158551572093E-5
0.205, 1.0174247560739E-5
0.208, 1.02315541565975E-5
0.211, 1.02865533549633E-5
0.214, 1.03385947346597E-5
0.217, 1.0390115169967E-5
0.22, 1.04363906547781E-5
0.223, 1.04840548098688E-5
0.226, 1.05303444221465E-5
0.229, 1.05757767330851E-5
0.232, 1.06161159892658E-5
0.235, 1.06610685690092E-5
0.238, 1.06994985202423E-5
0.241, 1.07364323610617E-5
0.244, 1.07756990838349E-5
0.247, 1.08114970340171E-5
0.25, 1.08490757562016E-5
0.253, 1.08781844624816E-5
0.256, 1.09154936436295E-5
0.259, 1.09473640599876E-5
0.262, 1.09748809271551E-5
0.265, 1.10057056586119E-5
0.268, 1.10356349972334E-5
0.271, 1.10630587394438E-5
0.274, 1.10918358674876E-5
0.277, 1.11187621184654E-5
0.28, 1.11438868958303E-5
0.283, 1.11692696019391E-5
0.286, 1.11952066479979E-5
0.289, 1.1219112084232E-5
0.292, 1.12413126855073E-5
0.295, 1.12675964445862E-5
0.298, 1.12853779792295E-5
0.301, 1.1309444243237E-5
0.304, 1.13315965470107E-5
0.307, 1.13548910144338E-5
0.31, 1.13728069562751E-5
0.313, 1.13941639256552E-5
0.316, 1.14168798661906E-5
0.319, 1.14339803940674E-5
0.322, 1.14531305834625E-5
0.325, 1.14725745121771E-5
0.328, 1.14929383067402E-5
0.331, 1.15129192573764E-5
0.334, 1.15276736930221E-5
0.337, 1.15467922328476E-5
0.34, 1.15637099915843E-5
0.343, 1.15819246222381E-5

0.439347028566436, 1.20320356543212E-5

-0.266, -1.09404499159468E-5
-0.263, -1.09115257035304E-5
-0.26, -1.08846236861111E-5
-0.257, -1.08536626415415E-5
-0.254, -1.08225378645093E-5
-0.251, -1.07894155125167E-5
-0.248, -1.07559866854239E-5
-0.245, -1.07193660543117E-5
-0.242, -1.06847581004363E-5
-0.239, -1.06501760042274E-5
-0.236, -1.06111040041646E-5
-0.233, -1.05718923002371E-5
-0.23, -1.05304870649753E-5
-0.227, -1.04874433081889E-5
-0.224, -1.04449941968684E-5
-0.221, -1.04015853402697E-5
-0.218, -1.03528169789243E-5
-0.215, -1.03068921300649E-5
-0.212, -1.02579915667583E-5
-0.209, -1.02019570828955E-5
-0.206, -1.01543539777197E-5
-0.203, -1.00952344317259E-5
-0.2, -1.00420928817078E-5
-0.197, -9.9821422676319E-6
-0.194, -9.92126610463735E-6
-0.191, -9.85622355128715E-6
-0.188, -9.79212079768295E-6
-0.185, -9.7243322408664E-6
-0.182, -9.65566386305607E-6
-0.179, -9.58464675994752E-6
-0.176, -9.51012889191426E-6
-0.173, -9.43206809363464E-6
-0.17, -9.35537380433119E-6
-0.167, -9.27300043080156E-6
-0.164, -9.18798448475009E-6
-0.161, -9.10074622171016E-6
-0.158, -9.01250481083476E-6
-0.155, -8.92246458281657E-6
-0.152, -8.82545744636845E-6
-0.149, -8.72733669791155E-6
-0.146, -8.62456658594131E-6
-0.143, -8.52187780946912E-6
-0.14, -8.41506155178393E-6
-0.137, -8.30748810613929E-6
-0.134, -8.19311733835892E-6
-0.131, -8.07574133188003E-6
-0.128, -7.95868101073773E-6
-0.125, -7.83957880143285E-6
-0.122, -7.71382381224005E-6
-0.119, -7.58663928000953E-6
-0.116, -7.45483175926009E-6
-0.113, -7.32224155709941E-6
-0.11, -7.1847027170118E-6
-0.107, -7.04922988998346E-6
-0.104, -6.90776308744936E-6
-0.101, -6.75890330893056E-6
-0.098, -6.61420870399991E-6
-0.095, -6.46353479736812E-6
-0.092, -6.30651517204452E-6
-0.0890000000000001, -6.14945457827107E-6
-0.0860000000000001, -5.9909986889423E-6
-0.083, -5.82773443921958E-6
-0.08, -5.66255371857918E-6
-0.077, -5.49497768917769E-6
-0.0740000000000001, -5.32367887000044E-6
-0.071, -5.14992864459164E-6
-0.068, -4.97398805005818E-6
-0.065, -4.79620558213235E-6
-0.062, -4.61273322339853E-6
-0.059, -4.42783230678681E-6
-0.0560000000000001, -4.2397282596281E-6
-0.053, -4.04912657723417E-6
-0.0500000000000001, -3.85821010491856E-6
-0.047, -3.66511698439994E-6
-0.044, -3.46856865341077E-6
-0.041, -3.26692227432063E-6
-0.038, -3.067282354799E-6
-0.035, -2.85881206324413E-6
-0.032, -2.64902330504774E-6
-0.029, -2.44189130799303E-6
-0.026, -2.22637979975935E-6
-0.023, -2.00990933702636E-6
-0.02, -1.78718862103003E-6
-0.017, -1.56177216023383E-6
-0.014, -1.33176031451331E-6
-0.011, -1.10028699213163E-6
-0.00800000000000003, -8.63936360212516E-7
-0.00500000000000003, -6.23825294593856E-7
-0.00200000000000003, -3.7525780185617E-7
0.000999999999999973, -1.2125481344907E-7
0.00399999999999998, 1.35171541761798E-7
0.00699999999999998, 3.85216848585553E-7
0.00999999999999998, 6.4343330353914E-7
0.013, 8.91317768303306E-7
0.016, 1.13612515473596E-6
0.019, 1.37940222754452E-6
0.022, 1.61671338024778E-6
0.0249999999999999, 1.8504525326457E-6
0.0279999999999999, 2.08125594072256E-6
0.0309999999999999, 2.30537692604923E-6
0.0339999999999999, 2.52652945907191E-6
0.0369999999999999, 2.74685906647438E-6
0.04, 2.96140298895684E-6
0.043, 3.17523390783379E-6
0.046, 3.38261840500082E-6
0.049, 3.58989845258438E-6
0.052, 3.78966859707413E-6
0.055, 3.99218544368164E-6
0.058, 4.18673747390408E-6
0.061, 4.38100027738467E-6
0.064, 4.56802522366461E-6
0.067, 4.75902598226169E-6
0.07, 4.94358436278958E-6
0.073, 5.12126532857452E-6
0.076, 5.30274257647952E-6
0.079, 5.47855752270242E-6
0.082, 5.6485062438057E-6
0.085, 5.81756204638723E-6
0.0879999999999999, 5.98148898677711E-6
0.0909999999999999, 6.14670516254181E-6
0.0939999999999999, 6.30757331556666E-6
0.0969999999999999, 6.46638753749203E-6
0.1, 6.61753834871063E-6
0.103, 6.76924498106114E-6
0.106, 6.91951182497181E-6
0.109, 7.06156773074173E-6
0.112, 7.20400616374467E-6
0.115, 7.34439964099936E-6
0.118, 7.48042418857327E-6
0.121, 7.61320216502014E-6
0.124, 7.74131943653484E-6
0.127, 7.86932302922704E-6
0.13, 7.99327201437914E-6
0.133, 8.1145870183712E-6
0.136, 8.23091182294802E-6
0.139, 8.34476630134064E-6
0.142, 8.45603659579547E-6
0.145, 8.56527732152697E-6
0.148, 8.67148966178535E-6
0.151, 8.7729451615117E-6
0.154, 8.87657759705438E-6
0.157, 8.96971564095469E-6
0.16, 9.06270657169807E-6
0.163, 9.15597843628618E-6
0.166, 9.2442452474414E-6
0.169, 9.33088469829905E-6
0.172, 9.41502212365898E-6
0.175, 9.49462733642408E-6
0.178, 9.57484042773704E-6
0.181, 9.65038179463311E-6
0.184, 9.7232716530877E-6
0.187, 9.79671610664281E-6
0.19, 9.86330817295984E-6
0.193, 9.92969404254352E-6
0.196, 9.99635103721756E-6
0.199, 1.00544082554706E-5
0.202, 1.01169535263367E-5
0.205, 1.01758457870523E-5
0.208, 1.02316190102814E-5
0.211, 1.0283689159241E-5
0.214, 1.03383037752284E-5
0.217, 1.03866728770372E-5
0.22, 1.04372748306246E-5
0.223, 1.04839791466717E-5
0.226, 1.05312661191295E-5
0.229, 1.05761994410688E-5
0.232, 1.06157531590378E-5
0.235, 1.06570376552695E-5
0.238, 1.06995177464827E-5
0.241, 1.07358446882437E-5
0.244, 1.07765114588006E-5
0.247, 1.08111910089046E-5
0.25, 1.08459702441887E-5
0.253, 1.08786394730012E-5
0.256, 1.0911957937444E-5
0.259, 1.09456906352538E-5
0.262, 1.09772508974936E-5
0.265, 1.10049155529854E-5
0.268, 1.10371748606706E-5
0.271, 1.10630798836491E-5
0.274, 1.10921333851378E-5
0.277, 1.11182912734219E-5
0.28, 1.11441988301744E-5
0.283, 1.11706966419279E-5
0.286, 1.11961322113935E-5
0.289, 1.12192531156406E-5
0.292, 1.12440396212926E-5
0.295, 1.12651555295742E-5
0.298, 1.12908047260752E-5
0.301, 1.13114991221344E-5
0.304, 1.13369287636688E-5
0.307, 1.13526786823062E-5
0.31, 1.1376513612226E-5
0.313, 1.1396613662527E-5
0.316, 1.14169826310261E-5
0.319, 1.14354671990446E-5
0.322, 1.1456881698581E-5
0.325, 1.14748808103789E-5
0.328, 1.149264061413E-5
0.331, 1.1509883268314E-5
0.334, 1.15313894935157E-5
0.337, 1.15468469285052E-5
0.34, 1.15654137304106E-5
0.343, 1.15837618290952E-5
0.346, 1.15973152384211E-5

0.439346936110013, 1.20323243463713E-5

-0.269, -1.09710035085681E-5
-0.266, -1.09457619218871E-5
-0.263, -1.0917730350202E-5
-0.26, -1.08837580829286E-5
-0.257, -1.08539896937852E-5
-0.254, -1.08221348053423E-5
-0.251, -1.07915839344542E-5
-0.248, -1.07573055867665E-5
-0.245, -1.07224851851913E-5
-0.242, -1.06850558092142E-5
-0.239, -1.06497904558517E-5
-0.236, -1.06134535205212E-5
-0.233, -1.05718002921441E-5
-0.23, -1.05316760057823E-5
-0.227, -1.04897099525548E-5
-0.224, -1.0447785209224E-5
-0.221, -1.04025766499017E-5
-0.218, -1.03573863111312E-5
-0.215, -1.03096372528771E-5
-0.212, -1.0257366386288E-5
-0.209, -1.0209547191487E-5
-0.206, -1.01559182161685E-5
-0.203, -1.00986310864985E-5
-0.2, -1.0039363159162E-5
-0.197, -9.98290415476528E-6
-0.194, -9.9216702164671E-6
-0.191, -9.85946802704144E-6
-0.188, -9.79507371438855E-6
-0.185, -9.72840171512359E-6
-0.182, -9.65950306487954E-6
-0.179, -9.58628010894286E-6
-0.176, -9.51045026410051E-6
-0.173, -9.43454689617445E-6
-0.17, -9.35568287209768E-6
-0.167, -9.27548271314379E-6
-0.164, -9.18749885593229E-6
-0.161, -9.10142057703194E-6
-0.158, -9.01512681618734E-6
-0.155, -8.92017561939194E-6
-0.152, -8.8254670519747E-6
-0.149, -8.72713765450584E-6
-0.146, -8.62610449916606E-6
-0.143, -8.52450049113107E-6
-0.14, -8.41645588226659E-6
-0.137, -8.3069509501971E-6
-0.134, -8.19548385681836E-6
-0.131, -8.07972618380542E-6
-0.128, -7.9603213428968E-6
-0.125, -7.83739140267092E-6
-0.122, -7.71637818606123E-6
-0.119, -7.58813222840469E-6
-0.116, -7.45635850204304E-6
-0.113, -7.32533815890242E-6
-0.11, -7.18756737874924E-6
-0.107, -7.04775522092099E-6
-0.104, -6.90633948241213E-6
-0.101, -6.76067100652299E-6
-0.098, -6.61381042751523E-6
-0.095, -6.46223773248322E-6
-0.092, -6.30830698122831E-6
-0.0890000000000001, -6.14875720435997E-6
-0.0860000000000001, -5.9903463770163E-6
-0.083, -5.82937673136673E-6
-0.08, -5.66222301090333E-6
-0.077, -5.494736835139E-6
-0.0740000000000001, -5.32297727445457E-6
-0.071, -5.14888206996175E-6
-0.068, -4.97360865050727E-6
-0.065, -4.79328478931765E-6
-0.062, -4.61391907142186E-6
-0.0590000000000001, -4.42702624951861E-6
-0.0560000000000001, -4.24290515375683E-6
-0.053, -4.051153900928E-6
-0.0500000000000001, -3.86179218459025E-6
-0.047, -3.66609423385413E-6
-0.044, -3.46749174591802E-6
-0.041, -3.2683790125479E-6
-0.038, -3.06444155469206E-6
-0.035, -2.85897747418077E-6
-0.032, -2.65040030126921E-6
-0.0290000000000001, -2.4403786666613E-6
-0.026, -2.22555609692917E-6
-0.023, -2.00855093753384E-6
-0.02, -1.78853379760999E-6
-0.017, -1.5618339904492E-6
-0.014, -1.33335008710744E-6
-0.011, -1.10242074023422E-6
-0.00800000000000003, -8.65658578787046E-7
-0.00500000000000003, -6.22335612092669E-7
-0.00200000000000003, -3.75228338758816E-7
0.000999999999999973, -1.21704683971328E-7
0.00399999999999998, 1.32222818520008E-7
0.00699999999999998, 3.8968406653701E-7
0.00999999999999998, 6.40282195506181E-7
0.013, 8.90173871169256E-7
0.016, 1.13287195925221E-6
0.019, 1.37694495581586E-6
0.0219999999999999, 1.61282086865295E-6
0.0249999999999999, 1.84833288839541E-6
0.0279999999999999, 2.07774718484437E-6
0.0309999999999999, 2.3041632607148E-6
0.0339999999999999, 2.5291077756173E-6
0.0369999999999999, 2.74474860410722E-6
0.04, 2.9611699656637E-6
0.043, 3.17169675135092E-6
0.046, 3.3817904072753E-6
0.049, 3.58741339864691E-6
0.052, 3.78934086130126E-6
0.055, 3.99060555392344E-6
0.058, 4.18771601839908E-6
0.061, 4.3776011144092E-6
0.064, 4.57150167638699E-6
0.067, 4.7555446207683E-6
0.07, 4.94077237671162E-6
0.073, 5.12072539742419E-6
0.076, 5.29710946176776E-6
0.079, 5.4761066199176E-6
0.082, 5.64818191153326E-6
0.0849999999999999, 5.8178516517075E-6
0.0879999999999999, 5.98414194724828E-6
0.0909999999999999, 6.14642297714953E-6
0.0939999999999999, 6.30657327553052E-6
0.0969999999999999, 6.46308168714414E-6
0.1, 6.61818900777719E-6
0.103, 6.7727726742492E-6
0.106, 6.916064034456E-6
0.109, 7.06274917581663E-6
0.112, 7.2044470579048E-6
0.115, 7.3434522338863E-6
0.118, 7.48081917483316E-6
0.121, 7.61280314931147E-6
0.124, 7.74229483167626E-6
0.127, 7.86673243541337E-6
0.13, 7.99299067050949E-6
0.133, 8.11335897199598E-6
0.136, 8.23094702635152E-6
0.139, 8.34711568140497E-6
0.142, 8.45648643952974E-6
0.145, 8.56546687130187E-6
0.148, 8.66914601877965E-6
0.151, 8.77364894175379E-6
0.154, 8.87459137088414E-6
0.157, 8.97124878136521E-6
0.16, 9.06524937597351E-6
0.163, 9.15720268684789E-6
0.166, 9.2446723646805E-6
0.169, 9.33255937439468E-6
0.172, 9.41418271071615E-6
0.175, 9.49710540611581E-6
0.178, 9.57249096633658E-6
0.181, 9.64868584174728E-6
0.184, 9.72209225832728E-6
0.187, 9.79326301091878E-6
0.19, 9.86390981414297E-6
0.193, 9.92839643494569E-6
0.196, 9.9949746251036E-6
0.199, 1.00575083556753E-5
0.202, 1.01158995890472E-5
0.205, 1.01748349396816E-5
0.208, 1.02320743863414E-5
0.211, 1.02839020503241E-5
0.214, 1.03367527281984E-5
0.217, 1.03902772967829E-5
0.22, 1.04377520502113E-5
0.223, 1.04845560093576E-5
0.226, 1.05304115450889E-5
0.229, 1.0573684965201E-5
0.232, 1.06168522087374E-5
0.235, 1.06584286299289E-5
0.238, 1.06986463535556E-5
0.241, 1.07349131842594E-5
0.244, 1.07735905115283E-5
0.247, 1.08109312815515E-5
0.25, 1.08467700165876E-5
0.253, 1.0879405618032E-5
0.256, 1.09124881833445E-5
0.259, 1.09434540613229E-5
0.262, 1.09742447333612E-5
0.265, 1.10040775374899E-5
0.268, 1.10356551362687E-5
0.271, 1.10654734473308E-5
0.274, 1.10915000038323E-5
0.277, 1.11194154893014E-5
0.28, 1.11442823121964E-5
0.283, 1.11721593823575E-5
0.286, 1.11953744558379E-5
0.289, 1.12221210859099E-5
0.292, 1.12407316661721E-5
0.295, 1.12659164197855E-5
0.298, 1.12889026196497E-5
0.301, 1.13117668283567E-5
0.304, 1.13347245492945E-5
0.307, 1.1354517359E-5
0.31, 1.13762836687556E-5
0.313, 1.13962912446525E-5
0.316, 1.14149341200438E-5
0.319, 1.14363847484666E-5
0.322, 1.14558361400925E-5
0.325, 1.14763874950948E-5
0.328, 1.14939768428001E-5
0.331, 1.15121357859276E-5
0.334, 1.15276437963603E-5
0.337, 1.1548403589441E-5
0.34, 1.15655468515508E-5
0.343, 1.15821856311402E-5
0.346, 1.15993530731035E-5
0.349, 1.16181581571604E-5

0.43938059069161, 1.20342762547055E-5

-0.272, -1.10000185339343E-5
-0.269, -1.0971736845497E-5
-0.266, -1.09462794548304E-5
-0.263, -1.09162498814158E-5
-0.26, -1.08845359730212E-5
-0.257, -1.08540220485408E-5
-0.254, -1.08235948498688E-5
-0.251, -1.07919462808919E-5
-0.248, -1.07612446336845E-5
-0.245, -1.07256487036221E-5
-0.242, -1.06901224526663E-5
-0.239, -1.06495489430343E-5
-0.236, -1.06131755388057E-5
-0.233, -1.05761224745498E-5
-0.23, -1.05309113233169E-5
-0.227, -1.04921710876756E-5
-0.224, -1.04491335316996E-5
-0.221, -1.04028402031706E-5
-0.218, -1.03575389993559E-5
-0.215, -1.03089001542726E-5
-0.212, -1.02609999084135E-5
-0.209, -1.02070758327151E-5
-0.206, -1.01552357645628E-5
-0.203, -1.00989839532842E-5
-0.2, -1.00423714665564E-5
-0.197, -9.98320702662929E-6
-0.194, -9.92569010158395E-6
-0.191, -9.85960284774858E-6
-0.188, -9.79329924099617E-6
-0.185, -9.72731491561459E-6
-0.182, -9.65865378812238E-6
-0.179, -9.5860907669251E-6
-0.176, -9.51371241145616E-6
-0.173, -9.43751395176328E-6
-0.17, -9.35551987064117E-6
-0.167, -9.2759552679651E-6
-0.164, -9.18994889848179E-6
-0.161, -9.10394534822515E-6
-0.158, -9.01464347406462E-6
-0.155, -8.92069691884102E-6
-0.152, -8.82696184320601E-6
-0.149, -8.72643940406979E-6
-0.146, -8.62489257745874E-6
-0.143, -8.52314117591875E-6
-0.14, -8.41689723844738E-6
-0.137, -8.30698850018029E-6
-0.134, -8.19607222561777E-6
-0.131, -8.08089473857228E-6
-0.128, -7.95948069117011E-6
-0.125, -7.83854333028797E-6
-0.122, -7.71721929302844E-6
-0.119, -7.58957860024575E-6
-0.116, -7.45941273310585E-6
-0.113, -7.32361075277768E-6
-0.11, -7.18689895819248E-6
-0.107, -7.04790164395788E-6
-0.104, -6.90626165416481E-6
-0.101, -6.76356896897578E-6
-0.098, -6.61417362345624E-6
-0.095, -6.46209089151079E-6
-0.092, -6.30862140606728E-6
-0.0890000000000001, -6.15133054331535E-6
-0.0860000000000001, -5.99156542358278E-6
-0.083, -5.82849407323735E-6
-0.08, -5.66666044402096E-6
-0.077, -5.4951326521687E-6
-0.0740000000000001, -5.32374838913971E-6
-0.071, -5.15214469310422E-6
-0.068, -4.97431595077968E-6
-0.065, -4.79622027936321E-6
-0.0620000000000001, -4.61316321656055E-6
-0.0590000000000001, -4.43005070106558E-6
-0.0560000000000001, -4.24087540227828E-6
-0.053, -4.05207382284734E-6
-0.0500000000000001, -3.86114864808578E-6
-0.047, -3.6653100115343E-6
-0.044, -3.46799348278593E-6
-0.041, -3.26873932504009E-6
-0.038, -3.06330096370144E-6
-0.035, -2.85875205436025E-6
-0.0320000000000001, -2.65172631202099E-6
-0.0290000000000001, -2.44274450196211E-6
-0.026, -2.225536119835E-6
-0.023, -2.00750161927526E-6
-0.02, -1.78984551994365E-6
-0.017, -1.56067685999281E-6
-0.014, -1.33336416512393E-6
-0.011, -1.10282561668685E-6
-0.00800000000000003, -8.65192836504217E-7
-0.00500000000000003, -6.23583316162876E-7
-0.00200000000000003, -3.75572539336504E-7
0.000999999999999973, -1.22906649709889E-7
0.00399999999999998, 1.3218779439945E-7
0.00699999999999998, 3.8784280644577E-7
0.00999999999999998, 6.38909445555559E-7
0.013, 8.8758682249778E-7
0.016, 1.13274958843516E-6
0.0189999999999999, 1.37739956099131E-6
0.0219999999999999, 1.61339246435667E-6
0.0249999999999999, 1.84834364432718E-6
0.0279999999999999, 2.07828242639056E-6
0.0309999999999999, 2.30435078205196E-6
0.0339999999999999, 2.52752651704117E-6
0.0369999999999999, 2.74575071648058E-6
0.04, 2.96104380292374E-6
0.043, 3.17552927383235E-6
0.046, 3.38098127887096E-6
0.049, 3.58856837349254E-6
0.052, 3.7882130590695E-6
0.055, 3.98848979472706E-6
0.058, 4.18822752498888E-6
0.061, 4.37698503057953E-6
0.064, 4.56971019730597E-6
0.067, 4.75549525641641E-6
0.07, 4.93931931036087E-6
0.073, 5.12080220728986E-6
0.076, 5.29868661257185E-6
0.079, 5.47657889806171E-6
0.0819999999999999, 5.64502985789411E-6
0.0849999999999999, 5.81732555943997E-6
0.0879999999999999, 5.98096867284079E-6
0.0909999999999999, 6.14693937521306E-6
0.0939999999999999, 6.30483302454752E-6
0.0969999999999999, 6.46105304554433E-6
0.1, 6.61862953550795E-6
0.103, 6.7690869082629E-6
0.106, 6.91498190262202E-6
0.109, 7.06002877806563E-6
0.112, 7.20259866068756E-6
0.115, 7.34369594960958E-6
0.118, 7.47762497115335E-6
0.121, 7.60934467287012E-6
0.124, 7.7383106885486E-6
0.127, 7.86558578510905E-6
0.13, 7.99051369995622E-6
0.133, 8.1078759116211E-6
0.136, 8.22935579301342E-6
0.139, 8.34092623162132E-6
0.142, 8.45414279549851E-6
0.145, 8.56464218867198E-6
0.148, 8.67121024598275E-6
0.151, 8.77367059434569E-6
0.154, 8.87075331703661E-6
0.157, 8.96883506267631E-6
0.16, 9.06301305719328E-6
0.163, 9.15386833511692E-6
0.166, 9.24197609342473E-6
0.169, 9.32925074009847E-6
0.172, 9.41430721217785E-6
0.175, 9.49543304157468E-6
0.178, 9.57226306363103E-6
0.181, 9.64820805628285E-6
0.184, 9.72176599152023E-6
0.187, 9.79316893485273E-6
0.19, 9.86240048929816E-6
0.193, 9.92675703199173E-6
0.196, 9.99339626521489E-6
0.199, 1.00523556571961E-5
0.202, 1.01156548317588E-5
0.205, 1.0171227736233E-5
0.208, 1.02311383223616E-5
0.211, 1.02823202714301E-5
0.214, 1.0337015118438E-5
0.217, 1.03874387736796E-5
0.22, 1.04349130745264E-5
0.223, 1.04838493930005E-5
0.226, 1.05264773965419E-5
0.229, 1.05730537713812E-5
0.232, 1.06153770906647E-5
0.235, 1.06557312703769E-5
0.238, 1.06965321067094E-5
0.241, 1.07349527197166E-5
0.244, 1.0772426686982E-5
0.247, 1.08099830332372E-5
0.25, 1.08445636148986E-5
0.253, 1.0879051183285E-5
0.256, 1.09128192439066E-5
0.259, 1.09419745535917E-5
0.262, 1.09762506259965E-5
0.265, 1.10057403095498E-5
0.268, 1.10349974288575E-5
0.271, 1.10627931012137E-5
0.274, 1.10914410430905E-5
0.277, 1.11171632283405E-5
0.28, 1.11455552143474E-5
0.283, 1.11686226117357E-5
0.286, 1.11948524042776E-5
0.289, 1.12185470080059E-5
0.292, 1.12432351262858E-5
0.295, 1.12657543613229E-5
0.298, 1.12895701964831E-5
0.301, 1.13127492788431E-5
0.304, 1.133434497543E-5
0.307, 1.13543263354059E-5
0.31, 1.13740348975176E-5
0.313, 1.13966935472538E-5
0.316, 1.14169704488386E-5
0.319, 1.14367543972625E-5
0.322, 1.1456495798137E-5
0.325, 1.14752050807401E-5
0.328, 1.1495572491955E-5
0.331, 1.15122367101643E-5
0.334, 1.15294254986086E-5
0.337, 1.15478643731229E-5
0.34, 1.1566518967807E-5
0.343, 1.15856819660104E-5
0.346, 1.15985188218724E-5
0.349, 1.16148326790507E-5
0.352, 1.16302875603942E-5

0.439341551072508, 1.20339602679889E-5

-0.275, -1.10295363209156E-5
-0.272, -1.10046042781691E-5
-0.269, -1.09755139536695E-5
-0.266, -1.09445118720983E-5
-0.263, -1.09170669393073E-5
-0.26, -1.08883507434719E-5
-0.257, -1.08577690504275E-5
-0.254, -1.08243074332001E-5
-0.251, -1.07932304287881E-5
-0.248, -1.07602991729533E-5
-0.245, -1.07242689831359E-5
-0.242, -1.06902279951536E-5
-0.239, -1.06569186637558E-5
-0.236, -1.06176521093683E-5
-0.233, -1.05770776616093E-5
-0.23, -1.0533463260631E-5
-0.227, -1.04929454666346E-5
-0.224, -1.04512890862213E-5
-0.221, -1.04049405369294E-5
-0.218, -1.03584313131117E-5
-0.215, -1.03101800349303E-5
-0.212, -1.02590389551617E-5
-0.209, -1.02082982600485E-5
-0.206, -1.01560485004559E-5
-0.203, -1.01012200832208E-5
-0.2, -1.00426890430244E-5
-0.197, -9.98401232768666E-6
-0.194, -9.92301618061818E-6
-0.191, -9.86041882389282E-6
-0.188, -9.79589397924478E-6
-0.185, -9.72869266004317E-6
-0.182, -9.65712033520688E-6
-0.179, -9.58801947538352E-6
-0.176, -9.51358350934287E-6
-0.173, -9.43568724777312E-6
-0.17, -9.3563686659598E-6
-0.167, -9.2760525262892E-6
-0.164, -9.19020890354007E-6
-0.161, -9.10371192506746E-6
-0.158, -9.01461610680005E-6
-0.155, -8.92260122236849E-6
-0.152, -8.82796644827091E-6
-0.149, -8.72959697122054E-6
-0.146, -8.62860492281608E-6
-0.143, -8.52496190877813E-6
-0.14, -8.4157621671797E-6
-0.137, -8.30857336988587E-6
-0.134, -8.19508506487536E-6
-0.131, -8.081152136906E-6
-0.128, -7.96447110134761E-6
-0.125, -7.84019393999585E-6
-0.122, -7.71577594159814E-6
-0.119, -7.58898936569989E-6
-0.116, -7.4591300359592E-6
-0.113, -7.3270358699635E-6
-0.11, -7.1894950107827E-6
-0.107, -7.0501002799328E-6
-0.104, -6.91032309351778E-6
-0.101, -6.76167439827491E-6
-0.0980000000000001, -6.61624223326797E-6
-0.095, -6.46180577433859E-6
-0.092, -6.31057130123694E-6
-0.0890000000000001, -6.15499365957305E-6
-0.0860000000000001, -5.99428096708099E-6
-0.083, -5.83025121262826E-6
-0.08, -5.66213866793902E-6
-0.077, -5.49511183505647E-6
-0.0740000000000001, -5.32604059659219E-6
-0.071, -5.15002637169381E-6
-0.068, -4.97389674153415E-6
-0.0650000000000001, -4.79795526578278E-6
-0.0620000000000001, -4.61310226854286E-6
-0.0590000000000001, -4.42808329733003E-6
-0.0560000000000001, -4.24471690224036E-6
-0.053, -4.04972827266398E-6
-0.0500000000000001, -3.86187156607101E-6
-0.047, -3.66457834132651E-6
-0.044, -3.467453322433E-6
-0.041, -3.27017730186338E-6
-0.038, -3.06167963707586E-6
-0.0350000000000001, -2.85960883121786E-6
-0.0320000000000001, -2.65464521437402E-6
-0.0290000000000001, -2.441844609074E-6
-0.026, -2.22673315542926E-6
-0.023, -2.00831628694415E-6
-0.02, -1.78961081263757E-6
-0.017, -1.56346397715075E-6
-0.014, -1.33517995875937E-6
-0.011, -1.1005295775024E-6
-0.00800000000000003, -8.62188782001495E-7
-0.00500000000000003, -6.22158943305633E-7
-0.00200000000000003, -3.7704711373554E-7
0.000999999999999973, -1.22941458558316E-7
0.00399999999999998, 1.31714057535332E-7
0.00699999999999998, 3.87458281725624E-7
0.00999999999999998, 6.43171512431464E-7
0.013, 8.89419537960972E-7
0.0159999999999999, 1.13523065756677E-6
0.0189999999999999, 1.37612845475981E-6
0.0219999999999999, 1.61488625958091E-6
0.0249999999999999, 1.84867019526534E-6
0.0279999999999999, 2.07549204359945E-6
0.0309999999999999, 2.30549975822395E-6
0.0339999999999999, 2.52896708855334E-6
0.0369999999999999, 2.74619848154238E-6
0.04, 2.95970988732102E-6
0.043, 3.17478676587492E-6
0.046, 3.3785808825004E-6
0.049, 3.58931949838787E-6
0.052, 3.78950639886605E-6
0.055, 3.98866604065964E-6
0.058, 4.18451698944041E-6
0.061, 4.37838738246884E-6
0.064, 4.56878086120056E-6
0.067, 4.75612165676255E-6
0.07, 4.94055172087103E-6
0.073, 5.12215346586364E-6
0.076, 5.29914536824497E-6
0.0789999999999999, 5.47166652759931E-6
0.0819999999999999, 5.64746778164167E-6
0.0849999999999999, 5.81666274230721E-6
0.0879999999999999, 5.9829972641779E-6
0.0909999999999999, 6.14327118214839E-6
0.0939999999999999, 6.30379945662559E-6
0.0969999999999999, 6.46125757407268E-6
0.1, 6.61709784780486E-6
0.103, 6.76715501789437E-6
0.106, 6.91630933173614E-6
0.109, 7.06055144561162E-6
0.112, 7.20236992523523E-6
0.115, 7.33789805390936E-6
0.118, 7.47562081868264E-6
0.121, 7.61107005049274E-6
0.124, 7.74127906308472E-6
0.127, 7.86761921491825E-6
0.13, 7.9905864157053E-6
0.133, 8.11051398825375E-6
0.136, 8.22848320620823E-6
0.139, 8.34251186656814E-6
0.142, 8.45631680245317E-6
0.145, 8.5651102133217E-6
0.148, 8.66883953450317E-6
0.151, 8.77166678895778E-6
0.154, 8.87004015735323E-6
0.157, 8.96971435712431E-6
0.16, 9.06269116449145E-6
0.163, 9.15428839052467E-6
0.166, 9.24404212188197E-6
0.169, 9.32834607166702E-6
0.172, 9.41025331921538E-6
0.175, 9.49500284964815E-6
0.178, 9.57221803641058E-6
0.181, 9.64619194274454E-6
0.184, 9.72169120269238E-6
0.187, 9.79052143109553E-6
0.19, 9.86203388091458E-6
0.193, 9.92540185180106E-6
0.196, 9.99326580388637E-6
0.199, 1.0055039939587E-5
0.202, 1.01113060706712E-5
0.205, 1.01726221755191E-5
0.208, 1.02287090753715E-5
0.211, 1.02825352442451E-5
0.214, 1.03362849230262E-5
0.217, 1.03853847431561E-5
0.22, 1.04352491818779E-5
0.223, 1.04814466514161E-5
0.226, 1.05262674979751E-5
0.229, 1.05707273894273E-5
0.232, 1.06149540353676E-5
0.235, 1.06566775697677E-5
0.238, 1.06967058759637E-5
0.241, 1.07349981875507E-5
0.244, 1.07710491083991E-5
0.247, 1.08076753919724E-5
0.25, 1.08429542961705E-5
0.253, 1.08798032294812E-5
0.256, 1.09115228042046E-5
0.259, 1.09440299970768E-5
0.262, 1.09752902607888E-5
0.265, 1.10058129724805E-5
0.268, 1.10366714139093E-5
0.271, 1.10621583251468E-5
0.274, 1.10897165177714E-5
0.277, 1.1117961374049E-5
0.28, 1.11428032708756E-5
0.283, 1.1169945872887E-5
0.286, 1.11949060644053E-5
0.289, 1.12204439370851E-5
0.292, 1.12445661262954E-5
0.295, 1.12662359521893E-5
0.298, 1.12903992976866E-5
0.301, 1.13115725366818E-5
0.304, 1.13322161654244E-5
0.307, 1.13551661788265E-5
0.31, 1.13759950865239E-5
0.313, 1.13976231020803E-5
0.316, 1.14163637146882E-5
0.319, 1.14368241531087E-5
0.322, 1.14551941440418E-5
0.325, 1.14728203253461E-5
0.328, 1.14937556680529E-5
0.331, 1.15129225872154E-5
0.334, 1.15313000459478E-5
0.337, 1.15484751237933E-5
0.34, 1.15644744897042E-5
0.343, 1.15820325490256E-5
0.346, 1.15998244503599E-5
0.349, 1.16153029563365E-5
0.352, 1.16326113868608E-5
0.355, 1.16472969416844E-5

0.439340519630044, 1.20317716193855E-5

-0.278, -1.10548932909385E-5
-0.275, -1.10303048269946E-5
-0.272, -1.10035017282054E-5
-0.269, -1.09786254844798E-5
-0.266, -1.09476579243856E-5
-0.263, -1.09167865624228E-5
-0.26, -1.08888535260718E-5
-0.257, -1.08574346059896E-5
-0.254, -1.08292467762372E-5
-0.251, -1.07935747599652E-5
-0.248, -1.0762010145378E-5
-0.245, -1.07250092802735E-5
-0.242, -1.06909348478915E-5
-0.239, -1.06541409416894E-5
-0.236, -1.06164112771553E-5
-0.233, -1.05781418182065E-5
-0.23, -1.05332649887027E-5
-0.227, -1.04940980068179E-5
-0.224, -1.04514181076617E-5
-0.221, -1.04059324675057E-5
-0.218, -1.03605352222996E-5
-0.215, -1.03108481286589E-5
-0.212, -1.02625900118821E-5
-0.209, -1.02110489286301E-5
-0.206, -1.01577090375316E-5
-0.203, -1.01046080864334E-5
-0.2, -1.00438145499091E-5
-0.197, -9.98674616100168E-6
-0.194, -9.92488211985041E-6
-0.191, -9.86222916063264E-6
-0.188, -9.79671435810967E-6
-0.185, -9.72981951958543E-6
-0.182, -9.66073395311131E-6
-0.179, -9.59040297663923E-6
-0.176, -9.51572777776348E-6
-0.173, -9.43895467351091E-6
-0.17, -9.35562764225824E-6
-0.167, -9.27889847501407E-6
-0.164, -9.19058992287326E-6
-0.161, -9.105557201939E-6
-0.158, -9.01940957849532E-6
-0.155, -8.92169044696356E-6
-0.152, -8.82779446259922E-6
-0.149, -8.73142650364039E-6
-0.146, -8.62995686806378E-6
-0.143, -8.52748152930189E-6
-0.14, -8.4181612970036E-6
-0.137, -8.31041425491691E-6
-0.134, -8.19843673677932E-6
-0.131, -8.080806009399E-6
-0.128, -7.96320004340282E-6
-0.125, -7.8407758540445E-6
-0.122, -7.71887067666242E-6
-0.119, -7.59020593419201E-6
-0.116, -7.4593455201229E-6
-0.113, -7.32642043796916E-6
-0.11, -7.18964642167519E-6
-0.107, -7.05108171696642E-6
-0.104, -6.90916577356233E-6
-0.101, -6.76473637826346E-6
-0.0980000000000001, -6.61378162718141E-6
-0.095, -6.46326999893139E-6
-0.092, -6.30906124928745E-6
-0.0890000000000001, -6.15495866586014E-6
-0.0860000000000001, -5.99312030801481E-6
-0.083, -5.82843021624463E-6
-0.08, -5.66330560069474E-6
-0.077, -5.49555431490702E-6
-0.0740000000000001, -5.32421930149945E-6
-0.071, -5.15058794009585E-6
-0.0680000000000001, -4.97528921860031E-6
-0.0650000000000001, -4.79656762227789E-6
-0.0620000000000001, -4.61471321210863E-6
-0.0590000000000001, -4.42790823389647E-6
-0.0560000000000001, -4.24276959363228E-6
-0.053, -4.05249372256866E-6
-0.0500000000000001, -3.86140759861359E-6
-0.047, -3.66727384377078E-6
-0.044, -3.4692832378456E-6
-0.041, -3.26850804949925E-6
-0.0380000000000001, -3.0662071229748E-6
-0.0350000000000001, -2.85967806232108E-6
-0.0320000000000001, -2.65433660811141E-6
-0.0290000000000001, -2.44271679679663E-6
-0.026, -2.22731915991232E-6
-0.023, -2.00965112513061E-6
-0.02, -1.78856667180138E-6
-0.017, -1.56130053615065E-6
-0.014, -1.33274788227551E-6
-0.011, -1.10116689781078E-6
-0.00800000000000003, -8.67517845500185E-7
-0.00500000000000003, -6.23663648019014E-7
-0.00200000000000003, -3.75297732747776E-7
0.000999999999999973, -1.22150604761626E-7
0.00399999999999998, 1.29735492163118E-7
0.00699999999999998, 3.87230153422312E-7
0.00999999999999998, 6.38995619838779E-7
0.0129999999999999, 8.89505625639702E-7
0.0159999999999999, 1.13300258141144E-6
0.0189999999999999, 1.37767277927056E-6
0.0219999999999999, 1.6129709978684E-6
0.0249999999999999, 1.84842577479982E-6
0.0279999999999999, 2.07526144207518E-6
0.0309999999999999, 2.30236811264042E-6
0.0339999999999999, 2.52523938224039E-6
0.0369999999999999, 2.74341085627532E-6
0.04, 2.96122280338812E-6
0.043, 3.17260468942181E-6
0.046, 3.38226192486047E-6
0.049, 3.58643885541466E-6
0.052, 3.79093114331087E-6
0.055, 3.98968687900285E-6
0.058, 4.18556154843376E-6
0.061, 4.37711717968274E-6
0.064, 4.56791308547215E-6
0.067, 4.75446458306505E-6
0.07, 4.9383436260852E-6
0.073, 5.12400001121378E-6
0.0759999999999999, 5.29731840568055E-6
0.0789999999999999, 5.47445735143111E-6
0.0819999999999999, 5.6460005610042E-6
0.0849999999999999, 5.81415592864806E-6
0.0879999999999999, 5.98035397698415E-6
0.0909999999999999, 6.14522412761377E-6
0.0939999999999999, 6.30526832102182E-6
0.0969999999999999, 6.46262625067951E-6
0.1, 6.61750121221143E-6
0.103, 6.76631388479547E-6
0.106, 6.91437063787915E-6
0.109, 7.05914191285722E-6
0.112, 7.20157557369025E-6
0.115, 7.34228772374127E-6
0.118, 7.47494361027255E-6
0.121, 7.61085415571209E-6
0.124, 7.73877287381926E-6
0.127, 7.86350417980215E-6
0.13, 7.98866092712083E-6
0.133, 8.10945170126719E-6
0.136, 8.22740977766747E-6
0.139, 8.34125822513443E-6
0.142, 8.45324248286285E-6
0.145, 8.56257836589958E-6
0.148, 8.66866579105005E-6
0.151, 8.77117634556054E-6
0.154, 8.87191609462721E-6
0.157, 8.96671761457206E-6
0.16, 9.06265391189725E-6
0.163, 9.15327348091027E-6
0.166, 9.24123902703327E-6
0.169, 9.32851301870489E-6
0.172, 9.40971530163704E-6
0.175, 9.4914655738709E-6
0.178, 9.56986828309454E-6
0.181, 9.64630141747339E-6
0.184, 9.71973618579393E-6
0.187, 9.79022524836234E-6
0.19, 9.85885932305324E-6
0.193, 9.92498494607938E-6
0.196, 9.99064639617398E-6
0.199, 1.00523160382136E-5
0.202, 1.01116439393404E-5
0.205, 1.01731830843233E-5
0.208, 1.02286016379905E-5
0.211, 1.02812606543127E-5
0.214, 1.03335359261374E-5
0.217, 1.038527631569E-5
0.22, 1.04323075448718E-5
0.223, 1.04816410674147E-5
0.226, 1.05290495101977E-5
0.229, 1.05696657842328E-5
0.232, 1.06134683265842E-5
0.235, 1.06537401509166E-5
0.238, 1.0695733454407E-5
0.241, 1.07367426803839E-5
0.244, 1.07741906239425E-5
0.247, 1.0808654414721E-5
0.25, 1.0841951734363E-5
0.253, 1.08771436676388E-5
0.256, 1.09117090881716E-5
0.259, 1.09434760504917E-5
0.262, 1.09750782782858E-5
0.265, 1.10063131780233E-5
0.268, 1.1033410264944E-5
0.271, 1.1062704697341E-5
0.274, 1.10911778702414E-5
0.277, 1.11178069543544E-5
0.28, 1.11420064829823E-5
0.283, 1.11691580774044E-5
0.286, 1.11948386085412E-5
0.289, 1.12164185369107E-5
0.292, 1.12446499462421E-5
0.295, 1.1264826443831E-5
0.298, 1.12877130544039E-5
0.301, 1.13099249583425E-5
0.304, 1.13321186850422E-5
0.307, 1.13540003454666E-5
0.31, 1.13736633061764E-5
0.313, 1.1394937672756E-5
0.316, 1.14163280979646E-5
0.319, 1.14369311371734E-5
0.322, 1.14562233966182E-5
0.325, 1.14741176071541E-5
0.328, 1.14920707959825E-5
0.331, 1.15124878826936E-5
0.334, 1.15302136382729E-5
0.337, 1.15504813143204E-5
0.34, 1.15654807765514E-5
0.343, 1.15823209476387E-5
0.346, 1.15997963543347E-5
0.349, 1.16148566096081E-5
0.352, 1.16344458818889E-5
0.355, 1.16483070910216E-5
0.358, 1.16644736230188E-5

0.439348738980469, 1.20317824892966E-5

-0.281, -1.10823221510436E-5
-0.278, -1.10549178857966E-5
-0.275, -1.10325192937233E-5
-0.272, -1.10065965848648E-5
-0.269, -1.09761458495526E-5
-0.266, -1.09483286587973E-5
-0.263, -1.09199897244095E-5
-0.26, -1.08909595808242E-5
-0.257, -1.08590982563253E-5
-0.254, -1.08296374070574E-5
-0.251, -1.079772963392E-5
-0.248, -1.07625601648365E-5
-0.245, -1.07278857436504E-5
-0.242, -1.06930979254558E-5
-0.239, -1.06540604883951E-5
-0.236, -1.06176808272093E-5
-0.233, -1.05771488635525E-5
-0.23, -1.05351218731927E-5
-0.227, -1.04938077097705E-5
-0.224, -1.04514419961051E-5
-0.221, -1.04066627469757E-5
-0.218, -1.03605843317994E-5
-0.215, -1.03138529096684E-5
-0.212, -1.02617772237869E-5
-0.209, -1.02099174162034E-5
-0.206, -1.01569338664067E-5
-0.203, -1.0102711584857E-5
-0.2, -1.00490143084946E-5
-0.197, -9.98901627521441E-6
-0.194, -9.92565529323623E-6
-0.191, -9.86398181128921E-6
-0.188, -9.79566743384497E-6
-0.185, -9.7308125062799E-6
-0.182, -9.66255693404009E-6
-0.179, -9.58699333131284E-6
-0.176, -9.51582956390193E-6
-0.173, -9.43787011577436E-6
-0.17, -9.35861785651203E-6
-0.167, -9.27624154597622E-6
-0.164, -9.19251564290861E-6
-0.161, -9.10498289915578E-6
-0.158, -9.01497077875213E-6
-0.155, -8.92348042057696E-6
-0.152, -8.82744464937544E-6
-0.149, -8.73112808491658E-6
-0.146, -8.62902301774811E-6
-0.143, -8.52647736238915E-6
-0.14, -8.42019240829281E-6
-0.137, -8.30835707169207E-6
-0.134, -8.19783724262262E-6
-0.131, -8.08106546481837E-6
-0.128, -7.96319395571653E-6
-0.125, -7.84197459862984E-6
-0.122, -7.71874679622115E-6
-0.119, -7.58967903600564E-6
-0.116, -7.46043926567136E-6
-0.113, -7.32675739631142E-6
-0.11, -7.1912316764411E-6
-0.107, -7.05003252125645E-6
-0.104, -6.90973364322554E-6
-0.101, -6.76476569763403E-6
-0.0980000000000001, -6.6159084103651E-6
-0.095, -6.46468964073654E-6
-0.092, -6.30869785191646E-6
-0.0890000000000001, -6.15273819401249E-6
-0.0860000000000001, -5.99374857643893E-6
-0.083, -5.83090218454845E-6
-0.08, -5.66510669928799E-6
-0.077, -5.49469238060933E-6
-0.0740000000000001, -5.32756791378494E-6
-0.0710000000000001, -5.15076000597747E-6
-0.0680000000000001, -4.97540938536267E-6
-0.0650000000000001, -4.79517988200895E-6
-0.0620000000000001, -4.61527186815517E-6
-0.0590000000000001, -4.42956711946794E-6
-0.0560000000000001, -4.24236646861212E-6
-0.053, -4.05315381867835E-6
-0.0500000000000001, -3.86047062269849E-6
-0.047, -3.66837042687103E-6
-0.044, -3.46823768314006E-6
-0.0410000000000001, -3.27140483578178E-6
-0.0380000000000001, -3.06483861655763E-6
-0.0350000000000001, -2.86061065593398E-6
-0.0320000000000001, -2.65627661318839E-6
-0.0290000000000001, -2.44454925717143E-6
-0.026, -2.22934942301566E-6
-0.023, -2.01084876392897E-6
-0.02, -1.78866652429669E-6
-0.017, -1.56492285345227E-6
-0.014, -1.33338303798622E-6
-0.011, -1.10460289364303E-6
-0.00800000000000003, -8.68787357894476E-7
-0.00500000000000003, -6.24519030353751E-7
-0.00200000000000003, -3.79038551784474E-7
0.000999999999999973, -1.22161377886511E-7
0.00399999999999998, 1.30750677122968E-7
0.00699999999999998, 3.87647771029712E-7
0.00999999999999992, 6.38671166111142E-7
0.0129999999999999, 8.88565727358517E-7
0.0159999999999999, 1.13278383869671E-6
0.0189999999999999, 1.37655327127606E-6
0.0219999999999999, 1.61345701497239E-6
0.0249999999999999, 1.8493803881652E-6
0.0279999999999999, 2.07557908665558E-6
0.0309999999999999, 2.30413322743326E-6
0.0339999999999999, 2.52634377911278E-6
0.0369999999999999, 2.7452703122545E-6
0.04, 2.9588225714011E-6
0.043, 3.17229348864063E-6
0.046, 3.38021867000416E-6
0.049, 3.58775302376148E-6
0.052, 3.7912476208629E-6
0.055, 3.98617266878426E-6
0.058, 4.18609288228553E-6
0.061, 4.37678301250978E-6
0.064, 4.56810422397731E-6
0.067, 4.75395222178465E-6
0.07, 4.93706581643332E-6
0.0729999999999999, 5.12047068131898E-6
0.0759999999999999, 5.29736132044284E-6
0.0789999999999999, 5.47208335538001E-6
0.0819999999999999, 5.64465443372573E-6
0.0849999999999999, 5.81499316517673E-6
0.0879999999999999, 5.98256573526665E-6
0.0909999999999999, 6.14137114339359E-6
0.0939999999999999, 6.30513434663735E-6
0.0969999999999999, 6.46021313249958E-6
0.1, 6.6133592127462E-6
0.103, 6.76541009130391E-6
0.106, 6.91221677656971E-6
0.109, 7.05812810117965E-6
0.112, 7.2011296403587E-6
0.115, 7.33998669928131E-6
0.118, 7.47466231084754E-6
0.121, 7.60589463266747E-6
0.124, 7.73683222634097E-6
0.127, 7.86172380103078E-6
0.13, 7.98815443867188E-6
0.133, 8.11290576609179E-6
0.136, 8.22290530886817E-6
0.139, 8.34318935098811E-6
0.142, 8.45123485759356E-6
0.145, 8.56107654435975E-6
0.148, 8.66683556153843E-6
0.151, 8.77126715928582E-6
0.154, 8.86936590630112E-6
0.157, 8.96718992279949E-6
0.16, 9.0603639616553E-6
0.163, 9.15328474492869E-6
0.166, 9.24296487221521E-6
0.169, 9.32982854863278E-6
0.172, 9.41190559486444E-6
0.175, 9.49171048348354E-6
0.178, 9.56997012187042E-6
0.181, 9.64382251686483E-6
0.184, 9.71893179529791E-6
0.187, 9.79039838204551E-6
0.19, 9.85994422004799E-6
0.193, 9.92521971463766E-6
0.196, 9.98789428402691E-6
0.199, 1.00538611416927E-5
0.202, 1.0113573276248E-5
0.205, 1.01703647990238E-5
0.208, 1.02260895114265E-5
0.211, 1.02821340739524E-5
0.214, 1.03331994605313E-5
0.217, 1.03840555783263E-5
0.22, 1.0433285213434E-5
0.223, 1.04793205523199E-5
0.226, 1.05276646801119E-5
0.229, 1.05704843155552E-5
0.232, 1.06116718483852E-5
0.235, 1.06551359077746E-5
0.238, 1.06941202238997E-5
0.241, 1.07344774809021E-5
0.244, 1.07731036931927E-5
0.247, 1.0808174645055E-5
0.25, 1.08415078070326E-5
0.253, 1.08781242246453E-5
0.256, 1.09118903262153E-5
0.259, 1.09412399568325E-5
0.262, 1.09769083201685E-5
0.265, 1.10046620539292E-5
0.268, 1.10331895971509E-5
0.271, 1.10631139994209E-5
0.274, 1.10897655779037E-5
0.277, 1.1117840126951E-5
0.28, 1.11431397151408E-5
0.283, 1.11696309601238E-5
0.286, 1.11945014097696E-5
0.289, 1.12186345331125E-5
0.292, 1.12425573498749E-5
0.295, 1.12667608828726E-5
0.298, 1.12916451216918E-5
0.301, 1.13115077970082E-5
0.304, 1.13344861876375E-5
0.307, 1.13547846808589E-5
0.31, 1.13757336582435E-5
0.313, 1.13967294534141E-5
0.316, 1.14169476510359E-5
0.319, 1.14352578763117E-5
0.322, 1.14549417168019E-5
0.325, 1.14751716107323E-5
0.328, 1.14937000829978E-5
0.331, 1.15115089387308E-5
0.334, 1.15300266552929E-5
0.337, 1.15489247265487E-5
0.34, 1.15649208243389E-5
0.343, 1.15834035111691E-5
0.346, 1.15989037832026E-5
0.349, 1.16146844613517E-5
0.352, 1.16317753113584E-5
0.355, 1.1648492553937E-5
0.358, 1.16659097791174E-5
0.361, 1.16784861856917E-5

0.439351560872463, 1.20330510318974E-5

-0.284, -1.11090965370841E-5
-0.281, -1.10861035698797E-5
-0.278, -1.1059497293134E-5
-0.275, -1.10341156221635E-5
-0.272, -1.1006194531806E-5
-0.269, -1.09762524198609E-5
-0.266, -1.09522787777352E-5
-0.263, -1.09209386567877E-5
-0.26, -1.08918084282601E-5
-0.257, -1.08601476043757E-5
-0.254, -1.0828044353271E-5
-0.251, -1.07944983248795E-5
-0.248, -1.0763165335151E-5
-0.245, -1.07275244800101E-5
-0.242, -1.06951534163285E-5
-0.239, -1.06576312884335E-5
-0.236, -1.06178806420649E-5
-0.233, -1.05804864652495E-5
-0.23, -1.05371702204806E-5
-0.227, -1.04999557149872E-5
-0.224, -1.04530149460017E-5
-0.221, -1.04095502407327E-5
-0.218, -1.03641337939817E-5
-0.215, -1.03139940992426E-5
-0.212, -1.02645021043558E-5
-0.209, -1.02128702672038E-5
-0.206, -1.01602142413265E-5
-0.203, -1.01039376144674E-5
-0.2, -1.00466863341094E-5
-0.197, -9.98740656368624E-6
-0.194, -9.92516749244583E-6
-0.191, -9.86458637219636E-6
-0.188, -9.79970913211647E-6
-0.185, -9.73251445109795E-6
-0.182, -9.66271418448582E-6
-0.179, -9.5893656882805E-6
-0.176, -9.51588104888174E-6
-0.173, -9.43912803641222E-6
-0.17, -9.35891065609946E-6
-0.167, -9.27947605118993E-6
-0.164, -9.19519713792685E-6
-0.161, -9.11065418906699E-6
-0.158, -9.01670313241442E-6
-0.155, -8.92480514856451E-6
-0.152, -8.83027955740657E-6
-0.149, -8.73433186313141E-6
-0.146, -8.63140726422187E-6
-0.143, -8.52541757911892E-6
-0.14, -8.42134135638999E-6
-0.137, -8.31103218729134E-6
-0.134, -8.19752189065732E-6
-0.131, -8.08477742379799E-6
-0.128, -7.96329703248253E-6
-0.125, -7.84164339228041E-6
-0.122, -7.71520304229101E-6
-0.119, -7.59127835090031E-6
-0.116, -7.45931738644716E-6
-0.113, -7.32890268977257E-6
-0.11, -7.18992188438554E-6
-0.107, -7.05154664813385E-6
-0.104, -6.90908106217304E-6
-0.101, -6.7619303777068E-6
-0.0980000000000001, -6.6176891215305E-6
-0.095, -6.46370126895598E-6
-0.092, -6.31156032054779E-6
-0.0890000000000001, -6.15437205524423E-6
-0.0860000000000001, -5.99375845697191E-6
-0.083, -5.83051272857205E-6
-0.08, -5.66509438956441E-6
-0.077, -5.49703221278581E-6
-0.0740000000000001, -5.32629802783726E-6
-0.0710000000000001, -5.15371090711444E-6
-0.0680000000000001, -4.97619287425624E-6
-0.0650000000000001, -4.79689127474103E-6
-0.0620000000000001, -4.61226768569799E-6
-0.0590000000000001, -4.42706386959118E-6
-0.0560000000000001, -4.24347203569199E-6
-0.053, -4.05555497174886E-6
-0.0500000000000001, -3.862850464715E-6
-0.047, -3.66755046810428E-6
-0.0440000000000001, -3.46977731434889E-6
-0.0410000000000001, -3.2672650799145E-6
-0.0380000000000001, -3.06579478842179E-6
-0.0350000000000001, -2.86151988151404E-6
-0.0320000000000001, -2.65241341923591E-6
-0.0290000000000001, -2.44374659933831E-6
-0.026, -2.22798728548963E-6
-0.023, -2.00967646980498E-6
-0.02, -1.79029997848358E-6
-0.017, -1.56375065317958E-6
-0.014, -1.33862478388837E-6
-0.011, -1.10000870137748E-6
-0.00800000000000003, -8.67041966696743E-7
-0.00500000000000003, -6.23867966236542E-7
-0.00200000000000003, -3.76792149885513E-7
0.000999999999999973, -1.23433080469252E-7
0.00399999999999998, 1.32115511080147E-7
0.00699999999999992, 3.8590512037609E-7
0.00999999999999992, 6.41727403258519E-7
0.0129999999999999, 8.9099002587533E-7
0.0159999999999999, 1.13182824398576E-6
0.0189999999999999, 1.37479342928935E-6
0.0219999999999999, 1.61281701083138E-6
0.0249999999999999, 1.84551249912212E-6
0.0279999999999999, 2.07763448530684E-6
0.0309999999999999, 2.302046326167E-6
0.0339999999999999, 2.52610736640421E-6
0.0369999999999999, 2.74312062532193E-6
0.04, 2.96095533086516E-6
0.043, 3.17245636387908E-6
0.046, 3.37916000213991E-6
0.049, 3.58628524965488E-6
0.052, 3.78952013667542E-6
0.055, 3.9879460725227E-6
0.058, 4.18364034974912E-6
0.061, 4.37448185935875E-6
0.064, 4.5651605388528E-6
0.067, 4.75630705629623E-6
0.0699999999999999, 4.93773201813942E-6
0.0729999999999999, 5.11870838114714E-6
0.0759999999999999, 5.29999595600472E-6
0.0789999999999999, 5.47169189449138E-6
0.0819999999999999, 5.64489628019049E-6
0.0849999999999999, 5.81444118682938E-6
0.0879999999999999, 5.97930390164065E-6
0.0909999999999999, 6.14297422514028E-6
0.0939999999999999, 6.30367208604514E-6
0.0969999999999999, 6.45939220009315E-6
0.1, 6.61467379651815E-6
0.103, 6.76403342841904E-6
0.106, 6.91485765380956E-6
0.109, 7.05802290724711E-6
0.112, 7.19969731545662E-6
0.115, 7.33960544173884E-6
0.118, 7.47425181831854E-6
0.121, 7.61028009049136E-6
0.124, 7.73711254501224E-6
0.127, 7.86381575020694E-6
0.13, 7.98668706339742E-6
0.133, 8.10856749689411E-6
0.136, 8.22653926049078E-6
0.139, 8.34040631684373E-6
0.142, 8.45432655925171E-6
0.145, 8.56026123707647E-6
0.148, 8.6649911184255E-6
0.151, 8.76994689246068E-6
0.154, 8.86927472853839E-6
0.157, 8.96705527703955E-6
0.16, 9.06021349892044E-6
0.163, 9.15243876449892E-6
0.166, 9.2424467006708E-6
0.169, 9.32706754828514E-6
0.172, 9.40902130399775E-6
0.175, 9.4897583449062E-6
0.178, 9.57391043569828E-6
0.181, 9.64413787504966E-6
0.184, 9.71774959167712E-6
0.187, 9.7903594036915E-6
0.19, 9.85651800612903E-6
0.193, 9.92802880468869E-6
0.196, 9.98794314606301E-6
0.199, 1.00500274716073E-5
0.202, 1.01128351159615E-5
0.205, 1.01686985011052E-5
0.208, 1.02277669102922E-5
0.211, 1.0278904020733E-5
0.214, 1.03317482637636E-5
0.217, 1.03848169307408E-5
0.22, 1.04314735194734E-5
0.223, 1.04780245543882E-5
0.226, 1.05262730912394E-5
0.229, 1.0570802286595E-5
0.232, 1.06122268265287E-5
0.235, 1.06528027598071E-5
0.238, 1.06927452233467E-5
0.241, 1.07319921983891E-5
0.244, 1.07707409007788E-5
0.247, 1.08049157205358E-5
0.25, 1.08416973423865E-5
0.253, 1.08770948073758E-5
0.256, 1.09101333669551E-5
0.259, 1.09434584200259E-5
0.262, 1.09711513604658E-5
0.265, 1.10036373749815E-5
0.268, 1.10337467714783E-5
0.271, 1.1061932580936E-5
0.274, 1.10889460893849E-5
0.277, 1.11165454482614E-5
0.28, 1.11431427738188E-5
0.283, 1.1167797871527E-5
0.286, 1.11924891228574E-5
0.289, 1.12186463544426E-5
0.292, 1.12424168436051E-5
0.295, 1.1268154170158E-5
0.298, 1.12894031399587E-5
0.301, 1.13096642966053E-5
0.304, 1.13325017148602E-5
0.307, 1.13545694543729E-5
0.31, 1.1377419352539E-5
0.313, 1.13964475595609E-5
0.316, 1.14150182445223E-5
0.319, 1.14353685320357E-5
0.322, 1.14545794726225E-5
0.325, 1.14759557398038E-5
0.328, 1.14943170170668E-5
0.331, 1.15120370894551E-5
0.334, 1.15318640065402E-5
0.337, 1.15488290365332E-5
0.34, 1.15665469737995E-5
0.343, 1.15831857496917E-5
0.346, 1.16035031615501E-5
0.349, 1.16159353443822E-5
0.352, 1.16312005332093E-5
0.355, 1.16474033477338E-5
0.358, 1.16633985711884E-5
0.361, 1.1680588901081E-5
0.364, 1.16942415773939E-5

0.439348762665917, 1.20307681107931E-5

-0.287, -1.11338724979089E-5
-0.284, -1.11075521365447E-5
-0.281, -1.10852004995914E-5
-0.278, -1.10607241442803E-5
-0.275, -1.10326940074309E-5
-0.272, -1.10086409914809E-5
-0.269, -1.09796144661788E-5
-0.266, -1.09493104031315E-5
-0.263, -1.09236191359255E-5
-0.26, -1.08892178960185E-5
-0.257, -1.08606338514724E-5
-0.254, -1.08310602843642E-5
-0.251, -1.07991909451132E-5
-0.248, -1.07635175061734E-5
-0.245, -1.07270901253148E-5
-0.242, -1.0694611201794E-5
-0.239, -1.06565384023448E-5
-0.236, -1.06204064270643E-5
-0.233, -1.05808602205965E-5
-0.23, -1.05382376979448E-5
-0.227, -1.04969157541369E-5
-0.224, -1.0452568226975E-5
-0.221, -1.04091311831198E-5
-0.218, -1.03637341902345E-5
-0.215, -1.03150284018993E-5
-0.212, -1.02609115304412E-5
-0.209, -1.02127322250847E-5
-0.206, -1.01571439304008E-5
-0.203, -1.0101125524157E-5
-0.2, -1.00476368264654E-5
-0.197, -9.98886033823069E-6
-0.194, -9.92798800522384E-6
-0.191, -9.86292243616833E-6
-0.188, -9.79914735064581E-6
-0.185, -9.73215089746982E-6
-0.182, -9.66177472894719E-6
-0.179, -9.5903293353223E-6
-0.176, -9.51703206452131E-6
-0.173, -9.43829216455319E-6
-0.17, -9.35825629571247E-6
-0.167, -9.27769738232782E-6
-0.164, -9.19505536821392E-6
-0.161, -9.10718703967241E-6
-0.158, -9.01839691362686E-6
-0.155, -8.92522767072576E-6
-0.152, -8.82991532683019E-6
-0.149, -8.73190502329135E-6
-0.146, -8.63121132515087E-6
-0.143, -8.52837397365079E-6
-0.14, -8.42138261003324E-6
-0.137, -8.312436412363E-6
-0.134, -8.19835365606524E-6
-0.131, -8.08133420227852E-6
-0.128, -7.96541753614613E-6
-0.125, -7.84150594810579E-6
-0.122, -7.72018295962348E-6
-0.119, -7.59197694478685E-6
-0.116, -7.45920444726607E-6
-0.113, -7.32786869244711E-6
-0.11, -7.19167253697917E-6
-0.107, -7.052496207172E-6
-0.104, -6.9111492733199E-6
-0.101, -6.76423436880123E-6
-0.0980000000000001, -6.61497952398095E-6
-0.095, -6.46566419941106E-6
-0.092, -6.31078139577094E-6
-0.0890000000000001, -6.15499209764884E-6
-0.0860000000000001, -5.99524472769287E-6
-0.083, -5.83258999493676E-6
-0.08, -5.66566252724428E-6
-0.0770000000000001, -5.50022914595216E-6
-0.0740000000000001, -5.32599863014435E-6
-0.0710000000000001, -5.15343146078308E-6
-0.0680000000000001, -4.9763992081867E-6
-0.0650000000000001, -4.79901992150474E-6
-0.0620000000000001, -4.616892914791E-6
-0.0590000000000001, -4.43252779167077E-6
-0.0560000000000001, -4.24444472635276E-6
-0.053, -4.05339718150387E-6
-0.0500000000000001, -3.8639954733169E-6
-0.0470000000000001, -3.66940556183934E-6
-0.0440000000000001, -3.46989653389957E-6
-0.0410000000000001, -3.27143073374885E-6
-0.0380000000000001, -3.06485741406368E-6
-0.0350000000000001, -2.86246662127165E-6
-0.0320000000000001, -2.65143605759504E-6
-0.0290000000000001, -2.44338773342122E-6
-0.026, -2.23207869754897E-6
-0.023, -2.00843156876863E-6
-0.02, -1.78702346193615E-6
-0.017, -1.56219231844761E-6
-0.014, -1.33419186081413E-6
-0.011, -1.10389377110152E-6
-0.00800000000000003, -8.67334187735495E-7
-0.00500000000000003, -6.25148238920955E-7
-0.00200000000000003, -3.77037228167142E-7
0.000999999999999973, -1.23864651332107E-7
0.00399999999999992, 1.3048391846528E-7
0.00699999999999992, 3.86792221715727E-7
0.00999999999999992, 6.35499971472708E-7
0.0129999999999999, 8.89512311808007E-7
0.0159999999999999, 1.1354658907998E-6
0.0189999999999999, 1.37454343829614E-6
0.0219999999999999, 1.61479383912515E-6
0.0249999999999999, 1.84738744011157E-6
0.0279999999999999, 2.07615539577859E-6
0.0309999999999999, 2.30363794770455E-6
0.0339999999999999, 2.52276149050275E-6
0.0369999999999999, 2.74360317615934E-6
0.04, 2.96206332086371E-6
0.043, 3.17162750426429E-6
0.046, 3.38140702129383E-6
0.049, 3.58553895014595E-6
0.052, 3.79080038873787E-6
0.055, 3.98681942941791E-6
0.058, 4.18528359920639E-6
0.061, 4.3773913472233E-6
0.064, 4.56429280230063E-6
0.0669999999999999, 4.75405188830014E-6
0.0699999999999999, 4.93809186475197E-6
0.0729999999999999, 5.11816097524292E-6
0.0759999999999999, 5.29606134388673E-6
0.0789999999999999, 5.47244662107013E-6
0.0819999999999999, 5.64362651458033E-6
0.0849999999999999, 5.81059177012125E-6
0.0879999999999999, 5.97885488446565E-6
0.0909999999999999, 6.14414600705969E-6
0.0939999999999999, 6.30510973042269E-6
0.0969999999999999, 6.45946965350475E-6
0.1, 6.61268278956158E-6
0.103, 6.76632363973572E-6
0.106, 6.91378508812179E-6
0.109, 7.05901841998754E-6
0.112, 7.20194286266936E-6
0.115, 7.3397739618668E-6
0.118, 7.47359744895401E-6
0.121, 7.60688708843376E-6
0.124, 7.7388472309126E-6
0.127, 7.86312402385591E-6
0.13, 7.98861785546254E-6
0.133, 8.10813330953273E-6
0.136, 8.22319596972359E-6
0.139, 8.33938963059857E-6
0.142, 8.45080285202228E-6
0.145, 8.56008585065024E-6
0.148, 8.66698635983711E-6
0.151, 8.7669188610832E-6
0.154, 8.86695722394887E-6
0.157, 8.96562032169092E-6
0.16, 9.05882363054419E-6
0.163, 9.15227059921565E-6
0.166, 9.24005474211859E-6
0.169, 9.32867508641544E-6
0.172, 9.40986018017235E-6
0.175, 9.48967655428384E-6
0.178, 9.56852831879836E-6
0.181, 9.64301427081637E-6
0.184, 9.71824462460546E-6
0.187, 9.78698241684995E-6
0.19, 9.85618199203394E-6
0.193, 9.92196486456641E-6
0.196, 9.9864018520781E-6
0.199, 1.00489557532366E-5
0.202, 1.01102007618823E-5
0.205, 1.01693664896614E-5
0.208, 1.02260648368556E-5
0.211, 1.02800746823131E-5
0.214, 1.03322703538989E-5
0.217, 1.03826498784636E-5
0.22, 1.04297564986495E-5
0.223, 1.04781844036506E-5
0.226, 1.05238033127881E-5
0.229, 1.05694623282267E-5
0.232, 1.06097103197519E-5
0.235, 1.06520242345873E-5
0.238, 1.06920777598097E-5
0.241, 1.073091430465E-5
0.244, 1.07708590745971E-5
0.247, 1.08055584557338E-5
0.25, 1.08431753592873E-5
0.253, 1.08739982615995E-5
0.256, 1.09095370675158E-5
0.259, 1.0940845354647E-5
0.262, 1.09712728059058E-5
0.265, 1.10029037004992E-5
0.268, 1.10310107781305E-5
0.271, 1.10595089358691E-5
0.274, 1.10870246895637E-5
0.277, 1.1115531926121E-5
0.28, 1.1141748811794E-5
0.283, 1.11679424130674E-5
0.286, 1.11926451881221E-5
0.289, 1.12198633043171E-5
0.292, 1.12426502599621E-5
0.295, 1.12654716466435E-5
0.298, 1.12908418813194E-5
0.301, 1.13123093787935E-5
0.304, 1.13305581168055E-5
0.307, 1.13530378385596E-5
0.31, 1.13739662986603E-5
0.313, 1.13936932680991E-5
0.316, 1.141662722063E-5
0.319, 1.14368654369622E-5
0.322, 1.14539928578213E-5
0.325, 1.1471244478517E-5
0.328, 1.14932555023163E-5
0.331, 1.15106280772618E-5
0.334, 1.15288054910683E-5
0.337, 1.15481365061257E-5
0.34, 1.15665477741812E-5
0.343, 1.15812441798117E-5
0.346, 1.16000767161967E-5
0.349, 1.16159034266382E-5
0.352, 1.16300785838149E-5
0.355, 1.16487650164233E-5
0.358, 1.16629235422312E-5
0.361, 1.16799066789551E-5
0.364, 1.16927400423842E-5
0.367, 1.17092289063509E-5

0.439337947614977, 1.20330183822012E-5

-0.29, -1.11586340850225E-5
-0.287, -1.11339071596711E-5
-0.284, -1.11075766154347E-5
-0.281, -1.1085560962813E-5
-0.278, -1.10602378946048E-5
-0.275, -1.10365594656617E-5
-0.272, -1.10077138543928E-5
-0.269, -1.09841614148768E-5
-0.266, -1.09523258740094E-5
-0.263, -1.09203270479412E-5
-0.26, -1.08943027954358E-5
-0.257, -1.08630313828181E-5
-0.254, -1.08332219155473E-5
-0.251, -1.07986291823234E-5
-0.248, -1.07653328980115E-5
-0.245, -1.07307586891907E-5
-0.242, -1.06951838614336E-5
-0.239, -1.06591293796241E-5
-0.236, -1.06198793001265E-5
-0.233, -1.05808173029049E-5
-0.23, -1.0540148844694E-5
-0.227, -1.04959990517568E-5
-0.224, -1.04552278884091E-5
-0.221, -1.04126407453828E-5
-0.218, -1.03645769221382E-5
-0.215, -1.0317132251314E-5
-0.212, -1.02660145593837E-5
-0.209, -1.02145803491549E-5
-0.206, -1.01589577349597E-5
-0.203, -1.01041247034582E-5
-0.2, -1.00481286076645E-5
-0.197, -9.98833728421703E-6
-0.194, -9.9292909381271E-6
-0.191, -9.86402924341437E-6
-0.188, -9.79953766892208E-6
-0.185, -9.7328080281172E-6
-0.182, -9.66372254308907E-6
-0.179, -9.59184853255162E-6
-0.176, -9.51751907947023E-6
-0.173, -9.43990268614424E-6
-0.17, -9.35977760631849E-6
-0.167, -9.27956532478496E-6
-0.164, -9.19654444657543E-6
-0.161, -9.11071144764922E-6
-0.158, -9.01870121613451E-6
-0.155, -8.92691848235342E-6
-0.152, -8.83194653674634E-6
-0.149, -8.73400366580663E-6
-0.146, -8.6308509242297E-6
-0.143, -8.5284622682722E-6
-0.14, -8.42069553875381E-6
-0.137, -8.31201737043189E-6
-0.134, -8.19772042988563E-6
-0.131, -8.08350644472825E-6
-0.128, -7.96504332644633E-6
-0.125, -7.84428250048028E-6
-0.122, -7.72181058640513E-6
-0.119, -7.59233195759847E-6
-0.116, -7.46062567009844E-6
-0.113, -7.32654291281404E-6
-0.11, -7.1917101359027E-6
-0.107, -7.0527509103892E-6
-0.104, -6.90952494625516E-6
-0.101, -6.76595963506714E-6
-0.0980000000000001, -6.61765464118148E-6
-0.095, -6.46536568607714E-6
-0.092, -6.31414253981285E-6
-0.0890000000000001, -6.15513536363013E-6
-0.0860000000000001, -5.99461140726116E-6
-0.083, -5.83575239815829E-6
-0.0800000000000001, -5.66677718374838E-6
-0.0770000000000001, -5.49764837274163E-6
-0.0740000000000001, -5.32743916851798E-6
-0.0710000000000001, -5.15336335817989E-6
-0.0680000000000001, -4.97730689076471E-6
-0.0650000000000001, -4.79478533777662E-6
-0.0620000000000001, -4.61798772197556E-6
-0.0590000000000001, -4.43079175997416E-6
-0.0560000000000001, -4.24496914957589E-6
-0.053, -4.05538602775801E-6
-0.0500000000000001, -3.86551199611329E-6
-0.0470000000000001, -3.66416452472429E-6
-0.0440000000000001, -3.4723324820407E-6
-0.0410000000000001, -3.27217528177146E-6
-0.0380000000000001, -3.06797898298331E-6
-0.0350000000000001, -2.86034871814597E-6
-0.0320000000000001, -2.65513901773864E-6
-0.0290000000000001, -2.44382286661724E-6
-0.026, -2.22861088848603E-6
-0.023, -2.01220921414547E-6
-0.02, -1.78822124223722E-6
-0.017, -1.56487655848761E-6
-0.014, -1.33508178419413E-6
-0.011, -1.10454552662745E-6
-0.00800000000000003, -8.66787301233519E-7
-0.00500000000000003, -6.27051011184315E-7
-0.00200000000000003, -3.77991279071127E-7
0.000999999999999918, -1.25731127069647E-7
0.00399999999999992, 1.31641471685896E-7
0.00699999999999992, 3.84783016021901E-7
0.00999999999999992, 6.39751874014772E-7
0.0129999999999999, 8.8900113656656E-7
0.0159999999999999, 1.13311459157664E-6
0.0189999999999999, 1.3731844605697E-6
0.0219999999999999, 1.61498678731386E-6
0.0249999999999999, 1.84548912972477E-6
0.0279999999999999, 2.07867004543946E-6
0.0309999999999999, 2.30059796502502E-6
0.0339999999999999, 2.52326413080346E-6
0.0369999999999999, 2.74519332163069E-6
0.04, 2.95769135204125E-6
0.043, 3.17196040697266E-6
0.046, 3.37958059690608E-6
0.049, 3.58418678866519E-6
0.052, 3.78752817026337E-6
0.055, 3.98888343138223E-6
0.058, 4.18353816747203E-6
0.061, 4.37499359179777E-6
0.0639999999999999, 4.56733591426738E-6
0.0669999999999999, 4.75181561420402E-6
0.0699999999999999, 4.93714666739497E-6
0.0729999999999999, 5.12082541808769E-6
0.0759999999999999, 5.29713038645883E-6
0.0789999999999999, 5.47207682538659E-6
0.0819999999999999, 5.64543460497444E-6
0.0849999999999999, 5.81241155061037E-6
0.0879999999999999, 5.9791283763713E-6
0.0909999999999999, 6.14308486921681E-6
0.0939999999999999, 6.30242463072396E-6
0.0969999999999999, 6.46164115616739E-6
0.1, 6.61771772263284E-6
0.103, 6.76487418134287E-6
0.106, 6.91479957168483E-6
0.109, 7.0600397595146E-6
0.112, 7.20077123259563E-6
0.115, 7.33806125491414E-6
0.118, 7.47659349781833E-6
0.121, 7.60762853475537E-6
0.124, 7.73857301931859E-6
0.127, 7.86513935754298E-6
0.13, 7.989802115258E-6
0.133, 8.10713394758447E-6
0.136, 8.22694675391967E-6
0.139, 8.33929660109751E-6
0.142, 8.45095565577628E-6
0.145, 8.56088198021185E-6
0.148, 8.66499242199779E-6
0.151, 8.76782063023161E-6
0.154, 8.86858002117263E-6
0.157, 8.96517948197341E-6
0.16, 9.05864468443027E-6
0.163, 9.15073057232195E-6
0.166, 9.23807123169126E-6
0.169, 9.32516235889387E-6
0.172, 9.40948829691706E-6
0.175, 9.48867196172656E-6
0.178, 9.56626301193725E-6
0.181, 9.64432169155511E-6
0.184, 9.71760223519304E-6
0.187, 9.78836732795699E-6
0.19, 9.85569971826433E-6
0.193, 9.92130977441146E-6
0.196, 9.98693179276181E-6
0.199, 1.00492832499236E-5
0.202, 1.01093022939065E-5
0.205, 1.01678270317398E-5
0.208, 1.02246266413997E-5
0.211, 1.02779990755349E-5
0.214, 1.0332120288236E-5
0.217, 1.03799271417536E-5
0.22, 1.04317550919357E-5
0.223, 1.04792003669368E-5
0.226, 1.0526298369323E-5
0.229, 1.05675063291841E-5
0.232, 1.06108451107965E-5
0.235, 1.06546729834799E-5
0.238, 1.06923201758602E-5
0.241, 1.07314024994762E-5
0.244, 1.07679325805094E-5
0.247, 1.08064561159607E-5
0.25, 1.08394380806442E-5
0.253, 1.08737452637304E-5
0.256, 1.09089216734668E-5
0.259, 1.09402848192929E-5
0.262, 1.09720654870498E-5
0.265, 1.10023412329584E-5
0.268, 1.10324544306809E-5
0.271, 1.10615193221065E-5
0.274, 1.10891452003497E-5
0.277, 1.11172026065981E-5
0.28, 1.11431673519769E-5
0.283, 1.11672246621686E-5
0.286, 1.11918787615369E-5
0.289, 1.12186059139471E-5
0.292, 1.12407912000491E-5
0.295, 1.1268323349012E-5
0.298, 1.12873785812819E-5
0.301, 1.13117401845839E-5
0.304, 1.13341983734086E-5
0.307, 1.13522721232632E-5
0.31, 1.13742270628041E-5
0.313, 1.13965483533194E-5
0.316, 1.14155979526203E-5
0.319, 1.14362323116802E-5
0.322, 1.14554027918454E-5
0.325, 1.14723039508226E-5
0.328, 1.14948603310835E-5
0.331, 1.15110353137511E-5
0.334, 1.15285864975068E-5
0.337, 1.15485071572404E-5
0.34, 1.1565463128029E-5
0.343, 1.15821337251725E-5
0.346, 1.15976275451772E-5
0.349, 1.16149857511846E-5
0.352, 1.16337226938897E-5
0.355, 1.16497962394786E-5
0.358, 1.16667139458852E-5
0.361, 1.16786562645155E-5
0.364, 1.16958295341187E-5
0.367, 1.17119819813731E-5
0.37, 1.17261529430275E-5

0.439336185819063, 1.20334417892155E-5

-0.293, -1.11833971648842E-5
-0.29, -1.11601515569946E-5
-0.287, -1.1135698586548E-5
-0.284, -1.11128183059214E-5
-0.281, -1.10847250515594E-5
-0.278, -1.10614146614511E-5
-0.275, -1.10352575908526E-5
-0.272, -1.10088247014897E-5
-0.269, -1.09834037118075E-5
-0.266, -1.0953088042572E-5
-0.263, -1.0923917219377E-5
-0.26, -1.08981945558025E-5
-0.257, -1.08656019173776E-5
-0.254, -1.08324596806065E-5
-0.251, -1.07987753651563E-5
-0.248, -1.07659856614466E-5
-0.245, -1.07336990173172E-5
-0.242, -1.06983710228338E-5
-0.239, -1.06593241462864E-5
-0.236, -1.06225822281943E-5
-0.233, -1.05849240320141E-5
-0.23, -1.05405627628917E-5
-0.227, -1.04995667843259E-5
-0.224, -1.04581065318891E-5
-0.221, -1.04130229449655E-5
-0.218, -1.03647091636332E-5
-0.215, -1.03157434198197E-5
-0.212, -1.02659323295578E-5
-0.209, -1.0215108209949E-5
-0.206, -1.01625979635909E-5
-0.203, -1.01075176631105E-5
-0.2, -1.00505981603855E-5
-0.197, -9.98978603153336E-6
-0.194, -9.92875861997091E-6
-0.191, -9.86533587701969E-6
-0.188, -9.80145028829837E-6
-0.185, -9.73567530984023E-6
-0.182, -9.66676839611486E-6
-0.179, -9.59298185559524E-6
-0.176, -9.51916858346602E-6
-0.173, -9.44038037704137E-6
-0.17, -9.36227376605365E-6
-0.167, -9.28242412382396E-6
-0.164, -9.19799218777145E-6
-0.161, -9.11117850052684E-6
-0.158, -9.02158033034787E-6
-0.155, -8.9279986271863E-6
-0.152, -8.83203746917613E-6
-0.149, -8.73504106049198E-6
-0.146, -8.63390882233437E-6
-0.143, -8.5301491876076E-6
-0.14, -8.42137763980446E-6
-0.137, -8.31274590741656E-6
-0.134, -8.19837136381565E-6
-0.131, -8.08492468119347E-6
-0.128, -7.96424260305247E-6
-0.125, -7.84677828767787E-6
-0.122, -7.72119101590337E-6
-0.119, -7.59111000715602E-6
-0.116, -7.46071081288451E-6
-0.113, -7.32761657109449E-6
-0.11, -7.19377059911164E-6
-0.107, -7.05603456858602E-6
-0.104, -6.91190284587521E-6
-0.101, -6.76386877249231E-6
-0.098, -6.6176532369838E-6
-0.095, -6.46577362964584E-6
-0.092, -6.30995814507591E-6
-0.089, -6.15486950706527E-6
-0.086, -5.99597305181679E-6
-0.083, -5.83340725123257E-6
-0.08, -5.6680205390475E-6
-0.077, -5.49774764646299E-6
-0.0740000000000001, -5.32734202264566E-6
-0.071, -5.15539105289722E-6
-0.068, -4.97860112862322E-6
-0.065, -4.79763749187435E-6
-0.062, -4.61345338082986E-6
-0.059, -4.43054568637041E-6
-0.056, -4.24283867456627E-6
-0.053, -4.0546880504609E-6
-0.0500000000000001, -3.86274453226413E-6
-0.047, -3.66818644858428E-6
-0.044, -3.47186695139797E-6
-0.041, -3.27185162254409E-6
-0.038, -3.06834517338782E-6
-0.035, -2.86374285386194E-6
-0.032, -2.65265760316718E-6
-0.029, -2.44450556745635E-6
-0.026, -2.22833704610531E-6
-0.023, -2.01026614721828E-6
-0.02, -1.78940420175724E-6
-0.017, -1.56520936053201E-6
-0.014, -1.33818222192672E-6
-0.011, -1.10336955790907E-6
-0.00800000000000001, -8.6640947643973E-7
-0.005, -6.22570062378436E-7
-0.00200000000000006, -3.79920814043412E-7
0.000999999999999945, -1.25457794396467E-7
0.00399999999999995, 1.29278204271735E-7
0.00699999999999995, 3.86933659558622E-7
0.00999999999999995, 6.38969797836651E-7
0.013, 8.88060331007372E-7
0.016, 1.13351272034212E-6
0.019, 1.37515103517758E-6
0.022, 1.61027419204784E-6
0.025, 1.84694943558364E-6
0.028, 2.07834021914085E-6
0.031, 2.30094538260019E-6
0.034, 2.52337691875378E-6
0.037, 2.74062201767148E-6
0.04, 2.95766964198213E-6
0.043, 3.17024893448745E-6
0.046, 3.38015019587889E-6
0.049, 3.58502894857623E-6
0.052, 3.78763025179063E-6
0.055, 3.98740508807426E-6
0.058, 4.18162577339677E-6
0.0609999999999999, 4.37658096505093E-6
0.0639999999999999, 4.56633926229904E-6
0.0669999999999999, 4.75226423997373E-6
0.0699999999999999, 4.93740946516639E-6
0.0729999999999999, 5.11746924728953E-6
0.076, 5.29732785368763E-6
0.079, 5.47309135794757E-6
0.082, 5.64196304932274E-6
0.085, 5.81326811806933E-6
0.088, 5.97939032989891E-6
0.091, 6.141612803819E-6
0.094, 6.30207613765454E-6
0.097, 6.45875755709754E-6
0.1, 6.61290075515002E-6
0.103, 6.76443229812609E-6
0.106, 6.91433413526949E-6
0.109, 7.05703621434334E-6
0.112, 7.19750827913531E-6
0.115, 7.33842194329808E-6
0.118, 7.47362294875565E-6
0.121, 7.60693157360301E-6
0.124, 7.7357491503478E-6
0.127, 7.86285488279419E-6
0.13, 7.98644784006543E-6
0.133, 8.10519228182242E-6
0.136, 8.22235889790324E-6
0.139, 8.33953192761839E-6
0.142, 8.45256956775771E-6
0.145, 8.55849056546214E-6
0.148, 8.66234927021212E-6
0.151, 8.76706873697534E-6
0.154, 8.86700771886941E-6
0.157, 8.96394567550531E-6
0.16, 9.05909174702285E-6
0.163, 9.15031189973919E-6
0.166, 9.23751185365132E-6
0.169, 9.32292281016894E-6
0.172, 9.40708397034919E-6
0.175, 9.487643993783E-6
0.178, 9.56883577179805E-6
0.181, 9.64411158176263E-6
0.184, 9.71534966852238E-6
0.187, 9.78466810580411E-6
0.19, 9.85431354742432E-6
0.193, 9.92212874766697E-6
0.196, 9.98577247667389E-6
0.199, 1.00478141560913E-5
0.202, 1.01078771367407E-5
0.205, 1.016638111143E-5
0.208, 1.02225715644931E-5
0.211, 1.02773927720442E-5
0.214, 1.03308694614777E-5
0.217, 1.03804448332568E-5
0.22, 1.04295627014923E-5
0.223, 1.04774047759255E-5
0.226, 1.05240953712493E-5
0.229, 1.05673466366641E-5
0.232, 1.06113555735767E-5
0.235, 1.06530453912246E-5
0.238, 1.06912463181289E-5
0.241, 1.07313033342881E-5
0.244, 1.07687572732432E-5
0.247, 1.0805176493311E-5
0.25, 1.0840055515285E-5
0.253, 1.08727873449263E-5
0.256, 1.0909030442248E-5
0.259, 1.09402794935865E-5
0.262, 1.09733558174219E-5
0.265, 1.10004416279485E-5
0.268, 1.10304775853501E-5
0.271, 1.10592936697807E-5
0.274, 1.10906840149216E-5
0.277, 1.11172415607503E-5
0.28, 1.11429746342613E-5
0.283, 1.11672567446109E-5
0.286, 1.11919328533386E-5
0.289, 1.12186861538951E-5
0.292, 1.12423164122382E-5
0.295, 1.12663243455293E-5
0.298, 1.12866239694079E-5
0.301, 1.1307900452403E-5
0.304, 1.13326593672408E-5
0.307, 1.13538267619779E-5
0.31, 1.13750821118435E-5
0.313, 1.13977475854508E-5
0.316, 1.14183147024084E-5
0.319, 1.14371266907008E-5
0.322, 1.14535525027187E-5
0.325, 1.14731075964117E-5
0.328, 1.14948759302376E-5
0.331, 1.15114267686118E-5
0.334, 1.15305290713302E-5
0.337, 1.15468763685435E-5
0.34, 1.15627045744813E-5
0.343, 1.15802386002963E-5
0.346, 1.15987007288606E-5
0.349, 1.16150906481124E-5
0.352, 1.16330183594845E-5
0.355, 1.16495884269282E-5
0.358, 1.16630570514273E-5
0.361, 1.1679485936386E-5
0.364, 1.16962578084563E-5
0.367, 1.17094447782633E-5
0.37, 1.17239484697975E-5
0.373, 1.17406066801614E-5

0.439344443464444, 1.20328994525859E-5

-0.296, -1.12044170402732E-5
-0.293, -1.11838967954077E-5
-0.29, -1.11599970132839E-5
-0.287, -1.11350203436842E-5
-0.284, -1.11114629023144E-5
-0.281, -1.10872757145474E-5
-0.278, -1.10610362564972E-5
-0.275, -1.10372120612061E-5
-0.272, -1.10090959504559E-5
-0.269, -1.09830845342258E-5
-0.266, -1.09521818202904E-5
-0.263, -1.09236811893946E-5
-0.26, -1.08930759963719E-5
-0.257, -1.08632664130864E-5
-0.254, -1.083531404304E-5
-0.251, -1.08021666131049E-5
-0.248, -1.07681956098124E-5
-0.245, -1.07307053121967E-5
-0.242, -1.0695060095084E-5
-0.239, -1.06589662839409E-5
-0.236, -1.06225786884517E-5
-0.233, -1.05835035953081E-5
-0.23, -1.05436759841475E-5
-0.227, -1.04980777287741E-5
-0.224, -1.04564444699641E-5
-0.221, -1.04117523025492E-5
-0.218, -1.03651982093273E-5
-0.215, -1.03180686440715E-5
-0.212, -1.02671907180548E-5
-0.209, -1.0213283755564E-5
-0.206, -1.01607208159719E-5
-0.203, -1.01054650518216E-5
-0.2, -1.00500169534925E-5
-0.197, -9.99287828685889E-6
-0.194, -9.92882664570393E-6
-0.191, -9.86811702253363E-6
-0.188, -9.8019892689572E-6
-0.185, -9.73701418039651E-6
-0.182, -9.66657192370717E-6
-0.179, -9.59466695103356E-6
-0.176, -9.51749961453223E-6
-0.173, -9.44268145734036E-6
-0.17, -9.36227641976713E-6
-0.167, -9.28119094862304E-6
-0.164, -9.19773718462083E-6
-0.161, -9.11190932145353E-6
-0.158, -9.02188603024637E-6
-0.155, -8.9282527698487E-6
-0.152, -8.83259088103225E-6
-0.149, -8.73639671922098E-6
-0.146, -8.63227075668774E-6
-0.143, -8.53178825219625E-6
-0.14, -8.42572203439634E-6
-0.137, -8.31423920098645E-6
-0.134, -8.20142727721572E-6
-0.131, -8.08441275310996E-6
-0.128, -7.96805368972468E-6
-0.125, -7.8473032636059E-6
-0.122, -7.72316695794451E-6
-0.119, -7.59531024927364E-6
-0.116, -7.46373790482791E-6
-0.113, -7.32946668415889E-6
-0.11, -7.19294697469844E-6
-0.107, -7.05581874243471E-6
-0.104, -6.90961103528134E-6
-0.101, -6.76592181183781E-6
-0.098, -6.6183026634913E-6
-0.095, -6.46458061714879E-6
-0.092, -6.31001061978462E-6
-0.089, -6.15718189242442E-6
-0.0860000000000001, -5.99675489391421E-6
-0.083, -5.83272652161706E-6
-0.08, -5.66855204709596E-6
-0.077, -5.49851436128112E-6
-0.0740000000000001, -5.32637573561285E-6
-0.071, -5.15566400153406E-6
-0.068, -4.9779131026055E-6
-0.065, -4.79966731039671E-6
-0.062, -4.61640046993952E-6
-0.059, -4.43124140857113E-6
-0.0560000000000001, -4.24827756186787E-6
-0.053, -4.05518676572218E-6
-0.0500000000000001, -3.86497435475346E-6
-0.047, -3.6698238161822E-6
-0.044, -3.47363849525226E-6
-0.041, -3.27219394253941E-6
-0.038, -3.06790647198638E-6
-0.035, -2.86067161794901E-6
-0.032, -2.65451083220563E-6
-0.029, -2.44351673818509E-6
-0.026, -2.23149379737131E-6
-0.023, -2.01092565693626E-6
-0.02, -1.79247439614624E-6
-0.017, -1.56224847076301E-6
-0.014, -1.33583304617141E-6
-0.011, -1.10717618682892E-6
-0.00800000000000001, -8.63946473884894E-7
-0.00500000000000006, -6.26417122698001E-7
-0.00200000000000006, -3.79351375898436E-7
0.000999999999999945, -1.26835146830531E-7
0.00399999999999995, 1.29965425124592E-7
0.00699999999999995, 3.84982831774743E-7
0.00999999999999995, 6.3756831976394E-7
0.013, 8.86322144740269E-7
0.016, 1.13140506951058E-6
0.019, 1.37481070543526E-6
0.022, 1.61119092209857E-6
0.025, 1.84388903410263E-6
0.028, 2.075211719993E-6
0.031, 2.3012262973597E-6
0.034, 2.523973623732E-6
0.037, 2.7450768326167E-6
0.04, 2.95737097558804E-6
0.043, 3.16955008047552E-6
0.046, 3.37839190160133E-6
0.049, 3.58408986795717E-6
0.052, 3.78759717535672E-6
0.055, 3.98597903839645E-6
0.0579999999999999, 4.18088684140728E-6
0.0609999999999999, 4.37325189863213E-6
0.0639999999999999, 4.5670264439456E-6
0.0669999999999999, 4.7531794391078E-6
0.0699999999999999, 4.93649638141259E-6
0.0729999999999999, 5.11793542086368E-6
0.076, 5.29565790016008E-6
0.079, 5.47010382219604E-6
0.082, 5.64073978604457E-6
0.085, 5.81271620786596E-6
0.088, 5.97745525884868E-6
0.091, 6.14240802683413E-6
0.094, 6.30336505199955E-6
0.097, 6.4585266783628E-6
0.1, 6.6138067893001E-6
0.103, 6.76332797888201E-6
0.106, 6.9126136564334E-6
0.109, 7.05791236302918E-6
0.112, 7.19814524362807E-6
0.115, 7.33714176214722E-6
0.118, 7.47189037720141E-6
0.121, 7.60497661073356E-6
0.124, 7.73517660635346E-6
0.127, 7.86111660968066E-6
0.13, 7.98616708735524E-6
0.133, 8.10716268878171E-6
0.136, 8.22287984956672E-6
0.139, 8.33807710401186E-6
0.142, 8.44921290612948E-6
0.145, 8.55807219345618E-6
0.148, 8.66417515424828E-6
0.151, 8.76680030876483E-6
0.154, 8.86652792645998E-6
0.157, 8.96443351483605E-6
0.16, 9.05654195260207E-6
0.163, 9.14971697660933E-6
0.166, 9.23857768919922E-6
0.169, 9.32333897573608E-6
0.172, 9.40724773250588E-6
0.175, 9.48735880914079E-6
0.178, 9.56729669178078E-6
0.181, 9.64152868306039E-6
0.184, 9.71573752884558E-6
0.187, 9.78808866856147E-6
0.19, 9.85684904060203E-6
0.193, 9.92026272826301E-6
0.196, 9.98662138100195E-6
0.199, 1.00483022927363E-5
0.202, 1.01085897837806E-5
0.205, 1.01686263613857E-5
0.208, 1.02229811346542E-5
0.211, 1.02761662501544E-5
0.214, 1.03282220238578E-5
0.217, 1.03814696361161E-5
0.22, 1.04319944841221E-5
0.223, 1.04771963293668E-5
0.226, 1.05225191268697E-5
0.229, 1.05650300577661E-5
0.232, 1.06098200014168E-5
0.235, 1.06507487781794E-5
0.238, 1.06919341149729E-5
0.241, 1.07298477730594E-5
0.244, 1.07697112480029E-5
0.247, 1.08029808904846E-5
0.25, 1.08390991454635E-5
0.253, 1.08734444095987E-5
0.256, 1.0905795839929E-5
0.259, 1.09421880759822E-5
0.262, 1.09725106698279E-5
0.265, 1.10015455393383E-5
0.268, 1.10301779464734E-5
0.271, 1.10572704207345E-5
0.274, 1.10863997870021E-5
0.277, 1.111566745264E-5
0.28, 1.1141689637736E-5
0.283, 1.11681581897812E-5
0.286, 1.11921503732372E-5
0.289, 1.12171248214216E-5
0.292, 1.12431132838686E-5
0.295, 1.12642510579343E-5
0.298, 1.12885020420891E-5
0.301, 1.13120929036105E-5
0.304, 1.13298691540573E-5
0.307, 1.1352734573213E-5
0.31, 1.13735951763697E-5
0.313, 1.13940789768524E-5
0.316, 1.14157274334116E-5
0.319, 1.14361244260926E-5
0.322, 1.14554300085612E-5
0.325, 1.14713028839594E-5
0.328, 1.14931031633208E-5
0.331, 1.15083269391793E-5
0.334, 1.15299447270103E-5
0.337, 1.15452862633124E-5
0.34, 1.15630975014311E-5
0.343, 1.15813285208726E-5
0.346, 1.15994906337029E-5
0.349, 1.16146051619041E-5
0.352, 1.16318330200392E-5
0.355, 1.1649770449821E-5
0.358, 1.1662507480561E-5
0.361, 1.16778120623116E-5
0.364, 1.16942866415104E-5
0.367, 1.17097249460985E-5
0.37, 1.17252693002167E-5
0.373, 1.17390464983405E-5
0.376, 1.17556630167698E-5

0.439337531237545, 1.20320144340168E-5

-0.299, -1.12286775701493E-5
-0.296, -1.12071486132026E-5
-0.293, -1.11853835991627E-5
-0.29, -1.11621448628229E-5
-0.287, -1.1136279897406E-5
-0.284, -1.11121559968697E-5
-0.281, -1.10882709099649E-5
-0.278, -1.10612764538239E-5
-0.275, -1.10355932582964E-5
-0.272, -1.10112918566E-5
-0.269, -1.09816510687986E-5
-0.266, -1.09544396382011E-5
-0.263, -1.09251263201103E-5
-0.26, -1.08963261744032E-5
-0.257, -1.08660106716016E-5
-0.254, -1.08340443210257E-5
-0.251, -1.08026503553957E-5
-0.248, -1.07687023063966E-5
-0.245, -1.07342961984493E-5
-0.242, -1.06955660542271E-5
-0.239, -1.06580021868041E-5
-0.236, -1.06205938263804E-5
-0.233, -1.05827512125272E-5
-0.23, -1.05440005859608E-5
-0.227, -1.04991427168261E-5
-0.224, -1.04594133099694E-5
-0.221, -1.04112950706493E-5
-0.218, -1.03628445086715E-5
-0.215, -1.03181623877457E-5
-0.212, -1.02675124287565E-5
-0.209, -1.02147874540173E-5
-0.206, -1.01621910597456E-5
-0.203, -1.01059122906482E-5
-0.2, -1.00506900476486E-5
-0.197, -9.99112728914495E-6
-0.194, -9.93050603227401E-6
-0.191, -9.86785714854507E-6
-0.188, -9.8013411033605E-6
-0.185, -9.73491966937994E-6
-0.182, -9.66358011500194E-6
-0.179, -9.59320393390395E-6
-0.176, -9.52001421698803E-6
-0.173, -9.4431917030761E-6
-0.17, -9.36264013273093E-6
-0.167, -9.28005613671919E-6
-0.164, -9.19876279081033E-6
-0.161, -9.11019640566117E-6
-0.158, -9.02171802840882E-6
-0.155, -8.92960907955843E-6
-0.152, -8.83164170390723E-6
-0.149, -8.73570153812639E-6
-0.146, -8.63333893389866E-6
-0.143, -8.53239394473231E-6
-0.14, -8.42566677288606E-6
-0.137, -8.31139005757542E-6
-0.134, -8.20219983527375E-6
-0.131, -8.0828162518037E-6
-0.128, -7.96556644986482E-6
-0.125, -7.84648677089847E-6
-0.122, -7.72196457191139E-6
-0.119, -7.59530585069669E-6
-0.116, -7.4634424920819E-6
-0.113, -7.32888939152542E-6
-0.11, -7.19311888158399E-6
-0.107, -7.05296898400318E-6
-0.104, -6.91143313250114E-6
-0.101, -6.76838966140946E-6
-0.098, -6.62008007928582E-6
-0.095, -6.46495652842462E-6
-0.092, -6.31408151855677E-6
-0.0890000000000001, -6.15531056613129E-6
-0.0860000000000001, -5.99620909123756E-6
-0.083, -5.83321092882972E-6
-0.08, -5.66899771121644E-6
-0.077, -5.49758208315241E-6
-0.0740000000000001, -5.32824856103473E-6
-0.071, -5.15431429974358E-6
-0.068, -4.97826328828465E-6
-0.065, -4.79778151883283E-6
-0.062, -4.61541950006439E-6
-0.0590000000000001, -4.43113683585272E-6
-0.0560000000000001, -4.244955610017E-6
-0.053, -4.05727503348011E-6
-0.0500000000000001, -3.864227625321E-6
-0.047, -3.66874737730857E-6
-0.044, -3.4733477790316E-6
-0.041, -3.27351329888556E-6
-0.038, -3.06659689309118E-6
-0.035, -2.8618708946705E-6
-0.032, -2.65219834537523E-6
-0.029, -2.44578465572911E-6
-0.026, -2.23311165708203E-6
-0.023, -2.01259618556561E-6
-0.02, -1.78910030522561E-6
-0.017, -1.56636678098668E-6
-0.014, -1.33767678590401E-6
-0.011, -1.10584856044812E-6
-0.00800000000000006, -8.65610129717026E-7
-0.00500000000000006, -6.24724615835338E-7
-0.00200000000000006, -3.81507154460665E-7
0.000999999999999945, -1.25773777484809E-7
0.00399999999999995, 1.2926958242189E-7
0.00699999999999995, 3.85348255452208E-7
0.00999999999999995, 6.39130202487414E-7
0.013, 8.86033967495227E-7
0.016, 1.13075768430486E-6
0.019, 1.37052271223439E-6
0.022, 1.6143358327115E-6
0.025, 1.84668676299425E-6
0.028, 2.07514302296714E-6
0.031, 2.30300600056238E-6
0.034, 2.52309833294102E-6
0.037, 2.7415420280324E-6
0.04, 2.95861533412099E-6
0.043, 3.16947074118884E-6
0.046, 3.37727804501986E-6
0.049, 3.5841945208333E-6
0.052, 3.78671302319635E-6
0.0549999999999999, 3.9820950037313E-6
0.0579999999999999, 4.18169488757699E-6
0.0609999999999999, 4.37551296219794E-6
0.0639999999999999, 4.56639440690709E-6
0.0669999999999999, 4.751408959658E-6
0.0699999999999999, 4.93557214251211E-6
0.0729999999999999, 5.11491796038818E-6
0.076, 5.29516070638262E-6
0.079, 5.46965601147133E-6
0.082, 5.64162058339091E-6
0.085, 5.81057936171984E-6
0.088, 5.97796435274084E-6
0.091, 6.13943095075505E-6
0.094, 6.30123701513562E-6
0.097, 6.4587543065144E-6
0.1, 6.61037300590687E-6
0.103, 6.76088168005026E-6
0.106, 6.90714424557791E-6
0.109, 7.05674648522149E-6
0.112, 7.19665786780863E-6
0.115, 7.33651819750974E-6
0.118, 7.47196362560241E-6
0.121, 7.6032139167929E-6
0.124, 7.7353471801336E-6
0.127, 7.859461489765E-6
0.13, 7.9817714759604E-6
0.133, 8.10544436372209E-6
0.136, 8.22420468872181E-6
0.139, 8.33763650092281E-6
0.142, 8.44819280483524E-6
0.145, 8.5572566182531E-6
0.148, 8.66154968963233E-6
0.151, 8.76538123288623E-6
0.154, 8.86596107690343E-6
0.157, 8.96274861612303E-6
0.16, 9.05696100605189E-6
0.163, 9.1478942426649E-6
0.166, 9.23691477488718E-6
0.169, 9.32361931910181E-6
0.172, 9.40525408602162E-6
0.175, 9.48701128213532E-6
0.178, 9.56380255568164E-6
0.181, 9.64158909242105E-6
0.184, 9.71489803478005E-6
0.187, 9.78626150524513E-6
0.19, 9.85516080589047E-6
0.193, 9.91938251068241E-6
0.196, 9.98370249409579E-6
0.199, 1.00453750495422E-5
0.202, 1.01069531876206E-5
0.205, 1.01656355609992E-5
0.208, 1.02223946936368E-5
0.211, 1.02762244721568E-5
0.214, 1.03274649762199E-5
0.217, 1.03759976376759E-5
0.22, 1.04287388643242E-5
0.223, 1.04745544739841E-5
0.226, 1.05210411192869E-5
0.229, 1.05662133981128E-5
0.232, 1.06091586625711E-5
0.235, 1.06498548279309E-5
0.238, 1.06918788115987E-5
0.241, 1.07293859741419E-5
0.244, 1.07674796392624E-5
0.247, 1.08031800472109E-5
0.25, 1.08376340027977E-5
0.253, 1.08733271122523E-5
0.256, 1.09044641345757E-5
0.259, 1.09356738569066E-5
0.262, 1.09692827606314E-5
0.265, 1.09996596387427E-5
0.268, 1.10292513862119E-5
0.271, 1.10587134653252E-5
0.274, 1.10846662630349E-5
0.277, 1.11153494757326E-5
0.28, 1.11417392737967E-5
0.283, 1.11656773380762E-5
0.286, 1.11900425587196E-5
0.289, 1.12173264923461E-5
0.292, 1.1240816522616E-5
0.295, 1.12647359521155E-5
0.298, 1.12869575715019E-5
0.301, 1.13104008087679E-5
0.304, 1.1331096193423E-5
0.307, 1.13513366254846E-5
0.31, 1.1373401580655E-5
0.313, 1.13902995160804E-5
0.316, 1.14157489818242E-5
0.319, 1.14359509834127E-5
0.322, 1.14543659419147E-5
0.325, 1.14735934773305E-5
0.328, 1.14918679413828E-5
0.331, 1.15112393220868E-5
0.334, 1.15270912965778E-5
0.337, 1.15459285181745E-5
0.34, 1.15646015471991E-5
0.343, 1.15818118349288E-5
0.346, 1.15997351172934E-5
0.349, 1.16124145599382E-5
0.352, 1.1631788961982E-5
0.355, 1.16474956325999E-5
0.358, 1.16651703669439E-5
0.361, 1.16812929024632E-5
0.364, 1.16945560472404E-5
0.367, 1.17102568275344E-5
0.37, 1.17232625853311E-5
0.373, 1.17394053824555E-5
0.376, 1.17558066735707E-5
0.379, 1.17698638060496E-5

0.439344854546123, 1.20344922542253E-5

-0.302, -1.12500646527311E-5
-0.299, -1.12317107550398E-5
-0.296, -1.12083125109201E-5
-0.293, -1.11839672444423E-5
-0.29, -1.11618986212969E-5
-0.287, -1.11374044877962E-5
-0.284, -1.11155381418367E-5
-0.281, -1.10917237036291E-5
-0.278, -1.10642802558672E-5
-0.275, -1.10377757428397E-5
-0.272, -1.10102229592021E-5
-0.269, -1.09828830858265E-5
-0.266, -1.09542210429833E-5
-0.263, -1.09238763438003E-5
-0.26, -1.08956269206644E-5
-0.257, -1.08664095896893E-5
-0.254, -1.08341086354814E-5
-0.251, -1.07998612235023E-5
-0.248, -1.07668103909394E-5
-0.245, -1.07338876651547E-5
-0.242, -1.06987858816762E-5
-0.239, -1.06618959230597E-5
-0.236, -1.0623506509045E-5
-0.233, -1.05837427505874E-5
-0.23, -1.05415075875922E-5
-0.227, -1.05024280433297E-5
-0.224, -1.04590307313187E-5
-0.221, -1.04139892666227E-5
-0.218, -1.0365932104497E-5
-0.215, -1.0319782907275E-5
-0.212, -1.02683442159262E-5
-0.209, -1.02190043542074E-5
-0.206, -1.01629341752452E-5
-0.203, -1.01089294202438E-5
-0.2, -1.00513738035284E-5
-0.197, -9.99219061718252E-6
-0.194, -9.93269119772747E-6
-0.191, -9.86897481733204E-6
-0.188, -9.80288383838923E-6
-0.185, -9.73561027992045E-6
-0.182, -9.66752477170129E-6
-0.179, -9.59458673902467E-6
-0.176, -9.51838204934774E-6
-0.173, -9.44475277318431E-6
-0.17, -9.36568360032933E-6
-0.167, -9.28405588621334E-6
-0.164, -9.20032433906527E-6
-0.161, -9.11151925047117E-6
-0.158, -9.02112583455824E-6
-0.155, -8.93043399678211E-6
-0.152, -8.83356698033161E-6
-0.149, -8.73764686768067E-6
-0.146, -8.63565838302669E-6
-0.143, -8.53207116380765E-6
-0.14, -8.42455100327494E-6
-0.137, -8.31502648846907E-6
-0.134, -8.20202250984201E-6
-0.131, -8.08630605692478E-6
-0.128, -7.96868752069933E-6
-0.125, -7.84579970903963E-6
-0.122, -7.72028845276E-6
-0.119, -7.59597322930786E-6
-0.116, -7.46331467326003E-6
-0.113, -7.33056051607067E-6
-0.11, -7.19326097003119E-6
-0.107, -7.05653963201793E-6
-0.104, -6.91257105851407E-6
-0.101, -6.767733624038E-6
-0.098, -6.62032660084001E-6
-0.095, -6.46872470696482E-6
-0.092, -6.31626434145182E-6
-0.0890000000000001, -6.15588021861725E-6
-0.0860000000000001, -5.99655093481701E-6
-0.083, -5.83520072538824E-6
-0.08, -5.66758540948862E-6
-0.077, -5.50191274723249E-6
-0.0740000000000001, -5.32933246795554E-6
-0.071, -5.1576825040367E-6
-0.068, -4.97783512540454E-6
-0.065, -4.8001440921213E-6
-0.0620000000000001, -4.61783606063742E-6
-0.0590000000000001, -4.43301229535102E-6
-0.0560000000000001, -4.2498018887222E-6
-0.053, -4.05851838504E-6
-0.0500000000000001, -3.86399149285365E-6
-0.047, -3.66762105273955E-6
-0.044, -3.47282599448516E-6
-0.041, -3.27326201795831E-6
-0.038, -3.06793321577192E-6
-0.035, -2.86395348629378E-6
-0.032, -2.65759256993559E-6
-0.029, -2.44450354644769E-6
-0.026, -2.23025706690251E-6
-0.023, -2.01235929505182E-6
-0.02, -1.79154456982004E-6
-0.017, -1.56736815356335E-6
-0.014, -1.33887850318851E-6
-0.0110000000000001, -1.10277650041139E-6
-0.00800000000000006, -8.64797030534151E-7
-0.00500000000000006, -6.2561054792434E-7
-0.00200000000000006, -3.76430703204461E-7
0.000999999999999945, -1.24992909259096E-7
0.00399999999999995, 1.29443402000721E-7
0.00699999999999995, 3.86040616941579E-7
0.00999999999999995, 6.37600066176663E-7
0.013, 8.88524955896522E-7
0.016, 1.13275494102462E-6
0.019, 1.3735893054598E-6
0.022, 1.61251730384109E-6
0.025, 1.84494332049127E-6
0.028, 2.07626232574347E-6
0.031, 2.30182007115319E-6
0.034, 2.52194488570611E-6
0.037, 2.74067250841183E-6
0.04, 2.95773427043545E-6
0.043, 3.16646200778228E-6
0.046, 3.37670970517166E-6
0.049, 3.58498472540307E-6
0.0519999999999999, 3.78500492023205E-6
0.0549999999999999, 3.98699039885651E-6
0.0579999999999999, 4.17858052532981E-6
0.0609999999999999, 4.37392198303049E-6
0.0639999999999999, 4.56465141777409E-6
0.0669999999999999, 4.75078663214356E-6
0.0699999999999999, 4.93544624414251E-6
0.0729999999999999, 5.11801356601776E-6
0.076, 5.29138838876229E-6
0.079, 5.46939694734317E-6
0.082, 5.64051368049939E-6
0.085, 5.81166390415834E-6
0.088, 5.97842149454182E-6
0.091, 6.13831337384528E-6
0.094, 6.30094754512867E-6
0.097, 6.45632309018601E-6
0.1, 6.61012140150228E-6
0.103, 6.76163570296112E-6
0.106, 6.9133807241219E-6
0.109, 7.05705697282884E-6
0.112, 7.19761523426029E-6
0.115, 7.33715252958339E-6
0.118, 7.47164880086711E-6
0.121, 7.60494855967532E-6
0.124, 7.73596829933819E-6
0.127, 7.85990849703981E-6
0.13, 7.98721052077777E-6
0.133, 8.10265439731456E-6
0.136, 8.22010286576146E-6
0.139, 8.33536926246232E-6
0.142, 8.4482465895723E-6
0.145, 8.55686260836997E-6
0.148, 8.66205885056415E-6
0.151, 8.76626015304895E-6
0.154, 8.86576941576021E-6
0.157, 8.96445762205402E-6
0.16, 9.05918291386817E-6
0.163, 9.14854789066639E-6
0.166, 9.23728035725854E-6
0.169, 9.32243309649114E-6
0.172, 9.40618249303585E-6
0.175, 9.48702338974869E-6
0.178, 9.56542455293275E-6
0.181, 9.64201716285735E-6
0.184, 9.71481403654807E-6
0.187, 9.7843312109683E-6
0.19, 9.85403916325166E-6
0.193, 9.92013379301853E-6
0.196, 9.98470390064676E-6
0.199, 1.00486980757241E-5
0.202, 1.01098831685814E-5
0.205, 1.01664845882667E-5
0.208, 1.0221021386627E-5
0.211, 1.02765347483818E-5
0.214, 1.03283621529018E-5
0.217, 1.03804368212312E-5
0.22, 1.04301122802194E-5
0.223, 1.04761440744488E-5
0.226, 1.05219654384418E-5
0.229, 1.05642556942741E-5
0.232, 1.06098434927262E-5
0.235, 1.06509054970011E-5
0.238, 1.06919981938634E-5
0.241, 1.0730763008002E-5
0.244, 1.07665200452543E-5
0.247, 1.08037425612199E-5
0.25, 1.08386993896941E-5
0.253, 1.08717308721769E-5
0.256, 1.09067687429166E-5
0.259, 1.09377424137261E-5
0.262, 1.09717089628887E-5
0.265, 1.0999603498766E-5
0.268, 1.10297956972566E-5
0.271, 1.10567518335329E-5
0.274, 1.10876001411412E-5
0.277, 1.11169216823679E-5
0.28, 1.11401977375561E-5
0.283, 1.11678623221797E-5
0.286, 1.11904072575487E-5
0.289, 1.1217207265568E-5
0.292, 1.12398701891273E-5
0.295, 1.12647359020686E-5
0.298, 1.12875953731228E-5
0.301, 1.13089786057299E-5
0.304, 1.13331681173444E-5
0.307, 1.13547010767377E-5
0.31, 1.13732182678087E-5
0.313, 1.1397852312913E-5
0.316, 1.14143046673088E-5
0.319, 1.1436204296715E-5
0.322, 1.14530782594084E-5
0.325, 1.14743281968861E-5
0.328, 1.1492495012688E-5
0.331, 1.15106406416077E-5
0.334, 1.15293721076444E-5
0.337, 1.15462132703039E-5
0.34, 1.15613451969875E-5
0.343, 1.15843472181423E-5
0.346, 1.15989841913657E-5
0.349, 1.16157567164331E-5
0.352, 1.16302089311763E-5
0.355, 1.16497829069331E-5
0.358, 1.16616767914485E-5
0.361, 1.16776265510269E-5
0.364, 1.1694254907756E-5
0.367, 1.17097554267012E-5
0.37, 1.17266094178849E-5
0.373, 1.17409159250231E-5
0.376, 1.1754940842521E-5
0.379, 1.17681362631613E-5
0.382, 1.17811906594289E-5

0.439343067520259, 1.20345738984471E-5

-0.305, -1.12753478108671E-5
-0.302, -1.12548050770545E-5
-0.299, -1.12300614474343E-5
-0.296, -1.12105299717844E-5
-0.293, -1.11895388325254E-5
-0.29, -1.11636482590499E-5
-0.287, -1.11389872296975E-5
-0.284, -1.11146395531995E-5
-0.281, -1.1087357764752E-5
-0.278, -1.10629328960778E-5
-0.275, -1.10373668203594E-5
-0.272, -1.10149508252379E-5
-0.269, -1.09855513019633E-5
-0.266, -1.0955851292897E-5
-0.263, -1.09285180354807E-5
-0.26, -1.0898429395866E-5
-0.257, -1.08659299661742E-5
-0.254, -1.08359751617355E-5
-0.251, -1.08009201758823E-5
-0.248, -1.07676227523419E-5
-0.245, -1.07330188548246E-5
-0.242, -1.06973682888595E-5
-0.239, -1.06611652922493E-5
-0.236, -1.0623251133775E-5
-0.233, -1.0583714195051E-5
-0.23, -1.05450025657059E-5
-0.227, -1.04979419946111E-5
-0.224, -1.04586456002671E-5
-0.221, -1.04127881799633E-5
-0.218, -1.03680873077181E-5
-0.215, -1.03177016817895E-5
-0.212, -1.02697998019482E-5
-0.209, -1.02170576121013E-5
-0.206, -1.016339045431E-5
-0.203, -1.01095564948214E-5
-0.2, -1.00524953625559E-5
-0.197, -9.99305194666266E-6
-0.194, -9.93248286892986E-6
-0.191, -9.86972983733915E-6
-0.188, -9.80435907937418E-6
-0.185, -9.73561306274512E-6
-0.182, -9.66625680629768E-6
-0.179, -9.59344527830961E-6
-0.176, -9.52124665249016E-6
-0.173, -9.44304614147982E-6
-0.17, -9.36468204114369E-6
-0.167, -9.28426254528983E-6
-0.164, -9.19657094187745E-6
-0.161, -9.1127396063984E-6
-0.158, -9.02396603157826E-6
-0.155, -8.92799132851447E-6
-0.152, -8.83465649748446E-6
-0.149, -8.73350828722143E-6
-0.146, -8.63575595343044E-6
-0.143, -8.53101614032438E-6
-0.14, -8.42505657229528E-6
-0.137, -8.3164469401169E-6
-0.134, -8.20280625861717E-6
-0.131, -8.08750595708242E-6
-0.128, -7.96776676958327E-6
-0.125, -7.84800606598024E-6
-0.122, -7.7229905628021E-6
-0.119, -7.59404897073159E-6
-0.116, -7.46491309953055E-6
-0.113, -7.33170783431798E-6
-0.11, -7.19661299210701E-6
-0.107, -7.0551449751659E-6
-0.104, -6.91498228072788E-6
-0.101, -6.7688333074041E-6
-0.098, -6.61832606538171E-6
-0.095, -6.46812622919055E-6
-0.092, -6.3140998055657E-6
-0.0890000000000001, -6.15898180847283E-6
-0.0860000000000001, -5.99817592333616E-6
-0.083, -5.83397438300667E-6
-0.08, -5.66918655418955E-6
-0.077, -5.49949286866806E-6
-0.0740000000000001, -5.32792027155409E-6
-0.071, -5.15706183202841E-6
-0.068, -4.98022974001897E-6
-0.0650000000000001, -4.80105337832435E-6
-0.0620000000000001, -4.61929432357671E-6
-0.0590000000000001, -4.43503592051113E-6
-0.0560000000000001, -4.24626168387665E-6
-0.053, -4.05683710577611E-6
-0.0500000000000001, -3.86407409905836E-6
-0.047, -3.66962200900316E-6
-0.044, -3.47294035877564E-6
-0.041, -3.27322463571903E-6
-0.038, -3.06726726926296E-6
-0.035, -2.86584479213722E-6
-0.032, -2.65525076837796E-6
-0.029, -2.44339626709941E-6
-0.026, -2.23119586563908E-6
-0.023, -2.01688668347056E-6
-0.02, -1.79301238406532E-6
-0.017, -1.56569624301189E-6
-0.0140000000000001, -1.33670767986929E-6
-0.0110000000000001, -1.10261278771621E-6
-0.00800000000000006, -8.69045084689234E-7
-0.00500000000000006, -6.25968296867848E-7
-0.00200000000000006, -3.81417490446763E-7
0.000999999999999945, -1.25626618248538E-7
0.00399999999999995, 1.30570796054477E-7
0.00699999999999995, 3.85106185452903E-7
0.00999999999999995, 6.37646753692754E-7
0.013, 8.87574952797936E-7
0.016, 1.12999285123952E-6
0.019, 1.37668891067241E-6
0.022, 1.61352997914969E-6
0.025, 1.84502652162796E-6
0.028, 2.07642733754656E-6
0.031, 2.29867896372651E-6
0.034, 2.52341099242715E-6
0.037, 2.74195483132364E-6
0.04, 2.95457320456065E-6
0.043, 3.168717729989E-6
0.046, 3.3761803910206E-6
0.0489999999999999, 3.58324362936567E-6
0.0519999999999999, 3.78500977989083E-6
0.0549999999999999, 3.98748945859586E-6
0.0579999999999999, 4.18208579589805E-6
0.0609999999999999, 4.37721764050406E-6
0.0639999999999999, 4.56407551049102E-6
0.0669999999999999, 4.74991909098687E-6
0.0699999999999999, 4.9346160109672E-6
0.0729999999999999, 5.11486081391586E-6
0.076, 5.2947342336687E-6
0.079, 5.46823794217788E-6
0.082, 5.64283409372615E-6
0.085, 5.80962778486623E-6
0.088, 5.9775707626345E-6
0.091, 6.13985526218379E-6
0.094, 6.3014220658951E-6
0.097, 6.45628848935315E-6
0.1, 6.60941526332231E-6
0.103, 6.76412919917517E-6
0.106, 6.91097705999395E-6
0.109, 7.05304315963554E-6
0.112, 7.19510104819036E-6
0.115, 7.33488995116037E-6
0.118, 7.47136104144491E-6
0.121, 7.60063793360392E-6
0.124, 7.73404405870862E-6
0.127, 7.86109759123298E-6
0.13, 7.98567873950516E-6
0.133, 8.10350452857909E-6
0.136, 8.2219316588179E-6
0.139, 8.33635943602577E-6
0.142, 8.44586837375796E-6
0.145, 8.55665058121545E-6
0.148, 8.66291069616519E-6
0.151, 8.76493160097057E-6
0.154, 8.86733717227389E-6
0.157, 8.95946579957908E-6
0.16, 9.05546598631029E-6
0.163, 9.14679879121181E-6
0.166, 9.23473704276615E-6
0.169, 9.32385110388591E-6
0.172, 9.40600233192183E-6
0.175, 9.48570842941251E-6
0.178, 9.56288257201063E-6
0.181, 9.63917782933721E-6
0.184, 9.71357873741491E-6
0.187, 9.78429767510677E-6
0.19, 9.85346250439388E-6
0.193, 9.91900518183048E-6
0.196, 9.98431574064439E-6
0.199, 1.00457490060741E-5
0.202, 1.01065437739844E-5
0.205, 1.01624535215228E-5
0.208, 1.02211726363066E-5
0.211, 1.02756679894866E-5
0.214, 1.03253584948328E-5
0.217, 1.03791434399876E-5
0.22, 1.04275116695334E-5
0.223, 1.04747711378407E-5
0.226, 1.05206909234567E-5
0.229, 1.05665070259795E-5
0.232, 1.06085308733618E-5
0.235, 1.06477047544685E-5
0.238, 1.06909259539797E-5
0.241, 1.07277258298176E-5
0.244, 1.07673339940714E-5
0.247, 1.08042201373243E-5
0.25, 1.08371733810602E-5
0.253, 1.08731007848365E-5
0.256, 1.09066462012623E-5
0.259, 1.09413910086318E-5
0.262, 1.09700278261716E-5
0.265, 1.10007684941975E-5
0.268, 1.10307519060122E-5
0.271, 1.1056569791244E-5
0.274, 1.10863187404772E-5
0.277, 1.11125802300211E-5
0.28, 1.11421970022172E-5
0.283, 1.11676150399257E-5
0.286, 1.11915654238124E-5
0.289, 1.12161789123166E-5
0.292, 1.1240671166665E-5
0.295, 1.12632090164117E-5
0.298, 1.1287291147661E-5
0.301, 1.13078842101548E-5
0.304, 1.13324808131788E-5
0.307, 1.13536023984386E-5
0.31, 1.1374680225026E-5
0.313, 1.1395766854103E-5
0.316, 1.14174491109346E-5
0.319, 1.143631233519E-5
0.322, 1.14555102575679E-5
0.325, 1.14756636531542E-5
0.328, 1.14924917871569E-5
0.331, 1.15112951351384E-5
0.334, 1.15296516326832E-5
0.337, 1.15457443294754E-5
0.34, 1.15656026669148E-5
0.343, 1.15810316266923E-5
0.346, 1.15989386472365E-5
0.349, 1.16139415825708E-5
0.352, 1.16304563018082E-5
0.355, 1.16493227593066E-5
0.358, 1.16647660674535E-5
0.361, 1.16797147909202E-5
0.364, 1.16937851148869E-5
0.367, 1.17079497442992E-5
0.37, 1.17254080075679E-5
0.373, 1.17388286580834E-5
0.376, 1.17537644567652E-5
0.379, 1.177006195604E-5
0.382, 1.17823844578345E-5
0.385, 1.17987372200275E-5

0.439352020356994, 1.20298387733586E-5

-0.308, -1.12960087745914E-5
-0.305, -1.12744593150987E-5
-0.302, -1.12566415527334E-5
-0.299, -1.12338648121649E-5
-0.296, -1.12083123900933E-5
-0.293, -1.11870249140743E-5
-0.29, -1.11654519181149E-5
-0.287, -1.1141374447301E-5
-0.284, -1.11181301489143E-5
-0.281, -1.10914560093926E-5
-0.278, -1.10660659382639E-5
-0.275, -1.10420022697561E-5
-0.272, -1.10148637724335E-5
-0.269, -1.098645039967E-5
-0.266, -1.09578587491168E-5
-0.263, -1.09285160099437E-5
-0.26, -1.08991775530547E-5
-0.257, -1.08672222987562E-5
-0.254, -1.08368906373597E-5
-0.251, -1.08047487640237E-5
-0.248, -1.07709652068246E-5
-0.245, -1.07365334676999E-5
-0.242, -1.06971515755925E-5
-0.239, -1.06632290118347E-5
-0.236, -1.06255993934913E-5
-0.233, -1.05866856555386E-5
-0.23, -1.05479740325923E-5
-0.227, -1.050199745085E-5
-0.224, -1.04602687516397E-5
-0.221, -1.04140699465855E-5
-0.218, -1.03685282337974E-5
-0.215, -1.0321921462315E-5
-0.212, -1.02718093769258E-5
-0.209, -1.02215021728386E-5
-0.206, -1.0166266413704E-5
-0.203, -1.0111577617267E-5
-0.2, -1.00546638942374E-5
-0.197, -9.99665605782802E-6
-0.194, -9.93509843891032E-6
-0.191, -9.87084593099658E-6
-0.188, -9.80648862269567E-6
-0.185, -9.7380870235581E-6
-0.182, -9.66933666390033E-6
-0.179, -9.59619846534331E-6
-0.176, -9.52432064619867E-6
-0.173, -9.44433204150829E-6
-0.17, -9.36798562756024E-6
-0.167, -9.28428887956849E-6
-0.164, -9.19918819227044E-6
-0.161, -9.11419960775362E-6
-0.158, -9.02730349829639E-6
-0.155, -8.9322426772004E-6
-0.152, -8.83821666455036E-6
-0.149, -8.73964383018047E-6
-0.146, -8.63757133409816E-6
-0.143, -8.53216689523547E-6
-0.14, -8.4263993729039E-6
-0.137, -8.31637284438753E-6
-0.134, -8.20168458921516E-6
-0.131, -8.08906188630735E-6
-0.128, -7.96911747992908E-6
-0.125, -7.84908319317457E-6
-0.122, -7.72441078352283E-6
-0.119, -7.59633327856934E-6
-0.116, -7.46683981707371E-6
-0.113, -7.33216132977246E-6
-0.11, -7.19708206506062E-6
-0.107, -7.05538497320921E-6
-0.104, -6.91355208290962E-6
-0.101, -6.76864461635895E-6
-0.0980000000000001, -6.62181644600596E-6
-0.095, -6.46977623879973E-6
-0.092, -6.31555256565999E-6
-0.0890000000000001, -6.15953115671826E-6
-0.0860000000000001, -5.99775547748008E-6
-0.083, -5.83506425700282E-6
-0.08, -5.6703166049308E-6
-0.077, -5.50174761395772E-6
-0.0740000000000001, -5.33007599860717E-6
-0.071, -5.15800158532411E-6
-0.0680000000000001, -4.97920789847344E-6
-0.0650000000000001, -4.80131655985695E-6
-0.0620000000000001, -4.61818076531289E-6
-0.0590000000000001, -4.43335929332422E-6
-0.0560000000000001, -4.24594170857862E-6
-0.053, -4.05742103658147E-6
-0.0500000000000001, -3.86533905930425E-6
-0.047, -3.67046115458829E-6
-0.044, -3.47502517813397E-6
-0.041, -3.27345557462754E-6
-0.038, -3.06786855876562E-6
-0.035, -2.86328006271886E-6
-0.032, -2.65350475863929E-6
-0.029, -2.44351936391864E-6
-0.026, -2.23324995410391E-6
-0.023, -2.01493659934312E-6
-0.02, -1.79024933478967E-6
-0.0170000000000001, -1.56487672250223E-6
-0.0140000000000001, -1.33806960001018E-6
-0.0110000000000001, -1.10500188722298E-6
-0.00800000000000006, -8.6748587209E-7
-0.00500000000000006, -6.26459051717149E-7
-0.00200000000000006, -3.78398622237303E-7
0.000999999999999945, -1.27529657301621E-7
0.00399999999999995, 1.2795805498093E-7
0.00699999999999995, 3.8581654133333E-7
0.00999999999999995, 6.37708445233288E-7
0.013, 8.87326324715144E-7
0.016, 1.13095930357193E-6
0.019, 1.37717229198685E-6
0.022, 1.61322121202252E-6
0.025, 1.84567139641887E-6
0.028, 2.07426666755599E-6
0.031, 2.30024955271293E-6
0.034, 2.52537239471315E-6
0.037, 2.74326405095944E-6
0.04, 2.95576398888199E-6
0.043, 3.16857738509753E-6
0.0459999999999999, 3.37848036339235E-6
0.0489999999999999, 3.58427674844748E-6
0.0519999999999999, 3.7826634879882E-6
0.0549999999999999, 3.98480750652894E-6
0.0579999999999999, 4.18223723193821E-6
0.0609999999999999, 4.37504715560683E-6
0.0639999999999999, 4.56310363586754E-6
0.0669999999999999, 4.74904141217272E-6
0.0699999999999999, 4.93494045595792E-6
0.0729999999999999, 5.1164387434332E-6
0.076, 5.2935987571582E-6
0.079, 5.46875202201129E-6
0.082, 5.64199666717965E-6
0.085, 5.80865091690031E-6
0.088, 5.97583835708332E-6
0.091, 6.13905784928817E-6
0.094, 6.30169007655862E-6
0.097, 6.45797603422355E-6
0.1, 6.61147476889519E-6
0.103, 6.76091166261663E-6
0.106, 6.90792213681851E-6
0.109, 7.05416452330956E-6
0.112, 7.19643087707376E-6
0.115, 7.3368394632173E-6
0.118, 7.47100441645335E-6
0.121, 7.60277974033323E-6
0.124, 7.73448341200498E-6
0.127, 7.85898844392427E-6
0.13, 7.98595517986425E-6
0.133, 8.10298779606588E-6
0.136, 8.22071643528922E-6
0.139, 8.33570695859173E-6
0.142, 8.44596335819734E-6
0.145, 8.55767436592493E-6
0.148, 8.66113839639725E-6
0.151, 8.7654809907936E-6
0.154, 8.86672055110165E-6
0.157, 8.96190177397776E-6
0.16, 9.05616936280858E-6
0.163, 9.14676807240697E-6
0.166, 9.23513683301778E-6
0.169, 9.32304060733421E-6
0.172, 9.40498975267185E-6
0.175, 9.48547466893096E-6
0.178, 9.5647117489573E-6
0.181, 9.63784453484063E-6
0.184, 9.71221484190997E-6
0.187, 9.78439900549433E-6
0.19, 9.85452360093284E-6
0.193, 9.91952374875283E-6
0.196, 9.98269206322073E-6
0.199, 1.00450185555101E-5
0.202, 1.01065420385782E-5
0.205, 1.0161499388369E-5
0.208, 1.02235020928111E-5
0.211, 1.02760223001392E-5
0.214, 1.03251161889064E-5
0.217, 1.03783467385236E-5
0.22, 1.04282877293192E-5
0.223, 1.04735835867398E-5
0.226, 1.05221577551989E-5
0.229, 1.05658914554275E-5
0.232, 1.06069518796837E-5
0.235, 1.06492432501417E-5
0.238, 1.06870966475313E-5
0.241, 1.07287205703709E-5
0.244, 1.07669770424591E-5
0.247, 1.08052927931518E-5
0.25, 1.08382308259968E-5
0.253, 1.08712481181383E-5
0.256, 1.09042227759138E-5
0.259, 1.09373798208792E-5
0.262, 1.0970374278874E-5
0.265, 1.10000002799487E-5
0.268, 1.10296467353678E-5
0.271, 1.10566387129638E-5
0.274, 1.10854725595296E-5
0.277, 1.11143174799227E-5
0.28, 1.11410726586323E-5
0.283, 1.11666423128201E-5
0.286, 1.1192374431296E-5
0.289, 1.12167497629097E-5
0.292, 1.12383495763289E-5
0.295, 1.12633990836377E-5
0.298, 1.12867707892739E-5
0.301, 1.13104446203003E-5
0.304, 1.13319442100848E-5
0.307, 1.13522305895025E-5
0.31, 1.13734938155572E-5
0.313, 1.13937335039854E-5
0.316, 1.14146585307701E-5
0.319, 1.14355312636123E-5
0.322, 1.14545904116321E-5
0.325, 1.14741640106154E-5
0.328, 1.14924216134989E-5
0.331, 1.15117015679836E-5
0.334, 1.152817694081E-5
0.337, 1.15460676434871E-5
0.34, 1.15650682303514E-5
0.343, 1.15817020876272E-5
0.346, 1.15984266651315E-5
0.349, 1.16140740371592E-5
0.352, 1.1631803429757E-5
0.355, 1.16487228097949E-5
0.358, 1.16637348674201E-5
0.361, 1.16822424388927E-5
0.364, 1.16950908434279E-5
0.367, 1.17104505135261E-5
0.37, 1.17275701810106E-5
0.373, 1.17420604904191E-5
0.376, 1.17561953832995E-5
0.379, 1.17709345628968E-5
0.382, 1.17839474171255E-5
0.385, 1.17978439602895E-5
0.388, 1.18105559598485E-5

0.439351142609767, 1.20351616729036E-5

-0.311, -1.13183922288654E-5
-0.308, -1.12978665838916E-5
-0.305, -1.1274235769373E-5
-0.302, -1.12551102552343E-5
-0.299, -1.12357021927677E-5
-0.296, -1.121262649546E-5
-0.293, -1.11919701073976E-5
-0.29, -1.11667032691997E-5
-0.287, -1.11424298858243E-5
-0.284, -1.1119128885066E-5
-0.281, -1.10912172206781E-5
-0.278, -1.1066767921788E-5
-0.275, -1.10423311982148E-5
-0.272, -1.1016157827596E-5
-0.269, -1.098795091229E-5
-0.266, -1.09594448186305E-5
-0.263, -1.09317914067214E-5
-0.26, -1.08979375645094E-5
-0.257, -1.08705826170133E-5
-0.254, -1.08394483617783E-5
-0.251, -1.08036769053106E-5
-0.248, -1.07736888774703E-5
-0.245, -1.07359321442801E-5
-0.242, -1.06988831359538E-5
-0.239, -1.06636680034084E-5
-0.236, -1.06259273899132E-5
-0.233, -1.05859348641199E-5
-0.23, -1.05442652342812E-5
-0.227, -1.05028612016033E-5
-0.224, -1.0461096238528E-5
-0.221, -1.04151044455239E-5
-0.218, -1.03703661782733E-5
-0.215, -1.03184734609956E-5
-0.212, -1.0271042943146E-5
-0.209, -1.02177770684666E-5
-0.206, -1.01665173651426E-5
-0.203, -1.01094342552185E-5
-0.2, -1.00541262199458E-5
-0.197, -9.99383330710225E-6
-0.194, -9.93447337714586E-6
-0.191, -9.86835659631178E-6
-0.188, -9.80718722611331E-6
-0.185, -9.7380858227258E-6
-0.182, -9.6728561377607E-6
-0.179, -9.59834161702591E-6
-0.176, -9.52320381698638E-6
-0.173, -9.44566091359513E-6
-0.17, -9.36675299825789E-6
-0.167, -9.28534056639522E-6
-0.164, -9.20242344616129E-6
-0.161, -9.11524154203835E-6
-0.158, -9.02613984242182E-6
-0.155, -8.93086975399937E-6
-0.152, -8.83638541943953E-6
-0.149, -8.73780704148123E-6
-0.146, -8.63880386179951E-6
-0.143, -8.53398512934552E-6
-0.14, -8.42369219649844E-6
-0.137, -8.31692001934831E-6
-0.134, -8.20397321720346E-6
-0.131, -8.08713175304661E-6
-0.128, -7.96882340524538E-6
-0.125, -7.85102430712428E-6
-0.122, -7.72667343754755E-6
-0.119, -7.59586028001659E-6
-0.116, -7.46680815075078E-6
-0.113, -7.33111876830808E-6
-0.11, -7.19688546295585E-6
-0.107, -7.05780371993398E-6
-0.104, -6.91191299892125E-6
-0.101, -6.76937591411389E-6
-0.0980000000000001, -6.6224575725186E-6
-0.095, -6.47007142955864E-6
-0.092, -6.31589102851737E-6
-0.0890000000000001, -6.15873100640074E-6
-0.0860000000000001, -6.0010015253738E-6
-0.083, -5.8356047345228E-6
-0.08, -5.66947446467992E-6
-0.077, -5.50138174904385E-6
-0.0740000000000001, -5.33035190853716E-6
-0.0710000000000001, -5.15759465590285E-6
-0.0680000000000001, -4.97879779759305E-6
-0.0650000000000001, -4.80441508390733E-6
-0.0620000000000001, -4.61841736291002E-6
-0.0590000000000001, -4.43428988717972E-6
-0.0560000000000001, -4.24766814334964E-6
-0.053, -4.05782194505351E-6
-0.0500000000000001, -3.86774378957729E-6
-0.047, -3.67038634733629E-6
-0.044, -3.47400837499436E-6
-0.041, -3.27276217593257E-6
-0.038, -3.06961194721226E-6
-0.035, -2.86441641366362E-6
-0.032, -2.65555003241215E-6
-0.029, -2.44762480371367E-6
-0.026, -2.23394517901236E-6
-0.023, -2.014715522793E-6
-0.0200000000000001, -1.79178200982534E-6
-0.0170000000000001, -1.56692095471477E-6
-0.0140000000000001, -1.33694138811648E-6
-0.0110000000000001, -1.10812549175476E-6
-0.00800000000000006, -8.69206840591656E-7
-0.00500000000000006, -6.26210015104337E-7
-0.00200000000000006, -3.79987021439129E-7
0.000999999999999945, -1.25990483827844E-7
0.00399999999999995, 1.30041614054283E-7
0.00699999999999995, 3.81832167156498E-7
0.00999999999999995, 6.35437043870028E-7
0.013, 8.87576644092515E-7
0.016, 1.13091776732254E-6
0.019, 1.37381829566485E-6
0.022, 1.61199353509677E-6
0.025, 1.84370002950519E-6
0.028, 2.07245561319311E-6
0.031, 2.30104310458706E-6
0.034, 2.52558285675245E-6
0.037, 2.7417374566891E-6
0.04, 2.95535594183515E-6
0.0429999999999999, 3.16700392944527E-6
0.0459999999999999, 3.37504905475518E-6
0.0489999999999999, 3.58578343382461E-6
0.0519999999999999, 3.78488914130879E-6
0.0549999999999999, 3.98394559003127E-6
0.0579999999999999, 4.18051015081809E-6
0.0609999999999999, 4.37203281831754E-6
0.0639999999999999, 4.56312042803813E-6
0.0669999999999999, 4.74955362070132E-6
0.0699999999999999, 4.93443572646638E-6
0.0729999999999999, 5.11813034672036E-6
0.076, 5.29560775373371E-6
0.079, 5.46804436170583E-6
0.082, 5.64110302727435E-6
0.085, 5.80958161925388E-6
0.088, 5.97559089021869E-6
0.091, 6.13946638571162E-6
0.094, 6.29831050366949E-6
0.097, 6.45560379460808E-6
0.1, 6.60895658952894E-6
0.103, 6.76098368196321E-6
0.106, 6.90868854711419E-6
0.109, 7.05271801773162E-6
0.112, 7.19463274307311E-6
0.115, 7.33568669726248E-6
0.118, 7.46838572121814E-6
0.121, 7.60157868948361E-6
0.124, 7.73311113760824E-6
0.127, 7.86110327664763E-6
0.13, 7.98500065686973E-6
0.133, 8.10592809630269E-6
0.136, 8.21968685715231E-6
0.139, 8.3342573419622E-6
0.142, 8.44634269511477E-6
0.145, 8.55674397418799E-6
0.148, 8.6611762850362E-6
0.151, 8.76350037016866E-6
0.154, 8.86398625608521E-6
0.157, 8.96184178786099E-6
0.16, 9.05584127083496E-6
0.163, 9.1481589362059E-6
0.166, 9.23666514841312E-6
0.169, 9.32057964165595E-6
0.172, 9.40271453228932E-6
0.175, 9.48504270849588E-6
0.178, 9.56155799516197E-6
0.181, 9.64067522950548E-6
0.184, 9.71470607354335E-6
0.187, 9.78457794511405E-6
0.19, 9.84931114907772E-6
0.193, 9.91854310256706E-6
0.196, 9.98152398749328E-6
0.199, 1.0044808790668E-5
0.202, 1.01066523283768E-5
0.205, 1.01661152663427E-5
0.208, 1.02210563595005E-5
0.211, 1.02748191550244E-5
0.214, 1.03268242280154E-5
0.217, 1.0377092111822E-5
0.22, 1.04266246690122E-5
0.223, 1.04730478054046E-5
0.226, 1.05201827620365E-5
0.229, 1.05629886294575E-5
0.232, 1.06069016065464E-5
0.235, 1.06493141619458E-5
0.238, 1.06880419052576E-5
0.241, 1.07284734826086E-5
0.244, 1.07646624185503E-5
0.247, 1.0802906820069E-5
0.25, 1.08344713409938E-5
0.253, 1.08705953296311E-5
0.256, 1.09048015175402E-5
0.259, 1.09383739237433E-5
0.262, 1.09686207186389E-5
0.265, 1.09984618462152E-5
0.268, 1.10261668905297E-5
0.271, 1.10569514312341E-5
0.274, 1.1081894610655E-5
0.277, 1.11122089432156E-5
0.28, 1.11390977179739E-5
0.283, 1.11660458364221E-5
0.286, 1.11883163824813E-5
0.289, 1.12156434425259E-5
0.292, 1.12383024686335E-5
0.295, 1.12654862016917E-5
0.298, 1.12848752415942E-5
0.301, 1.13058569579341E-5
0.304, 1.13312972298779E-5
0.307, 1.13517650127587E-5
0.31, 1.13734308347058E-5
0.313, 1.13976188411106E-5
0.316, 1.14164487925774E-5
0.319, 1.14347401523882E-5
0.322, 1.14535966488189E-5
0.325, 1.14733420372551E-5
0.328, 1.14906990409009E-5
0.331, 1.15100023759842E-5
0.334, 1.15291192348641E-5
0.337, 1.15466951193604E-5
0.34, 1.15624898244496E-5
0.343, 1.15803756964905E-5
0.346, 1.16005094521854E-5
0.349, 1.16150532659637E-5
0.352, 1.16330151176116E-5
0.355, 1.16510190726691E-5
0.358, 1.16646679218856E-5
0.361, 1.16772274610372E-5
0.364, 1.16959291910406E-5
0.367, 1.17112530412571E-5
0.37, 1.17257108207388E-5
0.373, 1.17395189087713E-5
0.376, 1.17535764896099E-5
0.379, 1.17678974416851E-5
0.382, 1.17857479434832E-5
0.385, 1.17970059093125E-5
0.388, 1.18103407708256E-5
0.391, 1.1827476391864E-5

0.439340974964134, 1.20309852692372E-5

-0.314, -1.13389870955416E-5
-0.311, -1.13177351281978E-5
-0.308, -1.129800139816E-5
-0.305, -1.12777463752585E-5
-0.302, -1.12570952225659E-5
-0.299, -1.12341866882018E-5
-0.296, -1.12120425920997E-5
-0.293, -1.11893707946724E-5
-0.29, -1.11690685806379E-5
-0.287, -1.11440341492382E-5
-0.284, -1.11180822388307E-5
-0.281, -1.10956021746532E-5
-0.278, -1.10672487349651E-5
-0.275, -1.10414373880062E-5
-0.272, -1.10148059499817E-5
-0.269, -1.09867205728928E-5
-0.266, -1.09588924164002E-5
-0.263, -1.0929228349275E-5
-0.26, -1.09000087969281E-5
-0.257, -1.08691079073915E-5
-0.254, -1.08372669734255E-5
-0.251, -1.08061511192592E-5
-0.248, -1.0771177323497E-5
-0.245, -1.07389873776617E-5
-0.242, -1.07046981143178E-5
-0.239, -1.06673745377617E-5
-0.236, -1.06263430694792E-5
-0.233, -1.05880485941468E-5
-0.23, -1.05487073748098E-5
-0.227, -1.05064011169874E-5
-0.224, -1.04617821767683E-5
-0.221, -1.04162766462093E-5
-0.218, -1.03713916718804E-5
-0.215, -1.03226050193009E-5
-0.212, -1.02704298645046E-5
-0.209, -1.02210280009403E-5
-0.206, -1.01673530449739E-5
-0.203, -1.01103158539322E-5
-0.2, -1.00554662655134E-5
-0.197, -9.99480838199884E-6
-0.194, -9.93543280853816E-6
-0.191, -9.87212014731363E-6
-0.188, -9.80662486246279E-6
-0.185, -9.73971720300343E-6
-0.182, -9.66760677752654E-6
-0.179, -9.6001464540829E-6
-0.176, -9.52453154402499E-6
-0.173, -9.4463372538959E-6
-0.17, -9.36698873148739E-6
-0.167, -9.28527971274349E-6
-0.164, -9.20158288989627E-6
-0.161, -9.11423205241279E-6
-0.158, -9.02743627076066E-6
-0.155, -8.93519910196678E-6
-0.152, -8.83811964210531E-6
-0.149, -8.74027144399097E-6
-0.146, -8.63635010569034E-6
-0.143, -8.53299941852647E-6
-0.14, -8.42610143245456E-6
-0.137, -8.31751666924827E-6
-0.134, -8.20900859222225E-6
-0.131, -8.09152326073871E-6
-0.128, -7.97108665316436E-6
-0.125, -7.85067250194764E-6
-0.122, -7.72574745351618E-6
-0.119, -7.59487300904704E-6
-0.116, -7.46799658937745E-6
-0.113, -7.33519072380011E-6
-0.11, -7.19621457373967E-6
-0.107, -7.05901259959787E-6
-0.104, -6.9126116699346E-6
-0.101, -6.76785377246992E-6
-0.0980000000000001, -6.62415422018974E-6
-0.095, -6.47195177687923E-6
-0.092, -6.31403351570971E-6
-0.0890000000000001, -6.1569551332858E-6
-0.0860000000000001, -5.99851476322515E-6
-0.083, -5.83565266732211E-6
-0.08, -5.67121146539547E-6
-0.077, -5.5000172051102E-6
-0.0740000000000001, -5.3315834341296E-6
-0.0710000000000001, -5.15858848694834E-6
-0.0680000000000001, -4.97915589319259E-6
-0.0650000000000001, -4.80124060518068E-6
-0.0620000000000001, -4.61992746613503E-6
-0.0590000000000001, -4.43728769318435E-6
-0.0560000000000001, -4.24873433976781E-6
-0.053, -4.05706085482393E-6
-0.0500000000000001, -3.86540038369756E-6
-0.047, -3.67209247078463E-6
-0.044, -3.4714564443671E-6
-0.041, -3.27270863205771E-6
-0.038, -3.07012985779263E-6
-0.035, -2.8636460531362E-6
-0.032, -2.65594956369974E-6
-0.029, -2.4467976864619E-6
-0.026, -2.23161287065125E-6
-0.0230000000000001, -2.01259847186878E-6
-0.0200000000000001, -1.79287306207695E-6
-0.0170000000000001, -1.56444309758101E-6
-0.0140000000000001, -1.33450505917162E-6
-0.0110000000000001, -1.10664667571595E-6
-0.00800000000000006, -8.6961143721472E-7
-0.00500000000000006, -6.25758550458452E-7
-0.00200000000000006, -3.78564817710959E-7
0.000999999999999945, -1.29083560441545E-7
0.00399999999999995, 1.28883217327223E-7
0.00699999999999995, 3.87046834305768E-7
0.00999999999999995, 6.37017857544922E-7
0.013, 8.84938954491997E-7
0.016, 1.13040082126147E-6
0.019, 1.37205017778402E-6
0.022, 1.61245008198476E-6
0.025, 1.8444332614467E-6
0.028, 2.07470368942516E-6
0.031, 2.29701840703022E-6
0.034, 2.52190377663343E-6
0.037, 2.74176163643354E-6
0.0399999999999999, 2.95645474054119E-6
0.0429999999999999, 3.17015514033811E-6
0.0459999999999999, 3.37780925572782E-6
0.0489999999999999, 3.58362613395365E-6
0.0519999999999999, 3.78417024809182E-6
0.0549999999999999, 3.98441985678747E-6
0.0579999999999999, 4.18204058915388E-6
0.0609999999999999, 4.37200304973575E-6
0.0639999999999999, 4.56417665242934E-6
0.0669999999999999, 4.74857377384437E-6
0.0699999999999999, 4.93308921189911E-6
0.0729999999999999, 5.1152303919197E-6
0.076, 5.29180441742496E-6
0.079, 5.46983787588386E-6
0.082, 5.64190194673305E-6
0.085, 5.81150622168444E-6
0.088, 5.97432835730343E-6
0.091, 6.1357673220221E-6
0.094, 6.29963199884345E-6
0.097, 6.4565613176736E-6
0.1, 6.60958220452011E-6
0.103, 6.76055924289923E-6
0.106, 6.90785550684669E-6
0.109, 7.05488279681077E-6
0.112, 7.19327633687431E-6
0.115, 7.33437078056629E-6
0.118, 7.47092090483935E-6
0.121, 7.60538334954389E-6
0.124, 7.73346094703615E-6
0.127, 7.85773518959584E-6
0.13, 7.9809857334177E-6
0.133, 8.10148748963585E-6
0.136, 8.21997515648281E-6
0.139, 8.33564019224241E-6
0.142, 8.44440065137952E-6
0.145, 8.55581905937411E-6
0.148, 8.65882946304304E-6
0.151, 8.76512825192145E-6
0.154, 8.86295135274928E-6
0.157, 8.95793768297509E-6
0.16, 9.05280467239859E-6
0.163, 9.14520435085922E-6
0.166, 9.2315811662209E-6
0.169, 9.32002035087795E-6
0.172, 9.40334881173244E-6
0.175, 9.48573949585156E-6
0.178, 9.56270063735548E-6
0.181, 9.64009903941421E-6
0.184, 9.71232742044011E-6
0.187, 9.78474489441E-6
0.19, 9.85101048593194E-6
0.193, 9.91724968550749E-6
0.196, 9.98400872097854E-6
0.199, 1.00448294061609E-5
0.202, 1.01044090414362E-5
0.205, 1.0164167256365E-5
0.208, 1.02189984502335E-5
0.211, 1.02748622343137E-5
0.214, 1.03270187125536E-5
0.217, 1.0378340763566E-5
0.22, 1.04262299181982E-5
0.223, 1.04724726245085E-5
0.226, 1.05194179597673E-5
0.229, 1.05660340128904E-5
0.232, 1.0606750564137E-5
0.235, 1.06465250335903E-5
0.238, 1.06894612926076E-5
0.241, 1.07279022134609E-5
0.244, 1.07616879535021E-5
0.247, 1.08029449048508E-5
0.25, 1.08380579196141E-5
0.253, 1.08712486467289E-5
0.256, 1.0903006547336E-5
0.259, 1.09362890250518E-5
0.262, 1.09692554843805E-5
0.265, 1.0999733696319E-5
0.268, 1.10284587385471E-5
0.271, 1.10578979049168E-5
0.274, 1.10847484180256E-5
0.277, 1.11119875854702E-5
0.28, 1.11397546747451E-5
0.283, 1.11651835352959E-5
0.286, 1.1190411456953E-5
0.289, 1.12157415744657E-5
0.292, 1.12388465956425E-5
0.295, 1.12629266190411E-5
0.298, 1.12854090461217E-5
0.301, 1.13096666124622E-5
0.304, 1.13313345127893E-5
0.307, 1.13535086111941E-5
0.31, 1.13752367549617E-5
0.313, 1.13920476088037E-5
0.316, 1.14138745665374E-5
0.319, 1.1435312203599E-5
0.322, 1.1454511357805E-5
0.325, 1.1473760221407E-5
0.328, 1.14927563194463E-5
0.331, 1.1512198478138E-5
0.334, 1.1527890970197E-5
0.337, 1.15467727359986E-5
0.34, 1.15634200948938E-5
0.343, 1.15837745888379E-5
0.346, 1.15986026954051E-5
0.349, 1.16147711479646E-5
0.352, 1.16300510867927E-5
0.355, 1.16472730455188E-5
0.358, 1.16628188166213E-5
0.361, 1.16793248913668E-5
0.364, 1.16949056909229E-5
0.367, 1.17100359675158E-5
0.37, 1.17249609914561E-5
0.373, 1.1738652677016E-5
0.376, 1.1755345603518E-5
0.379, 1.1770896670007E-5
0.382, 1.17828662116424E-5
0.385, 1.17981121136367E-5
0.388, 1.18112217281028E-5
0.391, 1.18242467491057E-5
0.394, 1.18379609730389E-5

0.439346808932896, 1.20328736365471E-5

-0.317, -1.13596189397363E-5
-0.314, -1.13388999301927E-5
-0.311, -1.13196167654815E-5
-0.308, -1.1301013614117E-5
-0.305, -1.12790585158454E-5
-0.302, -1.12569775721915E-5
-0.299, -1.12354481055306E-5
-0.296, -1.12119721877804E-5
-0.293, -1.11911459703598E-5
-0.29, -1.11659806968482E-5
-0.287, -1.11421091603777E-5
-0.284, -1.11185217870451E-5
-0.281, -1.10932821314398E-5
-0.278, -1.10680285145006E-5
-0.275, -1.10405814212182E-5
-0.272, -1.10151358378298E-5
-0.269, -1.0987910120309E-5
-0.266, -1.0960535747797E-5
-0.263, -1.09293230193512E-5
-0.26, -1.08993685969822E-5
-0.257, -1.08706042164674E-5
-0.254, -1.08369156996811E-5
-0.251, -1.08068895103376E-5
-0.248, -1.07739565728983E-5
-0.245, -1.07386013874547E-5
-0.242, -1.07010219996788E-5
-0.239, -1.066497187652E-5
-0.236, -1.06262082597723E-5
-0.233, -1.0587757832123E-5
-0.23, -1.05484748617662E-5
-0.227, -1.05070665115148E-5
-0.224, -1.04632147752578E-5
-0.221, -1.04163239076608E-5
-0.218, -1.0372028013583E-5
-0.215, -1.03241401915319E-5
-0.212, -1.02728447863672E-5
-0.209, -1.02207391073437E-5
-0.206, -1.01681424977975E-5
-0.203, -1.01128276794845E-5
-0.2, -1.00545277629706E-5
-0.197, -9.9971051258449E-6
-0.194, -9.93620050953232E-6
-0.191, -9.87265739433781E-6
-0.188, -9.80657816050163E-6
-0.185, -9.73915262607678E-6
-0.182, -9.66830826365216E-6
-0.179, -9.59674176326055E-6
-0.176, -9.52375262708468E-6
-0.173, -9.44854204075355E-6
-0.17, -9.37265083042109E-6
-0.167, -9.28605644750231E-6
-0.164, -9.20137923574449E-6
-0.161, -9.11497360018817E-6
-0.158, -9.02567354967749E-6
-0.155, -8.9316996718153E-6
-0.152, -8.83929901539213E-6
-0.149, -8.73824365327502E-6
-0.146, -8.6348316926241E-6
-0.143, -8.53417214132499E-6
-0.14, -8.42832703615523E-6
-0.137, -8.31733159340899E-6
-0.134, -8.20525654070904E-6
-0.131, -8.08945535075291E-6
-0.128, -7.9708838229358E-6
-0.125, -7.84982299270831E-6
-0.122, -7.721366822691E-6
-0.119, -7.59708014853547E-6
-0.116, -7.46596922456088E-6
-0.113, -7.33231795577859E-6
-0.11, -7.19449074852964E-6
-0.107, -7.05574477497022E-6
-0.104, -6.9130576028718E-6
-0.101, -6.76723609998182E-6
-0.0980000000000001, -6.61767161373939E-6
-0.095, -6.46977101928747E-6
-0.092, -6.31503712788806E-6
-0.0890000000000001, -6.15795523880954E-6
-0.0860000000000001, -5.99722435901469E-6
-0.083, -5.83617437436085E-6
-0.08, -5.67229371405213E-6
-0.0770000000000001, -5.50018917495158E-6
-0.0740000000000001, -5.33360377045938E-6
-0.0710000000000001, -5.15389071521643E-6
-0.0680000000000001, -4.98179221881984E-6
-0.0650000000000001, -4.79879178752275E-6
-0.0620000000000001, -4.62016638144171E-6
-0.0590000000000001, -4.43566683739751E-6
-0.0560000000000001, -4.24541999496251E-6
-0.053, -4.06148823527323E-6
-0.0500000000000001, -3.86426391833356E-6
-0.047, -3.67055794341613E-6
-0.044, -3.47460265844207E-6
-0.041, -3.27157212009559E-6
-0.038, -3.07008950657542E-6
-0.035, -2.86529800928426E-6
-0.032, -2.65569630180155E-6
-0.029, -2.44484143215163E-6
-0.0260000000000001, -2.23159511829884E-6
-0.0230000000000001, -2.01390459566792E-6
-0.0200000000000001, -1.79355590956012E-6
-0.0170000000000001, -1.56395176528509E-6
-0.0140000000000001, -1.33958510100015E-6
-0.0110000000000001, -1.10258970024076E-6
-0.00800000000000006, -8.68039573065827E-7
-0.00500000000000006, -6.26979248198727E-7
-0.00200000000000006, -3.79445938127455E-7
0.000999999999999945, -1.27200797792984E-7
0.00399999999999995, 1.29814817960167E-7
0.00699999999999995, 3.85330726045036E-7
0.00999999999999995, 6.39152262731415E-7
0.013, 8.87480812271405E-7
0.016, 1.12981032189119E-6
0.019, 1.37157667167746E-6
0.022, 1.61120111985513E-6
0.025, 1.84554071519596E-6
0.028, 2.07300776749908E-6
0.031, 2.30032657850443E-6
0.034, 2.52141107279981E-6
0.0369999999999999, 2.73998921667366E-6
0.0399999999999999, 2.95426009666446E-6
0.0429999999999999, 3.16722818767938E-6
0.0459999999999999, 3.37888136744657E-6
0.0489999999999999, 3.58045500595263E-6
0.0519999999999999, 3.78392185668824E-6
0.0549999999999999, 3.98659884327575E-6
0.0579999999999999, 4.1796627127568E-6
0.0609999999999999, 4.37253171018796E-6
0.0639999999999999, 4.56229493351539E-6
0.0669999999999999, 4.75031170022238E-6
0.0699999999999999, 4.93296721411147E-6
0.0729999999999999, 5.11405154747264E-6
0.076, 5.29371610509397E-6
0.079, 5.46916500522118E-6
0.082, 5.63988523564401E-6
0.085, 5.80878920487017E-6
0.088, 5.97421814710427E-6
0.091, 6.13786485468559E-6
0.094, 6.2975508786928E-6
0.097, 6.45547060434502E-6
0.0999999999999999, 6.60822189097327E-6
0.103, 6.75908975553125E-6
0.106, 6.90889510131602E-6
0.109, 7.05292454915682E-6
0.112, 7.19382985648611E-6
0.115, 7.3328623384229E-6
0.118, 7.47064584244826E-6
0.121, 7.60045206472226E-6
0.124, 7.73079658594409E-6
0.127, 7.8584268787181E-6
0.13, 7.98063177143262E-6
0.133, 8.10215317380549E-6
0.136, 8.22075701031769E-6
0.139, 8.33486416728286E-6
0.142, 8.44575822958534E-6
0.145, 8.55083508018217E-6
0.148, 8.66254130982926E-6
0.151, 8.76234796176073E-6
0.154, 8.8594973759249E-6
0.157, 8.96172918750375E-6
0.16, 9.05513682955274E-6
0.163, 9.1446171204692E-6
0.166, 9.23361787072794E-6
0.169, 9.32032318355016E-6
0.172, 9.40484137576741E-6
0.175, 9.48402840738905E-6
0.178, 9.56203637739235E-6
0.181, 9.63903630983863E-6
0.184, 9.71023925415292E-6
0.187, 9.78158855345345E-6
0.19, 9.85102500378648E-6
0.193, 9.91856976417705E-6
0.196, 9.98184850278071E-6
0.199, 1.00461842992665E-5
0.202, 1.01039769628389E-5
0.205, 1.01605928127077E-5
0.208, 1.02190719701752E-5
0.211, 1.02711084325284E-5
0.214, 1.03256823124572E-5
0.217, 1.03758886867334E-5
0.22, 1.0426615536904E-5
0.223, 1.04735364923948E-5
0.226, 1.05192992597058E-5
0.229, 1.05626855697567E-5
0.232, 1.06085545367337E-5
0.235, 1.06486049181599E-5
0.238, 1.06880427597173E-5
0.241, 1.07265793091217E-5
0.244, 1.07650766043436E-5
0.247, 1.08013356084126E-5
0.25, 1.08370263686631E-5
0.253, 1.08712474801704E-5
0.256, 1.09045724180739E-5
0.259, 1.09344720909535E-5
0.262, 1.09658855885319E-5
0.265, 1.09984919802008E-5
0.268, 1.10291098560759E-5
0.271, 1.10557032327731E-5
0.274, 1.10854402012664E-5
0.277, 1.11114243298128E-5
0.28, 1.11348748780401E-5
0.283, 1.11649283078418E-5
0.286, 1.11909740308977E-5
0.289, 1.12140494710461E-5
0.292, 1.12376287239613E-5
0.295, 1.12614851799845E-5
0.298, 1.12848351591783E-5
0.301, 1.13087214777293E-5
0.304, 1.13320306787532E-5
0.307, 1.13508747911902E-5
0.31, 1.13759371100312E-5
0.313, 1.13931821304971E-5
0.316, 1.14144827862654E-5
0.319, 1.14336324608399E-5
0.322, 1.14548758536429E-5
0.325, 1.1475462489238E-5
0.328, 1.14931110991871E-5
0.331, 1.15110031693196E-5
0.334, 1.15295189107324E-5
0.337, 1.15466611092238E-5
0.34, 1.15654936374648E-5
0.343, 1.15811218875747E-5
0.346, 1.15997871902242E-5
0.349, 1.16147533217342E-5
0.352, 1.16312882421193E-5
0.355, 1.1648378528484E-5
0.358, 1.16604833790873E-5
0.361, 1.16785525858743E-5
0.364, 1.16966843317516E-5
0.367, 1.17087565808837E-5
0.37, 1.172500468316E-5
0.373, 1.17378232039057E-5
0.376, 1.17552497262913E-5
0.379, 1.17687601188284E-5
0.382, 1.17847034524111E-5
0.385, 1.17957710920436E-5
0.388, 1.18111526609819E-5
0.391, 1.18253039775346E-5
0.394, 1.18375326900065E-5
0.397, 1.18527396175597E-5

0.439339446690125, 1.20316107287163E-5

-0.32, -1.1380574258697E-5
-0.317, -1.13594739417819E-5
-0.314, -1.1338709999371E-5
-0.311, -1.1320744672859E-5
-0.308, -1.12996171769047E-5
-0.305, -1.12808957660196E-5
-0.302, -1.12581075000846E-5
-0.299, -1.12364088304168E-5
-0.296, -1.12139291034372E-5
-0.293, -1.11895780306173E-5
-0.29, -1.1165649554557E-5
-0.287, -1.11443503208019E-5
-0.284, -1.11197791916534E-5
-0.281, -1.10924965124984E-5
-0.278, -1.10672701785642E-5
-0.275, -1.10425087273548E-5
-0.272, -1.10164469438292E-5
-0.269, -1.09876371212911E-5
-0.266, -1.09608139017254E-5
-0.263, -1.09291226583643E-5
-0.26, -1.09034239171791E-5
-0.257, -1.08724681240324E-5
-0.254, -1.0841064692272E-5
-0.251, -1.08102511601666E-5
-0.248, -1.07728550379026E-5
-0.245, -1.07390301927167E-5
-0.242, -1.07034308218937E-5
-0.239, -1.06654078206464E-5
-0.236, -1.06306688681713E-5
-0.233, -1.05902084283546E-5
-0.23, -1.05498895729194E-5
-0.227, -1.05059849326397E-5
-0.224, -1.04639796726718E-5
-0.221, -1.04172014731485E-5
-0.218, -1.03733388439432E-5
-0.215, -1.03240136562574E-5
-0.212, -1.02725653744583E-5
-0.209, -1.02222829283264E-5
-0.206, -1.01659305294834E-5
-0.203, -1.01123814745239E-5
-0.2, -1.0055637716319E-5
-0.197, -9.99803935755379E-6
-0.194, -9.93610572347652E-6
-0.191, -9.87285589130892E-6
-0.188, -9.80785791535289E-6
-0.185, -9.73945105532048E-6
-0.182, -9.66836148820535E-6
-0.179, -9.59927691112918E-6
-0.176, -9.52405242837801E-6
-0.173, -9.44603666408711E-6
-0.17, -9.36719259687419E-6
-0.167, -9.28747238002386E-6
-0.164, -9.20237189299643E-6
-0.161, -9.1165423959352E-6
-0.158, -9.02500118301525E-6
-0.155, -8.93427370995473E-6
-0.152, -8.83753987579744E-6
-0.149, -8.74095951908431E-6
-0.146, -8.63900921756626E-6
-0.143, -8.5346260271569E-6
-0.14, -8.42866728368647E-6
-0.137, -8.31710896420647E-6
-0.134, -8.20651155090492E-6
-0.131, -8.08935478662529E-6
-0.128, -7.97009377611498E-6
-0.125, -7.84769144497733E-6
-0.122, -7.7270508828658E-6
-0.119, -7.60211631914233E-6
-0.116, -7.46694576405441E-6
-0.113, -7.33415276531966E-6
-0.11, -7.19727321863509E-6
-0.107, -7.0572617494046E-6
-0.104, -6.91760412303545E-6
-0.101, -6.7708995640271E-6
-0.098, -6.62256930388102E-6
-0.095, -6.47130130138374E-6
-0.092, -6.31701878971441E-6
-0.089, -6.15894538912945E-6
-0.086, -5.99990270448351E-6
-0.083, -5.83824090361816E-6
-0.08, -5.670765660552E-6
-0.0770000000000001, -5.50246280975254E-6
-0.0740000000000001, -5.33130543318898E-6
-0.0710000000000001, -5.15696592824096E-6
-0.0680000000000001, -4.98161857054538E-6
-0.065, -4.80341817064911E-6
-0.062, -4.62322699484069E-6
-0.059, -4.43673456370526E-6
-0.056, -4.24857136412883E-6
-0.053, -4.05967667192472E-6
-0.05, -3.86446031077983E-6
-0.047, -3.67363119882586E-6
-0.044, -3.47278228919669E-6
-0.041, -3.2764113942587E-6
-0.038, -3.07065963877523E-6
-0.035, -2.86457027422009E-6
-0.032, -2.65610484597778E-6
-0.0290000000000001, -2.445683181628E-6
-0.0260000000000001, -2.23246850153483E-6
-0.0230000000000001, -2.0136704568809E-6
-0.0200000000000001, -1.79256881183477E-6
-0.0170000000000001, -1.56677834465292E-6
-0.0140000000000001, -1.33666358205316E-6
-0.0110000000000001, -1.10383853456927E-6
-0.00800000000000005, -8.69620582185972E-7
-0.00500000000000005, -6.25009892983324E-7
-0.00200000000000004, -3.80161024267505E-7
0.000999999999999959, -1.25525141966409E-7
0.00399999999999996, 1.29564051624578E-7
0.00699999999999996, 3.84267989126011E-7
0.00999999999999997, 6.35289159960111E-7
0.013, 8.85123647007821E-7
0.016, 1.13197575432681E-6
0.019, 1.37154259520728E-6
0.022, 1.61126532848149E-6
0.025, 1.8431347666899E-6
0.028, 2.0740454203567E-6
0.031, 2.29980731105473E-6
0.0339999999999999, 2.52087481070165E-6
0.0369999999999999, 2.74076798391802E-6
0.0399999999999999, 2.95194575394297E-6
0.0429999999999999, 3.16781586243394E-6
0.0459999999999999, 3.37491519180552E-6
0.0489999999999999, 3.58008294941453E-6
0.0519999999999999, 3.78441400123461E-6
0.0549999999999999, 3.98398538766406E-6
0.0579999999999999, 4.18067523507218E-6
0.061, 4.37320801953825E-6
0.064, 4.56375843887781E-6
0.067, 4.75000422074712E-6
0.07, 4.93294276446369E-6
0.073, 5.1144797760371E-6
0.076, 5.29275732655616E-6
0.079, 5.46816044619381E-6
0.082, 5.63896447066532E-6
0.085, 5.80550989224152E-6
0.088, 5.97579959307906E-6
0.091, 6.13729459504434E-6
0.094, 6.29920923194924E-6
0.0969999999999999, 6.4562349199911E-6
0.0999999999999999, 6.60941833421667E-6
0.103, 6.75754165309569E-6
0.106, 6.90611145767302E-6
0.109, 7.05283076245281E-6
0.112, 7.19439408662531E-6
0.115, 7.33315526138092E-6
0.118, 7.46649654827779E-6
0.121, 7.59822286100456E-6
0.124, 7.7287870739058E-6
0.127, 7.85721708696479E-6
0.13, 7.98132237794586E-6
0.133, 8.10134538387314E-6
0.136, 8.21663210453456E-6
0.139, 8.333436101345E-6
0.142, 8.44385206444324E-6
0.145, 8.55124022218492E-6
0.148, 8.65918184968017E-6
0.151, 8.76045322579491E-6
0.154, 8.86094746935358E-6
0.157, 8.95801604945781E-6
0.16, 9.05068388142629E-6
0.163, 9.14349934650493E-6
0.166, 9.23210037095107E-6
0.169, 9.31919106335307E-6
0.172, 9.40291746226135E-6
0.175, 9.48187273865944E-6
0.178, 9.56117242633287E-6
0.181, 9.63479538976336E-6
0.184, 9.70986358663104E-6
0.187, 9.7827307227736E-6
0.19, 9.85212665204685E-6
0.193, 9.91686199004924E-6
0.196, 9.98072957901879E-6
0.199, 1.00426531676446E-5
0.202, 1.01023910305268E-5
0.205, 1.01621734021868E-5
0.208, 1.02192594315287E-5
0.211, 1.0272389367475E-5
0.214, 1.0326660200468E-5
0.217, 1.03745214157872E-5
0.22, 1.04218040956316E-5
0.223, 1.04713129932753E-5
0.226, 1.05195426479214E-5
0.229, 1.05622103522242E-5
0.232, 1.06048640225156E-5
0.235, 1.06445155283467E-5
0.238, 1.0685960275523E-5
0.241, 1.07268737778049E-5
0.244, 1.07641773023171E-5
0.247, 1.07989982423433E-5
0.25, 1.08376177102301E-5
0.253, 1.08693671838938E-5
0.256, 1.09017918550172E-5
0.259, 1.09358970599334E-5
0.262, 1.09641025247401E-5
0.265, 1.09971624134709E-5
0.268, 1.10270831977867E-5
0.271, 1.10550302186981E-5
0.274, 1.10836376956477E-5
0.277, 1.11101373163227E-5
0.28, 1.11385199205184E-5
0.283, 1.11665559540132E-5
0.286, 1.11902972576167E-5
0.289, 1.12146573755493E-5
0.292, 1.12409502818916E-5
0.295, 1.12582978748662E-5
0.298, 1.12858890617819E-5
0.301, 1.13085032755706E-5
0.304, 1.13302827251739E-5
0.307, 1.13543055187215E-5
0.31, 1.13729759062874E-5
0.313, 1.13925928593889E-5
0.316, 1.141533629006E-5
0.319, 1.14363732862668E-5
0.322, 1.14552990984988E-5
0.325, 1.14722699112478E-5
0.328, 1.14928377378292E-5
0.331, 1.15123658631665E-5
0.334, 1.15272825756895E-5
0.337, 1.15478025826683E-5
0.34, 1.15655016156262E-5
0.343, 1.15839939409884E-5
0.346, 1.15971561852723E-5
0.349, 1.16148782797514E-5
0.352, 1.16332517608069E-5
0.355, 1.16475014032263E-5
0.358, 1.16644443936898E-5
0.361, 1.16788038122341E-5
0.364, 1.16937260706907E-5
0.367, 1.17112368313648E-5
0.37, 1.17230711006442E-5
0.373, 1.17410881196005E-5
0.376, 1.17542238804297E-5
0.379, 1.1772568050807E-5
0.382, 1.17833091488059E-5
0.385, 1.17954408771029E-5
0.388, 1.18119927637613E-5
0.391, 1.18248874478129E-5
0.394, 1.18385848069603E-5
0.397, 1.18525355840787E-5
0.4, 1.18635746367911E-5

0.439356536521937, 1.20342814099207E-5

-0.323, -1.13998595117624E-5
-0.32, -1.13807958871628E-5
-0.317, -1.13627058925473E-5
-0.314, -1.13427253520738E-5
-0.311, -1.13201874085506E-5
-0.308, -1.13014645098594E-5
-0.305, -1.12809940108246E-5
-0.302, -1.12585310109501E-5
-0.299, -1.12351511529176E-5
-0.296, -1.12144457486298E-5
-0.293, -1.11924008448774E-5
-0.29, -1.11705422520971E-5
-0.287, -1.11427408716443E-5
-0.284, -1.11184956544226E-5
-0.281, -1.10978063999052E-5
-0.278, -1.10717665355148E-5
-0.275, -1.10455020249192E-5
-0.272, -1.10170367518721E-5
-0.269, -1.09873224935133E-5
-0.266, -1.09622984320828E-5
-0.263, -1.09314816427086E-5
-0.26, -1.09046042648243E-5
-0.257, -1.08727010509559E-5
-0.254, -1.08401617185954E-5
-0.251, -1.08074408059714E-5
-0.248, -1.07734913363507E-5
-0.245, -1.07380301358052E-5
-0.242, -1.07071445481296E-5
-0.239, -1.06673734079157E-5
-0.236, -1.06289534672446E-5
-0.233, -1.05897785209011E-5
-0.23, -1.05494296608189E-5
-0.227, -1.05070451635116E-5
-0.224, -1.04634447282013E-5
-0.221, -1.04181211332604E-5
-0.218, -1.03742346992161E-5
-0.215, -1.0323728208212E-5
-0.212, -1.02746584093505E-5
-0.209, -1.02212749473883E-5
-0.206, -1.01689109481793E-5
-0.203, -1.0114159324713E-5
-0.2, -1.00560786782754E-5
-0.197, -9.99708222923184E-6
-0.194, -9.93832584204025E-6
-0.191, -9.87344720698337E-6
-0.188, -9.8113173931143E-6
-0.185, -9.74237587939024E-6
-0.182, -9.67035234174764E-6
-0.179, -9.59886756535229E-6
-0.176, -9.52630118453131E-6
-0.173, -9.44938688150238E-6
-0.17, -9.36984367770266E-6
-0.167, -9.28601782313213E-6
-0.164, -9.20501969544806E-6
-0.161, -9.11681878275014E-6
-0.158, -9.02649517758482E-6
-0.155, -8.93313765947287E-6
-0.152, -8.8390398064348E-6
-0.149, -8.74196208160484E-6
-0.146, -8.63939880827981E-6
-0.143, -8.53539047214102E-6
-0.14, -8.42907437024138E-6
-0.137, -8.31880599243699E-6
-0.134, -8.20657567379528E-6
-0.131, -8.08996402239214E-6
-0.128, -7.97109840005647E-6
-0.125, -7.85114038048652E-6
-0.122, -7.72880034289386E-6
-0.119, -7.59958350890888E-6
-0.116, -7.46720361570349E-6
-0.113, -7.3357046913454E-6
-0.11, -7.1992866300122E-6
-0.107, -7.06072402704643E-6
-0.104, -6.91560112554088E-6
-0.101, -6.7696314022061E-6
-0.098, -6.62345787544596E-6
-0.095, -6.46997300961036E-6
-0.092, -6.31743678974315E-6
-0.089, -6.16105834017409E-6
-0.086, -5.99858564436474E-6
-0.0830000000000001, -5.83536177849347E-6
-0.08, -5.67268579680028E-6
-0.0770000000000001, -5.50271874065652E-6
-0.0740000000000001, -5.33113677228922E-6
-0.0710000000000001, -5.15966509830923E-6
-0.0680000000000001, -4.98078099174571E-6
-0.065, -4.80251462194388E-6
-0.062, -4.62059442359503E-6
-0.059, -4.43509748979199E-6
-0.056, -4.24972270034506E-6
-0.053, -4.060555837158E-6
-0.05, -3.86777714512211E-6
-0.047, -3.67217813054971E-6
-0.044, -3.473031760393E-6
-0.041, -3.27471500714174E-6
-0.038, -3.06889877096028E-6
-0.035, -2.86446971420033E-6
-0.0320000000000001, -2.65864468233784E-6
-0.0290000000000001, -2.44569417601589E-6
-0.0260000000000001, -2.23202804769799E-6
-0.0230000000000001, -2.01620319584763E-6
-0.0200000000000001, -1.79232736532189E-6
-0.0170000000000001, -1.56940404374219E-6
-0.0140000000000001, -1.33742564778491E-6
-0.0110000000000001, -1.10442378480763E-6
-0.00800000000000005, -8.69286729960082E-7
-0.00500000000000005, -6.26245349932472E-7
-0.00200000000000004, -3.80063384918307E-7
0.000999999999999959, -1.2823384937205E-7
0.00399999999999996, 1.29211643088281E-7
0.00699999999999996, 3.856836454474E-7
0.00999999999999997, 6.3543091041867E-7
0.013, 8.87511327629128E-7
0.016, 1.13104509660038E-6
0.019, 1.37173428930255E-6
0.022, 1.60890686601112E-6
0.025, 1.84438900190468E-6
0.028, 2.0726333098045E-6
0.0309999999999999, 2.30289249720638E-6
0.0339999999999999, 2.52070072617257E-6
0.0369999999999999, 2.73992008722859E-6
0.0399999999999999, 2.95581853022994E-6
0.0429999999999999, 3.16600053692734E-6
0.0459999999999999, 3.37512391641349E-6
0.0489999999999999, 3.58418953399777E-6
0.0519999999999999, 3.78456534099546E-6
0.0549999999999999, 3.98262817415894E-6
0.0579999999999999, 4.18051890761735E-6
0.061, 4.37181372051424E-6
0.064, 4.56480324167604E-6
0.067, 4.75281434291006E-6
0.07, 4.93403694458982E-6
0.073, 5.11311219788083E-6
0.076, 5.29340087180905E-6
0.079, 5.4666723194846E-6
0.082, 5.64048911867079E-6
0.085, 5.80916262929545E-6
0.088, 5.97664270028899E-6
0.091, 6.13977386307868E-6
0.0939999999999999, 6.29795188075106E-6
0.0969999999999999, 6.45349912406961E-6
0.0999999999999999, 6.60932912926586E-6
0.103, 6.76157181165493E-6
0.106, 6.90746843157498E-6
0.109, 7.05508518275504E-6
0.112, 7.19295102197417E-6
0.115, 7.332552767392E-6
0.118, 7.46819795211309E-6
0.121, 7.60155071561903E-6
0.124, 7.7296820768527E-6
0.127, 7.85618647353954E-6
0.13, 7.97929475751817E-6
0.133, 8.0995553442694E-6
0.136, 8.21887256537922E-6
0.139, 8.33393324633634E-6
0.142, 8.44449314517437E-6
0.145, 8.554019891107E-6
0.148, 8.65844000731812E-6
0.151, 8.76015334061324E-6
0.154, 8.86059724930185E-6
0.157, 8.95731666303024E-6
0.16, 9.05526329134941E-6
0.163, 9.14499063150673E-6
0.166, 9.23262244611711E-6
0.169, 9.31695261514862E-6
0.172, 9.39953224253776E-6
0.175, 9.48307384045619E-6
0.178, 9.56021247496267E-6
0.181, 9.63832618870588E-6
0.184, 9.71057611237419E-6
0.187, 9.77702025761361E-6
0.19, 9.84761079870363E-6
0.193, 9.91819784671462E-6
0.196, 9.980756353428E-6
0.199, 1.00451759138852E-5
0.202, 1.01041847617991E-5
0.205, 1.01606435577288E-5
0.208, 1.02191680088832E-5
0.211, 1.02701204585884E-5
0.214, 1.03250714062465E-5
0.217, 1.03758913291368E-5
0.22, 1.04251522577199E-5
0.223, 1.04718341021649E-5
0.226, 1.0516804864266E-5
0.229, 1.05636128758562E-5
0.232, 1.06071593236481E-5
0.235, 1.06468130026244E-5
0.238, 1.06851801687478E-5
0.241, 1.07260265832823E-5
0.244, 1.07615739364474E-5
0.247, 1.08001009994445E-5
0.25, 1.08338641244012E-5
0.253, 1.08687332043454E-5
0.256, 1.09062327778019E-5
0.259, 1.09341945861225E-5
0.262, 1.09657139698555E-5
0.265, 1.09964163862094E-5
0.268, 1.10278868492071E-5
0.271, 1.10567494554007E-5
0.274, 1.10835559682566E-5
0.277, 1.11125006586061E-5
0.28, 1.11377347783142E-5
0.283, 1.11615220411556E-5
0.286, 1.11887969752785E-5
0.289, 1.12145166485037E-5
0.292, 1.12409267104647E-5
0.295, 1.1260967265408E-5
0.298, 1.12846479159103E-5
0.301, 1.13067005845134E-5
0.304, 1.13325527735243E-5
0.307, 1.13538439312385E-5
0.31, 1.13720523267595E-5
0.313, 1.13957730354563E-5
0.316, 1.14149409399055E-5
0.319, 1.14365022193601E-5
0.322, 1.14539042119653E-5
0.325, 1.14749286062038E-5
0.328, 1.14926660515649E-5
0.331, 1.15116406940164E-5
0.334, 1.15269549993845E-5
0.337, 1.15460044621655E-5
0.34, 1.15634292335125E-5
0.343, 1.15824927535172E-5
0.346, 1.15970164642893E-5
0.349, 1.16149863556473E-5
0.352, 1.16331511152535E-5
0.355, 1.16459750105334E-5
0.358, 1.16645482209533E-5
0.361, 1.1676006356292E-5
0.364, 1.16964955479218E-5
0.367, 1.17115758016214E-5
0.37, 1.17268476834681E-5
0.373, 1.17403336665737E-5
0.376, 1.17545415032747E-5
0.379, 1.17666956652109E-5
0.382, 1.17845151973153E-5
0.385, 1.17985037851782E-5
0.388, 1.18110324846372E-5
0.391, 1.1826281769383E-5
0.394, 1.18399552614764E-5
0.397, 1.18511032633854E-5
0.4, 1.18653360288815E-5
0.403, 1.187771593684E-5

0.439335899166197, 1.20345886047974E-5

-0.326, -1.14199354012899E-5
-0.323, -1.13993788558132E-5
-0.32, -1.13809405778893E-5
-0.317, -1.13620707793512E-5
-0.314, -1.13431090535968E-5
-0.311, -1.13244861243515E-5
-0.308, -1.13005955166038E-5
-0.305, -1.12806351414597E-5
-0.302, -1.12600692155625E-5
-0.299, -1.1238791266454E-5
-0.296, -1.12162266052262E-5
-0.293, -1.11926488363751E-5
-0.29, -1.11679066690717E-5
-0.287, -1.11439430707722E-5
-0.284, -1.1120243793319E-5
-0.281, -1.10978126906809E-5
-0.278, -1.10711518917779E-5
-0.275, -1.10445591025859E-5
-0.272, -1.10153794082476E-5
-0.269, -1.0988695854903E-5
-0.266, -1.0960478193857E-5
-0.263, -1.09334441908302E-5
-0.26, -1.09043334830236E-5
-0.257, -1.08725993257593E-5
-0.254, -1.08420369761265E-5
-0.251, -1.08075549695169E-5
-0.248, -1.07728352980403E-5
-0.245, -1.07404490735416E-5
-0.242, -1.07059366215137E-5
-0.239, -1.06675722779778E-5
-0.236, -1.06282127042955E-5
-0.233, -1.05901066033575E-5
-0.23, -1.05496669611317E-5
-0.227, -1.05070243268951E-5
-0.224, -1.04662573427764E-5
-0.221, -1.04181679710036E-5
-0.218, -1.03729000056442E-5
-0.215, -1.03252502854791E-5
-0.212, -1.02768572661381E-5
-0.209, -1.02216863617385E-5
-0.206, -1.01689514907845E-5
-0.203, -1.01158033926208E-5
-0.2, -1.00592825373158E-5
-0.197, -9.99790936317646E-6
-0.194, -9.93557963364021E-6
-0.191, -9.87303099262924E-6
-0.188, -9.80868352234066E-6
-0.185, -9.74085083126001E-6
-0.182, -9.67475722792269E-6
-0.179, -9.60096725067582E-6
-0.176, -9.52495579568944E-6
-0.173, -9.44985176481041E-6
-0.17, -9.37118843181559E-6
-0.167, -9.2899360103831E-6
-0.164, -9.20515156517548E-6
-0.161, -9.11888991955198E-6
-0.158, -9.02761786150044E-6
-0.155, -8.93338964033651E-6
-0.152, -8.8401294227836E-6
-0.149, -8.74094739434919E-6
-0.146, -8.64086126900686E-6
-0.143, -8.53669435388278E-6
-0.14, -8.4302579203034E-6
-0.137, -8.32122766377006E-6
-0.134, -8.20695047818702E-6
-0.131, -8.0938641751042E-6
-0.128, -7.9744321099789E-6
-0.125, -7.84973236598569E-6
-0.122, -7.72771849733504E-6
-0.119, -7.59732680717121E-6
-0.116, -7.46716648810202E-6
-0.113, -7.33474874081376E-6
-0.11, -7.19751867246239E-6
-0.107, -7.05883796238553E-6
-0.104, -6.91728731991826E-6
-0.101, -6.77290639574588E-6
-0.098, -6.62222253155482E-6
-0.095, -6.470049765104E-6
-0.092, -6.31846270905611E-6
-0.089, -6.15931021099907E-6
-0.0860000000000001, -6.00037763565332E-6
-0.0830000000000001, -5.83734427498189E-6
-0.08, -5.67053722647469E-6
-0.0770000000000001, -5.50258273754276E-6
-0.0740000000000001, -5.33267023612085E-6
-0.0710000000000001, -5.1570404801758E-6
-0.0680000000000001, -4.98048921633532E-6
-0.065, -4.80146930307278E-6
-0.062, -4.61763923363537E-6
-0.059, -4.43320057467021E-6
-0.056, -4.24737948562702E-6
-0.053, -4.0590268036782E-6
-0.05, -3.86661519542902E-6
-0.047, -3.6709781514673E-6
-0.044, -3.47284025471825E-6
-0.041, -3.27104465883604E-6
-0.038, -3.07113067123936E-6
-0.0350000000000001, -2.86587465436477E-6
-0.0320000000000001, -2.65775684984857E-6
-0.0290000000000001, -2.44394731888529E-6
-0.0260000000000001, -2.23192309374672E-6
-0.0230000000000001, -2.01658560770919E-6
-0.0200000000000001, -1.78950190865973E-6
-0.0170000000000001, -1.56662312409468E-6
-0.0140000000000001, -1.33667715153647E-6
-0.0110000000000001, -1.10600204826025E-6
-0.00800000000000005, -8.70694017972421E-7
-0.00500000000000005, -6.27938379267219E-7
-0.00200000000000004, -3.78669579570573E-7
0.000999999999999959, -1.28381210680818E-7
0.00399999999999996, 1.28406641193226E-7
0.00699999999999996, 3.8494500006571E-7
0.00999999999999997, 6.34622646695566E-7
0.013, 8.86559741555223E-7
0.016, 1.12969281949209E-6
0.019, 1.37018803816767E-6
0.022, 1.60895436421428E-6
0.025, 1.84398666473338E-6
0.0279999999999999, 2.07277111199152E-6
0.0309999999999999, 2.2991444660903E-6
0.0339999999999999, 2.52241167573228E-6
0.0369999999999999, 2.74042438085036E-6
0.0399999999999999, 2.95492230095622E-6
0.0429999999999999, 3.1689642235244E-6
0.0459999999999999, 3.37338619825582E-6
0.0489999999999999, 3.58062357677941E-6
0.0519999999999999, 3.78476610012852E-6
0.0549999999999999, 3.98332511814246E-6
0.0579999999999999, 4.17892412586591E-6
0.061, 4.37223088714661E-6
0.064, 4.5606578067908E-6
0.067, 4.74683389205236E-6
0.07, 4.93370187046568E-6
0.073, 5.11514691599033E-6
0.076, 5.29166801255296E-6
0.079, 5.46646305345394E-6
0.082, 5.63943833400335E-6
0.085, 5.80606180321827E-6
0.088, 5.97769619186979E-6
0.0909999999999999, 6.13761820659645E-6
0.0939999999999999, 6.29901868243772E-6
0.0969999999999999, 6.4539565789602E-6
0.0999999999999999, 6.60943838570394E-6
0.103, 6.75796260511378E-6
0.106, 6.90801426740056E-6
0.109, 7.05074932802722E-6
0.112, 7.19108215610555E-6
0.115, 7.33263984591315E-6
0.118, 7.46645961132376E-6
0.121, 7.59927423462607E-6
0.124, 7.73069551300245E-6
0.127, 7.85749438630944E-6
0.13, 7.97880160814038E-6
0.133, 8.10018676227479E-6
0.136, 8.21825767431308E-6
0.139, 8.33271240801799E-6
0.142, 8.44495449285026E-6
0.145, 8.55409417469675E-6
0.148, 8.65906849206385E-6
0.151, 8.7610148890931E-6
0.154, 8.85941909795738E-6
0.157, 8.95583144508848E-6
0.16, 9.04979965901186E-6
0.163, 9.14351921551376E-6
0.166, 9.23202584864886E-6
0.169, 9.31850247398531E-6
0.172, 9.40137499886849E-6
0.175, 9.48045053219213E-6
0.178, 9.56019374917282E-6
0.181, 9.63628300791485E-6
0.184, 9.7098885435926E-6
0.187, 9.77919453902143E-6
0.19, 9.8478585098617E-6
0.193, 9.91465168746658E-6
0.196, 9.98214419708028E-6
0.199, 1.00403269770409E-5
0.202, 1.01017988106598E-5
0.205, 1.01607618985878E-5
0.208, 1.02176571087681E-5
0.211, 1.02724635471902E-5
0.214, 1.03211900078927E-5
0.217, 1.03737396820204E-5
0.22, 1.04248871328631E-5
0.223, 1.04696983919826E-5
0.226, 1.05193575852741E-5
0.229, 1.05601131944924E-5
0.232, 1.06033675204875E-5
0.235, 1.06474659154662E-5
0.238, 1.06860447076786E-5
0.241, 1.07234120372873E-5
0.244, 1.07615300909316E-5
0.247, 1.07989420985251E-5
0.25, 1.08348585872425E-5
0.253, 1.08680157786597E-5
0.256, 1.09031502075091E-5
0.259, 1.09342983271684E-5
0.262, 1.09655990947389E-5
0.265, 1.09956322226188E-5
0.268, 1.1026774857618E-5
0.271, 1.10567204721699E-5
0.274, 1.10840152963427E-5
0.277, 1.11118515835596E-5
0.28, 1.11386855527267E-5
0.283, 1.11636299951179E-5
0.286, 1.11896682657113E-5
0.289, 1.12148844104948E-5
0.292, 1.12410256800005E-5
0.295, 1.12601363952764E-5
0.298, 1.12855732379494E-5
0.301, 1.13084124221189E-5
0.304, 1.13306703391618E-5
0.307, 1.13501434582703E-5
0.31, 1.13727441112516E-5
0.313, 1.13961346906224E-5
0.316, 1.14122508084241E-5
0.319, 1.14362468685653E-5
0.322, 1.14536081127414E-5
0.325, 1.14730855847705E-5
0.328, 1.14916273795097E-5
0.331, 1.15102851613517E-5
0.334, 1.1528839903948E-5
0.337, 1.15469660079674E-5
0.34, 1.15621392418417E-5
0.343, 1.15812403600607E-5
0.346, 1.15976591567183E-5
0.349, 1.16156880007397E-5
0.352, 1.16338803145293E-5
0.355, 1.1648245438723E-5
0.358, 1.16637746983842E-5
0.361, 1.16803709789274E-5
0.364, 1.16964975192366E-5
0.367, 1.17124734626099E-5
0.37, 1.17261215444057E-5
0.373, 1.17400787773916E-5
0.376, 1.17554957413722E-5
0.379, 1.1768109389489E-5
0.382, 1.17851591094059E-5
0.385, 1.17994640963871E-5
0.388, 1.18124597259392E-5
0.391, 1.1826599121635E-5
0.394, 1.18378630163235E-5
0.397, 1.18525147670975E-5
0.4, 1.1865429540606E-5
0.403, 1.1878028847459E-5
0.406, 1.18908001831867E-5

0.43934379496971, 1.20296314857528E-5

-0.329, -1.14385402829682E-5
-0.326, -1.14202484827585E-5
-0.323, -1.14011311381913E-5
-0.32, -1.13822762055723E-5
-0.317, -1.13613966754434E-5
-0.314, -1.13424200786331E-5
-0.311, -1.13217004083533E-5
-0.308, -1.13027108755915E-5
-0.305, -1.12799149502095E-5
-0.302, -1.12609460024871E-5
-0.299, -1.12361950996185E-5
-0.296, -1.12155985434744E-5
-0.293, -1.11915920011884E-5
-0.29, -1.11701877954062E-5
-0.287, -1.11467110478612E-5
-0.284, -1.1122250504954E-5
-0.281, -1.1099223713123E-5
-0.278, -1.10720477209571E-5
-0.275, -1.10445648369717E-5
-0.272, -1.10187887552957E-5
-0.269, -1.09889057628485E-5
-0.266, -1.09632965930428E-5
-0.263, -1.09331916447769E-5
-0.26, -1.09032125925394E-5
-0.257, -1.08730844866736E-5
-0.254, -1.08420476532404E-5
-0.251, -1.08090267408174E-5
-0.248, -1.07771460545535E-5
-0.245, -1.07402749891777E-5
-0.242, -1.07063109765246E-5
-0.239, -1.06671045815327E-5
-0.236, -1.06302755473532E-5
-0.233, -1.05897167721075E-5
-0.23, -1.05503329278046E-5
-0.227, -1.05084071660308E-5
-0.224, -1.04655579191186E-5
-0.221, -1.04204519553438E-5
-0.218, -1.03719904588729E-5
-0.215, -1.03257592509145E-5
-0.212, -1.02736537681772E-5
-0.209, -1.02223182253786E-5
-0.206, -1.01716595079435E-5
-0.203, -1.0115172021257E-5
-0.2, -1.00568830669785E-5
-0.197, -9.99775553229281E-6
-0.194, -9.93702171893592E-6
-0.191, -9.87428839375434E-6
-0.188, -9.80883623352525E-6
-0.185, -9.74260277273158E-6
-0.182, -9.67613066874634E-6
-0.179, -9.60451876687949E-6
-0.176, -9.52521194338026E-6
-0.173, -9.45022286463198E-6
-0.17, -9.37288731298847E-6
-0.167, -9.2920203350856E-6
-0.164, -9.20829831340377E-6
-0.161, -9.11783007338524E-6
-0.158, -9.02876988801111E-6
-0.155, -8.93264212781806E-6
-0.152, -8.84129207790078E-6
-0.149, -8.74165640842695E-6
-0.146, -8.63959441063081E-6
-0.143, -8.53691528611194E-6
-0.14, -8.4294709043731E-6
-0.137, -8.31914797328859E-6
-0.134, -8.20836464929971E-6
-0.131, -8.08892132676045E-6
-0.128, -7.97464123670155E-6
-0.125, -7.8521192718108E-6
-0.122, -7.72681947631967E-6
-0.119, -7.60141600977708E-6
-0.116, -7.46860629550121E-6
-0.113, -7.33494374431352E-6
-0.11, -7.19833815561451E-6
-0.107, -7.05816019982262E-6
-0.104, -6.91678978815397E-6
-0.101, -6.77095347940917E-6
-0.098, -6.62439044858544E-6
-0.095, -6.47355717086801E-6
-0.092, -6.31952444590824E-6
-0.0890000000000001, -6.16143635826396E-6
-0.0860000000000001, -5.99698318876337E-6
-0.0830000000000001, -5.83514823847713E-6
-0.08, -5.67187992992539E-6
-0.0770000000000001, -5.50638644803031E-6
-0.0740000000000001, -5.33354426327486E-6
-0.0710000000000001, -5.15608187505684E-6
-0.0680000000000001, -4.97841583808112E-6
-0.065, -4.80236740726061E-6
-0.062, -4.62024560427587E-6
-0.059, -4.43716954323773E-6
-0.056, -4.2494267483353E-6
-0.053, -4.06110507754069E-6
-0.05, -3.86664545518237E-6
-0.047, -3.66976679827372E-6
-0.044, -3.47463021907026E-6
-0.041, -3.27504507296385E-6
-0.0380000000000001, -3.07305915478011E-6
-0.0350000000000001, -2.86653053329891E-6
-0.0320000000000001, -2.6585889882016E-6
-0.0290000000000001, -2.44780465250401E-6
-0.0260000000000001, -2.23172019176995E-6
-0.0230000000000001, -2.01383512234197E-6
-0.0200000000000001, -1.7942932029749E-6
-0.0170000000000001, -1.56779796485247E-6
-0.0140000000000001, -1.33976884957871E-6
-0.0110000000000001, -1.10647612168888E-6
-0.00800000000000005, -8.67851597521626E-7
-0.00500000000000005, -6.28798412260498E-7
-0.00200000000000004, -3.79215949949081E-7
0.000999999999999959, -1.29154153302218E-7
0.00399999999999996, 1.27094497382741E-7
0.00699999999999996, 3.83107500773764E-7
0.00999999999999997, 6.35963893996434E-7
0.013, 8.84295515513469E-7
0.016, 1.12866844454984E-6
0.019, 1.36788157051532E-6
0.022, 1.60814519979353E-6
0.0249999999999999, 1.84576410531237E-6
0.0279999999999999, 2.07468869648021E-6
0.0309999999999999, 2.29833791108965E-6
0.0339999999999999, 2.52105279184103E-6
0.0369999999999999, 2.73972979622969E-6
0.0399999999999999, 2.95483854257758E-6
0.0429999999999999, 3.1659768358815E-6
0.0459999999999999, 3.37593668346911E-6
0.0489999999999999, 3.58068481818286E-6
0.0519999999999999, 3.78429356858938E-6
0.0549999999999999, 3.98467241326287E-6
0.0579999999999999, 4.17661169204578E-6
0.061, 4.36963531456928E-6
0.064, 4.56236773505389E-6
0.067, 4.7498484987276E-6
0.07, 4.93253242611841E-6
0.073, 5.11200899011083E-6
0.076, 5.29045980729921E-6
0.079, 5.46445864907345E-6
0.082, 5.6390913580005E-6
0.085, 5.80736404400455E-6
0.0879999999999999, 5.97355701821498E-6
0.0909999999999999, 6.13718235164998E-6
0.0939999999999999, 6.29490052831759E-6
0.0969999999999999, 6.452511115747E-6
0.0999999999999999, 6.60733849029764E-6
0.103, 6.75994105573649E-6
0.106, 6.90593624481306E-6
0.109, 7.05051390874547E-6
0.112, 7.19312576862486E-6
0.115, 7.33025287112968E-6
0.118, 7.4681536770529E-6
0.121, 7.60037238695874E-6
0.124, 7.72964962349967E-6
0.127, 7.8552288876362E-6
0.13, 7.97877284503416E-6
0.133, 8.09929993756849E-6
0.136, 8.2156159429028E-6
0.139, 8.33087654220198E-6
0.142, 8.44350881621403E-6
0.145, 8.55143659373085E-6
0.148, 8.65527054519145E-6
0.151, 8.75791479826537E-6
0.154, 8.86002754848121E-6
0.157, 8.95727351823066E-6
0.16, 9.05328653791838E-6
0.163, 9.14258579223427E-6
0.166, 9.22918245142238E-6
0.169, 9.31739384650015E-6
0.172, 9.39998734129118E-6
0.175, 9.4826616325913E-6
0.178, 9.55819315529814E-6
0.181, 9.63710017294572E-6
0.184, 9.70865378653179E-6
0.187, 9.77982674191128E-6
0.19, 9.84538975479193E-6
0.193, 9.91363388816421E-6
0.196, 9.97985249137292E-6
0.199, 1.00422550727595E-5
0.202, 1.01026891424358E-5
0.205, 1.01592227096368E-5
0.208, 1.02135478129598E-5
0.211, 1.02703255024972E-5
0.214, 1.03259342249504E-5
0.217, 1.03753052505784E-5
0.22, 1.04220066009507E-5
0.223, 1.04713697094144E-5
0.226, 1.05155287160587E-5
0.229, 1.05620213412027E-5
0.232, 1.06026364461652E-5
0.235, 1.06464848275875E-5
0.238, 1.0685944164169E-5
0.241, 1.07235259316345E-5
0.244, 1.07620521028213E-5
0.247, 1.07968690948757E-5
0.25, 1.0835266307301E-5
0.253, 1.08695115997671E-5
0.256, 1.09016566969478E-5
0.259, 1.09334649062746E-5
0.262, 1.09637188217254E-5
0.265, 1.09969539023893E-5
0.268, 1.1025012127811E-5
0.271, 1.10530601172583E-5
0.274, 1.10832321276571E-5
0.277, 1.11095135658231E-5
0.28, 1.11377064546369E-5
0.283, 1.11617401160704E-5
0.286, 1.11892381733284E-5
0.289, 1.12127904578287E-5
0.292, 1.12371751202035E-5
0.295, 1.12585961401484E-5
0.298, 1.12841274050667E-5
0.301, 1.13057868384669E-5
0.304, 1.13299245363277E-5
0.307, 1.1351681346503E-5
0.31, 1.13724615454632E-5
0.313, 1.13914695009013E-5
0.316, 1.14152153715364E-5
0.319, 1.14322197340383E-5
0.322, 1.14532155595776E-5
0.325, 1.14721408560523E-5
0.328, 1.14945322386253E-5
0.331, 1.15108970616703E-5
0.334, 1.15293047362858E-5
0.337, 1.15479433973042E-5
0.34, 1.15640664615391E-5
0.343, 1.15805470286705E-5
0.346, 1.160012917188E-5
0.349, 1.16154754309035E-5
0.352, 1.16313878264963E-5
0.355, 1.16459100790559E-5
0.358, 1.16632405345704E-5
0.361, 1.16792879974405E-5
0.364, 1.16961087721505E-5
0.367, 1.17110423016288E-5
0.37, 1.17254022763554E-5
0.373, 1.17405352788599E-5
0.376, 1.17562916370201E-5
0.379, 1.17681795866521E-5
0.382, 1.17844593519174E-5
0.385, 1.17990764760715E-5
0.388, 1.18100102176113E-5
0.391, 1.18246725263412E-5
0.394, 1.18390277049867E-5
0.397, 1.18516117515255E-5
0.4, 1.18645589724896E-5
0.403, 1.18776502381259E-5
0.406, 1.18913755722311E-5
0.409, 1.19048524618903E-5

0.439348459266255, 1.20321999018746E-5

-0.332, -1.14534030967603E-5
-0.329, -1.14360016815793E-5
-0.326, -1.14209642346321E-5
-0.323, -1.14025603895734E-5
-0.32, -1.1380520168484E-5
-0.317, -1.13626672392038E-5
-0.314, -1.13427193701812E-5
-0.311, -1.13253662778767E-5
-0.308, -1.13019640472495E-5
-0.305, -1.1282583012895E-5
-0.302, -1.12602607952106E-5
-0.299, -1.1239801970121E-5
-0.296, -1.12159299042482E-5
-0.293, -1.11931850355695E-5
-0.29, -1.11714408252266E-5
-0.287, -1.11457608493219E-5
-0.284, -1.11232577090285E-5
-0.281, -1.10960746693957E-5
-0.278, -1.10739276474827E-5
-0.275, -1.10455785565977E-5
-0.272, -1.10207558728925E-5
-0.269, -1.0990922197806E-5
-0.266, -1.0961476832448E-5
-0.263, -1.09340878642495E-5
-0.26, -1.09027964889102E-5
-0.257, -1.08747414811291E-5
-0.254, -1.08406144884348E-5
-0.251, -1.0808798501911E-5
-0.248, -1.07792559795501E-5
-0.245, -1.07392700086826E-5
-0.242, -1.07024503711532E-5
-0.239, -1.06694467491732E-5
-0.236, -1.06296516425038E-5
-0.233, -1.05919805185404E-5
-0.23, -1.05516762910283E-5
-0.227, -1.05077679006382E-5
-0.224, -1.04628588647824E-5
-0.221, -1.04182819695947E-5
-0.218, -1.03743737054231E-5
-0.215, -1.03263095470945E-5
-0.212, -1.02761705123843E-5
-0.209, -1.02253030504637E-5
-0.206, -1.01693423684859E-5
-0.203, -1.01156130140694E-5
-0.2, -1.00586907655415E-5
-0.197, -9.99996538640106E-6
-0.194, -9.94050273499081E-6
-0.191, -9.87650676222416E-6
-0.188, -9.81083806266925E-6
-0.185, -9.74264041321833E-6
-0.182, -9.67430058037625E-6
-0.179, -9.60179663465899E-6
-0.176, -9.52826194926902E-6
-0.173, -9.45013646346345E-6
-0.17, -9.37014634380432E-6
-0.167, -9.28847783196882E-6
-0.164, -9.20460301680749E-6
-0.161, -9.1188901742452E-6
-0.158, -9.02574542871474E-6
-0.155, -8.93272211780613E-6
-0.152, -8.84042566403132E-6
-0.149, -8.73927789145012E-6
-0.146, -8.63925398080506E-6
-0.143, -8.5362536905925E-6
-0.14, -8.42939353966442E-6
-0.137, -8.31915799679476E-6
-0.134, -8.20631885073177E-6
-0.131, -8.09319678937322E-6
-0.128, -7.97518516832576E-6
-0.125, -7.85301845291673E-6
-0.122, -7.72522890986202E-6
-0.119, -7.59761509968017E-6
-0.116, -7.46679767707636E-6
-0.113, -7.33434282388275E-6
-0.11, -7.19824238190965E-6
-0.107, -7.06010469395023E-6
-0.104, -6.91833039975485E-6
-0.101, -6.77031917496334E-6
-0.098, -6.62470259985005E-6
-0.095, -6.47082417805182E-6
-0.0920000000000001, -6.31391292559306E-6
-0.0890000000000001, -6.15771435176471E-6
-0.0860000000000001, -6.0029020667557E-6
-0.0830000000000001, -5.83930114504162E-6
-0.08, -5.67142909158318E-6
-0.0770000000000001, -5.50143206448023E-6
-0.0740000000000001, -5.330749901325E-6
-0.0710000000000001, -5.15653209305882E-6
-0.0680000000000001, -4.98041967246209E-6
-0.065, -4.80479071991485E-6
-0.062, -4.62149635659084E-6
-0.059, -4.43557939687985E-6
-0.056, -4.2493414398804E-6
-0.053, -4.05821744288773E-6
-0.05, -3.86845297828819E-6
-0.047, -3.67102521062588E-6
-0.044, -3.4734899809346E-6
-0.0410000000000001, -3.27105981063236E-6
-0.0380000000000001, -3.07098146835274E-6
-0.0350000000000001, -2.86651159227767E-6
-0.0320000000000001, -2.65850452870595E-6
-0.0290000000000001, -2.44661593158166E-6
-0.0260000000000001, -2.23167690961922E-6
-0.0230000000000001, -2.01660741091172E-6
-0.0200000000000001, -1.79322771937987E-6
-0.0170000000000001, -1.56820615309048E-6
-0.0140000000000001, -1.33847307438032E-6
-0.0110000000000001, -1.10609285054937E-6
-0.00800000000000005, -8.70805224186145E-7
-0.00500000000000005, -6.27489691125093E-7
-0.00200000000000004, -3.81408162524011E-7
0.000999999999999959, -1.28171531475205E-7
0.00399999999999996, 1.28667677336842E-7
0.00699999999999996, 3.83779539431751E-7
0.00999999999999997, 6.34621599864059E-7
0.013, 8.85283344156671E-7
0.016, 1.1288268073827E-6
0.019, 1.37260296711487E-6
0.0219999999999999, 1.60953927112681E-6
0.0249999999999999, 1.84258039807484E-6
0.0279999999999999, 2.07142124911064E-6
0.0309999999999999, 2.29895641276231E-6
0.0339999999999999, 2.52054013470168E-6
0.0369999999999999, 2.73823927212767E-6
0.0399999999999999, 2.95659535644306E-6
0.0429999999999999, 3.16801740011026E-6
0.0459999999999999, 3.37452337837863E-6
0.0489999999999999, 3.58171101273374E-6
0.0519999999999999, 3.7837573432624E-6
0.0549999999999999, 3.98373004968198E-6
0.0579999999999999, 4.17807459866974E-6
0.061, 4.37063466477452E-6
0.064, 4.56034905699295E-6
0.067, 4.74783990138632E-6
0.07, 4.93366902657038E-6
0.073, 5.1122635069759E-6
0.076, 5.29121396264175E-6
0.079, 5.4666918145437E-6
0.082, 5.63694141399288E-6
0.0849999999999999, 5.80630767037969E-6
0.0879999999999999, 5.97430501599568E-6
0.0909999999999999, 6.13835029397827E-6
0.0939999999999999, 6.29864581082608E-6
0.0969999999999999, 6.45358754871607E-6
0.0999999999999999, 6.60856646668951E-6
0.103, 6.75762613304191E-6
0.106, 6.90704307413561E-6
0.109, 7.05088354923849E-6
0.112, 7.19360015015979E-6
0.115, 7.33266722427128E-6
0.118, 7.46675771187796E-6
0.121, 7.59953350405454E-6
0.124, 7.72822963335801E-6
0.127, 7.85715057741536E-6
0.13, 7.98033763332056E-6
0.133, 8.09891567134277E-6
0.136, 8.21717281590318E-6
0.139, 8.33186831218829E-6
0.142, 8.44313179804268E-6
0.145, 8.55146005235E-6
0.148, 8.6588274236266E-6
0.151, 8.76311459228852E-6
0.154, 8.85943214914553E-6
0.157, 8.95863590589528E-6
0.16, 9.05217536371862E-6
0.163, 9.14310011249689E-6
0.166, 9.23069594467502E-6
0.169, 9.31731902484609E-6
0.172, 9.39981046682655E-6
0.175, 9.48208670724916E-6
0.178, 9.55767228790395E-6
0.181, 9.63400257343825E-6
0.184, 9.70648801867809E-6
0.187, 9.78010741760613E-6
0.19, 9.84718370445412E-6
0.193, 9.9140657363946E-6
0.196, 9.97625448786288E-6
0.199, 1.00401559018448E-5
0.202, 1.01010773652479E-5
0.205, 1.01592988559014E-5
0.208, 1.02170335748954E-5
0.211, 1.02710997112538E-5
0.214, 1.03217796458618E-5
0.217, 1.03745905630314E-5
0.22, 1.04217965751479E-5
0.223, 1.04725515809181E-5
0.226, 1.05182525400147E-5
0.229, 1.05607173063576E-5
0.232, 1.06044485695216E-5
0.235, 1.06454024177748E-5
0.238, 1.06847422906492E-5
0.241, 1.07246641303559E-5
0.244, 1.07631019670547E-5
0.247, 1.07983638570719E-5
0.25, 1.08315007013535E-5
0.253, 1.08685940872793E-5
0.256, 1.09015447103382E-5
0.259, 1.09346161318377E-5
0.262, 1.09674432752569E-5
0.265, 1.09963622023698E-5
0.268, 1.10265617001418E-5
0.271, 1.10548272961842E-5
0.274, 1.10815344598561E-5
0.277, 1.11091391590938E-5
0.28, 1.11368434042713E-5
0.283, 1.11626037413223E-5
0.286, 1.11869783807871E-5
0.289, 1.12118878756815E-5
0.292, 1.12360798771176E-5
0.295, 1.12611333390813E-5
0.298, 1.12843007274827E-5
0.301, 1.13054761525203E-5
0.304, 1.13300003281849E-5
0.307, 1.13531845908007E-5
0.31, 1.13716972083794E-5
0.313, 1.13897886459926E-5
0.316, 1.14148188393085E-5
0.319, 1.1434724962666E-5
0.322, 1.14543912594655E-5
0.325, 1.14727505253293E-5
0.328, 1.14920128697782E-5
0.331, 1.15106084645438E-5
0.334, 1.15291802862857E-5
0.337, 1.15476004302057E-5
0.34, 1.15661221563997E-5
0.343, 1.15809602881158E-5
0.346, 1.15971361747569E-5
0.349, 1.16134826585928E-5
0.352, 1.16294212077912E-5
0.355, 1.16480514154579E-5
0.358, 1.16657852667714E-5
0.361, 1.16821566848872E-5
0.364, 1.16942151986413E-5
0.367, 1.17097688736151E-5
0.37, 1.17244481976339E-5
0.373, 1.17407530622076E-5
0.376, 1.17541331119854E-5
0.379, 1.17706224670576E-5
0.382, 1.17830147783606E-5
0.385, 1.1796529612818E-5
0.388, 1.18108592240194E-5
0.391, 1.18257697484624E-5
0.394, 1.18389830576311E-5
0.397, 1.18510713761708E-5
0.4, 1.186439092828E-5
0.403, 1.18753844164276E-5
0.406, 1.18902542297403E-5
0.409, 1.19046438888322E-5
0.412, 1.19161829983051E-5

0.439353370468106, 1.20307059684705E-5

-0.335, -1.14748253830362E-5
-0.332, -1.14555190665274E-5
-0.329, -1.14383412655387E-5
-0.326, -1.14198952340325E-5
-0.323, -1.14046000820215E-5
-0.32, -1.13819506210229E-5
-0.317, -1.13658819025732E-5
-0.314, -1.13434791809407E-5
-0.311, -1.13230525212752E-5
-0.308, -1.13033479123995E-5
-0.305, -1.12816830637327E-5
-0.302, -1.12627128409351E-5
-0.299, -1.12411560368687E-5
-0.296, -1.12163562310362E-5
-0.293, -1.11948886675333E-5
-0.29, -1.11712726818755E-5
-0.287, -1.11497865246123E-5
-0.284, -1.11234930368499E-5
-0.281, -1.10979996215691E-5
-0.278, -1.10715471164077E-5
-0.275, -1.10452127773028E-5
-0.272, -1.10212353953131E-5
-0.269, -1.09938573234782E-5
-0.266, -1.09658966829866E-5
-0.263, -1.09357333675463E-5
-0.26, -1.09065115872507E-5
-0.257, -1.08755912639767E-5
-0.254, -1.08435547387453E-5
-0.251, -1.08116622655303E-5
-0.248, -1.07779710222821E-5
-0.245, -1.07427909171775E-5
-0.242, -1.07041775576397E-5
-0.239, -1.06702946822242E-5
-0.236, -1.06306533916399E-5
-0.233, -1.05901368146503E-5
-0.23, -1.05517889083043E-5
-0.227, -1.05097614115845E-5
-0.224, -1.04688168181766E-5
-0.221, -1.04204895268017E-5
-0.218, -1.03742010097238E-5
-0.215, -1.03277190082335E-5
-0.212, -1.02770386951354E-5
-0.209, -1.02257509504854E-5
-0.206, -1.01722758313046E-5
-0.203, -1.01169594573601E-5
-0.2, -1.00592394921917E-5
-0.197, -9.99981407555162E-6
-0.194, -9.93984546404524E-6
-0.191, -9.87642817999852E-6
-0.188, -9.81051749817488E-6
-0.185, -9.74582288719451E-6
-0.182, -9.67340542504076E-6
-0.179, -9.60330376307966E-6
-0.176, -9.52978955004522E-6
-0.173, -9.44835138488138E-6
-0.17, -9.37329339204817E-6
-0.167, -9.29048755470555E-6
-0.164, -9.20567102333288E-6
-0.161, -9.11881510626195E-6
-0.158, -9.02861584037515E-6
-0.155, -8.93560777213901E-6
-0.152, -8.84247037410713E-6
-0.149, -8.74328962624776E-6
-0.146, -8.64227441201462E-6
-0.143, -8.53545031199796E-6
-0.14, -8.4339058197307E-6
-0.137, -8.31977994601721E-6
-0.134, -8.21106097097536E-6
-0.131, -8.0916542693328E-6
-0.128, -7.97358825600481E-6
-0.125, -7.85276954404969E-6
-0.122, -7.72827884753565E-6
-0.119, -7.60135989243986E-6
-0.116, -7.47183113380665E-6
-0.113, -7.33562311710218E-6
-0.11, -7.19780620389407E-6
-0.107, -7.05995558955894E-6
-0.104, -6.91763349763066E-6
-0.101, -6.77279455402237E-6
-0.098, -6.62363052444269E-6
-0.095, -6.47578909027074E-6
-0.092, -6.31823595703022E-6
-0.0890000000000001, -6.16229642710875E-6
-0.0860000000000001, -5.99933579970507E-6
-0.083, -5.83983582130576E-6
-0.08, -5.67152373922032E-6
-0.077, -5.50585226971341E-6
-0.0740000000000001, -5.33152677744296E-6
-0.071, -5.15778667632303E-6
-0.068, -4.98101205959123E-6
-0.065, -4.80599594663028E-6
-0.062, -4.620292207877E-6
-0.059, -4.43586149930071E-6
-0.056, -4.2488776769479E-6
-0.053, -4.06102361323447E-6
-0.05, -3.86888351252758E-6
-0.047, -3.67147831799785E-6
-0.0440000000000001, -3.47476938280115E-6
-0.0410000000000001, -3.27477786489252E-6
-0.0380000000000001, -3.07160685561209E-6
-0.0350000000000001, -2.86524392202503E-6
-0.0320000000000001, -2.65908816732258E-6
-0.0290000000000001, -2.44818572213832E-6
-0.026, -2.23423029098369E-6
-0.023, -2.01747735647894E-6
-0.02, -1.79151318599417E-6
-0.017, -1.56922227281559E-6
-0.014, -1.34067523413814E-6
-0.011, -1.10469976785766E-6
-0.00800000000000003, -8.70055334819589E-7
-0.00500000000000003, -6.30356588996202E-7
-0.00200000000000003, -3.83162501281824E-7
0.000999999999999973, -1.30133594761499E-7
0.00399999999999998, 1.31708463225465E-7
0.00699999999999998, 3.85655518724013E-7
0.00999999999999998, 6.3577535737805E-7
0.013, 8.84868304458819E-7
0.016, 1.13073199344875E-6
0.0189999999999999, 1.37221847334021E-6
0.0219999999999999, 1.60917267036335E-6
0.0249999999999999, 1.8426019542943E-6
0.0279999999999999, 2.06924124818096E-6
0.0309999999999999, 2.30050375943263E-6
0.0339999999999999, 2.5194323951211E-6
0.0369999999999999, 2.73898410088942E-6
0.04, 2.95765387877018E-6
0.043, 3.1671260091417E-6
0.046, 3.37345110177533E-6
0.049, 3.58062468170444E-6
0.052, 3.78177250798241E-6
0.055, 3.9805770694726E-6
0.058, 4.1789428159066E-6
0.061, 4.37094292063228E-6
0.064, 4.56108051114755E-6
0.067, 4.74952581420588E-6
0.07, 4.93053415871088E-6
0.073, 5.11190736343691E-6
0.076, 5.29231289732502E-6
0.079, 5.46338157276821E-6
0.0819999999999999, 5.63965764887202E-6
0.0849999999999999, 5.80564791236137E-6
0.0879999999999999, 5.97167087705404E-6
0.0909999999999999, 6.1363954271988E-6
0.0939999999999999, 6.29565576303253E-6
0.0969999999999999, 6.45386612129516E-6
0.1, 6.60687588556409E-6
0.103, 6.75682147281606E-6
0.106, 6.90360786907698E-6
0.109, 7.04981993120432E-6
0.112, 7.19099546858706E-6
0.115, 7.33038056894263E-6
0.118, 7.46595152317366E-6
0.121, 7.59813602386365E-6
0.124, 7.72684466315295E-6
0.127, 7.856886540562E-6
0.13, 7.97699181001031E-6
0.133, 8.10014628083492E-6
0.136, 8.21580746294793E-6
0.139, 8.33141319796721E-6
0.142, 8.44134156939882E-6
0.145, 8.54965123297106E-6
0.148, 8.65853684318273E-6
0.151, 8.7574798952958E-6
0.154, 8.86020950134196E-6
0.157, 8.9579164094339E-6
0.16, 9.05037146180935E-6
0.163, 9.13976763029027E-6
0.166, 9.23137959134188E-6
0.169, 9.31673369323569E-6
0.172, 9.40098516228745E-6
0.175, 9.48086712506687E-6
0.178, 9.55819633111597E-6
0.181, 9.63553927190104E-6
0.184, 9.70948741660051E-6
0.187, 9.77863536634272E-6
0.19, 9.84848553467808E-6
0.193, 9.91467930334413E-6
0.196, 9.97793287797391E-6
0.199, 1.00410967921649E-5
0.202, 1.01011760686724E-5
0.205, 1.01582588645991E-5
0.208, 1.02159382823487E-5
0.211, 1.02687526742689E-5
0.214, 1.03228444193853E-5
0.217, 1.03744989909475E-5
0.22, 1.04223919824633E-5
0.223, 1.04695404860181E-5
0.226, 1.05165015053782E-5
0.229, 1.0561788083055E-5
0.232, 1.06024035457964E-5
0.235, 1.06453646276255E-5
0.238, 1.06821852153434E-5
0.241, 1.07215528770224E-5
0.244, 1.07611490829621E-5
0.247, 1.07967301412168E-5
0.25, 1.08340536734082E-5
0.253, 1.08660273990628E-5
0.256, 1.08991213683497E-5
0.259, 1.09321353901068E-5
0.262, 1.09660739814941E-5
0.265, 1.09957018327494E-5
0.268, 1.10254684312481E-5
0.271, 1.10527604029043E-5
0.274, 1.108255825114E-5
0.277, 1.11064055417497E-5
0.28, 1.11372840099726E-5
0.283, 1.11617777110387E-5
0.286, 1.11892090150624E-5
0.289, 1.1212716452342E-5
0.292, 1.12338387169921E-5
0.295, 1.12618476148995E-5
0.298, 1.12860456556209E-5
0.301, 1.13072307269906E-5
0.304, 1.13310465253291E-5
0.307, 1.13509369532799E-5
0.31, 1.13716823978695E-5
0.313, 1.13913723398642E-5
0.316, 1.14120854902032E-5
0.319, 1.14336713620586E-5
0.322, 1.14543845333189E-5
0.325, 1.14746914777578E-5
0.328, 1.14927464571456E-5
0.331, 1.1508437266738E-5
0.334, 1.15284121918985E-5
0.337, 1.15459945430763E-5
0.34, 1.15652381056298E-5
0.343, 1.1580662201739E-5
0.346, 1.15992856142468E-5
0.349, 1.16125342471352E-5
0.352, 1.16311235770195E-5
0.355, 1.16470649998974E-5
0.358, 1.16631499617122E-5
0.361, 1.16808100381537E-5
0.364, 1.16953996792387E-5
0.367, 1.17080073115621E-5
0.37, 1.17231018963404E-5
0.373, 1.17386999347229E-5
0.376, 1.17531317859627E-5
0.379, 1.17694867630959E-5
0.382, 1.17841177515231E-5
0.385, 1.17975091104056E-5
0.388, 1.18113928248607E-5
0.391, 1.182362473667E-5
0.394, 1.18382450496708E-5
0.397, 1.18518110311308E-5
0.4, 1.18650048349999E-5
0.403, 1.18769990450021E-5
0.406, 1.18895055947328E-5
0.409, 1.19019306999888E-5
0.412, 1.1917606693632E-5
0.415, 1.19283140899404E-5

0.439349194704811, 1.20307619964681E-5

-0.338, -1.14930875936176E-5
-0.335, -1.14733472260567E-5
-0.332, -1.14587698957306E-5
-0.329, -1.14412842602956E-5
-0.326, -1.14231166141888E-5
-0.323, -1.14024348844322E-5
-0.32, -1.13856930765995E-5
-0.317, -1.13639930683727E-5
-0.314, -1.13472086477489E-5
-0.311, -1.13243636562433E-5
-0.308, -1.13033495240543E-5
-0.305, -1.12804023323229E-5
-0.302, -1.1263333540471E-5
-0.299, -1.12391677446033E-5
-0.296, -1.1216937206935E-5
-0.293, -1.11952028127415E-5
-0.29, -1.11736546610715E-5
-0.287, -1.11503567017193E-5
-0.284, -1.11225883775675E-5
-0.281, -1.1099449950027E-5
-0.278, -1.10716592661751E-5
-0.275, -1.10457314313923E-5
-0.272, -1.10199527976241E-5
-0.269, -1.09916520678511E-5
-0.266, -1.09647737737713E-5
-0.263, -1.09329742076501E-5
-0.26, -1.09070038690065E-5
-0.257, -1.08731824471027E-5
-0.254, -1.08426331364152E-5
-0.251, -1.08122712326217E-5
-0.248, -1.07762597446435E-5
-0.245, -1.07398481878556E-5
-0.242, -1.07067758885414E-5
-0.239, -1.06704312485117E-5
-0.236, -1.06332611489598E-5
-0.233, -1.05945209297211E-5
-0.23, -1.05531669625306E-5
-0.227, -1.05100018221875E-5
-0.224, -1.04661248268799E-5
-0.221, -1.04221802919392E-5
-0.218, -1.03744405668264E-5
-0.215, -1.03280514805273E-5
-0.212, -1.02781371285207E-5
-0.209, -1.02276769794151E-5
-0.206, -1.01742725072312E-5
-0.203, -1.01171404262153E-5
-0.2, -1.00607819384836E-5
-0.197, -1.00019334810509E-5
-0.194, -9.93986120974595E-6
-0.191, -9.88029013437642E-6
-0.188, -9.81202152154851E-6
-0.185, -9.74494505260952E-6
-0.182, -9.67506549221702E-6
-0.179, -9.60354364273003E-6
-0.176, -9.52808928194461E-6
-0.173, -9.4515971252537E-6
-0.17, -9.37083362892014E-6
-0.167, -9.28965747933186E-6
-0.164, -9.20639103194971E-6
-0.161, -9.12020765279223E-6
-0.158, -9.03045650928618E-6
-0.155, -8.93842167465833E-6
-0.152, -8.84107709621558E-6
-0.149, -8.74268790242584E-6
-0.146, -8.64318312916689E-6
-0.143, -8.53916091064417E-6
-0.14, -8.428953227301E-6
-0.137, -8.32204943602017E-6
-0.134, -8.20837170667283E-6
-0.131, -8.09446034973401E-6
-0.128, -7.97437133613617E-6
-0.125, -7.85454616325526E-6
-0.122, -7.73033244814964E-6
-0.119, -7.60405594044224E-6
-0.116, -7.46987067620671E-6
-0.113, -7.3355801316719E-6
-0.11, -7.19914152184547E-6
-0.107, -7.06038732578374E-6
-0.104, -6.91928712327091E-6
-0.101, -6.775604679298E-6
-0.0980000000000001, -6.62427229902733E-6
-0.095, -6.47238141516572E-6
-0.092, -6.32066295886218E-6
-0.0890000000000001, -6.1626280708555E-6
-0.0860000000000001, -6.00356128730437E-6
-0.083, -5.83696050224258E-6
-0.08, -5.67213193281343E-6
-0.077, -5.50651781160075E-6
-0.0740000000000001, -5.33231489483997E-6
-0.071, -5.16249993184075E-6
-0.068, -4.98419711049704E-6
-0.065, -4.80266069791745E-6
-0.062, -4.62228113611941E-6
-0.059, -4.43726920143867E-6
-0.056, -4.25141918869362E-6
-0.053, -4.06078135234958E-6
-0.05, -3.86705469439056E-6
-0.0470000000000001, -3.67175045730232E-6
-0.0440000000000001, -3.47634489544098E-6
-0.0410000000000001, -3.27775339450942E-6
-0.0380000000000001, -3.0696866764283E-6
-0.0350000000000001, -2.8661558994598E-6
-0.0320000000000001, -2.66087656519427E-6
-0.0290000000000001, -2.44725794468898E-6
-0.026, -2.23635416052638E-6
-0.023, -2.01658880855425E-6
-0.02, -1.79506719091056E-6
-0.017, -1.56942287679924E-6
-0.014, -1.33841328174407E-6
-0.011, -1.1088895626497E-6
-0.00800000000000003, -8.71915265372082E-7
-0.00500000000000003, -6.29271728236375E-7
-0.00200000000000003, -3.82409000686448E-7
0.000999999999999973, -1.28634165504362E-7
0.00399999999999998, 1.27489905272499E-7
0.00699999999999998, 3.84213627016709E-7
0.00999999999999998, 6.35516476072279E-7
0.013, 8.83947200655477E-7
0.0159999999999999, 1.12852852208214E-6
0.0189999999999999, 1.37330493310771E-6
0.0219999999999999, 1.61179786073162E-6
0.0249999999999999, 1.84040951935345E-6
0.0279999999999999, 2.07139946276491E-6
0.0309999999999999, 2.29816004555266E-6
0.0339999999999999, 2.52201480527003E-6
0.0369999999999999, 2.74001439394184E-6
0.04, 2.95350269939614E-6
0.043, 3.16622120265209E-6
0.046, 3.37539882488484E-6
0.049, 3.58148511750967E-6
0.052, 3.78344118093853E-6
0.055, 3.98279450579322E-6
0.058, 4.17872120230735E-6
0.061, 4.36950467147221E-6
0.064, 4.55965657323627E-6
0.067, 4.74894049330902E-6
0.07, 4.93369486332574E-6
0.073, 5.11147315640111E-6
0.076, 5.29344344889139E-6
0.0789999999999999, 5.46586094079153E-6
0.0819999999999999, 5.63973046385311E-6
0.0849999999999999, 5.80715374292048E-6
0.0879999999999999, 5.97418329703519E-6
0.0909999999999999, 6.13725939796337E-6
0.0939999999999999, 6.2966628678427E-6
0.0969999999999999, 6.452259890277E-6
0.1, 6.606798832688E-6
0.103, 6.7580273141055E-6
0.106, 6.90596948543397E-6
0.109, 7.05142009597384E-6
0.112, 7.19330440666354E-6
0.115, 7.32967431615335E-6
0.118, 7.46630105462037E-6
0.121, 7.59897836821418E-6
0.124, 7.72998771675508E-6
0.127, 7.85496182628783E-6
0.13, 7.98071984347997E-6
0.133, 8.10006949455614E-6
0.136, 8.21806764400318E-6
0.139, 8.32906380682166E-6
0.142, 8.44032655413759E-6
0.145, 8.55162902301048E-6
0.148, 8.65579993215187E-6
0.151, 8.75874575933373E-6
0.154, 8.85795350479425E-6
0.157, 8.95494828282015E-6
0.16, 9.05011796929235E-6
0.163, 9.14261108342318E-6
0.166, 9.23132255854711E-6
0.169, 9.31565249305563E-6
0.172, 9.40010804271876E-6
0.175, 9.47976327652426E-6
0.178, 9.55822813466455E-6
0.181, 9.63465597174751E-6
0.184, 9.70894831859195E-6
0.187, 9.7792214693074E-6
0.19, 9.84800054768634E-6
0.193, 9.91298887872287E-6
0.196, 9.97875700110677E-6
0.199, 1.0039082269091E-5
0.202, 1.00978373872069E-5
0.205, 1.01585284849439E-5
0.208, 1.0212681614301E-5
0.211, 1.02690208291387E-5
0.214, 1.03195767784098E-5
0.217, 1.03686683402828E-5
0.22, 1.04206972747711E-5
0.223, 1.04701903927811E-5
0.226, 1.05159655228498E-5
0.229, 1.05595035518244E-5
0.232, 1.06049514308056E-5
0.235, 1.06433273885356E-5
0.238, 1.06841136701569E-5
0.241, 1.07220166301526E-5
0.244, 1.07609276276679E-5
0.247, 1.07966857314704E-5
0.25, 1.08343676108451E-5
0.253, 1.08646640546697E-5
0.256, 1.0899893464376E-5
0.259, 1.09339014105976E-5
0.262, 1.09643663528831E-5
0.265, 1.09931307958376E-5
0.268, 1.10241363528111E-5
0.271, 1.1055167390282E-5
0.274, 1.1081641400499E-5
0.277, 1.11058822692632E-5
0.28, 1.11360081175213E-5
0.283, 1.11612030270567E-5
0.286, 1.11852992491863E-5
0.289, 1.12109059839269E-5
0.292, 1.12363706828391E-5
0.295, 1.12612608673616E-5
0.298, 1.12824701351996E-5
0.301, 1.13067804856479E-5
0.304, 1.13285208598106E-5
0.307, 1.13504346929783E-5
0.31, 1.13689933044164E-5
0.313, 1.13930806901128E-5
0.316, 1.14124721045774E-5
0.319, 1.14362058595937E-5
0.322, 1.14540777131847E-5
0.325, 1.14742627132879E-5
0.328, 1.14911981075198E-5
0.331, 1.15075638630834E-5
0.334, 1.15267140176709E-5
0.337, 1.15464809225396E-5
0.34, 1.15647129682067E-5
0.343, 1.15804903604053E-5
0.346, 1.15975225983185E-5
0.349, 1.1614131926602E-5
0.352, 1.16300393352879E-5
0.355, 1.16468789413456E-5
0.358, 1.16625969379379E-5
0.361, 1.16789283339341E-5
0.364, 1.16951408315361E-5
0.367, 1.17077258324056E-5
0.37, 1.17254892050107E-5
0.373, 1.17394603271583E-5
0.376, 1.17549074805658E-5
0.379, 1.17672974661808E-5
0.382, 1.17817226662763E-5
0.385, 1.17941652828131E-5
0.388, 1.18102972648643E-5
0.391, 1.1826083216682E-5
0.394, 1.18371950597691E-5
0.397, 1.18511531581376E-5
0.4, 1.18667131257965E-5
0.403, 1.18764212034703E-5
0.406, 1.18906943360967E-5
0.409, 1.19041504518965E-5
0.412, 1.19191222374924E-5
0.415, 1.19276685088162E-5
0.418, 1.19407593602072E-5

0.439344731305726, 1.20332184764835E-5

-0.341, -1.15098418847392E-5
-0.338, -1.14928127403015E-5
-0.335, -1.14768398993621E-5
-0.332, -1.1459657234828E-5
-0.329, -1.14392443759081E-5
-0.326, -1.14201437390685E-5
-0.323, -1.14043091572137E-5
-0.32, -1.13842466029315E-5
-0.317, -1.13667906729763E-5
-0.314, -1.13456868978641E-5
-0.311, -1.13249594001819E-5
-0.308, -1.13034182170891E-5
-0.305, -1.12842948368936E-5
-0.302, -1.12641643322657E-5
-0.299, -1.12428673679947E-5
-0.296, -1.12177011924248E-5
-0.293, -1.11966766550617E-5
-0.29, -1.11720140820131E-5
-0.287, -1.11473733355751E-5
-0.284, -1.11251674038105E-5
-0.281, -1.11012208022476E-5
-0.278, -1.10743998576217E-5
-0.275, -1.10469151604915E-5
-0.272, -1.10194654182724E-5
-0.269, -1.09906041025883E-5
-0.266, -1.0964280372503E-5
-0.263, -1.09338328859149E-5
-0.26, -1.09059841625311E-5
-0.257, -1.08754977267872E-5
-0.254, -1.0842490975255E-5
-0.251, -1.08096058880656E-5
-0.248, -1.07771360945878E-5
-0.245, -1.07460684671826E-5
-0.242, -1.07085959498353E-5
-0.239, -1.0670414673022E-5
-0.236, -1.06342315712457E-5
-0.233, -1.0592080247744E-5
-0.23, -1.05518350606887E-5
-0.227, -1.05118534592569E-5
-0.224, -1.0468837478248E-5
-0.221, -1.04218009049187E-5
-0.218, -1.03741943700017E-5
-0.215, -1.03273427184888E-5
-0.212, -1.02769181759651E-5
-0.209, -1.02272546315701E-5
-0.206, -1.01749045861863E-5
-0.203, -1.01166684437142E-5
-0.2, -1.00615699839253E-5
-0.197, -9.99979693240614E-6
-0.194, -9.93981244568957E-6
-0.191, -9.87729488754602E-6
-0.188, -9.81380987467526E-6
-0.185, -9.74681287294981E-6
-0.182, -9.6758805522565E-6
-0.179, -9.60263030979541E-6
-0.176, -9.53137231829094E-6
-0.173, -9.45146337314399E-6
-0.17, -9.37648226832848E-6
-0.167, -9.29021716221525E-6
-0.164, -9.20617337365271E-6
-0.161, -9.11973452836215E-6
-0.158, -9.02968379511138E-6
-0.155, -8.93670504789707E-6
-0.152, -8.84017837254889E-6
-0.149, -8.74542832652244E-6
-0.146, -8.64216081643311E-6
-0.143, -8.53728928090868E-6
-0.14, -8.43168715313511E-6
-0.137, -8.32254733222354E-6
-0.134, -8.20867740179605E-6
-0.131, -8.09416757386005E-6
-0.128, -7.97430144489132E-6
-0.125, -7.85380258527032E-6
-0.122, -7.72826579769619E-6
-0.119, -7.5993970016607E-6
-0.116, -7.47020948999309E-6
-0.113, -7.33905283839815E-6
-0.11, -7.20169841918079E-6
-0.107, -7.06178073808945E-6
-0.104, -6.92077924415785E-6
-0.101, -6.77370191838769E-6
-0.0980000000000001, -6.62721111242502E-6
-0.095, -6.47539165780288E-6
-0.092, -6.319781576151E-6
-0.0890000000000001, -6.16091103788709E-6
-0.0860000000000001, -6.00052532905123E-6
-0.083, -5.83943807079807E-6
-0.08, -5.67179145788751E-6
-0.077, -5.50610711159146E-6
-0.0740000000000001, -5.33472452714374E-6
-0.071, -5.161357687425E-6
-0.068, -4.98475852557262E-6
-0.065, -4.80313887509215E-6
-0.062, -4.621265280668E-6
-0.059, -4.43584096100731E-6
-0.056, -4.25188493629103E-6
-0.053, -4.06171621957308E-6
-0.0500000000000001, -3.86908944093129E-6
-0.0470000000000001, -3.67280058635129E-6
-0.0440000000000001, -3.4732854959328E-6
-0.0410000000000001, -3.27612244955557E-6
-0.0380000000000001, -3.07294469936351E-6
-0.0350000000000001, -2.8678768464245E-6
-0.0320000000000001, -2.65688004667567E-6
-0.0290000000000001, -2.44843038629325E-6
-0.026, -2.23249912251651E-6
-0.023, -2.0127480031657E-6
-0.02, -1.79455875385574E-6
-0.017, -1.5680898327697E-6
-0.014, -1.34133307988534E-6
-0.011, -1.10522132600347E-6
-0.00800000000000003, -8.7029601441628E-7
-0.00500000000000003, -6.2561320355253E-7
-0.00200000000000003, -3.83763067065992E-7
0.000999999999999973, -1.29488192562807E-7
0.00399999999999998, 1.28651124595029E-7
0.00699999999999998, 3.85149287032609E-7
0.00999999999999998, 6.36573689309574E-7
0.0129999999999999, 8.84446015535135E-7
0.0159999999999999, 1.12861564571836E-6
0.0189999999999999, 1.37105247989411E-6
0.0219999999999999, 1.60905766520324E-6
0.0249999999999999, 1.84211493122242E-6
0.0279999999999999, 2.07282180581144E-6
0.0309999999999999, 2.29732798324352E-6
0.0339999999999999, 2.51946010232381E-6
0.0369999999999999, 2.73748321379023E-6
0.04, 2.95454834141124E-6
0.043, 3.16616255967475E-6
0.046, 3.37439498184557E-6
0.049, 3.58038491409563E-6
0.052, 3.78679176821144E-6
0.055, 3.98144578954414E-6
0.058, 4.17889146262309E-6
0.061, 4.37060120787224E-6
0.064, 4.56341731848625E-6
0.067, 4.74806621593961E-6
0.07, 4.93188321272112E-6
0.073, 5.11442343234599E-6
0.0759999999999999, 5.29227897194679E-6
0.0789999999999999, 5.46805623303418E-6
0.0819999999999999, 5.63724786795119E-6
0.0849999999999999, 5.80731436818039E-6
0.0879999999999999, 5.9762237031234E-6
0.0909999999999999, 6.13729528351389E-6
0.0939999999999999, 6.29633615107541E-6
0.0969999999999999, 6.45147866643818E-6
0.1, 6.60867856393197E-6
0.103, 6.75745395270056E-6
0.106, 6.9061383211777E-6
0.109, 7.05012323008705E-6
0.112, 7.1930931960953E-6
0.115, 7.32961748645649E-6
0.118, 7.46685391742595E-6
0.121, 7.59886348864248E-6
0.124, 7.72970802017376E-6
0.127, 7.85359741764183E-6
0.13, 7.97918668377568E-6
0.133, 8.09779852043374E-6
0.136, 8.21593031280972E-6
0.139, 8.33046899437069E-6
0.142, 8.4419134716541E-6
0.145, 8.55153144877648E-6
0.148, 8.65686522218855E-6
0.151, 8.75758084406927E-6
0.154, 8.85758154988475E-6
0.157, 8.95360280866861E-6
0.16, 9.05021251391518E-6
0.163, 9.14012724174296E-6
0.166, 9.22849708216782E-6
0.169, 9.3141177414153E-6
0.172, 9.3980878554249E-6
0.175, 9.4802339165309E-6
0.178, 9.55759737908567E-6
0.181, 9.63343045715416E-6
0.184, 9.7042421233274E-6
0.187, 9.77614187927378E-6
0.19, 9.84540428835147E-6
0.193, 9.91264944626535E-6
0.196, 9.97747874256584E-6
0.199, 1.0040368101024E-5
0.202, 1.01012072984489E-5
0.205, 1.0156697146629E-5
0.208, 1.02138554236849E-5
0.211, 1.02679572102454E-5
0.214, 1.03220959118899E-5
0.217, 1.03734764503137E-5
0.22, 1.04208952476425E-5
0.223, 1.04662975594984E-5
0.226, 1.05145183866014E-5
0.229, 1.05566887246979E-5
0.232, 1.06008931359242E-5
0.235, 1.06433898931236E-5
0.238, 1.06845616584644E-5
0.241, 1.07229570623663E-5
0.244, 1.07600207723591E-5
0.247, 1.07962010620331E-5
0.25, 1.08309866914543E-5
0.253, 1.08675984748509E-5
0.256, 1.08999034717783E-5
0.259, 1.09321475288345E-5
0.262, 1.09648470473704E-5
0.265, 1.09932596430359E-5
0.268, 1.10233871699166E-5
0.271, 1.10530170827907E-5
0.274, 1.10812899244484E-5
0.277, 1.11085075389511E-5
0.28, 1.11334971753751E-5
0.283, 1.11632896265399E-5
0.286, 1.11860812026187E-5
0.289, 1.1213741391363E-5
0.292, 1.12379307822893E-5
0.295, 1.1260496314675E-5
0.298, 1.12827582683926E-5
0.301, 1.13027848909254E-5
0.304, 1.13276062346312E-5
0.307, 1.13517448680001E-5
0.31, 1.13728215963273E-5
0.313, 1.13935375516918E-5
0.316, 1.14135735636685E-5
0.319, 1.14310157818341E-5
0.322, 1.14500583700141E-5
0.325, 1.14707507596351E-5
0.328, 1.14919961267369E-5
0.331, 1.15108442124314E-5
0.334, 1.15271250503097E-5
0.337, 1.15448850508705E-5
0.34, 1.15629163586144E-5
0.343, 1.15821852227493E-5
0.346, 1.15987226480603E-5
0.349, 1.16129376526042E-5
0.352, 1.16303045951703E-5
0.355, 1.1647077396304E-5
0.358, 1.16636857377083E-5
0.361, 1.16781464291473E-5
0.364, 1.16951739454141E-5
0.367, 1.17080578664173E-5
0.37, 1.17241074671692E-5
0.373, 1.17392195812521E-5
0.376, 1.17538572951144E-5
0.379, 1.17692370177413E-5
0.382, 1.17820876099646E-5
0.385, 1.1798511892795E-5
0.388, 1.18108519709169E-5
0.391, 1.18247517116125E-5
0.394, 1.1839526066751E-5
0.397, 1.18518921018383E-5
0.4, 1.18627154177515E-5
0.403, 1.18786911232279E-5
0.406, 1.18928576909829E-5
0.409, 1.19031638719894E-5
0.412, 1.19170006536391E-5
0.415, 1.19288624112712E-5
0.418, 1.19432803328625E-5
0.421, 1.1954508881069E-5

0.439339512611795, 1.20340481863873E-5

-0.344, -1.15286971270074E-5
-0.341, -1.15081375823444E-5
-0.338, -1.14945692982456E-5
-0.335, -1.14750371623204E-5
-0.332, -1.14607755606141E-5
-0.329, -1.14411688605633E-5
-0.326, -1.14232706344716E-5
-0.323, -1.14049947262119E-5
-0.32, -1.13845735861543E-5
-0.317, -1.13658857301773E-5
-0.314, -1.13468472723951E-5
-0.311, -1.13269683389868E-5
-0.308, -1.13061440026712E-5
-0.305, -1.12871556322648E-5
-0.302, -1.12661331230869E-5
-0.299, -1.12430477430401E-5
-0.296, -1.12194826807151E-5
-0.293, -1.11989051296618E-5
-0.29, -1.11728488407439E-5
-0.287, -1.11488324440526E-5
-0.284, -1.11255053881565E-5
-0.281, -1.11008094735792E-5
-0.278, -1.10748308364088E-5
-0.275, -1.10494322252176E-5
-0.272, -1.10221641360658E-5
-0.269, -1.09934741179465E-5
-0.266, -1.09670383914103E-5
-0.263, -1.09375782007405E-5
-0.26, -1.09078622516269E-5
-0.257, -1.08792205178186E-5
-0.254, -1.0845220124752E-5
-0.251, -1.0811956154211E-5
-0.248, -1.07783771636417E-5
-0.245, -1.07420356061726E-5
-0.242, -1.07084424679601E-5
-0.239, -1.06730265801075E-5
-0.236, -1.0635275786433E-5
-0.233, -1.05947423305161E-5
-0.23, -1.05549812896374E-5
-0.227, -1.05114339824025E-5
-0.224, -1.04693323447168E-5
-0.221, -1.04239468358147E-5
-0.218, -1.03760980633079E-5
-0.215, -1.03293554407893E-5
-0.212, -1.02777624666299E-5
-0.209, -1.02253916905054E-5
-0.206, -1.01725421748517E-5
-0.203, -1.01203614850481E-5
-0.2, -1.00631252844343E-5
-0.197, -1.00028443952687E-5
-0.194, -9.94117413264027E-6
-0.191, -9.87949066590224E-6
-0.188, -9.81447315898665E-6
-0.185, -9.74878693178881E-6
-0.182, -9.6762259056343E-6
-0.179, -9.6052461970378E-6
-0.176, -9.5311927418218E-6
-0.173, -9.45457945295859E-6
-0.17, -9.37354738879221E-6
-0.167, -9.29325307895975E-6
-0.164, -9.21018772462302E-6
-0.161, -9.1201327831154E-6
-0.158, -9.02957281937055E-6
-0.155, -8.94033417063627E-6
-0.152, -8.84463535509317E-6
-0.149, -8.74240395603719E-6
-0.146, -8.64478012086454E-6
-0.143, -8.53870331892961E-6
-0.14, -8.43425656295534E-6
-0.137, -8.32384819549179E-6
-0.134, -8.21038791279049E-6
-0.131, -8.09653966441236E-6
-0.128, -7.97676401212792E-6
-0.125, -7.85408502189229E-6
-0.122, -7.72894094875736E-6
-0.119, -7.60103713156574E-6
-0.116, -7.47298441335447E-6
-0.113, -7.33802241475606E-6
-0.11, -7.20401407012239E-6
-0.107, -7.06160989687759E-6
-0.104, -6.92028720936445E-6
-0.101, -6.77224374901271E-6
-0.0980000000000001, -6.62856988811241E-6
-0.095, -6.47124720160142E-6
-0.092, -6.32100114725954E-6
-0.0890000000000001, -6.16327687345993E-6
-0.0860000000000001, -6.00325155961064E-6
-0.083, -5.84083913154808E-6
-0.08, -5.67133197243977E-6
-0.077, -5.50238094452315E-6
-0.0740000000000001, -5.33259931652463E-6
-0.071, -5.16238457616139E-6
-0.068, -4.98288592187129E-6
-0.065, -4.80266089642562E-6
-0.062, -4.62057388906482E-6
-0.059, -4.43765074307293E-6
-0.056, -4.25018946564575E-6
-0.0530000000000001, -4.06063388188596E-6
-0.0500000000000001, -3.86760085365858E-6
-0.0470000000000001, -3.67022975844294E-6
-0.0440000000000001, -3.47584667757957E-6
-0.0410000000000001, -3.27513290051901E-6
-0.0380000000000001, -3.07244478283577E-6
-0.0350000000000001, -2.86872205364486E-6
-0.0320000000000001, -2.66219753398186E-6
-0.0290000000000001, -2.44911369265082E-6
-0.026, -2.2303239684259E-6
-0.023, -2.01333838367252E-6
-0.02, -1.79398423441524E-6
-0.017, -1.57016296668633E-6
-0.014, -1.33995500952065E-6
-0.011, -1.10824236368437E-6
-0.00800000000000003, -8.71150435504208E-7
-0.00500000000000003, -6.27671478948242E-7
-0.00200000000000003, -3.82009945993412E-7
0.000999999999999973, -1.28986958362731E-7
0.00399999999999998, 1.27166241376149E-7
0.00699999999999998, 3.84693264637498E-7
0.00999999999999992, 6.36673754137263E-7
0.0129999999999999, 8.86453806244799E-7
0.0159999999999999, 1.1278727288263E-6
0.0189999999999999, 1.3714761111812E-6
0.0219999999999999, 1.60898572226941E-6
0.0249999999999999, 1.84391225728191E-6
0.0279999999999999, 2.07129140524994E-6
0.0309999999999999, 2.30078873002134E-6
0.0339999999999999, 2.52080277196433E-6
0.0369999999999999, 2.73861171270757E-6
0.04, 2.95192582956679E-6
0.043, 3.16443031349216E-6
0.046, 3.37414175151249E-6
0.049, 3.58005103282338E-6
0.052, 3.78371189834385E-6
0.055, 3.98315891198324E-6
0.058, 4.17804581766159E-6
0.061, 4.3698218257698E-6
0.064, 4.55990494161203E-6
0.067, 4.74787584557742E-6
0.07, 4.9301726549968E-6
0.0729999999999999, 5.11247924096558E-6
0.0759999999999999, 5.28832021191827E-6
0.0789999999999999, 5.46305310619372E-6
0.0819999999999999, 5.6388992391395E-6
0.0849999999999999, 5.80609639285194E-6
0.0879999999999999, 5.97418664324282E-6
0.0909999999999999, 6.1370726690696E-6
0.0939999999999999, 6.29313538087415E-6
0.0969999999999999, 6.45004382461105E-6
0.1, 6.60653960044121E-6
0.103, 6.75652835654601E-6
0.106, 6.90525979284166E-6
0.109, 7.05195411583808E-6
0.112, 7.1928964274478E-6
0.115, 7.3288902247538E-6
0.118, 7.46626130393431E-6
0.121, 7.59701279153734E-6
0.124, 7.73092388006109E-6
0.127, 7.85470001287073E-6
0.13, 7.97797166022111E-6
0.133, 8.09792673742377E-6
0.136, 8.21402132801584E-6
0.139, 8.32877252111828E-6
0.142, 8.44360090913916E-6
0.145, 8.55150817573718E-6
0.148, 8.65586561174038E-6
0.151, 8.75635044120447E-6
0.154, 8.85932663915758E-6
0.157, 8.95624714159757E-6
0.16, 9.04914005229748E-6
0.163, 9.1430487255155E-6
0.166, 9.23028786313565E-6
0.169, 9.31786111627506E-6
0.172, 9.3979983445862E-6
0.175, 9.48061656840417E-6
0.178, 9.5582229428855E-6
0.181, 9.63273398308596E-6
0.184, 9.70547249386301E-6
0.187, 9.77849986203245E-6
0.19, 9.84741586900173E-6
0.193, 9.91085952026052E-6
0.196, 9.9768677549396E-6
0.199, 1.00389020069049E-5
0.202, 1.00996370251167E-5
0.205, 1.01566755230345E-5
0.208, 1.02151188148593E-5
0.211, 1.02685977129035E-5
0.214, 1.03203687770621E-5
0.217, 1.03705560233029E-5
0.22, 1.04211974998346E-5
0.223, 1.04681811006281E-5
0.226, 1.05123335451375E-5
0.229, 1.05581792712687E-5
0.232, 1.06009511319279E-5
0.235, 1.06429232032706E-5
0.238, 1.06838186670268E-5
0.241, 1.07214458242142E-5
0.244, 1.07598077810738E-5
0.247, 1.07958259670477E-5
0.25, 1.08319639557867E-5
0.253, 1.08656958591613E-5
0.256, 1.08994769597163E-5
0.259, 1.09346295322065E-5
0.262, 1.09613756448152E-5
0.265, 1.09942814808328E-5
0.268, 1.10218526848671E-5
0.271, 1.10531861377211E-5
0.274, 1.10786878012442E-5
0.277, 1.11104746833927E-5
0.28, 1.11355547889094E-5
0.283, 1.11595115884863E-5
0.286, 1.11879460114719E-5
0.289, 1.12107799919141E-5
0.292, 1.12342652121626E-5
0.295, 1.12600383971181E-5
0.298, 1.12832446438254E-5
0.301, 1.1306729794763E-5
0.304, 1.13252405070877E-5
0.307, 1.13506924055596E-5
0.31, 1.13731718120272E-5
0.313, 1.1393319523941E-5
0.316, 1.14133282486958E-5
0.319, 1.14330579128038E-5
0.322, 1.14543537149959E-5
0.325, 1.14696260210801E-5
0.328, 1.14890724694168E-5
0.331, 1.1509549189916E-5
0.334, 1.15295056290403E-5
0.337, 1.15454636446174E-5
0.34, 1.156313969035E-5
0.343, 1.15777113465405E-5
0.346, 1.15981770569027E-5
0.349, 1.16144091623515E-5
0.352, 1.1631266617973E-5
0.355, 1.16467327544763E-5
0.358, 1.16618648593586E-5
0.361, 1.16789628935562E-5
0.364, 1.16930438308497E-5
0.367, 1.17083913065877E-5
0.37, 1.1729292019504E-5
0.373, 1.17404118550075E-5
0.376, 1.17538433946067E-5
0.379, 1.17687283738244E-5
0.382, 1.17845530897409E-5
0.385, 1.17993322304597E-5
0.388, 1.18139394356E-5
0.391, 1.18261694613806E-5
0.394, 1.18374496194035E-5
0.397, 1.18530364039384E-5
0.4, 1.18677665483263E-5
0.403, 1.18802417786042E-5
0.406, 1.18909587602765E-5
0.409, 1.19056939435888E-5
0.412, 1.1917119244352E-5
0.415, 1.19286826534234E-5
0.418, 1.19411675943926E-5
0.421, 1.19534445278904E-5
0.424, 1.19644209737588E-5

0.439342428375053, 1.20319636811232E-5

-0.347, -1.15442687558176E-5
-0.344, -1.15289770531494E-5
-0.341, -1.15109463619088E-5
-0.338, -1.14942866932057E-5
-0.335, -1.14781280644584E-5
-0.332, -1.14591995567719E-5
-0.329, -1.14410172980908E-5
-0.326, -1.142321429623E-5
-0.323, -1.14036504745604E-5
-0.32, -1.13872190699385E-5
-0.317, -1.13651950531534E-5
-0.314, -1.13472807226416E-5
-0.311, -1.13269939314035E-5
-0.308, -1.13038023098915E-5
-0.305, -1.12864656813765E-5
-0.302, -1.12635090152068E-5
-0.299, -1.12431538476083E-5
-0.296, -1.12227712922964E-5
-0.293, -1.11977069842803E-5
-0.29, -1.11744457651683E-5
-0.287, -1.1150317405092E-5
-0.284, -1.11278456867638E-5
-0.281, -1.11021958048846E-5
-0.278, -1.10759406809651E-5
-0.275, -1.10503242196308E-5
-0.272, -1.10207584173485E-5
-0.269, -1.09952397782393E-5
-0.266, -1.09648180165987E-5
-0.263, -1.09382642480631E-5
-0.26, -1.09084782365451E-5
-0.257, -1.08771977845648E-5
-0.254, -1.08439985100272E-5
-0.251, -1.0813166294975E-5
-0.248, -1.07792652107716E-5
-0.245, -1.07435779551178E-5
-0.242, -1.07105957040898E-5
-0.239, -1.06710703832785E-5
-0.236, -1.06346136065176E-5
-0.233, -1.05955462893145E-5
-0.23, -1.05539709991744E-5
-0.227, -1.05131972835301E-5
-0.224, -1.04680808232118E-5
-0.221, -1.04238854331402E-5
-0.218, -1.03778917825885E-5
-0.215, -1.03288348407263E-5
-0.212, -1.02789192117779E-5
-0.209, -1.02275431733194E-5
-0.206, -1.01747683206034E-5
-0.203, -1.01207149308434E-5
-0.2, -1.0062062466451E-5
-0.197, -1.0001051272319E-5
-0.194, -9.94369715166928E-6
-0.191, -9.87702264961283E-6
-0.188, -9.81418648424299E-6
-0.185, -9.74622493055717E-6
-0.182, -9.67795012840828E-6
-0.179, -9.60277503354602E-6
-0.176, -9.5304466421879E-6
-0.173, -9.45378071549515E-6
-0.17, -9.37509020853744E-6
-0.167, -9.29374973220114E-6
-0.164, -9.20691307690798E-6
-0.161, -9.12247587943253E-6
-0.158, -9.03062663454705E-6
-0.155, -8.9381917912134E-6
-0.152, -8.84320751341834E-6
-0.149, -8.74522986936107E-6
-0.146, -8.64351787349766E-6
-0.143, -8.538084573194E-6
-0.14, -8.4327149492366E-6
-0.137, -8.32339811222977E-6
-0.134, -8.21188582259583E-6
-0.131, -8.09504504699911E-6
-0.128, -7.9768731822178E-6
-0.125, -7.85191026247942E-6
-0.122, -7.72803051428475E-6
-0.119, -7.6016382527986E-6
-0.116, -7.47225997179956E-6
-0.113, -7.33771633500623E-6
-0.11, -7.20251351524398E-6
-0.107, -7.06256976570915E-6
-0.104, -6.91903443871008E-6
-0.101, -6.77457802335328E-6
-0.0980000000000001, -6.62413673702402E-6
-0.095, -6.47617738934365E-6
-0.092, -6.31939249078077E-6
-0.0890000000000001, -6.16207180161872E-6
-0.0860000000000001, -6.00402874668259E-6
-0.083, -5.83578114208402E-6
-0.08, -5.67501317675965E-6
-0.077, -5.50465442940246E-6
-0.0740000000000001, -5.33347065182115E-6
-0.071, -5.15812769831994E-6
-0.068, -4.98267072317137E-6
-0.065, -4.80323001187289E-6
-0.062, -4.62223002572584E-6
-0.059, -4.43934088233991E-6
-0.0560000000000001, -4.25122771630434E-6
-0.0530000000000001, -4.06064895165237E-6
-0.0500000000000001, -3.86671289675883E-6
-0.0470000000000001, -3.66975094556947E-6
-0.0440000000000001, -3.47405113831872E-6
-0.0410000000000001, -3.27700706279854E-6
-0.0380000000000001, -3.07265573982118E-6
-0.0350000000000001, -2.86850601715387E-6
-0.0320000000000001, -2.66014133904918E-6
-0.0290000000000001, -2.44706375933559E-6
-0.026, -2.23364449839178E-6
-0.023, -2.01620694932705E-6
-0.02, -1.79460034881984E-6
-0.017, -1.56933240127358E-6
-0.014, -1.34292950211745E-6
-0.011, -1.10771563234996E-6
-0.00800000000000003, -8.69801017085257E-7
-0.00500000000000003, -6.26784407990707E-7
-0.00200000000000003, -3.80912941531032E-7
0.000999999999999973, -1.30075160444876E-7
0.00399999999999998, 1.26092156098404E-7
0.00699999999999992, 3.82819820100897E-7
0.00999999999999992, 6.34438196793663E-7
0.0129999999999999, 8.86488204935638E-7
0.0159999999999999, 1.12963273671893E-6
0.0189999999999999, 1.37143661134722E-6
0.0219999999999999, 1.60738766483383E-6
0.0249999999999999, 1.84246329520428E-6
0.0279999999999999, 2.07173474431813E-6
0.0309999999999999, 2.29932487419396E-6
0.0339999999999999, 2.52148206204901E-6
0.0369999999999999, 2.73749653932359E-6
0.04, 2.95218194964426E-6
0.043, 3.16523077163424E-6
0.046, 3.37620296974572E-6
0.049, 3.5811440071424E-6
0.052, 3.78254548961173E-6
0.055, 3.98194237049429E-6
0.058, 4.17584725176803E-6
0.061, 4.3720422872463E-6
0.064, 4.56297927159327E-6
0.067, 4.74633572783145E-6
0.0699999999999999, 4.9305628511873E-6
0.0729999999999999, 5.11142597447414E-6
0.0759999999999999, 5.28922348528507E-6
0.0789999999999999, 5.46637806578118E-6
0.0819999999999999, 5.63532670554953E-6
0.0849999999999999, 5.80875992391825E-6
0.0879999999999999, 5.97263052900676E-6
0.0909999999999999, 6.13685111900596E-6
0.0939999999999999, 6.29454817670748E-6
0.0969999999999999, 6.4530018013837E-6
0.1, 6.60611415052306E-6
0.103, 6.75890396248591E-6
0.106, 6.90558942256929E-6
0.109, 7.05109572652897E-6
0.112, 7.18880399046044E-6
0.115, 7.33075394124812E-6
0.118, 7.4647792605651E-6
0.121, 7.59806228033996E-6
0.124, 7.72836289626101E-6
0.127, 7.85648736782002E-6
0.13, 7.97614459452843E-6
0.133, 8.0976070650636E-6
0.136, 8.21614959383676E-6
0.139, 8.33035193166285E-6
0.142, 8.44155209364079E-6
0.145, 8.55072860413557E-6
0.148, 8.65715708032501E-6
0.151, 8.7579778638074E-6
0.154, 8.85504716038444E-6
0.157, 8.95656343712288E-6
0.16, 9.05035068577332E-6
0.163, 9.141609183295E-6
0.166, 9.23238509806013E-6
0.169, 9.31621885683621E-6
0.172, 9.39638805817638E-6
0.175, 9.48023163234455E-6
0.178, 9.55713811527803E-6
0.181, 9.63306590012618E-6
0.184, 9.7060536430644E-6
0.187, 9.77817070391718E-6
0.19, 9.84585031980358E-6
0.193, 9.91116358356481E-6
0.196, 9.97841166524233E-6
0.199, 1.00409242760706E-5
0.202, 1.01000518814906E-5
0.205, 1.01564723097638E-5
0.208, 1.02143532488313E-5
0.211, 1.02693895950335E-5
0.214, 1.03200563963191E-5
0.217, 1.03718683745621E-5
0.22, 1.04214373773828E-5
0.223, 1.04676791727536E-5
0.226, 1.0513587620713E-5
0.229, 1.05589482376897E-5
0.232, 1.06021579443941E-5
0.235, 1.06414654660938E-5
0.238, 1.0684015425629E-5
0.241, 1.07189093674576E-5
0.244, 1.07577403152074E-5
0.247, 1.07965723665168E-5
0.25, 1.08307412886128E-5
0.253, 1.08656423696865E-5
0.256, 1.08994526440513E-5
0.259, 1.09301589736104E-5
0.262, 1.09622478170804E-5
0.265, 1.09939052141267E-5
0.268, 1.10244774785576E-5
0.271, 1.10527615103815E-5
0.274, 1.10811607946515E-5
0.277, 1.11096238150888E-5
0.28, 1.11348940771458E-5
0.283, 1.11598558705757E-5
0.286, 1.11867547934799E-5
0.289, 1.12116653138035E-5
0.292, 1.12346885315905E-5
0.295, 1.12589129002683E-5
0.298, 1.12818587191857E-5
0.301, 1.13061350524127E-5
0.304, 1.13273193691672E-5
0.307, 1.1351099791099E-5
0.31, 1.13697550086314E-5
0.313, 1.13917718190238E-5
0.316, 1.14100150270245E-5
0.319, 1.14328746400111E-5
0.322, 1.14503795873041E-5
0.325, 1.14693423214454E-5
0.328, 1.14893566780957E-5
0.331, 1.15100187244254E-5
0.334, 1.15286949230892E-5
0.337, 1.15435696960649E-5
0.34, 1.15615171022463E-5
0.343, 1.1581347248795E-5
0.346, 1.1595951262312E-5
0.349, 1.16144286173667E-5
0.352, 1.16313648438614E-5
0.355, 1.16471523695085E-5
0.358, 1.16626815397776E-5
0.361, 1.16787989123905E-5
0.364, 1.16962678111896E-5
0.367, 1.17097067391802E-5
0.37, 1.17251312982099E-5
0.373, 1.17373399978504E-5
0.376, 1.17534466963979E-5
0.379, 1.17677411892591E-5
0.382, 1.17838317578892E-5
0.385, 1.17969423514807E-5
0.388, 1.18113350059696E-5
0.391, 1.18260316326783E-5
0.394, 1.18392272068981E-5
0.397, 1.18516051640651E-5
0.4, 1.18650637797802E-5
0.403, 1.18790139133654E-5
0.406, 1.18932005061203E-5
0.409, 1.19028971926014E-5
0.412, 1.19177598391581E-5
0.415, 1.19261798285846E-5
0.418, 1.19402285116039E-5
0.421, 1.19530972866917E-5
0.424, 1.19655717025046E-5
0.427, 1.1976168279522E-5

0.439355439311327, 1.20333366468036E-5

-0.35, -1.15638075869807E-5
-0.347, -1.15473343401423E-5
-0.344, -1.15333713219896E-5
-0.341, -1.15148307261427E-5
-0.338, -1.149610282843E-5
-0.335, -1.14789329873022E-5
-0.332, -1.14602696103077E-5
-0.329, -1.14409615503271E-5
-0.326, -1.14272227496973E-5
-0.323, -1.14073133183396E-5
-0.32, -1.13876077214268E-5
-0.317, -1.13674995325007E-5
-0.314, -1.13483516387011E-5
-0.311, -1.13278398625316E-5
-0.308, -1.13087334543091E-5
-0.305, -1.12867449049372E-5
-0.302, -1.12647589021663E-5
-0.299, -1.12440347504131E-5
-0.296, -1.12219857997598E-5
-0.293, -1.1200064360618E-5
-0.29, -1.11740238871342E-5
-0.287, -1.11519533299706E-5
-0.284, -1.11265347791286E-5
-0.281, -1.11007553020751E-5
-0.278, -1.10735857243318E-5
-0.275, -1.1048842454109E-5
-0.272, -1.10251374769733E-5
-0.269, -1.09961768976373E-5
-0.266, -1.09687026526052E-5
-0.263, -1.0938739785789E-5
-0.26, -1.09070756336492E-5
-0.257, -1.08772188768746E-5
-0.254, -1.08457841466501E-5
-0.251, -1.08143917713314E-5
-0.248, -1.07808085295165E-5
-0.245, -1.0746268886505E-5
-0.242, -1.0709637141337E-5
-0.239, -1.06718962921897E-5
-0.236, -1.06347788746897E-5
-0.233, -1.05965160666711E-5
-0.23, -1.05565701184456E-5
-0.227, -1.05132661396283E-5
-0.224, -1.04689663512482E-5
-0.221, -1.0423534265273E-5
-0.218, -1.03769324880629E-5
-0.215, -1.03318886773513E-5
-0.212, -1.02819408249941E-5
-0.209, -1.02290482646125E-5
-0.206, -1.01739774150124E-5
-0.203, -1.01180721473818E-5
-0.2, -1.0060024611017E-5
-0.197, -1.00008004722996E-5
-0.194, -9.94067211335371E-6
-0.191, -9.87707053219829E-6
-0.188, -9.81497044015908E-6
-0.185, -9.74651111733382E-6
-0.182, -9.67607662248794E-6
-0.179, -9.60766330808343E-6
-0.176, -9.53157409566188E-6
-0.173, -9.45357010034067E-6
-0.17, -9.37607033482015E-6
-0.167, -9.29195004851813E-6
-0.164, -9.21018221166854E-6
-0.161, -9.122597653515E-6
-0.158, -9.03130556906881E-6
-0.155, -8.9400555969427E-6
-0.152, -8.84242900746337E-6
-0.149, -8.74473309023541E-6
-0.146, -8.64163183067786E-6
-0.143, -8.54093103302414E-6
-0.14, -8.43375795300177E-6
-0.137, -8.32345423848119E-6
-0.134, -8.21065578732902E-6
-0.131, -8.09446825766026E-6
-0.128, -7.97564049188598E-6
-0.125, -7.85556435909348E-6
-0.122, -7.72880969185948E-6
-0.119, -7.60177940897209E-6
-0.116, -7.47181244015952E-6
-0.113, -7.33578374324753E-6
-0.11, -7.20187090954671E-6
-0.107, -7.06090451833133E-6
-0.104, -6.91977905234073E-6
-0.101, -6.77478141860437E-6
-0.098, -6.62533710890609E-6
-0.095, -6.47504604691652E-6
-0.092, -6.32053255521479E-6
-0.089, -6.16367865233364E-6
-0.086, -6.00492507230759E-6
-0.083, -5.84289086508884E-6
-0.08, -5.67657319691008E-6
-0.077, -5.50640776340813E-6
-0.074, -5.33690631417589E-6
-0.071, -5.15997901700447E-6
-0.068, -4.98245301110745E-6
-0.065, -4.80480201132712E-6
-0.062, -4.62127414999894E-6
-0.0590000000000001, -4.43587823249366E-6
-0.0560000000000001, -4.25119898325891E-6
-0.0530000000000001, -4.06048001135021E-6
-0.0500000000000001, -3.86918768187631E-6
-0.0470000000000001, -3.67470453476079E-6
-0.044, -3.47633881864223E-6
-0.0410000000000001, -3.27861045606449E-6
-0.038, -3.07430151843705E-6
-0.035, -2.86517873171994E-6
-0.032, -2.65925157221488E-6
-0.029, -2.44905369393486E-6
-0.026, -2.23653691673442E-6
-0.023, -2.01513079930375E-6
-0.02, -1.79661746506593E-6
-0.017, -1.56845144910441E-6
-0.014, -1.33934419957318E-6
-0.011, -1.10997884200431E-6
-0.00800000000000002, -8.69204929745165E-7
-0.00500000000000002, -6.29809916396748E-7
-0.00200000000000002, -3.82762958101709E-7
0.000999999999999987, -1.29319295857085E-7
0.00399999999999993, 1.27750809893591E-7
0.00699999999999994, 3.82026226682939E-7
0.00999999999999994, 6.35767236011879E-7
0.0129999999999999, 8.83834620384161E-7
0.0159999999999999, 1.12967934957867E-6
0.0189999999999999, 1.37029427494691E-6
0.0219999999999999, 1.60900054781953E-6
0.025, 1.84213515162453E-6
0.028, 2.07233637090028E-6
0.031, 2.29810370307822E-6
0.034, 2.52012830446231E-6
0.037, 2.7380584751069E-6
0.04, 2.95279110818793E-6
0.043, 3.1679529845124E-6
0.046, 3.37410022614208E-6
0.049, 3.58046202651E-6
0.052, 3.78308134745974E-6
0.055, 3.981173183612E-6
0.058, 4.17642376972446E-6
0.061, 4.3727737594048E-6
0.064, 4.56034041321638E-6
0.0669999999999999, 4.74640247971489E-6
0.0699999999999999, 4.93045062310267E-6
0.0729999999999999, 5.11192545172843E-6
0.0759999999999999, 5.29128343512835E-6
0.0789999999999999, 5.46518486430727E-6
0.0819999999999999, 5.63940047764654E-6
0.0849999999999999, 5.80493419161443E-6
0.0879999999999999, 5.97237966766581E-6
0.091, 6.13330861422486E-6
0.094, 6.29691661813568E-6
0.097, 6.45192506100543E-6
0.1, 6.60580537383721E-6
0.103, 6.75738371627224E-6
0.106, 6.90308240930603E-6
0.109, 7.05034433659003E-6
0.112, 7.19153683030419E-6
0.115, 7.33027688159263E-6
0.118, 7.4657791915209E-6
0.121, 7.59586662295994E-6
0.124, 7.72759704153414E-6
0.127, 7.85324575219523E-6
0.13, 7.97975422690508E-6
0.133, 8.09871843912351E-6
0.136, 8.2164532024884E-6
0.139, 8.32969605375024E-6
0.142, 8.44105231954364E-6
0.145, 8.54765459899878E-6
0.148, 8.65399560539892E-6
0.151, 8.75872207429279E-6
0.154, 8.85934060529906E-6
0.157, 8.95549932525598E-6
0.16, 9.05028315815227E-6
0.163, 9.14200448114154E-6
0.166, 9.23166125604236E-6
0.169, 9.31765437425484E-6
0.172, 9.39876293958684E-6
0.175, 9.47884173426751E-6
0.178, 9.55694499242369E-6
0.181, 9.63356925628345E-6
0.184, 9.70588741045454E-6
0.187, 9.77505193527026E-6
0.19, 9.84791439568748E-6
0.193, 9.91442541354699E-6
0.196, 9.97698899802859E-6
0.199, 1.00394254546733E-5
0.202, 1.00979362963208E-5
0.205, 1.01594928379356E-5
0.208, 1.02138601901724E-5
0.211, 1.02688436475743E-5
0.214, 1.03220612344303E-5
0.217, 1.03723366122562E-5
0.22, 1.04212079968793E-5
0.223, 1.04678509866842E-5
0.226, 1.05165472656181E-5
0.229, 1.05583248884012E-5
0.232, 1.06014440370044E-5
0.235, 1.06422717535905E-5
0.238, 1.06826692239663E-5
0.241, 1.07207356161938E-5
0.244, 1.07581695013575E-5
0.247, 1.07973044225939E-5
0.25, 1.08301506236434E-5
0.253, 1.0863776008556E-5
0.256, 1.08999238808376E-5
0.259, 1.09324779121984E-5
0.262, 1.09625495727742E-5
0.265, 1.09932549172133E-5
0.268, 1.10265734253214E-5
0.271, 1.10504188220365E-5
0.274, 1.10811146093423E-5
0.277, 1.11051607109703E-5
0.28, 1.11349804575736E-5
0.283, 1.11605502779475E-5
0.286, 1.11862887248621E-5
0.289, 1.12107191888695E-5
0.292, 1.12339326578568E-5
0.295, 1.12586983848104E-5
0.298, 1.12824757449041E-5
0.301, 1.13034103886255E-5
0.304, 1.13251582692257E-5
0.307, 1.13491503132922E-5
0.31, 1.13688928598648E-5
0.313, 1.13910308055302E-5
0.316, 1.14113837002539E-5
0.319, 1.14324332417158E-5
0.322, 1.1453590003451E-5
0.325, 1.1470610282237E-5
0.328, 1.14919602888941E-5
0.331, 1.15083857367349E-5
0.334, 1.1527130602182E-5
0.337, 1.15458107481595E-5
0.34, 1.156278639687E-5
0.343, 1.15805438074451E-5
0.346, 1.1597251184442E-5
0.349, 1.16151439735118E-5
0.352, 1.16302210682105E-5
0.355, 1.16471807140966E-5
0.358, 1.16635934292239E-5
0.361, 1.1679982778617E-5
0.364, 1.16950598281171E-5
0.367, 1.1710196240664E-5
0.37, 1.17255604980794E-5
0.373, 1.17419498393983E-5
0.376, 1.17562419711469E-5
0.379, 1.17690837627842E-5
0.382, 1.17819907199209E-5
0.385, 1.17960176800206E-5
0.388, 1.18113390481386E-5
0.391, 1.18247099387216E-5
0.394, 1.18371279976338E-5
0.397, 1.18545301520176E-5
0.4, 1.18641837336537E-5
0.403, 1.18784982537264E-5
0.406, 1.18909539169284E-5
0.409, 1.19039416758859E-5
0.412, 1.19156861480778E-5
0.415, 1.19286884695951E-5
0.418, 1.19419089089302E-5
0.421, 1.19507897125721E-5
0.424, 1.19644772411371E-5
0.427, 1.19778523216533E-5
0.43, 1.19878321520194E-5

0.439349088575612, 1.20319906161234E-5

-0.353, -1.15805773440265E-5
-0.35, -1.15631730878185E-5
-0.347, -1.15485410747793E-5
-0.344, -1.15312417563005E-5
-0.341, -1.15142950909689E-5
-0.338, -1.14972890136425E-5
-0.335, -1.1479481514397E-5
-0.332, -1.14622600894434E-5
-0.329, -1.14407975639307E-5
-0.326, -1.1425459197739E-5
-0.323, -1.14061121318549E-5
-0.32, -1.13869056056743E-5
-0.317, -1.13667457257029E-5
-0.314, -1.13466104233127E-5
-0.311, -1.13274133885471E-5
-0.308, -1.1304655078996E-5
-0.305, -1.1286000193516E-5
-0.302, -1.12661822451953E-5
-0.299, -1.12405101280061E-5
-0.296, -1.12230778797826E-5
-0.293, -1.11988368806412E-5
-0.29, -1.117710778462E-5
-0.287, -1.11531204096374E-5
-0.284, -1.11295169398883E-5
-0.281, -1.11017692609552E-5
-0.278, -1.10744636154838E-5
-0.275, -1.10490185830393E-5
-0.272, -1.10227164611928E-5
-0.269, -1.09971951623856E-5
-0.266, -1.09679265813892E-5
-0.263, -1.0937733474838E-5
-0.26, -1.0910006636581E-5
-0.257, -1.08781399698085E-5
-0.254, -1.08432648404314E-5
-0.251, -1.08139844965684E-5
-0.248, -1.0782819004902E-5
-0.245, -1.07469129445374E-5
-0.242, -1.07102275299479E-5
-0.239, -1.0675646534436E-5
-0.236, -1.06355339598328E-5
-0.233, -1.05937668596094E-5
-0.23, -1.05555512501644E-5
-0.227, -1.05132946000215E-5
-0.224, -1.04703746397125E-5
-0.221, -1.04263379947215E-5
-0.218, -1.03780117982173E-5
-0.215, -1.03297736143717E-5
-0.212, -1.02796590288285E-5
-0.209, -1.02277919403839E-5
-0.206, -1.01743042462892E-5
-0.203, -1.01163138341984E-5
-0.2, -1.00620890852116E-5
-0.197, -1.00019463047994E-5
-0.194, -9.94182605253463E-6
-0.191, -9.87770143201337E-6
-0.188, -9.8148073205533E-6
-0.185, -9.74922706206033E-6
-0.182, -9.6770392023494E-6
-0.179, -9.6050829221972E-6
-0.176, -9.53031291558322E-6
-0.173, -9.45319894764593E-6
-0.17, -9.37733710105571E-6
-0.167, -9.29466590784185E-6
-0.164, -9.20965171866649E-6
-0.161, -9.12053877144672E-6
-0.158, -9.03341723542446E-6
-0.155, -8.93812416560831E-6
-0.152, -8.84364170766966E-6
-0.149, -8.74269609327445E-6
-0.146, -8.64361122392213E-6
-0.143, -8.54451305792762E-6
-0.14, -8.43292523912497E-6
-0.137, -8.32461705787793E-6
-0.134, -8.21173228585994E-6
-0.131, -8.09461028443405E-6
-0.128, -7.97709961638004E-6
-0.125, -7.853715175545E-6
-0.122, -7.73128705868229E-6
-0.119, -7.60248650238425E-6
-0.116, -7.47310754945559E-6
-0.113, -7.33972968595303E-6
-0.11, -7.20100812875833E-6
-0.107, -7.0635417267416E-6
-0.104, -6.91958979017997E-6
-0.101, -6.77550403305189E-6
-0.098, -6.6278904349786E-6
-0.095, -6.47496439985107E-6
-0.092, -6.32154669414972E-6
-0.089, -6.1606924698817E-6
-0.086, -6.00354260637978E-6
-0.083, -5.83807740166847E-6
-0.08, -5.6745753263709E-6
-0.077, -5.50679060082228E-6
-0.074, -5.33284777447721E-6
-0.071, -5.16020543908608E-6
-0.068, -4.98146432904397E-6
-0.065, -4.80242167369285E-6
-0.0620000000000001, -4.62455403888609E-6
-0.0590000000000001, -4.43934539051697E-6
-0.0560000000000001, -4.25249176395922E-6
-0.0530000000000001, -4.06088027926689E-6
-0.0500000000000001, -3.86862419107489E-6
-0.0470000000000001, -3.67635566496758E-6
-0.044, -3.47758614912484E-6
-0.0410000000000001, -3.27749704368376E-6
-0.038, -3.07514534566364E-6
-0.035, -2.87019308181298E-6
-0.032, -2.65795899283728E-6
-0.029, -2.44695404025525E-6
-0.026, -2.23451181514822E-6
-0.023, -2.01718802220628E-6
-0.02, -1.79396338649384E-6
-0.017, -1.56927093051794E-6
-0.014, -1.3396011224638E-6
-0.011, -1.1084641160682E-6
-0.00800000000000002, -8.68593486659263E-7
-0.00500000000000002, -6.30840500566533E-7
-0.00200000000000002, -3.83379294492317E-7
0.000999999999999932, -1.30922921163718E-7
0.00399999999999993, 1.28566354782326E-7
0.00699999999999994, 3.83570506073233E-7
0.00999999999999994, 6.34527975498391E-7
0.0129999999999999, 8.85148219317016E-7
0.0159999999999999, 1.13049559852194E-6
0.0189999999999999, 1.36893475464541E-6
0.0219999999999999, 1.61151896591601E-6
0.025, 1.84295353593886E-6
0.028, 2.07175745578254E-6
0.031, 2.29762564253238E-6
0.034, 2.52095832323551E-6
0.037, 2.73781804480347E-6
0.04, 2.95270267334589E-6
0.043, 3.16589914353096E-6
0.046, 3.37298824825062E-6
0.049, 3.57930073404834E-6
0.052, 3.78043388893008E-6
0.055, 3.9804235689248E-6
0.058, 4.17726754372352E-6
0.061, 4.37072866312237E-6
0.0639999999999999, 4.56055275525944E-6
0.0669999999999999, 4.74755218710706E-6
0.0699999999999999, 4.92959135397601E-6
0.0729999999999999, 5.11223281988385E-6
0.0759999999999999, 5.29004659163296E-6
0.0789999999999999, 5.46499383726361E-6
0.0819999999999999, 5.63600983664498E-6
0.0849999999999999, 5.80638124664227E-6
0.0879999999999999, 5.97255173341355E-6
0.091, 6.13241392266642E-6
0.094, 6.29310431481013E-6
0.097, 6.45065819684752E-6
0.1, 6.60595166584538E-6
0.103, 6.75731176630076E-6
0.106, 6.90430723487388E-6
0.109, 7.04950196797674E-6
0.112, 7.18928649177825E-6
0.115, 7.33041046663525E-6
0.118, 7.46399356291306E-6
0.121, 7.59762958166885E-6
0.124, 7.72540814516202E-6
0.127, 7.85296885658394E-6
0.13, 7.97722537799143E-6
0.133, 8.09688201136959E-6
0.136, 8.21731536762391E-6
0.139, 8.32899971915135E-6
0.142, 8.4399080215586E-6
0.145, 8.55095751412338E-6
0.148, 8.65424817620528E-6
0.151, 8.75856196982252E-6
0.154, 8.85586145777683E-6
0.157, 8.95357464899442E-6
0.16, 9.04935259679938E-6
0.163, 9.14170238296461E-6
0.166, 9.22787237243758E-6
0.169, 9.31397040032893E-6
0.172, 9.39821340040863E-6
0.175, 9.47926019975163E-6
0.178, 9.55532376766948E-6
0.181, 9.6320208867287E-6
0.184, 9.70328390210241E-6
0.187, 9.77556208597948E-6
0.19, 9.84582986129243E-6
0.193, 9.91107057840428E-6
0.196, 9.97703753869121E-6
0.199, 1.00368857831198E-5
0.202, 1.00960084967577E-5
0.205, 1.01562372166496E-5
0.208, 1.02138557688825E-5
0.211, 1.02682259126383E-5
0.214, 1.03206790479337E-5
0.217, 1.03719198088685E-5
0.22, 1.04208122678868E-5
0.223, 1.04647000969072E-5
0.226, 1.05139630981942E-5
0.229, 1.0557987312174E-5
0.232, 1.06011246057884E-5
0.235, 1.06423139528355E-5
0.238, 1.0680846488186E-5
0.241, 1.07197344899893E-5
0.244, 1.07581121836631E-5
0.247, 1.07943063927445E-5
0.25, 1.08312943568588E-5
0.253, 1.08656932031737E-5
0.256, 1.09003182087988E-5
0.259, 1.09290629489144E-5
0.262, 1.09622971210572E-5
0.265, 1.09918249653245E-5
0.268, 1.10225927002862E-5
0.271, 1.10509772273031E-5
0.274, 1.10792045030006E-5
0.277, 1.11074558623694E-5
0.28, 1.11330808334317E-5
0.283, 1.11618068760765E-5
0.286, 1.11877990598974E-5
0.289, 1.12113283341846E-5
0.292, 1.12335593611116E-5
0.295, 1.12584779584832E-5
0.298, 1.12800754848229E-5
0.301, 1.13044584866079E-5
0.304, 1.13279286074428E-5
0.307, 1.1350370517515E-5
0.31, 1.13702088839997E-5
0.313, 1.13910370823413E-5
0.316, 1.14120643046275E-5
0.319, 1.14308437040706E-5
0.322, 1.14544808151583E-5
0.325, 1.14690173156552E-5
0.328, 1.14898322945359E-5
0.331, 1.15100128875937E-5
0.334, 1.15249885431848E-5
0.337, 1.15475764025264E-5
0.34, 1.15619216047428E-5
0.343, 1.15807672097436E-5
0.346, 1.15980264282525E-5
0.349, 1.16120101669264E-5
0.352, 1.16290368669601E-5
0.355, 1.16455325141879E-5
0.358, 1.16639837594076E-5
0.361, 1.16798477196237E-5
0.364, 1.16936325599598E-5
0.367, 1.17074009769189E-5
0.37, 1.17228820995112E-5
0.373, 1.17411705906701E-5
0.376, 1.1752789603358E-5
0.379, 1.17677748408023E-5
0.382, 1.17827099804949E-5
0.385, 1.17974457376636E-5
0.388, 1.18085861684993E-5
0.391, 1.18215980551392E-5
0.394, 1.18386861890537E-5
0.397, 1.18500435144556E-5
0.4, 1.18651484761683E-5
0.403, 1.18795096704587E-5
0.406, 1.18914057962204E-5
0.409, 1.19045702843629E-5
0.412, 1.19145444391326E-5
0.415, 1.19277679410213E-5
0.418, 1.19403993989701E-5
0.421, 1.19517923125366E-5
0.424, 1.19664436976998E-5
0.427, 1.19776687464429E-5
0.43, 1.19894359060033E-5
0.433, 1.19984968665986E-5

0.43934468471033, 1.20338587622016E-5

-0.356, -1.15968555506789E-5
-0.353, -1.15806343936145E-5
-0.35, -1.15662921189868E-5
-0.347, -1.15476230134286E-5
-0.344, -1.15290092095124E-5
-0.341, -1.15151312740101E-5
-0.338, -1.1496896948371E-5
-0.335, -1.14801235264451E-5
-0.332, -1.14609915527769E-5
-0.329, -1.14437527378476E-5
-0.326, -1.14246131832575E-5
-0.323, -1.14061761713984E-5
-0.32, -1.13872492966119E-5
-0.317, -1.13661996678804E-5
-0.314, -1.13461036926941E-5
-0.311, -1.13299831290943E-5
-0.308, -1.13084328037175E-5
-0.305, -1.12874548213071E-5
-0.302, -1.12654185470949E-5
-0.299, -1.12456496920951E-5
-0.296, -1.12232933907655E-5
-0.293, -1.11966956813022E-5
-0.29, -1.11774683619738E-5
-0.287, -1.11521226907188E-5
-0.284, -1.11278864830534E-5
-0.281, -1.11032515245546E-5
-0.278, -1.10764134971275E-5
-0.275, -1.10523471939499E-5
-0.272, -1.10235452883179E-5
-0.269, -1.09987187781103E-5
-0.266, -1.0965144333125E-5
-0.263, -1.09392273365583E-5
-0.26, -1.09098638937277E-5
-0.257, -1.08781991851079E-5
-0.254, -1.08474152117494E-5
-0.251, -1.08149272544703E-5
-0.248, -1.07820547009531E-5
-0.245, -1.07461972036404E-5
-0.242, -1.0710639189747E-5
-0.239, -1.06728195665254E-5
-0.236, -1.06337965957441E-5
-0.233, -1.05948575571518E-5
-0.23, -1.05564036203133E-5
-0.227, -1.05125691376072E-5
-0.224, -1.04717330510585E-5
-0.221, -1.04231664493974E-5
-0.218, -1.03794931949762E-5
-0.215, -1.0330331036368E-5
-0.212, -1.02816613013051E-5
-0.209, -1.02303956870715E-5
-0.206, -1.01754658105052E-5
-0.203, -1.01213619731071E-5
-0.2, -1.00615574688402E-5
-0.197, -1.00059732260552E-5
-0.194, -9.94381650802273E-6
-0.191, -9.87949526371453E-6
-0.188, -9.81561990597351E-6
-0.185, -9.74801031944841E-6
-0.182, -9.67730167168328E-6
-0.179, -9.60602467867E-6
-0.176, -9.53059606751353E-6
-0.173, -9.45685883993346E-6
-0.17, -9.37355981321914E-6
-0.167, -9.2927220832922E-6
-0.164, -9.20641779769368E-6
-0.161, -9.12280353903759E-6
-0.158, -9.03282374992166E-6
-0.155, -8.94065164725706E-6
-0.152, -8.84387842926355E-6
-0.149, -8.74612703887387E-6
-0.146, -8.64357972973956E-6
-0.143, -8.54120947455638E-6
-0.14, -8.43540341427855E-6
-0.137, -8.32722693150857E-6
-0.134, -8.21128390301644E-6
-0.131, -8.09633909820108E-6
-0.128, -7.97647392909873E-6
-0.125, -7.85654538169938E-6
-0.122, -7.73075832417187E-6
-0.119, -7.60350347520056E-6
-0.116, -7.47331810479755E-6
-0.113, -7.34011337994358E-6
-0.11, -7.20238496890951E-6
-0.107, -7.06195814040834E-6
-0.104, -6.92057853163166E-6
-0.101, -6.7764088815994E-6
-0.098, -6.62919971672081E-6
-0.095, -6.47545285599332E-6
-0.092, -6.32164650064226E-6
-0.089, -6.16234904879136E-6
-0.086, -6.00218818196703E-6
-0.083, -5.84091978640593E-6
-0.08, -5.6783231684742E-6
-0.077, -5.50618380680636E-6
-0.074, -5.33540128895276E-6
-0.071, -5.16152141365904E-6
-0.068, -4.9849493293046E-6
-0.0650000000000001, -4.80505760654026E-6
-0.0620000000000001, -4.62425259445238E-6
-0.0590000000000001, -4.43703422424658E-6
-0.0560000000000001, -4.25054149985398E-6
-0.0530000000000001, -4.05984152806539E-6
-0.0500000000000001, -3.86895152635289E-6
-0.0470000000000001, -3.67459699624049E-6
-0.044, -3.47802228002456E-6
-0.0410000000000001, -3.27732901469949E-6
-0.038, -3.07143501265344E-6
-0.035, -2.86666789093788E-6
-0.032, -2.65877318037811E-6
-0.029, -2.44696443405626E-6
-0.026, -2.23459214832568E-6
-0.023, -2.01626024656829E-6
-0.02, -1.797489764119E-6
-0.017, -1.5705888915763E-6
-0.014, -1.33889937954429E-6
-0.011, -1.1093321242389E-6
-0.00800000000000002, -8.70127122692795E-7
-0.00500000000000002, -6.30309142720063E-7
-0.00200000000000007, -3.84403503417394E-7
0.000999999999999932, -1.27461125823906E-7
0.00399999999999993, 1.25960165822569E-7
0.00699999999999994, 3.82802138421694E-7
0.00999999999999994, 6.3552495516645E-7
0.0129999999999999, 8.84880014818607E-7
0.0159999999999999, 1.12803775092383E-6
0.0189999999999999, 1.37017069476353E-6
0.0219999999999999, 1.60841431738821E-6
0.025, 1.84137363709677E-6
0.028, 2.07138834233985E-6
0.031, 2.29800098684468E-6
0.034, 2.52060404473846E-6
0.037, 2.7382300382772E-6
0.04, 2.95478193010291E-6
0.043, 3.16535036093115E-6
0.046, 3.37463689732052E-6
0.049, 3.58070085030172E-6
0.052, 3.78232190979343E-6
0.055, 3.98080545205156E-6
0.058, 4.17889823176127E-6
0.0609999999999999, 4.37068852543243E-6
0.0639999999999999, 4.56032094606658E-6
0.0669999999999999, 4.74513542822402E-6
0.0699999999999999, 4.93104525387051E-6
0.0729999999999999, 5.11212047276325E-6
0.0759999999999999, 5.29271103924567E-6
0.0789999999999999, 5.46608794468548E-6
0.0819999999999999, 5.63653952732831E-6
0.0849999999999999, 5.80805363227424E-6
0.0879999999999999, 5.97080695118421E-6
0.091, 6.13641777179247E-6
0.094, 6.29697711276733E-6
0.097, 6.45197800413455E-6
0.1, 6.60596098136111E-6
0.103, 6.75559962433082E-6
0.106, 6.90404448716905E-6
0.109, 7.04972301381532E-6
0.112, 7.19128877503006E-6
0.115, 7.33171785513761E-6
0.118, 7.46541635923984E-6
0.121, 7.59801391990647E-6
0.124, 7.72891106692463E-6
0.127, 7.85282406850793E-6
0.13, 7.97854278359865E-6
0.133, 8.09878876341357E-6
0.136, 8.21766120551239E-6
0.139, 8.32929980810266E-6
0.142, 8.44163640617774E-6
0.145, 8.54903626575791E-6
0.148, 8.65231777180295E-6
0.151, 8.75859908027202E-6
0.154, 8.86012108080687E-6
0.157, 8.95572008461217E-6
0.16, 9.04967859172158E-6
0.163, 9.1404551361242E-6
0.166, 9.23024518744027E-6
0.169, 9.31472701230673E-6
0.172, 9.39726563521711E-6
0.175, 9.48208403201414E-6
0.178, 9.55641346801847E-6
0.181, 9.63178452948893E-6
0.184, 9.70350739244088E-6
0.187, 9.77830427346747E-6
0.19, 9.84583698068975E-6
0.193, 9.91272725909075E-6
0.196, 9.97700136748111E-6
0.199, 1.0038698916167E-5
0.202, 1.0099365283206E-5
0.205, 1.01574913216219E-5
0.208, 1.02146207508606E-5
0.211, 1.02687218443975E-5
0.214, 1.03219154003408E-5
0.217, 1.03704284276346E-5
0.22, 1.04200353350989E-5
0.223, 1.04701764625393E-5
0.226, 1.05136111492515E-5
0.229, 1.05566858934109E-5
0.232, 1.06016812974909E-5
0.235, 1.06407678576507E-5
0.238, 1.06832880279207E-5
0.241, 1.07200365134737E-5
0.244, 1.07582485820266E-5
0.247, 1.07961879293875E-5
0.25, 1.08299762845905E-5
0.253, 1.0864731362565E-5
0.256, 1.08967374459497E-5
0.259, 1.09283030956421E-5
0.262, 1.0960639905532E-5
0.265, 1.09941210739398E-5
0.268, 1.1023384217891E-5
0.271, 1.10495128722101E-5
0.274, 1.10791793348039E-5
0.277, 1.11055213025068E-5
0.28, 1.11321917140547E-5
0.283, 1.11589486082497E-5
0.286, 1.11856360041035E-5
0.289, 1.12107465253581E-5
0.292, 1.12348154053203E-5
0.295, 1.1258413361378E-5
0.298, 1.12806658717207E-5
0.301, 1.13042402794314E-5
0.304, 1.13276396846401E-5
0.307, 1.13499788492018E-5
0.31, 1.13682863439076E-5
0.313, 1.13891969260177E-5
0.316, 1.14098537586704E-5
0.319, 1.14313621596889E-5
0.322, 1.14524254475469E-5
0.325, 1.14722411490476E-5
0.328, 1.14907712938488E-5
0.331, 1.15061269148134E-5
0.334, 1.1526783465578E-5
0.337, 1.15462130287009E-5
0.34, 1.15633400494458E-5
0.343, 1.15828341233952E-5
0.346, 1.15969247776922E-5
0.349, 1.16139842813951E-5
0.352, 1.16312288425832E-5
0.355, 1.16481832638706E-5
0.358, 1.16634522703847E-5
0.361, 1.16788197955373E-5
0.364, 1.16969012891442E-5
0.367, 1.17113773424947E-5
0.37, 1.17250897253765E-5
0.373, 1.17375689513133E-5
0.376, 1.17559424260864E-5
0.379, 1.17702385432353E-5
0.382, 1.17843973961781E-5
0.385, 1.17992889357385E-5
0.388, 1.18098251340893E-5
0.391, 1.18247127078454E-5
0.394, 1.18398322734208E-5
0.397, 1.18502200441909E-5
0.4, 1.18654606208163E-5
0.403, 1.18791051888097E-5
0.406, 1.18911111694181E-5
0.409, 1.19031279918506E-5
0.412, 1.19164127095777E-5
0.415, 1.1932225063096E-5
0.418, 1.19417039793649E-5
0.421, 1.19539574411417E-5
0.424, 1.19635523235896E-5
0.427, 1.19776657070231E-5
0.43, 1.19899422105666E-5
0.433, 1.20009263082028E-5
0.436, 1.20154274312145E-5

0.439351157349698, 1.20329758217038E-5

-0.359, -1.16126256085104E-5
-0.356, -1.15974966847208E-5
-0.353, -1.15798972759568E-5
-0.35, -1.15656860030665E-5
-0.347, -1.15512017484703E-5
-0.344, -1.15308906850173E-5
-0.341, -1.15147095157739E-5
-0.338, -1.14962938417891E-5
-0.335, -1.14813402103469E-5
-0.332, -1.14626660199303E-5
-0.329, -1.14451620813285E-5
-0.326, -1.14256898141526E-5
-0.323, -1.1408135247942E-5
-0.32, -1.13865377860355E-5
-0.317, -1.13676424110951E-5
-0.314, -1.13498086813454E-5
-0.311, -1.13306930225262E-5
-0.308, -1.1308664651553E-5
-0.305, -1.12889176016179E-5
-0.302, -1.12650848802348E-5
-0.299, -1.124635484186E-5
-0.296, -1.12217199094861E-5
-0.293, -1.11993657941019E-5
-0.29, -1.117554123196E-5
-0.287, -1.11536703912768E-5
-0.284, -1.11275674717674E-5
-0.281, -1.11036493599074E-5
-0.278, -1.1075825093382E-5
-0.275, -1.10543219666067E-5
-0.272, -1.10244373019138E-5
-0.269, -1.09990823753965E-5
-0.266, -1.09676430728207E-5
-0.263, -1.09372620331366E-5
-0.26, -1.09131586657484E-5
-0.257, -1.08784921926095E-5
-0.254, -1.08481415830408E-5
-0.251, -1.08146693243516E-5
-0.248, -1.07804849228931E-5
-0.245, -1.07479686794764E-5
-0.242, -1.07121550567785E-5
-0.239, -1.06753677728102E-5
-0.236, -1.06354832875789E-5
-0.233, -1.05959791548838E-5
-0.23, -1.05550282054518E-5
-0.227, -1.05121060687203E-5
-0.224, -1.04710775423343E-5
-0.221, -1.04253304662873E-5
-0.218, -1.03800445323406E-5
-0.215, -1.03339962620257E-5
-0.212, -1.02782461304862E-5
-0.209, -1.02283687070603E-5
-0.206, -1.01772405101784E-5
-0.203, -1.01208534122201E-5
-0.2, -1.00642820358161E-5
-0.197, -1.00036448315145E-5
-0.194, -9.94469629708859E-6
-0.191, -9.87771800509589E-6
-0.188, -9.81427018304898E-6
-0.185, -9.74663623265589E-6
-0.182, -9.67798390015471E-6
-0.179, -9.60662831870713E-6
-0.176, -9.53175237816221E-6
-0.173, -9.45501922378944E-6
-0.17, -9.3719540733827E-6
-0.167, -9.29459813478114E-6
-0.164, -9.21310115602147E-6
-0.161, -9.1228926707443E-6
-0.158, -9.03393118659714E-6
-0.155, -8.94027351975407E-6
-0.152, -8.8433101110812E-6
-0.149, -8.74769852127595E-6
-0.146, -8.64490595874654E-6
-0.143, -8.54404757248102E-6
-0.14, -8.43420703812591E-6
-0.137, -8.32694460690688E-6
-0.134, -8.21287915870877E-6
-0.131, -8.09514189292927E-6
-0.128, -7.97814440352559E-6
-0.125, -7.85539265432692E-6
-0.122, -7.73326591031922E-6
-0.119, -7.6044419130877E-6
-0.116, -7.47349976266285E-6
-0.113, -7.33949571016139E-6
-0.11, -7.20515481275615E-6
-0.107, -7.06422078698016E-6
-0.104, -6.9198248996951E-6
-0.101, -6.77598433835552E-6
-0.098, -6.62575289540404E-6
-0.095, -6.47286254045059E-6
-0.092, -6.32377085539738E-6
-0.089, -6.16294001965963E-6
-0.086, -6.00528413246446E-6
-0.083, -5.83875298674785E-6
-0.08, -5.67431371648054E-6
-0.077, -5.50683569401815E-6
-0.074, -5.33375831204631E-6
-0.071, -5.16104197626388E-6
-0.0680000000000001, -4.98523519794883E-6
-0.0650000000000001, -4.80720151529262E-6
-0.0620000000000001, -4.62299964389504E-6
-0.0590000000000001, -4.43670571923541E-6
-0.0560000000000001, -4.25139575867322E-6
-0.0530000000000001, -4.05992218551716E-6
-0.0500000000000001, -3.8708603035306E-6
-0.0470000000000001, -3.67604557383382E-6
-0.044, -3.47676839065645E-6
-0.0410000000000001, -3.27777590973221E-6
-0.038, -3.07548793372311E-6
-0.035, -2.86759226695708E-6
-0.032, -2.66068902215943E-6
-0.029, -2.44796682243402E-6
-0.026, -2.23518396929419E-6
-0.023, -2.01766928329361E-6
-0.02, -1.79604584924841E-6
-0.017, -1.5711874380114E-6
-0.014, -1.33976826371945E-6
-0.011, -1.10812537792086E-6
-0.00800000000000002, -8.73880664826204E-7
-0.00500000000000007, -6.29825635834106E-7
-0.00200000000000007, -3.81830536390236E-7
0.000999999999999932, -1.29159766549278E-7
0.00399999999999993, 1.25773847175405E-7
0.00699999999999994, 3.81489619950097E-7
0.00999999999999994, 6.3272868506321E-7
0.0129999999999999, 8.84180764939879E-7
0.0159999999999999, 1.12952838273191E-6
0.0189999999999999, 1.36871455753796E-6
0.0219999999999999, 1.60823944998751E-6
0.025, 1.84023549096011E-6
0.028, 2.07169782233069E-6
0.031, 2.29586489691092E-6
0.034, 2.52276171992355E-6
0.037, 2.73829079066811E-6
0.04, 2.9549468040901E-6
0.043, 3.16511116580543E-6
0.046, 3.37392184775202E-6
0.049, 3.58122532921309E-6
0.052, 3.78332725490425E-6
0.055, 3.97973997735807E-6
0.0579999999999999, 4.17756387564398E-6
0.0609999999999999, 4.36679468966954E-6
0.0639999999999999, 4.55913200944736E-6
0.0669999999999999, 4.74488660273209E-6
0.0699999999999999, 4.9334725680671E-6
0.0729999999999999, 5.1116384539959E-6
0.0759999999999999, 5.28818538746974E-6
0.0789999999999999, 5.46293261572887E-6
0.0819999999999999, 5.63462712600455E-6
0.0849999999999999, 5.80476067425851E-6
0.0879999999999999, 5.97170183646671E-6
0.091, 6.13410880025211E-6
0.094, 6.29389090727375E-6
0.097, 6.45202923694131E-6
0.1, 6.60508690112342E-6
0.103, 6.75761095975665E-6
0.106, 6.9070524552418E-6
0.109, 7.04875787760381E-6
0.112, 7.18811956729789E-6
0.115, 7.32917462703331E-6
0.118, 7.46356696969735E-6
0.121, 7.59634566319824E-6
0.124, 7.72745397686778E-6
0.127, 7.85303298968081E-6
0.13, 7.97709162563763E-6
0.133, 8.0978775626765E-6
0.136, 8.21635317359561E-6
0.139, 8.33054225389151E-6
0.142, 8.44051389426136E-6
0.145, 8.55071395436465E-6
0.148, 8.65504966882676E-6
0.151, 8.75975790689218E-6
0.154, 8.85579657951094E-6
0.157, 8.95362115001371E-6
0.16, 9.04828037914794E-6
0.163, 9.1381275200212E-6
0.166, 9.22844813080621E-6
0.169, 9.31391010890788E-6
0.172, 9.39635972468075E-6
0.175, 9.47696884787211E-6
0.178, 9.55396821455375E-6
0.181, 9.63173326212078E-6
0.184, 9.70560201828691E-6
0.187, 9.77469241809004E-6
0.19, 9.84375342015274E-6
0.193, 9.91154006725032E-6
0.196, 9.975944749728E-6
0.199, 1.00370258631953E-5
0.202, 1.00986153003083E-5
0.205, 1.01591652421067E-5
0.208, 1.0212080850004E-5
0.211, 1.02655497026218E-5
0.214, 1.03179187097919E-5
0.217, 1.03682680797678E-5
0.22, 1.04192772318169E-5
0.223, 1.04651032836203E-5
0.226, 1.05145266838878E-5
0.229, 1.05564710542763E-5
0.232, 1.05986132414907E-5
0.235, 1.06420670952203E-5
0.238, 1.06832083303245E-5
0.241, 1.07219222494674E-5
0.244, 1.07562785362147E-5
0.247, 1.07962487058884E-5
0.25, 1.08309987305605E-5
0.253, 1.08616907447247E-5
0.256, 1.08963233601366E-5
0.259, 1.09292540262254E-5
0.262, 1.09618399495856E-5
0.265, 1.09920918682677E-5
0.268, 1.10209813447584E-5
0.271, 1.10499052330988E-5
0.274, 1.1079215359414E-5
0.277, 1.11060872316148E-5
0.28, 1.1131967130011E-5
0.283, 1.11569258117747E-5
0.286, 1.11857980970483E-5
0.289, 1.12081888234873E-5
0.292, 1.12347318439102E-5
0.295, 1.12569082266671E-5
0.298, 1.12823484678987E-5
0.301, 1.13042094302205E-5
0.304, 1.1326651762388E-5
0.307, 1.13457227305193E-5
0.31, 1.13691159377594E-5
0.313, 1.13905227777682E-5
0.316, 1.14119558173449E-5
0.319, 1.14294274991222E-5
0.322, 1.14498040648755E-5
0.325, 1.14689419316278E-5
0.328, 1.14911672088766E-5
0.331, 1.15056959696621E-5
0.334, 1.15284937055224E-5
0.337, 1.15458421740863E-5
0.34, 1.15619683574561E-5
0.343, 1.1579550723537E-5
0.346, 1.15955794485899E-5
0.349, 1.16141209974865E-5
0.352, 1.16301054012262E-5
0.355, 1.16473492767589E-5
0.358, 1.16637242488873E-5
0.361, 1.16801183354808E-5
0.364, 1.16945559929775E-5
0.367, 1.17093925024585E-5
0.37, 1.17257854240185E-5
0.373, 1.17414326883936E-5
0.376, 1.17547716329081E-5
0.379, 1.17707165973574E-5
0.382, 1.17835583481841E-5
0.385, 1.17972937826969E-5
0.388, 1.18112659300942E-5
0.391, 1.18241404492064E-5
0.394, 1.18396194083789E-5
0.397, 1.18522081807461E-5
0.4, 1.186457288171E-5
0.403, 1.18767140763343E-5
0.406, 1.18898610640706E-5
0.409, 1.19053796091562E-5
0.412, 1.1917155432162E-5
0.415, 1.19305519556333E-5
0.418, 1.19415319372205E-5
0.421, 1.19535901084644E-5
0.424, 1.19665451337238E-5
0.427, 1.19763010468122E-5
0.43, 1.19900333268678E-5
0.433, 1.20021356307997E-5
0.436, 1.20104601563857E-5
0.439, 1.20246670418436E-5

0.439345725558522, 1.2036412072344E-5

-0.362, -1.16292625394975E-5
-0.359, -1.16129273873518E-5
-0.356, -1.1596338129588E-5
-0.353, -1.15837076703962E-5
-0.35, -1.15651587252041E-5
-0.347, -1.15500265735168E-5
-0.344, -1.15305738621389E-5
-0.341, -1.15162325902684E-5
-0.338, -1.14995887007583E-5
-0.335, -1.14807133774452E-5
-0.332, -1.14623524891418E-5
-0.329, -1.14467870810178E-5
-0.326, -1.14262584091639E-5
-0.323, -1.14087850653065E-5
-0.32, -1.13877063120433E-5
-0.317, -1.13660090488917E-5
-0.314, -1.13483442912277E-5
-0.311, -1.13318829843275E-5
-0.308, -1.13099326650948E-5
-0.305, -1.12897411555806E-5
-0.302, -1.12683107527053E-5
-0.299, -1.12435722564755E-5
-0.296, -1.12224567325936E-5
-0.293, -1.12014486966957E-5
-0.29, -1.1176952599564E-5
-0.287, -1.11529919683909E-5
-0.284, -1.11275577444687E-5
-0.281, -1.11009748883294E-5
-0.278, -1.10801909938208E-5
-0.275, -1.10517924661695E-5
-0.272, -1.10261426937325E-5
-0.269, -1.09980541938303E-5
-0.266, -1.0969255608501E-5
-0.263, -1.09408999417805E-5
-0.26, -1.09115579475556E-5
-0.257, -1.08815105652553E-5
-0.254, -1.08484774639927E-5
-0.251, -1.08173700293794E-5
-0.248, -1.07824888457879E-5
-0.245, -1.07465381133048E-5
-0.242, -1.0712424216411E-5
-0.239, -1.0675563425953E-5
-0.236, -1.06363152931772E-5
-0.233, -1.05995825830063E-5
-0.23, -1.05568923069923E-5
-0.227, -1.05149248624842E-5
-0.224, -1.04705491251468E-5
-0.221, -1.04275910245109E-5
-0.218, -1.03808958889301E-5
-0.215, -1.03327411506861E-5
-0.212, -1.0281579979562E-5
-0.209, -1.02281058304663E-5
-0.206, -1.01771648092313E-5
-0.203, -1.01196513076008E-5
-0.2, -1.00641410206166E-5
-0.197, -1.00073853262327E-5
-0.194, -9.94247412392789E-6
-0.191, -9.88243176691593E-6
-0.188, -9.815128613442E-6
-0.185, -9.75124215920111E-6
-0.182, -9.67948536199111E-6
-0.179, -9.60734059321932E-6
-0.176, -9.53196121882636E-6
-0.173, -9.4556295219791E-6
-0.17, -9.37520840110597E-6
-0.167, -9.29396929846335E-6
-0.164, -9.20938755658258E-6
-0.161, -9.12494382365835E-6
-0.158, -9.03391640870899E-6
-0.155, -8.93985176490902E-6
-0.152, -8.8438295927E-6
-0.149, -8.74480692586541E-6
-0.146, -8.64544609063101E-6
-0.143, -8.54214920091386E-6
-0.14, -8.43637536276952E-6
-0.137, -8.3257214923823E-6
-0.134, -8.21348087411336E-6
-0.131, -8.09773138628542E-6
-0.128, -7.97965420952802E-6
-0.125, -7.85381930485817E-6
-0.122, -7.73176299642905E-6
-0.119, -7.60402456979282E-6
-0.116, -7.47242652674475E-6
-0.113, -7.34005647257116E-6
-0.11, -7.20282657966795E-6
-0.107, -7.06275581354419E-6
-0.104, -6.92187823826336E-6
-0.101, -6.77524181525415E-6
-0.098, -6.62775367217703E-6
-0.095, -6.47565432394273E-6
-0.092, -6.32093324513487E-6
-0.089, -6.16296456895196E-6
-0.086, -6.00439631705452E-6
-0.083, -5.84315602554723E-6
-0.08, -5.6747620257429E-6
-0.077, -5.50698010854875E-6
-0.074, -5.3358898183756E-6
-0.0710000000000001, -5.1609551710994E-6
-0.0680000000000001, -4.98710143087263E-6
-0.0650000000000001, -4.80627224074227E-6
-0.0620000000000001, -4.62339817988418E-6
-0.0590000000000001, -4.43980684803514E-6
-0.0560000000000001, -4.25063566155181E-6
-0.0530000000000001, -4.06043430331279E-6
-0.0500000000000001, -3.86979300161918E-6
-0.0470000000000001, -3.67660016684726E-6
-0.044, -3.47987689974249E-6
-0.0410000000000001, -3.27710698794063E-6
-0.038, -3.07499919142183E-6
-0.035, -2.86501569020256E-6
-0.032, -2.66265092379067E-6
-0.029, -2.4482807027971E-6
-0.026, -2.23734016869898E-6
-0.023, -2.01765820578498E-6
-0.02, -1.79532729456366E-6
-0.017, -1.57176436864627E-6
-0.014, -1.33862968131461E-6
-0.011, -1.10993872836242E-6
-0.00800000000000008, -8.70810831702674E-7
-0.00500000000000007, -6.29409544346015E-7
-0.00200000000000007, -3.82738049259918E-7
0.000999999999999932, -1.29380591754145E-7
0.00399999999999993, 1.25929037246317E-7
0.00699999999999994, 3.83451719929655E-7
0.00999999999999994, 6.32826828215757E-7
0.0129999999999999, 8.82552258928866E-7
0.0159999999999999, 1.12864830586297E-6
0.0189999999999999, 1.36988747314156E-6
0.0219999999999999, 1.60764659803333E-6
0.025, 1.84262915750418E-6
0.028, 2.07058421790059E-6
0.031, 2.29512245227045E-6
0.034, 2.51800010037501E-6
0.037, 2.73885334954255E-6
0.04, 2.95229985462178E-6
0.043, 3.16542263078662E-6
0.046, 3.3728521248063E-6
0.049, 3.57813815930477E-6
0.052, 3.7802970563146E-6
0.0549999999999999, 3.98053580675027E-6
0.0579999999999999, 4.17903323997594E-6
0.0609999999999999, 4.37019476777469E-6
0.0639999999999999, 4.56035100984321E-6
0.0669999999999999, 4.74700106915919E-6
0.0699999999999999, 4.92750686440397E-6
0.0729999999999999, 5.11163298181316E-6
0.0759999999999999, 5.2897176710121E-6
0.0789999999999999, 5.46318023524103E-6
0.0819999999999999, 5.63554426099545E-6
0.0849999999999999, 5.80634760970819E-6
0.0879999999999999, 5.97161148077243E-6
0.091, 6.1336639017444E-6
0.094, 6.29390995201387E-6
0.097, 6.45277438429061E-6
0.1, 6.603396432716E-6
0.103, 6.75631629731854E-6
0.106, 6.90260461951104E-6
0.109, 7.04744470446869E-6
0.112, 7.19184612051671E-6
0.115, 7.32861039666825E-6
0.118, 7.46386302659607E-6
0.121, 7.59703416937999E-6
0.124, 7.72614637453493E-6
0.127, 7.85308598811955E-6
0.13, 7.9765059970212E-6
0.133, 8.09457185467079E-6
0.136, 8.21386195363363E-6
0.139, 8.32977885808841E-6
0.142, 8.43941622029574E-6
0.145, 8.54713224693871E-6
0.148, 8.65342064246557E-6
0.151, 8.75512735387981E-6
0.154, 8.85614428133823E-6
0.157, 8.95452662239089E-6
0.16, 9.04608973122032E-6
0.163, 9.14102357019539E-6
0.166, 9.22820806372796E-6
0.169, 9.31525196912536E-6
0.172, 9.39749050689874E-6
0.175, 9.47799234627917E-6
0.178, 9.55676227824281E-6
0.181, 9.62996539398592E-6
0.184, 9.70776065973616E-6
0.187, 9.77634700993498E-6
0.19, 9.84315013775261E-6
0.193, 9.91258081444998E-6
0.196, 9.97331180039473E-6
0.199, 1.00390169294313E-5
0.202, 1.00955580377793E-5
0.205, 1.01548093635726E-5
0.208, 1.02131136454847E-5
0.211, 1.02645530434635E-5
0.214, 1.03186686391412E-5
0.217, 1.03706603590082E-5
0.22, 1.04187856857734E-5
0.223, 1.04661876342134E-5
0.226, 1.05154499915284E-5
0.229, 1.05553238927896E-5
0.232, 1.06005854019693E-5
0.235, 1.0639986134482E-5
0.238, 1.06817409358298E-5
0.241, 1.07194563775831E-5
0.244, 1.07591676547747E-5
0.247, 1.07941326682078E-5
0.25, 1.08313034805102E-5
0.253, 1.08622113594717E-5
0.256, 1.08971916830249E-5
0.259, 1.09308731460352E-5
0.262, 1.0961274780116E-5
0.265, 1.09905793833987E-5
0.268, 1.10218048153765E-5
0.271, 1.10509433613494E-5
0.274, 1.10769439905783E-5
0.277, 1.11074931417E-5
0.28, 1.11339218459046E-5
0.283, 1.11591550818412E-5
0.286, 1.11863340143129E-5
0.289, 1.12081585803495E-5
0.292, 1.12323447274964E-5
0.295, 1.12573153647054E-5
0.298, 1.12780360420621E-5
0.301, 1.1305630586905E-5
0.304, 1.13271583961609E-5
0.307, 1.1350961344518E-5
0.31, 1.13716752136389E-5
0.313, 1.13904854161858E-5
0.316, 1.14111887387935E-5
0.319, 1.14315423809008E-5
0.322, 1.14534523758782E-5
0.325, 1.14718684023076E-5
0.328, 1.14876048426729E-5
0.331, 1.15076873952271E-5
0.334, 1.15256934748151E-5
0.337, 1.1546003433518E-5
0.34, 1.15616165645308E-5
0.343, 1.15814876513086E-5
0.346, 1.15973589402674E-5
0.349, 1.16141304462582E-5
0.352, 1.16340697890129E-5
0.355, 1.16478646037426E-5
0.358, 1.16643380519028E-5
0.361, 1.16782604720918E-5
0.364, 1.16931096573925E-5
0.367, 1.17107068110879E-5
0.37, 1.17231674216895E-5
0.373, 1.17392120348616E-5
0.376, 1.17548836610963E-5
0.379, 1.17700322542084E-5
0.382, 1.17837152909369E-5
0.385, 1.17963781252817E-5
0.388, 1.18112488186421E-5
0.391, 1.1824466148723E-5
0.394, 1.18401638361884E-5
0.397, 1.1852124540285E-5
0.4, 1.18662756518402E-5
0.403, 1.18774228783334E-5
0.406, 1.18928555834914E-5
0.409, 1.19019576215162E-5
0.412, 1.19193496966247E-5
0.415, 1.1927671298155E-5
0.418, 1.19405629123086E-5
0.421, 1.1952355753219E-5
0.424, 1.19634722745769E-5
0.427, 1.19767272237284E-5
0.43, 1.19871810493898E-5
0.433, 1.20006630536545E-5
0.436, 1.20124691545927E-5

0.439363574211428, 1.20339839659936E-5

-0.365, -1.16432773092823E-5
-0.362, -1.16259283881982E-5
-0.359, -1.16144353955034E-5
-0.356, -1.15982824614408E-5
-0.353, -1.15822207761689E-5
-0.35, -1.15635240713789E-5
-0.347, -1.154921989198E-5
-0.344, -1.15323675630952E-5
-0.341, -1.15152498068341E-5
-0.338, -1.14960395803954E-5
-0.335, -1.14824425477974E-5
-0.332, -1.14612460324554E-5
-0.329, -1.14460829945553E-5
-0.326, -1.14265625866557E-5
-0.323, -1.14070255704484E-5
-0.32, -1.13887258469573E-5
-0.317, -1.13685002527585E-5
-0.314, -1.13470804409257E-5
-0.311, -1.13303509679697E-5
-0.308, -1.13092634224159E-5
-0.305, -1.12879688126628E-5
-0.302, -1.12672641697043E-5
-0.299, -1.12457889320384E-5
-0.296, -1.12240179817102E-5
-0.293, -1.119970764323E-5
-0.29, -1.11788114038686E-5
-0.287, -1.11530398701014E-5
-0.284, -1.11309449495716E-5
-0.281, -1.11020215279939E-5
-0.278, -1.10766634048897E-5
-0.275, -1.10522227368998E-5
-0.272, -1.10240648395412E-5
-0.269, -1.09991597371138E-5
-0.266, -1.09710906404806E-5
-0.263, -1.09392179590882E-5
-0.26, -1.09116746917298E-5
-0.257, -1.08801529187463E-5
-0.254, -1.08497087640477E-5
-0.251, -1.08160613033223E-5
-0.248, -1.07813951901778E-5
-0.245, -1.07492175756681E-5
-0.242, -1.07091464747235E-5
-0.239, -1.06783083034221E-5
-0.236, -1.06375212912135E-5
-0.233, -1.05982212959632E-5
-0.23, -1.05571929460883E-5
-0.227, -1.05133901982761E-5
-0.224, -1.04723802053504E-5
-0.221, -1.04296918831436E-5
-0.218, -1.03796977827619E-5
-0.215, -1.03332884837421E-5
-0.212, -1.02842139065401E-5
-0.209, -1.02321176112086E-5
-0.206, -1.017504282201E-5
-0.203, -1.01226508493028E-5
-0.2, -1.00642666299536E-5
-0.197, -1.00075028077517E-5
-0.194, -9.94535355971685E-6
-0.191, -9.88155512285001E-6
-0.188, -9.81626720040344E-6
-0.185, -9.74990849310068E-6
-0.182, -9.68025227088315E-6
-0.179, -9.60983639611141E-6
-0.176, -9.53311298969414E-6
-0.173, -9.45888860989388E-6
-0.17, -9.37649619773538E-6
-0.167, -9.29503294719084E-6
-0.164, -9.21102002492391E-6
-0.161, -9.12260598273055E-6
-0.158, -9.03503477632882E-6
-0.155, -8.94091588943469E-6
-0.152, -8.84694341833083E-6
-0.149, -8.74829637184976E-6
-0.146, -8.64741040533048E-6
-0.143, -8.54125023764888E-6
-0.14, -8.43444830168831E-6
-0.137, -8.32637937516451E-6
-0.134, -8.21395303572277E-6
-0.131, -8.09780115317304E-6
-0.128, -7.97962874279383E-6
-0.125, -7.855901983513E-6
-0.122, -7.73419931294416E-6
-0.119, -7.60633366990243E-6
-0.116, -7.4735497338942E-6
-0.113, -7.34123901429627E-6
-0.11, -7.20189743927227E-6
-0.107, -7.06459365540067E-6
-0.104, -6.92010277742985E-6
-0.101, -6.77631561776452E-6
-0.098, -6.63160246295687E-6
-0.095, -6.47701406628493E-6
-0.092, -6.32305471613244E-6
-0.089, -6.162841884073E-6
-0.086, -6.00536643187679E-6
-0.083, -5.84091329319095E-6
-0.08, -5.67830321320866E-6
-0.077, -5.50678193051037E-6
-0.0740000000000001, -5.33580555852649E-6
-0.0710000000000001, -5.16435110002525E-6
-0.0680000000000001, -4.98369027477005E-6
-0.0650000000000001, -4.80648508242266E-6
-0.0620000000000001, -4.62225465280689E-6
-0.0590000000000001, -4.43999597825795E-6
-0.0560000000000001, -4.25407433304894E-6
-0.053, -4.06277783460209E-6
-0.0500000000000001, -3.86962239375596E-6
-0.047, -3.67386848964046E-6
-0.044, -3.47896655487635E-6
-0.041, -3.27802566791494E-6
-0.038, -3.07547631594834E-6
-0.035, -2.86737943704369E-6
-0.032, -2.65943213844486E-6
-0.029, -2.45104260485083E-6
-0.026, -2.23676926983233E-6
-0.023, -2.01743137658651E-6
-0.02, -1.79359262216082E-6
-0.017, -1.56867380662977E-6
-0.014, -1.34118850291481E-6
-0.0110000000000001, -1.10736885891241E-6
-0.00800000000000006, -8.69268482869422E-7
-0.00500000000000006, -6.28447146113007E-7
-0.00200000000000006, -3.83652234121814E-7
0.000999999999999945, -1.28633654730683E-7
0.00399999999999995, 1.27607497155101E-7
0.00699999999999995, 3.82307502917614E-7
0.00999999999999995, 6.34949310859654E-7
0.013, 8.83485749429828E-7
0.016, 1.12809881374935E-6
0.019, 1.36880982731048E-6
0.022, 1.60888044310352E-6
0.025, 1.84186515111975E-6
0.028, 2.07116558505526E-6
0.031, 2.29694064476954E-6
0.034, 2.51860563302574E-6
0.037, 2.73742786616074E-6
0.04, 2.95107444609758E-6
0.043, 3.16417810450283E-6
0.046, 3.37251453106486E-6
0.049, 3.5779935769378E-6
0.0519999999999999, 3.78035849196856E-6
0.0549999999999999, 3.98183411067052E-6
0.0579999999999999, 4.17616691356709E-6
0.0609999999999999, 4.36884126077917E-6
0.0639999999999999, 4.56143793290536E-6
0.0669999999999999, 4.74483615455762E-6
0.0699999999999999, 4.92970036567534E-6
0.0729999999999999, 5.1118732980722E-6
0.076, 5.2897699787824E-6
0.079, 5.46358471692444E-6
0.082, 5.63691189123473E-6
0.085, 5.8051472900866E-6
0.088, 5.96997970200422E-6
0.091, 6.13319761894157E-6
0.094, 6.29265092166483E-6
0.097, 6.45238958641372E-6
0.1, 6.60573367628761E-6
0.103, 6.75683618436309E-6
0.106, 6.90316624792047E-6
0.109, 7.04801684959142E-6
0.112, 7.19130298761555E-6
0.115, 7.32773408149756E-6
0.118, 7.46379530565722E-6
0.121, 7.59871492765366E-6
0.124, 7.72535860111649E-6
0.127, 7.85306814793905E-6
0.13, 7.97703950220506E-6
0.133, 8.09752666480586E-6
0.136, 8.21386674837074E-6
0.139, 8.32980776034056E-6
0.142, 8.43969839625069E-6
0.145, 8.5489089257492E-6
0.148, 8.65241188731118E-6
0.151, 8.75811530069685E-6
0.154, 8.85539793043845E-6
0.157, 8.95338146478535E-6
0.16, 9.04822591828658E-6
0.163, 9.13719706610332E-6
0.166, 9.22725236208448E-6
0.169, 9.31450619996709E-6
0.172, 9.39578318354923E-6
0.175, 9.47651710272769E-6
0.178, 9.55425325101262E-6
0.181, 9.62912389273445E-6
0.184, 9.70170550873363E-6
0.187, 9.77467732076727E-6
0.19, 9.8465612695528E-6
0.193, 9.909940130952E-6
0.196, 9.97658648149528E-6
0.199, 1.00364111216216E-5
0.202, 1.00960284630175E-5
0.205, 1.01568327561369E-5
0.208, 1.02098404718256E-5
0.211, 1.0266588567575E-5
0.214, 1.03175450491396E-5
0.217, 1.03703440884258E-5
0.22, 1.0417334733775E-5
0.223, 1.04644073693972E-5
0.226, 1.05129625106823E-5
0.229, 1.05571083955763E-5
0.232, 1.06012209155564E-5
0.235, 1.06424789914679E-5
0.238, 1.06800583409586E-5
0.241, 1.07197432028462E-5
0.244, 1.07585613893377E-5
0.247, 1.07948388326059E-5
0.25, 1.08309295136027E-5
0.253, 1.08646848146787E-5
0.256, 1.0896318529011E-5
0.259, 1.09288401944104E-5
0.262, 1.09641576300551E-5
0.265, 1.09941753290738E-5
0.268, 1.10226037426778E-5
0.271, 1.10507978996277E-5
0.274, 1.10789956624189E-5
0.277, 1.11052491827326E-5
0.28, 1.11312669768747E-5
0.283, 1.11588744231804E-5
0.286, 1.11859817172287E-5
0.289, 1.12078186303943E-5
0.292, 1.12336069268408E-5
0.295, 1.12560468897558E-5
0.298, 1.12807459906017E-5
0.301, 1.13019706295079E-5
0.304, 1.13263706741895E-5
0.307, 1.13473833185605E-5
0.31, 1.13699666207593E-5
0.313, 1.13909296953165E-5
0.316, 1.14082691172148E-5
0.319, 1.14299056597528E-5
0.322, 1.1451675371605E-5
0.325, 1.14694498390431E-5
0.328, 1.14897883732191E-5
0.331, 1.15080231820276E-5
0.334, 1.15258416862068E-5
0.337, 1.15449595267302E-5
0.34, 1.15635470893019E-5
0.343, 1.15824557015488E-5
0.346, 1.1600036195872E-5
0.349, 1.16134192071914E-5
0.352, 1.16297392269287E-5
0.355, 1.16461823867663E-5
0.358, 1.16650907724777E-5
0.361, 1.16785631030515E-5
0.364, 1.1694682315385E-5
0.367, 1.17111170080061E-5
0.37, 1.17245574958969E-5
0.373, 1.17405281752322E-5
0.376, 1.17531958095336E-5
0.379, 1.17713525027417E-5
0.382, 1.17840524756349E-5
0.385, 1.1795821758253E-5
0.388, 1.18131854405561E-5
0.391, 1.18261203173945E-5
0.394, 1.18402656061618E-5
0.397, 1.18527939346365E-5
0.4, 1.18664945145315E-5
0.403, 1.18783974740384E-5
0.406, 1.18912578020402E-5
0.409, 1.19036184073548E-5
0.412, 1.19179826920242E-5
0.415, 1.1929791397564E-5
0.418, 1.19418792604909E-5
0.421, 1.19539138110161E-5
0.424, 1.19650157192484E-5
0.427, 1.19769277967946E-5
0.43, 1.19887752331832E-5
0.433, 1.20018580162839E-5

0.439350920138831, 1.20333837630726E-5

-0.368, -1.16601198096384E-5
-0.365, -1.16460519335554E-5
-0.362, -1.16286903108505E-5
-0.359, -1.16150989140635E-5
-0.356, -1.15998593487273E-5
-0.353, -1.15847369361665E-5
-0.35, -1.15689992117652E-5
-0.347, -1.15470846360024E-5
-0.344, -1.15356429227393E-5
-0.341, -1.15185517711462E-5
-0.338, -1.14980471035265E-5
-0.335, -1.14843688496913E-5
-0.332, -1.1465833108043E-5
-0.329, -1.14451407676953E-5
-0.326, -1.14276494928689E-5
-0.323, -1.1409327401436E-5
-0.32, -1.13889518526028E-5
-0.317, -1.136998374579E-5
-0.314, -1.13499917468587E-5
-0.311, -1.13286463078756E-5
-0.308, -1.13105651323581E-5
-0.305, -1.12904627095406E-5
-0.302, -1.12687132290568E-5
-0.299, -1.12479444321249E-5
-0.296, -1.12249141499736E-5
-0.293, -1.12008498161149E-5
-0.29, -1.11787358670247E-5
-0.287, -1.11539009024765E-5
-0.284, -1.11297032758001E-5
-0.281, -1.11081764960444E-5
-0.278, -1.10788174095098E-5
-0.275, -1.10533471266797E-5
-0.272, -1.10269681295701E-5
-0.269, -1.09980414431341E-5
-0.266, -1.09699511345689E-5
-0.263, -1.09451340778048E-5
-0.26, -1.091325957542E-5
-0.257, -1.08805885390956E-5
-0.254, -1.08463887067635E-5
-0.251, -1.08166974018524E-5
-0.248, -1.07825780265543E-5
-0.245, -1.07498058551271E-5
-0.242, -1.07160833228305E-5
-0.239, -1.06750692427692E-5
-0.236, -1.0638020991165E-5
-0.233, -1.06008880813094E-5
-0.23, -1.05583678198896E-5
-0.227, -1.05170943120359E-5
-0.224, -1.04723851390675E-5
-0.221, -1.04305362602344E-5
-0.218, -1.03836520654846E-5
-0.215, -1.03330293599181E-5
-0.212, -1.0283634287706E-5
-0.209, -1.02308338851737E-5
-0.206, -1.01788026299701E-5
-0.203, -1.01221791709839E-5
-0.2, -1.00666375486835E-5
-0.197, -1.00064091937193E-5
-0.194, -9.94806352159682E-6
-0.191, -9.88410393186169E-6
-0.188, -9.81695532078289E-6
-0.185, -9.75066188511E-6
-0.182, -9.68006162717948E-6
-0.179, -9.60750998860451E-6
-0.176, -9.53528300849233E-6
-0.173, -9.45448154482138E-6
-0.17, -9.38007004027606E-6
-0.167, -9.29543503490236E-6
-0.164, -9.21328749975309E-6
-0.161, -9.12184134602295E-6
-0.158, -9.03339390999531E-6
-0.155, -8.94147250232036E-6
-0.152, -8.84573433334679E-6
-0.149, -8.74860592726932E-6
-0.146, -8.64678213045349E-6
-0.143, -8.5408927191374E-6
-0.14, -8.43750471810526E-6
-0.137, -8.32573030035456E-6
-0.134, -8.21264556182878E-6
-0.131, -8.09786195802601E-6
-0.128, -7.97797276478492E-6
-0.125, -7.85874205795752E-6
-0.122, -7.7337248836346E-6
-0.119, -7.60756352337409E-6
-0.116, -7.47571090680644E-6
-0.113, -7.34350463337874E-6
-0.11, -7.20403329307974E-6
-0.107, -7.06632512905278E-6
-0.104, -6.92214113632724E-6
-0.101, -6.7754874065634E-6
-0.098, -6.63021452473262E-6
-0.095, -6.47897509074209E-6
-0.092, -6.32467872470599E-6
-0.089, -6.16524417927068E-6
-0.086, -6.00104907088834E-6
-0.083, -5.84053570740885E-6
-0.08, -5.67617060883063E-6
-0.0770000000000001, -5.51036440757067E-6
-0.0740000000000001, -5.33767675410047E-6
-0.0710000000000001, -5.16210292640112E-6
-0.0680000000000001, -4.98457924251443E-6
-0.0650000000000001, -4.8041320055377E-6
-0.0620000000000001, -4.62588607971338E-6
-0.0590000000000001, -4.44140995456879E-6
-0.0560000000000001, -4.25314782001826E-6
-0.053, -4.06142386139328E-6
-0.0500000000000001, -3.86957897696763E-6
-0.047, -3.6761623323644E-6
-0.044, -3.47832330193734E-6
-0.041, -3.27691175260933E-6
-0.038, -3.0740147063792E-6
-0.035, -2.86869144041066E-6
-0.032, -2.66107533159562E-6
-0.029, -2.44772829971328E-6
-0.026, -2.23481563043262E-6
-0.023, -2.01692726192534E-6
-0.02, -1.79814411798213E-6
-0.017, -1.57127639768797E-6
-0.0140000000000001, -1.33957924575917E-6
-0.0110000000000001, -1.10404160300525E-6
-0.00800000000000006, -8.73928618540419E-7
-0.00500000000000006, -6.28358989587021E-7
-0.00200000000000006, -3.8318605656581E-7
0.000999999999999945, -1.30235556032127E-7
0.00399999999999995, 1.2662319180103E-7
0.00699999999999995, 3.83149358543228E-7
0.00999999999999995, 6.35407669688935E-7
0.013, 8.84569376830582E-7
0.016, 1.12884105996544E-6
0.019, 1.3711155629554E-6
0.022, 1.60965486401671E-6
0.025, 1.84306561213145E-6
0.028, 2.0724117465123E-6
0.031, 2.29834414921868E-6
0.034, 2.51832361918696E-6
0.037, 2.73664593913744E-6
0.04, 2.95147987607135E-6
0.043, 3.16562620524458E-6
0.046, 3.37311919137229E-6
0.0489999999999999, 3.58054046023537E-6
0.0519999999999999, 3.78183193313116E-6
0.0549999999999999, 3.98043736206642E-6
0.0579999999999999, 4.17574509659899E-6
0.0609999999999999, 4.36865116101827E-6
0.0639999999999999, 4.56038642948692E-6
0.0669999999999999, 4.7481609148952E-6
0.0699999999999999, 4.92849311923017E-6
0.0729999999999999, 5.10925099028243E-6
0.076, 5.28988451046872E-6
0.079, 5.46304417016711E-6
0.082, 5.63607009159518E-6
0.085, 5.8040216110572E-6
0.088, 5.97220820222578E-6
0.091, 6.13480397094206E-6
0.094, 6.292139220383E-6
0.097, 6.44969224915475E-6
0.1, 6.60476691127902E-6
0.103, 6.75651955742694E-6
0.106, 6.90478230359269E-6
0.109, 7.0472367469499E-6
0.112, 7.18974399768887E-6
0.115, 7.32580373037561E-6
0.118, 7.46397464002108E-6
0.121, 7.59828760377583E-6
0.124, 7.72597281173055E-6
0.127, 7.8526960855336E-6
0.13, 7.97525045730114E-6
0.133, 8.09722149017874E-6
0.136, 8.21400536156347E-6
0.139, 8.33183036061038E-6
0.142, 8.43998627718491E-6
0.145, 8.54879188709291E-6
0.148, 8.65354643082813E-6
0.151, 8.75469991347261E-6
0.154, 8.85699336728683E-6
0.157, 8.95386649694859E-6
0.16, 9.04782294482454E-6
0.163, 9.14050676531545E-6
0.166, 9.22646878527635E-6
0.169, 9.31262108597656E-6
0.172, 9.39723764049923E-6
0.175, 9.47889563266758E-6
0.178, 9.55652662635099E-6
0.181, 9.6305540100581E-6
0.184, 9.70393133880218E-6
0.187, 9.77399244835633E-6
0.19, 9.84332021793786E-6
0.193, 9.91060822759605E-6
0.196, 9.97557650335325E-6
0.199, 1.00376477980297E-5
0.202, 1.00969209782209E-5
0.205, 1.01530857858448E-5
0.208, 1.02113900336763E-5
0.211, 1.02653012046619E-5
0.214, 1.03175746805861E-5
0.217, 1.03699157525217E-5
0.22, 1.041815006334E-5
0.223, 1.04641570382143E-5
0.226, 1.05110971538995E-5
0.229, 1.0553991268042E-5
0.232, 1.05985401500761E-5
0.235, 1.06398059224288E-5
0.238, 1.0678753762754E-5
0.241, 1.07183078540132E-5
0.244, 1.07544512388458E-5
0.247, 1.07948706770723E-5
0.25, 1.08287630994239E-5
0.253, 1.08642259201781E-5
0.256, 1.08964875258978E-5
0.259, 1.09302141107761E-5
0.262, 1.09605873967685E-5
0.265, 1.09911908929058E-5
0.268, 1.10202249694939E-5
0.271, 1.10492081889264E-5
0.274, 1.10776668517632E-5
0.277, 1.11052080989597E-5
0.28, 1.11308812263417E-5
0.283, 1.11578848483169E-5
0.286, 1.11838031451512E-5
0.289, 1.12085754407672E-5
0.292, 1.12329206161964E-5
0.295, 1.1259077432739E-5
0.298, 1.12803850977626E-5
0.301, 1.13028067470571E-5
0.304, 1.13281107406381E-5
0.307, 1.13503226162245E-5
0.31, 1.13725062851066E-5
0.313, 1.13896109219942E-5
0.316, 1.1408893765175E-5
0.319, 1.14294502696538E-5
0.322, 1.14503754242941E-5
0.325, 1.14710540183369E-5
0.328, 1.148824484412E-5
0.331, 1.15073283666287E-5
0.334, 1.15250903827184E-5
0.337, 1.1542492313655E-5
0.34, 1.15649178152438E-5
0.343, 1.15805224826114E-5
0.346, 1.1598449076605E-5
0.349, 1.16132117539968E-5
0.352, 1.1630482012295E-5
0.355, 1.16480537886095E-5
0.358, 1.1662844605883E-5
0.361, 1.16789583041977E-5
0.364, 1.16959561969345E-5
0.367, 1.17103876890012E-5
0.37, 1.1725633449577E-5
0.373, 1.17385645091234E-5
0.376, 1.17555401472563E-5
0.379, 1.17661691515622E-5
0.382, 1.17831348503028E-5
0.385, 1.18002895389105E-5
0.388, 1.18120267012217E-5
0.391, 1.18260996045212E-5
0.394, 1.18366787095574E-5
0.397, 1.1848538958407E-5
0.4, 1.18636672854329E-5
0.403, 1.18791432759145E-5
0.406, 1.18916693788538E-5
0.409, 1.19008701845052E-5
0.412, 1.19176624625094E-5
0.415, 1.19288679884568E-5
0.418, 1.19420084332266E-5
0.421, 1.19535410052064E-5
0.424, 1.19652568662946E-5
0.427, 1.19777920654582E-5
0.43, 1.19876116970951E-5

0.439332767230367, 1.20326106006841E-5

-0.371, -1.16746641397853E-5
-0.368, -1.16588554660776E-5
-0.365, -1.16448992740725E-5
-0.362, -1.16308364390095E-5
-0.359, -1.16164064154755E-5
-0.356, -1.15980131964313E-5
-0.353, -1.15837011308729E-5
-0.35, -1.15679080052282E-5
-0.347, -1.15519876896809E-5
-0.344, -1.15324840342433E-5
-0.341, -1.15161296199856E-5
-0.338, -1.15000210291928E-5
-0.335, -1.14815627334745E-5
-0.332, -1.14655646707415E-5
-0.329, -1.14486888531079E-5
-0.326, -1.14308953537322E-5
-0.323, -1.14096706312436E-5
-0.32, -1.13894834194734E-5
-0.317, -1.13702483187865E-5
-0.314, -1.13518495467367E-5
-0.311, -1.13317968719427E-5
-0.308, -1.13124703280073E-5
-0.305, -1.12895121448182E-5
-0.302, -1.12666310480984E-5
-0.299, -1.12496745918218E-5
-0.296, -1.1222994826385E-5
-0.293, -1.12035367339324E-5
-0.29, -1.11792271075089E-5
-0.287, -1.11549858352109E-5
-0.284, -1.1133212228638E-5
-0.281, -1.11059854534437E-5
-0.278, -1.1079173711961E-5
-0.275, -1.10540444254616E-5
-0.272, -1.10291891356712E-5
-0.269, -1.09978640499748E-5
-0.266, -1.09701423983588E-5
-0.263, -1.09431937313118E-5
-0.26, -1.09129341924554E-5
-0.257, -1.0883230351291E-5
-0.254, -1.08487319111699E-5
-0.251, -1.08158830667319E-5
-0.248, -1.07854442667934E-5
-0.245, -1.0750355212957E-5
-0.242, -1.07139215578559E-5
-0.239, -1.0677452693804E-5
-0.236, -1.06405691809219E-5
-0.233, -1.06002834750036E-5
-0.23, -1.05579262898774E-5
-0.227, -1.05182008515767E-5
-0.224, -1.04727425184296E-5
-0.221, -1.04284717432085E-5
-0.218, -1.03827664348567E-5
-0.215, -1.03343048633541E-5
-0.212, -1.02830264786831E-5
-0.209, -1.02293875560994E-5
-0.206, -1.01783704705307E-5
-0.203, -1.01224017195306E-5
-0.2, -1.00659596141003E-5
-0.197, -1.00080836767024E-5
-0.194, -9.94609626420027E-6
-0.191, -9.88357848392756E-6
-0.188, -9.81851694310981E-6
-0.185, -9.74892817376092E-6
-0.182, -9.67938097584879E-6
-0.179, -9.60679485495899E-6
-0.176, -9.5337428498744E-6
-0.173, -9.45461418597105E-6
-0.17, -9.3776376197114E-6
-0.167, -9.29674496667009E-6
-0.164, -9.21321172062784E-6
-0.161, -9.12631846344228E-6
-0.158, -9.0334560643507E-6
-0.155, -8.94306175230268E-6
-0.152, -8.8438056056785E-6
-0.149, -8.74721931336973E-6
-0.146, -8.64802173112146E-6
-0.143, -8.54133034016866E-6
-0.14, -8.4348008177038E-6
-0.137, -8.32505184926331E-6
-0.134, -8.21488187599575E-6
-0.131, -8.09871773540574E-6
-0.128, -7.97617970660554E-6
-0.125, -7.85861711006287E-6
-0.122, -7.73158157952992E-6
-0.119, -7.60672973316354E-6
-0.116, -7.47287089571233E-6
-0.113, -7.3409118450505E-6
-0.11, -7.20381935491826E-6
-0.107, -7.06402514464538E-6
-0.104, -6.92058155881546E-6
-0.101, -6.77643236158566E-6
-0.098, -6.62621432714652E-6
-0.095, -6.4785930388482E-6
-0.092, -6.32449784102194E-6
-0.089, -6.16467202670455E-6
-0.086, -6.00546908167227E-6
-0.083, -5.84284943659143E-6
-0.0800000000000001, -5.67648655690475E-6
-0.0770000000000001, -5.50702950880413E-6
-0.0740000000000001, -5.33322027244104E-6
-0.0710000000000001, -5.16050539676166E-6
-0.0680000000000001, -4.98361547142899E-6
-0.0650000000000001, -4.80537733029832E-6
-0.0620000000000001, -4.62426634688185E-6
-0.0590000000000001, -4.4394694232432E-6
-0.0560000000000001, -4.25218062899114E-6
-0.053, -4.06405281444844E-6
-0.0500000000000001, -3.87304941580689E-6
-0.047, -3.67709219170149E-6
-0.044, -3.47733013974721E-6
-0.041, -3.27961616581803E-6
-0.038, -3.072899372291E-6
-0.035, -2.87022475266391E-6
-0.032, -2.66077958659135E-6
-0.029, -2.45190485169985E-6
-0.026, -2.23432579450491E-6
-0.023, -2.01751840967657E-6
-0.02, -1.79657763256379E-6
-0.0170000000000001, -1.57308890410871E-6
-0.0140000000000001, -1.34131044564209E-6
-0.0110000000000001, -1.11233958859965E-6
-0.00800000000000006, -8.71117658245406E-7
-0.00500000000000006, -6.29384918700924E-7
-0.00200000000000006, -3.82917054149034E-7
0.000999999999999945, -1.31634091595189E-7
0.00399999999999995, 1.25005908849596E-7
0.00699999999999995, 3.80375544145295E-7
0.00999999999999995, 6.34201722271955E-7
0.013, 8.8471425501366E-7
0.016, 1.12799139291833E-6
0.019, 1.36771097862702E-6
0.022, 1.6084300759187E-6
0.025, 1.84017944232249E-6
0.028, 2.07111258533301E-6
0.031, 2.29693146671334E-6
0.034, 2.51971533209088E-6
0.037, 2.73824701935373E-6
0.04, 2.95064839455147E-6
0.043, 3.16505786943106E-6
0.0459999999999999, 3.37353270044874E-6
0.0489999999999999, 3.57866167943863E-6
0.0519999999999999, 3.78259794693885E-6
0.0549999999999999, 3.97878673986158E-6
0.0579999999999999, 4.17567698620601E-6
0.0609999999999999, 4.36973174680455E-6
0.0639999999999999, 4.56014489995512E-6
0.0669999999999999, 4.74675667546616E-6
0.0699999999999999, 4.93032905908806E-6
0.0729999999999999, 5.11043920661847E-6
0.076, 5.28814580062522E-6
0.079, 5.46363784035932E-6
0.082, 5.63739089682217E-6
0.085, 5.80490922765118E-6
0.088, 5.97324544199999E-6
0.091, 6.13453440639659E-6
0.094, 6.29192578179901E-6
0.097, 6.45125285247504E-6
0.1, 6.60411807097109E-6
0.103, 6.75303818142859E-6
0.106, 6.90376361787753E-6
0.109, 7.04731451968629E-6
0.112, 7.19072632001935E-6
0.115, 7.32503726184815E-6
0.118, 7.46354200032589E-6
0.121, 7.59516252372131E-6
0.124, 7.72649966939548E-6
0.127, 7.85214863235982E-6
0.13, 7.97671001517593E-6
0.133, 8.09596659257465E-6
0.136, 8.21272655925889E-6
0.139, 8.32866050202615E-6
0.142, 8.44124804943989E-6
0.145, 8.54742479977945E-6
0.148, 8.65443748587591E-6
0.151, 8.75579694369374E-6
0.154, 8.85579448104819E-6
0.157, 8.9526740864546E-6
0.16, 9.04498461272959E-6
0.163, 9.14001970059874E-6
0.166, 9.22907373768685E-6
0.169, 9.31186015217752E-6
0.172, 9.39438774032399E-6
0.175, 9.47393992142511E-6
0.178, 9.55451739096387E-6
0.181, 9.63311437523579E-6
0.184, 9.70325794502747E-6
0.187, 9.77769364681776E-6
0.19, 9.84304733600053E-6
0.193, 9.90774388874413E-6
0.196, 9.97542889812103E-6
0.199, 1.0036786433461E-5
0.202, 1.00967871782612E-5
0.205, 1.01552219402471E-5
0.208, 1.02089947002971E-5
0.211, 1.02655253087188E-5
0.214, 1.03194643316207E-5
0.217, 1.03681888011005E-5
0.22, 1.0420040439325E-5
0.223, 1.04649251101304E-5
0.226, 1.05114205854318E-5
0.229, 1.05546864450881E-5
0.232, 1.05987780237145E-5
0.235, 1.06402859422279E-5
0.238, 1.06830552941962E-5
0.241, 1.0717230295342E-5
0.244, 1.07591152673444E-5
0.247, 1.07926970902488E-5
0.25, 1.08270147091016E-5
0.253, 1.08604946576457E-5
0.256, 1.08963014001E-5
0.259, 1.09277689394895E-5
0.262, 1.09618402467481E-5
0.265, 1.09895960182566E-5
0.268, 1.10200689914398E-5
0.271, 1.10507484508849E-5
0.274, 1.1078671465392E-5
0.277, 1.11090694018826E-5
0.28, 1.1132474519954E-5
0.283, 1.11584042398562E-5
0.286, 1.11820379548786E-5
0.289, 1.12099272705573E-5
0.292, 1.12335460642319E-5
0.295, 1.12587871957054E-5
0.298, 1.12818886291843E-5
0.301, 1.13018993064238E-5
0.304, 1.13255029858595E-5
0.307, 1.13467042844817E-5
0.31, 1.13668078729274E-5
0.313, 1.1389493338318E-5
0.316, 1.14113416906231E-5
0.319, 1.14329790017078E-5
0.322, 1.14477273375731E-5
0.325, 1.1470212433224E-5
0.328, 1.14907927919491E-5
0.331, 1.1507759840324E-5
0.334, 1.15248310653573E-5
0.337, 1.15443191117512E-5
0.34, 1.15622717188975E-5
0.343, 1.15770790889049E-5
0.346, 1.15973983578799E-5
0.349, 1.16140258087557E-5
0.352, 1.16316807755959E-5
0.355, 1.16481189067276E-5
0.358, 1.16632837799412E-5
0.361, 1.1675619791498E-5
0.364, 1.16937469025985E-5
0.367, 1.17113388492598E-5
0.37, 1.17243458413727E-5
0.373, 1.17380645067859E-5
0.376, 1.17548384745005E-5
0.379, 1.17692320403315E-5
0.382, 1.17816976689363E-5
0.385, 1.17970647506062E-5
0.388, 1.18124994468714E-5
0.391, 1.18252492211004E-5
0.394, 1.1838072372771E-5
0.397, 1.18509160828237E-5
0.4, 1.18650283083976E-5
0.403, 1.187825088796E-5
0.406, 1.18932516844476E-5
0.409, 1.19028702998235E-5
0.412, 1.19165836056165E-5
0.415, 1.19283720201586E-5
0.418, 1.19421944082196E-5
0.421, 1.19536604039252E-5
0.424, 1.19649263414496E-5
0.427, 1.19770675192464E-5

0.43935323090447, 1.20312599343065E-5

-0.374, -1.16884533614536E-5
-0.371, -1.16613077709429E-5
-0.368, -1.16638999190493E-5
-0.365, -1.16521119229838E-5
-0.362, -1.16400251453764E-5
-0.359, -1.16243398908617E-5
-0.356, -1.16060156512185E-5
-0.353, -1.15894959924098E-5
-0.35, -1.15715712340998E-5
-0.347, -1.15568432138282E-5
-0.344, -1.153749487248E-5
-0.341, -1.15199398957369E-5
-0.338, -1.15013908120057E-5
-0.335, -1.14841864880436E-5
-0.332, -1.14665289482384E-5
-0.329, -1.14482241183303E-5
-0.326, -1.14309923342196E-5
-0.323, -1.14130208549263E-5
-0.32, -1.13887590832813E-5
-0.317, -1.13714328444743E-5
-0.314, -1.13512254495418E-5
-0.311, -1.13314619532653E-5
-0.308, -1.13118427163667E-5
-0.305, -1.12889412895804E-5
-0.302, -1.12675960017061E-5
-0.299, -1.12467670156884E-5
-0.296, -1.12260410743456E-5
-0.293, -1.12025571351075E-5
-0.29, -1.11808437572893E-5
-0.287, -1.11560351889698E-5
-0.284, -1.11291264704475E-5
-0.281, -1.11061082000537E-5
-0.278, -1.10799924153652E-5
-0.275, -1.10547989633795E-5
-0.272, -1.10275354517881E-5
-0.269, -1.09981720103191E-5
-0.266, -1.09694517131796E-5
-0.263, -1.09438721343316E-5
-0.26, -1.09125547998584E-5
-0.257, -1.0881581682628E-5
-0.254, -1.08494915563916E-5
-0.251, -1.08179600446172E-5
-0.248, -1.07835892333615E-5
-0.245, -1.07494377598363E-5
-0.242, -1.07117096307447E-5
-0.239, -1.06738821551113E-5
-0.236, -1.06386636926542E-5
-0.233, -1.06009142134862E-5
-0.23, -1.05575307331575E-5
-0.227, -1.05163705915055E-5
-0.224, -1.04725049667967E-5
-0.221, -1.04274646568402E-5
-0.218, -1.03818334625736E-5
-0.215, -1.03339291571735E-5
-0.212, -1.02845031505531E-5
-0.209, -1.02322802460891E-5
-0.206, -1.01782799981949E-5
-0.203, -1.01251720206465E-5
-0.2, -1.006814354769E-5
-0.197, -1.0005956486003E-5
-0.194, -9.94566881029842E-6
-0.191, -9.88219007818918E-6
-0.188, -9.81751918649757E-6
-0.185, -9.75127155870324E-6
-0.182, -9.68010340136904E-6
-0.179, -9.60932287154185E-6
-0.176, -9.53593918849578E-6
-0.173, -9.45489582407302E-6
-0.17, -9.37949012111862E-6
-0.167, -9.29574715978608E-6
-0.164, -9.21244601324477E-6
-0.161, -9.12404241992749E-6
-0.158, -9.03549414998326E-6
-0.155, -8.94182382086092E-6
-0.152, -8.84514506799019E-6
-0.149, -8.74815486419123E-6
-0.146, -8.64849915403204E-6
-0.143, -8.54548834312693E-6
-0.14, -8.43566960448825E-6
-0.137, -8.32770888586588E-6
-0.134, -8.21440260741692E-6
-0.131, -8.09770950323359E-6
-0.128, -7.97897008043539E-6
-0.125, -7.85599455595003E-6
-0.122, -7.73345731590268E-6
-0.119, -7.60572786296362E-6
-0.116, -7.47505543799681E-6
-0.113, -7.34226470500111E-6
-0.11, -7.20373779227064E-6
-0.107, -7.06637107546824E-6
-0.104, -6.921771396687E-6
-0.101, -6.77773078559167E-6
-0.098, -6.62790118807481E-6
-0.095, -6.4783922398324E-6
-0.092, -6.31984782628181E-6
-0.089, -6.16666514106052E-6
-0.086, -6.00524069906466E-6
-0.0830000000000001, -5.84111610150452E-6
-0.0800000000000001, -5.67873241012881E-6
-0.0770000000000001, -5.51018420001417E-6
-0.0740000000000001, -5.33510737178869E-6
-0.0710000000000001, -5.16234234844057E-6
-0.0680000000000001, -4.98533445462202E-6
-0.0650000000000001, -4.80689129695564E-6
-0.0620000000000001, -4.62502129019094E-6
-0.0590000000000001, -4.43824484010611E-6
-0.0560000000000001, -4.25123408405019E-6
-0.053, -4.06168750093409E-6
-0.0500000000000001, -3.87220379226878E-6
-0.047, -3.67423169214422E-6
-0.044, -3.47825858876139E-6
-0.041, -3.27936165128049E-6
-0.038, -3.07317225266515E-6
-0.035, -2.86900792895065E-6
-0.032, -2.66272918728122E-6
-0.029, -2.45064451207889E-6
-0.026, -2.23749292049215E-6
-0.023, -2.01610598867542E-6
-0.0200000000000001, -1.79714309542939E-6
-0.0170000000000001, -1.56889060875548E-6
-0.0140000000000001, -1.33858727239303E-6
-0.0110000000000001, -1.11074520313986E-6
-0.00800000000000006, -8.72616891675674E-7
-0.00500000000000006, -6.32688890005184E-7
-0.00200000000000006, -3.80353014569245E-7
0.000999999999999945, -1.30828478965557E-7
0.00399999999999995, 1.25940260520347E-7
0.00699999999999995, 3.81087579512182E-7
0.00999999999999995, 6.32369937724533E-7
0.013, 8.83123532297451E-7
0.016, 1.12926372831045E-6
0.019, 1.36993907870714E-6
0.022, 1.60561666903659E-6
0.025, 1.83926275913265E-6
0.028, 2.07106875174327E-6
0.031, 2.29713177298871E-6
0.034, 2.51689262706768E-6
0.037, 2.73589199897799E-6
0.04, 2.95264703134686E-6
0.0429999999999999, 3.16420244015533E-6
0.0459999999999999, 3.37235903333921E-6
0.0489999999999999, 3.57855454481554E-6
0.0519999999999999, 3.78193447162571E-6
0.0549999999999999, 3.98017591682669E-6
0.0579999999999999, 4.17728293363021E-6
0.0609999999999999, 4.37080304975773E-6
0.0639999999999999, 4.5568531548674E-6
0.0669999999999999, 4.74669523466199E-6
0.0699999999999999, 4.92981694247658E-6
0.0729999999999999, 5.11195019798992E-6
0.076, 5.28893968346538E-6
0.079, 5.46584194341905E-6
0.082, 5.63362454027418E-6
0.085, 5.80457273241437E-6
0.088, 5.96950575032636E-6
0.091, 6.13445397243898E-6
0.094, 6.29403878706159E-6
0.097, 6.45058483700089E-6
0.1, 6.60396942537752E-6
0.103, 6.75453585202302E-6
0.106, 6.90267085860833E-6
0.109, 7.0487598708715E-6
0.112, 7.18949667091352E-6
0.115, 7.32761249058138E-6
0.118, 7.46303742037437E-6
0.121, 7.59294891656455E-6
0.124, 7.724091053269E-6
0.127, 7.85107147434605E-6
0.13, 7.97650826593706E-6
0.133, 8.0922828318119E-6
0.136, 8.21361032116939E-6
0.139, 8.32661451686018E-6
0.142, 8.43868721792747E-6
0.145, 8.5459741650201E-6
0.148, 8.6534163338257E-6
0.151, 8.75520920374537E-6
0.154, 8.85435244898405E-6
0.157, 8.95182188143412E-6
0.16, 9.04465030994525E-6
0.163, 9.13714896147025E-6
0.166, 9.22679305703624E-6
0.169, 9.31246856140153E-6
0.172, 9.39471656864886E-6
0.175, 9.47710894417832E-6
0.178, 9.55341915510948E-6
0.181, 9.62959599984426E-6
0.184, 9.70313375774318E-6
0.187, 9.77469736905588E-6
0.19, 9.842537361052E-6
0.193, 9.90811467385683E-6
0.196, 9.9735024629335E-6
0.199, 1.00340806024308E-5
0.202, 1.00949087991612E-5
0.205, 1.01554828370355E-5
0.208, 1.02103978305298E-5
0.211, 1.02652349728945E-5
0.214, 1.03187081600161E-5
0.217, 1.03694411179127E-5
0.22, 1.0419599840445E-5
0.223, 1.04659367146294E-5
0.226, 1.05126779758221E-5
0.229, 1.05542142473013E-5
0.232, 1.05984231917918E-5
0.235, 1.06419478237844E-5
0.238, 1.06812142703429E-5
0.241, 1.07187333865809E-5
0.244, 1.07584411377202E-5
0.247, 1.07898286218502E-5
0.25, 1.08267248446547E-5
0.253, 1.08631832050167E-5
0.256, 1.08989166344382E-5
0.259, 1.09293483233571E-5
0.262, 1.09611571014191E-5
0.265, 1.09909345882989E-5
0.268, 1.10203268726925E-5
0.271, 1.10479971874301E-5
0.274, 1.10771224227267E-5
0.277, 1.11059945992705E-5
0.28, 1.11303567127279E-5
0.283, 1.11567282228729E-5
0.286, 1.11819056806636E-5
0.289, 1.12062505433961E-5
0.292, 1.12311148153044E-5
0.295, 1.1255430136014E-5
0.298, 1.1281909690589E-5
0.301, 1.13010164196612E-5
0.304, 1.13233155089106E-5
0.307, 1.13472040751435E-5
0.31, 1.13699163685211E-5
0.313, 1.138927050828E-5
0.316, 1.14106703656496E-5
0.319, 1.14291738990747E-5
0.322, 1.14494257498543E-5
0.325, 1.1467958356701E-5
0.328, 1.14886619781553E-5
0.331, 1.15060847339528E-5
0.334, 1.1526518257465E-5
0.337, 1.15438273868478E-5
0.34, 1.15628943053495E-5
0.343, 1.15785805831333E-5
0.346, 1.15987791759485E-5
0.349, 1.16116058407443E-5
0.352, 1.16304918887216E-5
0.355, 1.16461172875062E-5
0.358, 1.16623068866223E-5
0.361, 1.1680819434733E-5
0.364, 1.16919261639649E-5
0.367, 1.17088278055856E-5
0.37, 1.17238598751933E-5
0.373, 1.17374641726442E-5
0.376, 1.17532895227516E-5
0.379, 1.1769925596716E-5
0.382, 1.17792930841966E-5
0.385, 1.1795456193319E-5
0.388, 1.18105527568238E-5
0.391, 1.18245121942772E-5
0.394, 1.1839810228732E-5
0.397, 1.1851252088483E-5
0.4, 1.18640161920129E-5
0.403, 1.18776465851859E-5
0.406, 1.18891044248194E-5
0.409, 1.19019756862488E-5
0.412, 1.19179319759544E-5
0.415, 1.19270954684388E-5
0.418, 1.19385609906872E-5
0.421, 1.19510050899792E-5
0.424, 1.19652975730819E-5

0.43934522049771, 1.20322583676096E-5

-0.377, -1.17061794767591E-5
-0.374, -1.16889317355376E-5
-0.371, -1.16756849137694E-5
-0.368, -1.16633979925143E-5
-0.365, -1.16491391911257E-5
-0.362, -1.16346647622747E-5
-0.359, -1.16164137493961E-5
-0.356, -1.15989004210469E-5
-0.353, -1.15840190643907E-5
-0.35, -1.15683735912722E-5
-0.347, -1.15521895583767E-5
-0.344, -1.15339604953051E-5
-0.341, -1.15171793936724E-5
-0.338, -1.14989294194022E-5
-0.335, -1.14845344220061E-5
-0.332, -1.14616636201559E-5
-0.329, -1.14477293011533E-5
-0.326, -1.14295060584519E-5
-0.323, -1.14117240320476E-5
-0.32, -1.13914792835571E-5
-0.317, -1.13699072032865E-5
-0.314, -1.13522329353097E-5
-0.311, -1.13344995102783E-5
-0.308, -1.1313010035057E-5
-0.305, -1.1291910704588E-5
-0.302, -1.12697162189628E-5
-0.299, -1.12474481707578E-5
-0.296, -1.12245535243657E-5
-0.293, -1.12024890806292E-5
-0.29, -1.11800602449537E-5
-0.287, -1.1155556399574E-5
-0.284, -1.11326359291795E-5
-0.281, -1.11058429576331E-5
-0.278, -1.10789145314431E-5
-0.275, -1.10542262952037E-5
-0.272, -1.10280476747883E-5
-0.269, -1.10011095072521E-5
-0.266, -1.09709913944154E-5
-0.263, -1.09416783058332E-5
-0.26, -1.09139859031237E-5
-0.257, -1.08814008032548E-5
-0.254, -1.08514249335887E-5
-0.251, -1.08183764132275E-5
-0.248, -1.07857920131334E-5
-0.245, -1.07506279263339E-5
-0.242, -1.07156192427656E-5
-0.239, -1.06775674580889E-5
-0.236, -1.06383962794909E-5
-0.233, -1.06015501974812E-5
-0.23, -1.0560834676949E-5
-0.227, -1.05192804579048E-5
-0.224, -1.04742986302798E-5
-0.221, -1.0429050601101E-5
-0.218, -1.03845927546591E-5
-0.215, -1.03376073988231E-5
-0.212, -1.02854984710094E-5
-0.209, -1.02325070556935E-5
-0.206, -1.01785744570782E-5
-0.203, -1.01233658061177E-5
-0.2, -1.00651973727174E-5
-0.197, -1.00102520155609E-5
-0.194, -9.9470392087779E-6
-0.191, -9.88407539533975E-6
-0.188, -9.82109529071016E-6
-0.185, -9.75235488207184E-6
-0.182, -9.68184095461443E-6
-0.179, -9.6083834612785E-6
-0.176, -9.53569521924928E-6
-0.173, -9.45850859321062E-6
-0.17, -9.37710009698842E-6
-0.167, -9.29533117678495E-6
-0.164, -9.21088278240758E-6
-0.161, -9.12519804742815E-6
-0.158, -9.03639851932669E-6
-0.155, -8.94346599578754E-6
-0.152, -8.84854783358997E-6
-0.149, -8.74895558986924E-6
-0.146, -8.64976089443933E-6
-0.143, -8.54546166127884E-6
-0.14, -8.43957571278727E-6
-0.137, -8.32865630679748E-6
-0.134, -8.21492326971076E-6
-0.131, -8.09885637948916E-6
-0.128, -7.9798548021011E-6
-0.125, -7.8576433488369E-6
-0.122, -7.73200600765377E-6
-0.119, -7.60709898963241E-6
-0.116, -7.47579399220883E-6
-0.113, -7.33916394841289E-6
-0.11, -7.2069230970636E-6
-0.107, -7.06314245431966E-6
-0.104, -6.9230373695578E-6
-0.101, -6.77901937185224E-6
-0.098, -6.62869050801E-6
-0.095, -6.4786033409636E-6
-0.092, -6.32106390950261E-6
-0.089, -6.1651050151394E-6
-0.0860000000000001, -6.00475977274463E-6
-0.0830000000000001, -5.84340152178724E-6
-0.0800000000000001, -5.67798327387502E-6
-0.0770000000000001, -5.50666463746966E-6
-0.0740000000000001, -5.33673689323337E-6
-0.0710000000000001, -5.16253527496882E-6
-0.0680000000000001, -4.98543027254196E-6
-0.0650000000000001, -4.80423181324947E-6
-0.0620000000000001, -4.62444317720149E-6
-0.0590000000000001, -4.44128443471167E-6
-0.0560000000000001, -4.25233896749114E-6
-0.053, -4.06272900080696E-6
-0.0500000000000001, -3.87067382252201E-6
-0.047, -3.6769098558066E-6
-0.044, -3.48133230433296E-6
-0.041, -3.27906624959358E-6
-0.038, -3.07664728621073E-6
-0.035, -2.86697666471735E-6
-0.032, -2.65921277998281E-6
-0.029, -2.45016127936893E-6
-0.026, -2.23572249332673E-6
-0.0230000000000001, -2.01772072744506E-6
-0.0200000000000001, -1.7955340778059E-6
-0.0170000000000001, -1.569781469452E-6
-0.0140000000000001, -1.33959812928275E-6
-0.0110000000000001, -1.10759772274694E-6
-0.00800000000000006, -8.71944229838292E-7
-0.00500000000000006, -6.29824023686321E-7
-0.00200000000000006, -3.80610578921236E-7
0.000999999999999945, -1.29339411354737E-7
0.00399999999999995, 1.2822530803408E-7
0.00699999999999995, 3.82075675646896E-7
0.00999999999999995, 6.35202796281449E-7
0.013, 8.81955267801429E-7
0.016, 1.12620313447376E-6
0.019, 1.36857577593293E-6
0.022, 1.60754322237262E-6
0.025, 1.8411965380365E-6
0.028, 2.07222296661738E-6
0.031, 2.29588399489754E-6
0.034, 2.5194524421792E-6
0.037, 2.73772536673863E-6
0.0399999999999999, 2.95475106637497E-6
0.0429999999999999, 3.1637272898154E-6
0.0459999999999999, 3.37398709055817E-6
0.0489999999999999, 3.57623538102372E-6
0.0519999999999999, 3.78145690785351E-6
0.0549999999999999, 3.98000697949268E-6
0.0579999999999999, 4.17596530244835E-6
0.0609999999999999, 4.37004879782921E-6
0.0639999999999999, 4.56051219495736E-6
0.0669999999999999, 4.74581410773345E-6
0.0699999999999999, 4.93092395929049E-6
0.0729999999999999, 5.11002087351847E-6
0.076, 5.28889850855909E-6
0.079, 5.46522601344602E-6
0.082, 5.63358881848932E-6
0.085, 5.80284723300028E-6
0.088, 5.96840058486632E-6
0.091, 6.133859862633E-6
0.094, 6.29385476110257E-6
0.097, 6.45150286425571E-6
0.1, 6.60534998999024E-6
0.103, 6.75373111117805E-6
0.106, 6.90155573159966E-6
0.109, 7.04740117286103E-6
0.112, 7.18890634154771E-6
0.115, 7.3285753847567E-6
0.118, 7.46131667097708E-6
0.121, 7.5959398433507E-6
0.124, 7.72233105656019E-6
0.127, 7.85105987051725E-6
0.13, 7.97507435221993E-6
0.133, 8.09575257158323E-6
0.136, 8.21451804567073E-6
0.139, 8.32535787956922E-6
0.142, 8.44100172727322E-6
0.145, 8.548057439498E-6
0.148, 8.65441456562408E-6
0.151, 8.75568942819972E-6
0.154, 8.85487120980776E-6
0.157, 8.95079844172646E-6
0.16, 9.04742033652239E-6
0.163, 9.13645382082637E-6
0.166, 9.22796663533868E-6
0.169, 9.31066040707168E-6
0.172, 9.3974118175393E-6
0.175, 9.47492455721111E-6
0.178, 9.5549246890797E-6
0.181, 9.62862597627838E-6
0.184, 9.70266767496061E-6
0.187, 9.77376517994862E-6
0.19, 9.84302384869444E-6
0.193, 9.90889043414658E-6
0.196, 9.97187040672075E-6
0.199, 1.00378969278801E-5
0.202, 1.00969494942498E-5
0.205, 1.01552147178701E-5
0.208, 1.02115045854747E-5
0.211, 1.02646871753716E-5
0.214, 1.03160495738054E-5
0.217, 1.03688419792347E-5
0.22, 1.04167203664101E-5
0.223, 1.04661227073661E-5
0.226, 1.05086787324981E-5
0.229, 1.05557180850441E-5
0.232, 1.05978831007234E-5
0.235, 1.06381485130299E-5
0.238, 1.0679280862688E-5
0.241, 1.07172496957326E-5
0.244, 1.0758643756933E-5
0.247, 1.0789833527158E-5
0.25, 1.08285136106807E-5
0.253, 1.08635055169929E-5
0.256, 1.08937180903061E-5
0.259, 1.0930032826422E-5
0.262, 1.09608933512422E-5
0.265, 1.09913387753339E-5
0.268, 1.10219073518154E-5
0.271, 1.10490139787862E-5
0.274, 1.10766981576934E-5
0.277, 1.11040586635818E-5
0.28, 1.11305173934972E-5
0.283, 1.11572570708515E-5
0.286, 1.11822974089274E-5
0.289, 1.12098383073135E-5
0.292, 1.12316359399296E-5
0.295, 1.12540324672744E-5
0.298, 1.12780464405139E-5
0.301, 1.13015988046247E-5
0.304, 1.13286652801625E-5
0.307, 1.13479304078159E-5
0.31, 1.13663761784511E-5
0.313, 1.13891965310083E-5
0.316, 1.14062795369366E-5
0.319, 1.14303406764334E-5
0.322, 1.14499753425527E-5
0.325, 1.14700770129589E-5
0.328, 1.14894621190883E-5
0.331, 1.15067941072697E-5
0.334, 1.15265172077013E-5
0.337, 1.15430779975245E-5
0.34, 1.15614058581966E-5
0.343, 1.15793872608564E-5
0.346, 1.15956471469655E-5
0.349, 1.16111714442901E-5
0.352, 1.16275199139112E-5
0.355, 1.16445138777197E-5
0.358, 1.16627041000105E-5
0.361, 1.16802597474819E-5
0.364, 1.16940272736929E-5
0.367, 1.17075874302594E-5
0.37, 1.17244235457435E-5
0.373, 1.17381219200623E-5
0.376, 1.17546488791535E-5
0.379, 1.17702321450611E-5
0.382, 1.17820261261694E-5
0.385, 1.17970257584059E-5
0.388, 1.18096883155333E-5
0.391, 1.18245636351706E-5
0.394, 1.18398690128178E-5
0.397, 1.185161959126E-5
0.4, 1.18644520848637E-5
0.403, 1.18764770324541E-5
0.406, 1.18928138765016E-5
0.409, 1.19029074369755E-5
0.412, 1.19180200327564E-5
0.415, 1.192919863874E-5
0.418, 1.19402951765824E-5
0.421, 1.19540788019002E-5

0.439344370536017, 1.20326600348018E-5

-0.38, -1.17198014148474E-5
-0.377, -1.17034545564628E-5
-0.374, -1.16916507421628E-5
-0.371, -1.16747523263439E-5
-0.368, -1.16629310408417E-5
-0.365, -1.16455572329378E-5
-0.362, -1.16312671245023E-5
-0.359, -1.16171200079264E-5
-0.356, -1.16000662916748E-5
-0.353, -1.15832777337297E-5
-0.35, -1.1567996047714E-5
-0.347, -1.1554102887309E-5
-0.344, -1.15368091532195E-5
-0.341, -1.15204019587584E-5
-0.338, -1.1502881612554E-5
-0.335, -1.14849061198386E-5
-0.332, -1.14662153982613E-5
-0.329, -1.14474522163552E-5
-0.326, -1.14315355680568E-5
-0.323, -1.14110993312533E-5
-0.32, -1.1394637411795E-5
-0.317, -1.13737321133702E-5
-0.314, -1.13535358728055E-5
-0.311, -1.13323899605124E-5
-0.308, -1.13121207944013E-5
-0.305, -1.12932815238533E-5
-0.302, -1.12713443585601E-5
-0.299, -1.12490371053222E-5
-0.296, -1.12260536058078E-5
-0.293, -1.12039230469164E-5
-0.29, -1.11795536143817E-5
-0.287, -1.11588201804388E-5
-0.284, -1.11347835585591E-5
-0.281, -1.11101551536266E-5
-0.278, -1.10823775788164E-5
-0.275, -1.10576910270961E-5
-0.272, -1.10278089680331E-5
-0.269, -1.10010853817892E-5
-0.266, -1.09740849089625E-5
-0.263, -1.09459603171786E-5
-0.26, -1.09119327644771E-5
-0.257, -1.08810739353655E-5
-0.254, -1.08490090088334E-5
-0.251, -1.08190792692938E-5
-0.248, -1.07856093353812E-5
-0.245, -1.07500127934354E-5
-0.242, -1.07134135146626E-5
-0.239, -1.06777937071078E-5
-0.236, -1.06387643037142E-5
-0.233, -1.0600120173873E-5
-0.23, -1.05588670269669E-5
-0.227, -1.05172123189384E-5
-0.224, -1.04744768297513E-5
-0.221, -1.04284375808745E-5
-0.218, -1.03813507180439E-5
-0.215, -1.03356972415419E-5
-0.212, -1.02821480398022E-5
-0.209, -1.02365500226552E-5
-0.206, -1.01816494705847E-5
-0.203, -1.01242002692262E-5
-0.2, -1.00668177488349E-5
-0.197, -1.00079861674327E-5
-0.194, -9.9471311890531E-6
-0.191, -9.88541320624939E-6
-0.188, -9.81837911468741E-6
-0.185, -9.75127287886583E-6
-0.182, -9.68027031256059E-6
-0.179, -9.60964196400267E-6
-0.176, -9.53637783873306E-6
-0.173, -9.4590893521604E-6
-0.17, -9.37907514783029E-6
-0.167, -9.29756293500957E-6
-0.164, -9.21262244890726E-6
-0.161, -9.1240451891839E-6
-0.158, -9.03568697947643E-6
-0.155, -8.94246536830194E-6
-0.152, -8.84837567198929E-6
-0.149, -8.75189372109628E-6
-0.146, -8.6475758609756E-6
-0.143, -8.54448784333017E-6
-0.14, -8.43941090289549E-6
-0.137, -8.33025898905892E-6
-0.134, -8.21494752857524E-6
-0.131, -8.09834017218563E-6
-0.128, -7.98230375595234E-6
-0.125, -7.85992965825388E-6
-0.122, -7.73302360807653E-6
-0.119, -7.60760666814359E-6
-0.116, -7.47617850117924E-6
-0.113, -7.34494175171283E-6
-0.11, -7.20542343893794E-6
-0.107, -7.06406657828793E-6
-0.104, -6.92172650580929E-6
-0.101, -6.7767239524665E-6
-0.098, -6.63193053752977E-6
-0.095, -6.47811141826149E-6
-0.092, -6.32414111586915E-6
-0.0890000000000001, -6.16703168045573E-6
-0.0860000000000001, -6.0067736907906E-6
-0.0830000000000001, -5.84339822042049E-6
-0.0800000000000001, -5.67826898600643E-6
-0.0770000000000001, -5.51030239689618E-6
-0.0740000000000001, -5.33732862487986E-6
-0.0710000000000001, -5.16244231099389E-6
-0.0680000000000001, -4.98641308888673E-6
-0.0650000000000001, -4.80698210657747E-6
-0.0620000000000001, -4.6252650661334E-6
-0.0590000000000001, -4.44230947646179E-6
-0.056, -4.25344709825616E-6
-0.053, -4.0617132243101E-6
-0.05, -3.87156384980413E-6
-0.047, -3.67618253055666E-6
-0.044, -3.4778250801453E-6
-0.041, -3.27854191620719E-6
-0.038, -3.07837026959718E-6
-0.035, -2.86845289371857E-6
-0.032, -2.66093816187757E-6
-0.029, -2.44922862291401E-6
-0.0260000000000001, -2.23709389648945E-6
-0.0230000000000001, -2.01735023824526E-6
-0.0200000000000001, -1.7952754439031E-6
-0.0170000000000001, -1.57166832462759E-6
-0.0140000000000001, -1.34140202455568E-6
-0.0110000000000001, -1.10665276726603E-6
-0.00800000000000005, -8.73088517631948E-7
-0.00500000000000005, -6.31149591404708E-7
-0.00200000000000005, -3.82687366281156E-7
0.000999999999999952, -1.28514800968489E-7
0.00399999999999996, 1.25528203198635E-7
0.00699999999999996, 3.82325696322983E-7
0.00999999999999996, 6.32914723152043E-7
0.013, 8.82963181033571E-7
0.016, 1.12849572103193E-6
0.019, 1.36803824876013E-6
0.022, 1.60821192613565E-6
0.025, 1.84035225063986E-6
0.028, 2.07071450423262E-6
0.031, 2.29608237696664E-6
0.034, 2.51742764676114E-6
0.0369999999999999, 2.73868153984836E-6
0.0399999999999999, 2.95219072677245E-6
0.0429999999999999, 3.1650358852231E-6
0.0459999999999999, 3.37325091404636E-6
0.0489999999999999, 3.57817648338426E-6
0.0519999999999999, 3.78083295797447E-6
0.0549999999999999, 3.97990355921795E-6
0.0579999999999999, 4.17578703417176E-6
0.0609999999999999, 4.36928804081169E-6
0.0639999999999999, 4.55858186197791E-6
0.0669999999999999, 4.74474322368233E-6
0.0699999999999999, 4.93168716247265E-6
0.0729999999999999, 5.11037799645823E-6
0.076, 5.2893102110353E-6
0.079, 5.46336051394293E-6
0.082, 5.63847333007325E-6
0.085, 5.80270226148592E-6
0.088, 5.96939050391711E-6
0.091, 6.13346873324431E-6
0.094, 6.29172129225924E-6
0.097, 6.45058396868756E-6
0.0999999999999999, 6.60492873793497E-6
0.103, 6.75728166648109E-6
0.106, 6.90270390034678E-6
0.109, 7.04870441178293E-6
0.112, 7.18866358068773E-6
0.115, 7.32843635922483E-6
0.118, 7.46456661501982E-6
0.121, 7.59603557713608E-6
0.124, 7.72462201606996E-6
0.127, 7.85141898708181E-6
0.13, 7.9720620138224E-6
0.133, 8.09509738310144E-6
0.136, 8.21272244008321E-6
0.139, 8.32639138597918E-6
0.142, 8.43894678042372E-6
0.145, 8.54756629467572E-6
0.148, 8.65201642540548E-6
0.151, 8.75406357482665E-6
0.154, 8.85520345504458E-6
0.157, 8.95355559383581E-6
0.16, 9.0471518115331E-6
0.163, 9.13625715061191E-6
0.166, 9.22573889206843E-6
0.169, 9.31260691228406E-6
0.172, 9.39363174678091E-6
0.175, 9.47539693804284E-6
0.178, 9.55173117568614E-6
0.181, 9.6279273912278E-6
0.184, 9.70242094464744E-6
0.187, 9.77131451348656E-6
0.19, 9.84328565813185E-6
0.193, 9.90997908428373E-6
0.196, 9.97293147127765E-6
0.199, 1.00364544539097E-5
0.202, 1.00942853251001E-5
0.205, 1.01540790277448E-5
0.208, 1.02112985165219E-5
0.211, 1.02645612229078E-5
0.214, 1.03186517807104E-5
0.217, 1.03688873298588E-5
0.22, 1.04175953800048E-5
0.223, 1.04631482846471E-5
0.226, 1.05094633109812E-5
0.229, 1.05544590830991E-5
0.232, 1.05984252523393E-5
0.235, 1.06391655284737E-5
0.238, 1.06789786251403E-5
0.241, 1.07179952572645E-5
0.244, 1.07560582216788E-5
0.247, 1.07908514847075E-5
0.25, 1.08277742947718E-5
0.253, 1.08629537809794E-5
0.256, 1.08991525893925E-5
0.259, 1.09275047356976E-5
0.262, 1.0960742727382E-5
0.265, 1.09893754774621E-5
0.268, 1.10199813538399E-5
0.271, 1.104835382199E-5
0.274, 1.10780834053428E-5
0.277, 1.11052533423419E-5
0.28, 1.11338110685346E-5
0.283, 1.11580919851573E-5
0.286, 1.11849041608778E-5
0.289, 1.12106499592419E-5
0.292, 1.12345870768451E-5
0.295, 1.12554045425785E-5
0.298, 1.12801254143617E-5
0.301, 1.13015951983714E-5
0.304, 1.13246630961582E-5
0.307, 1.13487697943379E-5
0.31, 1.1370827046929E-5
0.313, 1.1390969190257E-5
0.316, 1.14097330994897E-5
0.319, 1.14299218692832E-5
0.322, 1.14523898750058E-5
0.325, 1.14701627052774E-5
0.328, 1.14881403575977E-5
0.331, 1.15077186419346E-5
0.334, 1.15252684332417E-5
0.337, 1.15432587081674E-5
0.34, 1.15625857315087E-5
0.343, 1.15792368712298E-5
0.346, 1.15965139074099E-5
0.349, 1.16124922946882E-5
0.352, 1.16306875260132E-5
0.355, 1.16461715629678E-5
0.358, 1.16630188912049E-5
0.361, 1.16808203517569E-5
0.364, 1.16933726038901E-5
0.367, 1.17116772169672E-5
0.37, 1.17238635185478E-5
0.373, 1.17386181719727E-5
0.376, 1.17541828633619E-5
0.379, 1.17716314216469E-5
0.382, 1.17849126995895E-5
0.385, 1.1797401978348E-5
0.388, 1.18110701356725E-5
0.391, 1.18233814173345E-5
0.394, 1.18400464518606E-5
0.397, 1.18538150208058E-5
0.4, 1.18646194893036E-5
0.403, 1.18808232876878E-5
0.406, 1.18930469466739E-5
0.409, 1.19025850138915E-5
0.412, 1.19163225903645E-5
0.415, 1.19299750822217E-5
0.418, 1.19407598127042E-5

0.4393456196319, 1.20349644159878E-5

-0.383, -1.17337148985537E-5
-0.38, -1.17205290307022E-5
-0.377, -1.17063050526632E-5
-0.374, -1.1690298176781E-5
-0.371, -1.16787159853931E-5
-0.368, -1.16616688531696E-5
-0.365, -1.1644573252986E-5
-0.362, -1.16323484839002E-5
-0.359, -1.16161083854868E-5
-0.356, -1.1604223177018E-5
-0.353, -1.15884328525327E-5
-0.35, -1.15719645808974E-5
-0.347, -1.15511744736926E-5
-0.344, -1.15360308935382E-5
-0.341, -1.15212331155397E-5
-0.338, -1.15021226189871E-5
-0.335, -1.14856546420891E-5
-0.332, -1.14654282799648E-5
-0.329, -1.14496303361747E-5
-0.326, -1.14306226311891E-5
-0.323, -1.14121409311603E-5
-0.32, -1.13950443379223E-5
-0.317, -1.13728428159908E-5
-0.314, -1.13548615305142E-5
-0.311, -1.1333057285742E-5
-0.308, -1.1311331245382E-5
-0.305, -1.12934176084675E-5
-0.302, -1.1269677775551E-5
-0.299, -1.12503011909738E-5
-0.296, -1.12281829855599E-5
-0.293, -1.12049660465767E-5
-0.29, -1.11801327343232E-5
-0.287, -1.11577158802339E-5
-0.284, -1.11341764416362E-5
-0.281, -1.11086670626852E-5
-0.278, -1.10803485772067E-5
-0.275, -1.10549641312388E-5
-0.272, -1.10264436778744E-5
-0.269, -1.10001061382526E-5
-0.266, -1.09735328590349E-5
-0.263, -1.09438852122416E-5
-0.26, -1.09142823057149E-5
-0.257, -1.08845763652562E-5
-0.254, -1.08518985345143E-5
-0.251, -1.08183046661251E-5
-0.248, -1.07864406883512E-5
-0.245, -1.07535071792251E-5
-0.242, -1.07151619937556E-5
-0.239, -1.0679658916117E-5
-0.236, -1.06396372151173E-5
-0.233, -1.06004471519978E-5
-0.23, -1.055901816921E-5
-0.227, -1.05204051921486E-5
-0.224, -1.04769163344521E-5
-0.221, -1.04285817782204E-5
-0.218, -1.03839205675278E-5
-0.215, -1.03343204884997E-5
-0.212, -1.02869544473037E-5
-0.209, -1.02333675940711E-5
-0.206, -1.01801003948412E-5
-0.203, -1.01252958666445E-5
-0.2, -1.00672279236282E-5
-0.197, -1.00068879873788E-5
-0.194, -9.9475683152471E-6
-0.191, -9.88445608914211E-6
-0.188, -9.82011197902689E-6
-0.185, -9.74909215142678E-6
-0.182, -9.68200348227675E-6
-0.179, -9.60615438639827E-6
-0.176, -9.53516423540813E-6
-0.173, -9.45751332834648E-6
-0.17, -9.38067272483233E-6
-0.167, -9.29705050359203E-6
-0.164, -9.21422167511371E-6
-0.161, -9.12737551742927E-6
-0.158, -9.03755323462389E-6
-0.155, -8.94440690197119E-6
-0.152, -8.85183773056069E-6
-0.149, -8.75014111996434E-6
-0.146, -8.64985851479866E-6
-0.143, -8.5425445185831E-6
-0.14, -8.43790701137808E-6
-0.137, -8.3272172678162E-6
-0.134, -8.21416315903537E-6
-0.131, -8.09971148405153E-6
-0.128, -7.97973450205229E-6
-0.125, -7.85851386569048E-6
-0.122, -7.73261279988044E-6
-0.119, -7.60543271085228E-6
-0.116, -7.47688145277415E-6
-0.113, -7.33964454445629E-6
-0.11, -7.20466839853053E-6
-0.107, -7.06639871449613E-6
-0.104, -6.92182818109012E-6
-0.101, -6.77895120927543E-6
-0.098, -6.62997400792458E-6
-0.095, -6.47877326179607E-6
-0.0920000000000001, -6.32302074581863E-6
-0.0890000000000001, -6.16791005307595E-6
-0.0860000000000001, -6.00689257532376E-6
-0.0830000000000001, -5.84202291749098E-6
-0.0800000000000001, -5.67801801463891E-6
-0.0770000000000001, -5.50747392654529E-6
-0.0740000000000001, -5.3392393982143E-6
-0.0710000000000001, -5.16444245540527E-6
-0.0680000000000001, -4.98669035783213E-6
-0.0650000000000001, -4.8076092455174E-6
-0.0620000000000001, -4.62797874552759E-6
-0.0590000000000001, -4.43913972314045E-6
-0.056, -4.2554632282943E-6
-0.053, -4.06407988817123E-6
-0.05, -3.87249733179597E-6
-0.047, -3.67627895515819E-6
-0.044, -3.4776963008244E-6
-0.041, -3.27875182058978E-6
-0.038, -3.07333823094881E-6
-0.035, -2.87281112418662E-6
-0.032, -2.66161516660282E-6
-0.0290000000000001, -2.44892917677705E-6
-0.0260000000000001, -2.23417958856968E-6
-0.0230000000000001, -2.01821665359402E-6
-0.0200000000000001, -1.79776522764244E-6
-0.0170000000000001, -1.57315071004058E-6
-0.0140000000000001, -1.34136927653936E-6
-0.0110000000000001, -1.10740939192704E-6
-0.00800000000000005, -8.71766672742613E-7
-0.00500000000000005, -6.29213268946583E-7
-0.00200000000000005, -3.79932531231748E-7
0.000999999999999952, -1.31961301035859E-7
0.00399999999999996, 1.25320232768497E-7
0.00699999999999996, 3.81576605934802E-7
0.00999999999999996, 6.35652108157196E-7
0.013, 8.8322338169368E-7
0.016, 1.12790331050401E-6
0.019, 1.37098007308941E-6
0.022, 1.60617660594027E-6
0.025, 1.8418996874777E-6
0.028, 2.07302105136912E-6
0.031, 2.29734105536727E-6
0.0339999999999999, 2.51961382719692E-6
0.0369999999999999, 2.7377119030621E-6
0.0399999999999999, 2.95023498187541E-6
0.0429999999999999, 3.16428082841253E-6
0.0459999999999999, 3.37456583055069E-6
0.0489999999999999, 3.58016237433063E-6
0.0519999999999999, 3.77898421844946E-6
0.0549999999999999, 3.97861985153019E-6
0.0579999999999999, 4.17675260786918E-6
0.0609999999999999, 4.36903532439027E-6
0.0639999999999999, 4.55976692234369E-6
0.0669999999999999, 4.74748333786282E-6
0.0699999999999999, 4.93039245382887E-6
0.0729999999999999, 5.10955950466925E-6
0.076, 5.28839215899624E-6
0.079, 5.46377037145427E-6
0.082, 5.63493237873925E-6
0.085, 5.80441784651499E-6
0.088, 5.9704921806034E-6
0.091, 6.13354397956943E-6
0.094, 6.2922851043995E-6
0.0969999999999999, 6.45029353661276E-6
0.0999999999999999, 6.60593945630327E-6
0.103, 6.75462499843202E-6
0.106, 6.90074558078058E-6
0.109, 7.0450837423816E-6
0.112, 7.18579412197334E-6
0.115, 7.32786182426143E-6
0.118, 7.46280551286365E-6
0.121, 7.59608756414007E-6
0.124, 7.7249565186755E-6
0.127, 7.85187827835594E-6
0.13, 7.97526880313382E-6
0.133, 8.09586198889535E-6
0.136, 8.21246765025524E-6
0.139, 8.32715329721682E-6
0.142, 8.44079528454127E-6
0.145, 8.54641916060919E-6
0.148, 8.65200980180471E-6
0.151, 8.75493025387404E-6
0.154, 8.85347026586805E-6
0.157, 8.95363494052389E-6
0.16, 9.04474068615754E-6
0.163, 9.1384434462065E-6
0.166, 9.22542174628878E-6
0.169, 9.31058141676429E-6
0.172, 9.39700354664834E-6
0.175, 9.47534433058989E-6
0.178, 9.55493595391026E-6
0.181, 9.62972461130408E-6
0.184, 9.7011686363785E-6
0.187, 9.77353000086332E-6
0.19, 9.84461266635717E-6
0.193, 9.9096843875682E-6
0.196, 9.97365449711706E-6
0.199, 1.00348072138784E-5
0.202, 1.00958961685305E-5
0.205, 1.01507363632877E-5
0.208, 1.02104584170422E-5
0.211, 1.02634512626944E-5
0.214, 1.03148600490718E-5
0.217, 1.03670669324098E-5
0.22, 1.04168123804199E-5
0.223, 1.04634753386767E-5
0.226, 1.05093477074897E-5
0.229, 1.05532379877982E-5
0.232, 1.05956360709371E-5
0.235, 1.06398568751999E-5
0.238, 1.06803913600139E-5
0.241, 1.07172162018881E-5
0.244, 1.075553639683E-5
0.247, 1.07919498841987E-5
0.25, 1.0826653729958E-5
0.253, 1.08635467413089E-5
0.256, 1.0894650020499E-5
0.259, 1.09247092962744E-5
0.262, 1.09574368041639E-5
0.265, 1.09888890108389E-5
0.268, 1.10186260574118E-5
0.271, 1.10469278220332E-5
0.274, 1.10749014201575E-5
0.277, 1.11013824828498E-5
0.28, 1.11313237226867E-5
0.283, 1.11585439481155E-5
0.286, 1.11821230970014E-5
0.289, 1.12088365705915E-5
0.292, 1.12336018393704E-5
0.295, 1.12538195522172E-5
0.298, 1.12784124849953E-5
0.301, 1.12997480610312E-5
0.304, 1.13239377862806E-5
0.307, 1.13476817078341E-5
0.31, 1.13677466451235E-5
0.313, 1.13889898901693E-5
0.316, 1.14092357009109E-5
0.319, 1.14295873242238E-5
0.322, 1.14482939472424E-5
0.325, 1.14700049092324E-5
0.328, 1.14885461506589E-5
0.331, 1.15078887792955E-5
0.334, 1.15242526974132E-5
0.337, 1.15415556112779E-5
0.34, 1.15610476430214E-5
0.343, 1.15803452593653E-5
0.346, 1.15947111363893E-5
0.349, 1.1611941239037E-5
0.352, 1.16282038091224E-5
0.355, 1.16474682133106E-5
0.358, 1.1661508194017E-5
0.361, 1.16774892395801E-5
0.364, 1.16958877102395E-5
0.367, 1.17082666692265E-5
0.37, 1.17261522837751E-5
0.373, 1.17382380017075E-5
0.376, 1.17530843895252E-5
0.379, 1.17703434092762E-5
0.382, 1.17832023754009E-5
0.385, 1.17991048623832E-5
0.388, 1.18115598669614E-5
0.391, 1.18265263469124E-5
0.394, 1.18384874339679E-5
0.397, 1.18536873999969E-5
0.4, 1.18641109856863E-5
0.403, 1.18791557975589E-5
0.406, 1.18927971115296E-5
0.409, 1.19054966523846E-5
0.412, 1.19157886037437E-5
0.415, 1.19305120860803E-5

0.439343754583418, 1.20342120742746E-5

-0.386, -1.1750292987607E-5
-0.383, -1.17376796691515E-5
-0.38, -1.17214885612377E-5
-0.377, -1.17079725673082E-5
-0.374, -1.16916124806749E-5
-0.371, -1.16769034534856E-5
-0.368, -1.16615060312882E-5
-0.365, -1.16473832131709E-5
-0.362, -1.16303709808172E-5
-0.359, -1.16177463876099E-5
-0.356, -1.16009273580259E-5
-0.353, -1.15868670047627E-5
-0.35, -1.15690901790625E-5
-0.347, -1.15513511579215E-5
-0.344, -1.15373935028537E-5
-0.341, -1.15171616095704E-5
-0.338, -1.15038928707822E-5
-0.335, -1.14826239008124E-5
-0.332, -1.14682317618757E-5
-0.329, -1.14513396774334E-5
-0.326, -1.14305006348059E-5
-0.323, -1.14140536102374E-5
-0.32, -1.13929907058926E-5
-0.317, -1.13743398427386E-5
-0.314, -1.13556498549455E-5
-0.311, -1.13346638984061E-5
-0.308, -1.13156756638562E-5
-0.305, -1.12932823325273E-5
-0.302, -1.1271289916009E-5
-0.299, -1.12523249665983E-5
-0.296, -1.12273415485896E-5
-0.293, -1.12050322599924E-5
-0.29, -1.11810001333395E-5
-0.287, -1.11577858047177E-5
-0.284, -1.11316346062698E-5
-0.281, -1.11085897882572E-5
-0.278, -1.10827163839934E-5
-0.275, -1.1056527499798E-5
-0.272, -1.10293265641236E-5
-0.269, -1.10028373580586E-5
-0.266, -1.09733660066157E-5
-0.263, -1.0946356908193E-5
-0.26, -1.09145285586339E-5
-0.257, -1.08857653297309E-5
-0.254, -1.08518529910715E-5
-0.251, -1.08221589138662E-5
-0.248, -1.07835358146989E-5
-0.245, -1.07507374329248E-5
-0.242, -1.07190842965882E-5
-0.239, -1.06791252702197E-5
-0.236, -1.0640997148714E-5
-0.233, -1.06017261787836E-5
-0.23, -1.05607437811928E-5
-0.227, -1.05187230775334E-5
-0.224, -1.04733590046855E-5
-0.221, -1.04302645389064E-5
-0.218, -1.03841522207786E-5
-0.215, -1.03337434087779E-5
-0.212, -1.0285700849481E-5
-0.209, -1.02353268728457E-5
-0.206, -1.01814929349033E-5
-0.203, -1.0125731385353E-5
-0.2, -1.00692093462918E-5
-0.197, -1.00106793443065E-5
-0.194, -9.9464861351767E-6
-0.191, -9.88437391787459E-6
-0.188, -9.81996913980346E-6
-0.185, -9.75350170873856E-6
-0.182, -9.68319441286566E-6
-0.179, -9.61137858454262E-6
-0.176, -9.53212475085674E-6
-0.173, -9.45856944302363E-6
-0.17, -9.38211502618059E-6
-0.167, -9.29917187469715E-6
-0.164, -9.21592845094699E-6
-0.161, -9.12794415755676E-6
-0.158, -9.03700002949466E-6
-0.155, -8.94320996800892E-6
-0.152, -8.84895592783233E-6
-0.149, -8.75188553076801E-6
-0.146, -8.65121226652199E-6
-0.143, -8.54538779356688E-6
-0.14, -8.43881613383901E-6
-0.137, -8.32518121625731E-6
-0.134, -8.2188424231787E-6
-0.131, -8.10063333732259E-6
-0.128, -7.98121273596693E-6
-0.125, -7.860370040397E-6
-0.122, -7.73293847211178E-6
-0.119, -7.60672038862567E-6
-0.116, -7.4733300909608E-6
-0.113, -7.34405664135013E-6
-0.11, -7.20621622477669E-6
-0.107, -7.06594467957711E-6
-0.104, -6.92512176419897E-6
-0.101, -6.77573089176844E-6
-0.098, -6.62925112354393E-6
-0.0950000000000001, -6.47866299723355E-6
-0.0920000000000001, -6.32511534299548E-6
-0.0890000000000001, -6.16876000717898E-6
-0.0860000000000001, -6.00663655847591E-6
-0.0830000000000001, -5.84309833038831E-6
-0.08, -5.67661407566795E-6
-0.0770000000000001, -5.50721052803828E-6
-0.0740000000000001, -5.33755863887313E-6
-0.0710000000000001, -5.16454727345707E-6
-0.0680000000000001, -4.9866473442534E-6
-0.065, -4.8060148270115E-6
-0.062, -4.62718304896195E-6
-0.059, -4.44134455322465E-6
-0.056, -4.25463730765165E-6
-0.053, -4.06661389381484E-6
-0.05, -3.87108882132332E-6
-0.047, -3.67734331779945E-6
-0.044, -3.47909679929969E-6
-0.041, -3.27884365747762E-6
-0.038, -3.07577391710145E-6
-0.035, -2.86891325251804E-6
-0.0320000000000001, -2.66315379230856E-6
-0.0290000000000001, -2.45074268581035E-6
-0.0260000000000001, -2.23546055942795E-6
-0.0230000000000001, -2.01743725216307E-6
-0.0200000000000001, -1.7974791295973E-6
-0.0170000000000001, -1.57074555366818E-6
-0.0140000000000001, -1.34224649140896E-6
-0.0110000000000001, -1.10861649859002E-6
-0.00800000000000005, -8.71841468273779E-7
-0.00500000000000005, -6.2793068619895E-7
-0.00200000000000004, -3.8019247479277E-7
0.000999999999999959, -1.30972387568658E-7
0.00399999999999996, 1.24349491559122E-7
0.00699999999999996, 3.81126305013106E-7
0.00999999999999997, 6.34020711215041E-7
0.013, 8.81388555890919E-7
0.016, 1.12854961077224E-6
0.019, 1.3672270521854E-6
0.022, 1.60377158447681E-6
0.025, 1.84264255104787E-6
0.028, 2.06973729317949E-6
0.0309999999999999, 2.29801000910922E-6
0.0339999999999999, 2.51731622399091E-6
0.0369999999999999, 2.73551299037819E-6
0.0399999999999999, 2.95136594263989E-6
0.0429999999999999, 3.16334652051105E-6
0.0459999999999999, 3.37250986767865E-6
0.0489999999999999, 3.57893518919087E-6
0.0519999999999999, 3.78152876428267E-6
0.0549999999999999, 3.98070195642659E-6
0.0579999999999999, 4.17480025230893E-6
0.061, 4.36927760612315E-6
0.064, 4.55862803567126E-6
0.067, 4.74587625135957E-6
0.07, 4.93057299342957E-6
0.073, 5.11028837227445E-6
0.076, 5.29021773526974E-6
0.079, 5.46351162787192E-6
0.082, 5.63580056285399E-6
0.085, 5.8038873827256E-6
0.088, 5.97080642728127E-6
0.091, 6.13108264499631E-6
0.0939999999999999, 6.29255321510882E-6
0.0969999999999999, 6.44955331194938E-6
0.0999999999999999, 6.60383153541409E-6
0.103, 6.75493344694476E-6
0.106, 6.90333477475057E-6
0.109, 7.04648041556562E-6
0.112, 7.18914215759499E-6
0.115, 7.32791367481283E-6
0.118, 7.46169812434117E-6
0.121, 7.59717667277131E-6
0.124, 7.72562063198035E-6
0.127, 7.85040654734675E-6
0.13, 7.97508186493674E-6
0.133, 8.09593579453341E-6
0.136, 8.21059772385375E-6
0.139, 8.32792576150593E-6
0.142, 8.4420438307243E-6
0.145, 8.54539641160989E-6
0.148, 8.65183844988106E-6
0.151, 8.75210353542216E-6
0.154, 8.85199828132831E-6
0.157, 8.95194130025076E-6
0.16, 9.04476445354291E-6
0.163, 9.13832651447004E-6
0.166, 9.22647932002906E-6
0.169, 9.3119653840517E-6
0.172, 9.39132623341928E-6
0.175, 9.4737744684897E-6
0.178, 9.55466060077494E-6
0.181, 9.6288582902146E-6
0.184, 9.70491543565749E-6
0.187, 9.77228035206849E-6
0.19, 9.8438088199795E-6
0.193, 9.90779582481323E-6
0.196, 9.97432511559926E-6
0.199, 1.00368991681243E-5
0.202, 1.00959501221083E-5
0.205, 1.0153658436648E-5
0.208, 1.02084613944247E-5
0.211, 1.02634971117784E-5
0.214, 1.03170073696837E-5
0.217, 1.03658425896135E-5
0.22, 1.04176493056274E-5
0.223, 1.04628131017553E-5
0.226, 1.05081567272993E-5
0.229, 1.05527420398434E-5
0.232, 1.0596021954492E-5
0.235, 1.06385362125758E-5
0.238, 1.06790007551549E-5
0.241, 1.07173281172221E-5
0.244, 1.07551052506335E-5
0.247, 1.07926904925598E-5
0.25, 1.08275844942109E-5
0.253, 1.08612452438352E-5
0.256, 1.08971768134318E-5
0.259, 1.09285231861825E-5
0.262, 1.09586003847208E-5
0.265, 1.09867532129658E-5
0.268, 1.10199894153589E-5
0.271, 1.10495024624941E-5
0.274, 1.10758844229435E-5
0.277, 1.1105510071354E-5
0.28, 1.11327713177164E-5
0.283, 1.1156069825775E-5
0.286, 1.11818729708294E-5
0.289, 1.12095115900054E-5
0.292, 1.12322714203343E-5
0.295, 1.12573845792956E-5
0.298, 1.12780494261695E-5
0.301, 1.1299763760753E-5
0.304, 1.13251170348995E-5
0.307, 1.13449299558438E-5
0.31, 1.13678134860865E-5
0.313, 1.13870817827318E-5
0.316, 1.14099727220221E-5
0.319, 1.14259942875596E-5
0.322, 1.14497517074299E-5
0.325, 1.14691011310516E-5
0.328, 1.14877820166861E-5
0.331, 1.15054739475478E-5
0.334, 1.15259636560557E-5
0.337, 1.15429906584696E-5
0.34, 1.15603426666652E-5
0.343, 1.15762154832994E-5
0.346, 1.15951388926547E-5
0.349, 1.16133662696125E-5
0.352, 1.16318235711417E-5
0.355, 1.16467504757431E-5
0.358, 1.16614788187428E-5
0.361, 1.16783088302336E-5
0.364, 1.16934508554611E-5
0.367, 1.17100722054547E-5
0.37, 1.17253733511644E-5
0.373, 1.1740658641346E-5
0.376, 1.17538159411167E-5
0.379, 1.17692005213355E-5
0.382, 1.17832664124066E-5
0.385, 1.17966690560721E-5
0.388, 1.18108427719632E-5
0.391, 1.18245633271717E-5
0.394, 1.18397518533275E-5
0.397, 1.18525210683178E-5
0.4, 1.18643817156589E-5
0.403, 1.1879522677893E-5
0.406, 1.1890452956742E-5
0.409, 1.19051719154752E-5
0.412, 1.19163939874056E-5

0.439355157582867, 1.20348053636125E-5

-0.389, -1.17631385971761E-5
-0.386, -1.17501803474719E-5
-0.383, -1.17378805509312E-5
-0.38, -1.17214072806161E-5
-0.377, -1.17083059957338E-5
-0.374, -1.16925880479435E-5
-0.371, -1.16788000572638E-5
-0.368, -1.16645659635757E-5
-0.365, -1.16497078314225E-5
-0.362, -1.16341281021756E-5
-0.359, -1.16173219483357E-5
-0.356, -1.16037030592643E-5
-0.353, -1.1589144037146E-5
-0.35, -1.15726916500846E-5
-0.347, -1.15565507154863E-5
-0.344, -1.15371556196252E-5
-0.341, -1.15197617355598E-5
-0.338, -1.15018707409242E-5
-0.335, -1.14864136866065E-5
-0.332, -1.1469817364749E-5
-0.329, -1.14491492799777E-5
-0.326, -1.14322409668002E-5
-0.323, -1.1411449898917E-5
-0.32, -1.13943146229608E-5
-0.317, -1.13751327991189E-5
-0.314, -1.13565352157445E-5
-0.311, -1.13370283772038E-5
-0.308, -1.13160894863109E-5
-0.305, -1.12932435096067E-5
-0.302, -1.12736149467623E-5
-0.299, -1.12495558717767E-5
-0.296, -1.12301939351297E-5
-0.293, -1.12050520170088E-5
-0.29, -1.11826351356262E-5
-0.287, -1.11582055417502E-5
-0.284, -1.11336815740617E-5
-0.281, -1.11079166829662E-5
-0.278, -1.10845504402579E-5
-0.275, -1.10576599780907E-5
-0.272, -1.10311367205575E-5
-0.269, -1.1002139033864E-5
-0.266, -1.09769508397525E-5
-0.263, -1.09447191053785E-5
-0.26, -1.09183081284458E-5
-0.257, -1.0885916677984E-5
-0.254, -1.08546336377021E-5
-0.251, -1.08210286813691E-5
-0.248, -1.07868268516296E-5
-0.245, -1.07541675230581E-5
-0.242, -1.07165447468999E-5
-0.239, -1.06791777642331E-5
-0.236, -1.06413159215988E-5
-0.233, -1.06011785578088E-5
-0.23, -1.0561485470893E-5
-0.227, -1.05185279441302E-5
-0.224, -1.04771175891461E-5
-0.221, -1.04347414302034E-5
-0.218, -1.03833497430341E-5
-0.215, -1.03355996994084E-5
-0.212, -1.02867121683084E-5
-0.209, -1.02346342252146E-5
-0.206, -1.01810596419043E-5
-0.203, -1.01275316513174E-5
-0.2, -1.00676846942215E-5
-0.197, -1.00118605430682E-5
-0.194, -9.94878282822093E-6
-0.191, -9.88629989757206E-6
-0.188, -9.82107518566671E-6
-0.185, -9.75229762601488E-6
-0.182, -9.68183559710972E-6
-0.179, -9.61244417917499E-6
-0.176, -9.53603131849043E-6
-0.173, -9.45942050701684E-6
-0.17, -9.37983711031682E-6
-0.167, -9.30007509961151E-6
-0.164, -9.21343001131877E-6
-0.161, -9.12800725399172E-6
-0.158, -9.03746747653144E-6
-0.155, -8.94355530152636E-6
-0.152, -8.84621400025825E-6
-0.149, -8.75153491627936E-6
-0.146, -8.65042908491199E-6
-0.143, -8.54796687746599E-6
-0.14, -8.43619616553395E-6
-0.137, -8.32751887061231E-6
-0.134, -8.2158714742243E-6
-0.131, -8.0981453692148E-6
-0.128, -7.98047975174248E-6
-0.125, -7.86141955940721E-6
-0.122, -7.7354100108233E-6
-0.119, -7.60772487474527E-6
-0.116, -7.47644061441188E-6
-0.113, -7.33970135818258E-6
-0.11, -7.20779512672703E-6
-0.107, -7.06849561778246E-6
-0.104, -6.92537182556502E-6
-0.101, -6.77804506130518E-6
-0.0980000000000001, -6.63018368680388E-6
-0.0950000000000001, -6.47559986940234E-6
-0.0920000000000001, -6.32519589943368E-6
-0.0890000000000001, -6.1641236952426E-6
-0.0860000000000001, -6.00749373941481E-6
-0.0830000000000001, -5.84321443596806E-6
-0.08, -5.67681769446045E-6
-0.0770000000000001, -5.50671870204144E-6
-0.0740000000000001, -5.33628202043E-6
-0.0710000000000001, -5.16495588811129E-6
-0.0680000000000001, -4.98745156568577E-6
-0.065, -4.80695371100019E-6
-0.062, -4.62525739312865E-6
-0.059, -4.43971215040106E-6
-0.056, -4.25433730898839E-6
-0.053, -4.06319652703587E-6
-0.05, -3.87058649737117E-6
-0.047, -3.67523792003571E-6
-0.044, -3.47918452149297E-6
-0.041, -3.27906192725262E-6
-0.038, -3.07634054846173E-6
-0.0350000000000001, -2.86877679615077E-6
-0.0320000000000001, -2.66353886970635E-6
-0.0290000000000001, -2.45230132358207E-6
-0.0260000000000001, -2.2365751270962E-6
-0.0230000000000001, -2.01695590948441E-6
-0.0200000000000001, -1.79752276413704E-6
-0.0170000000000001, -1.57268140800846E-6
-0.0140000000000001, -1.34016556362776E-6
-0.0110000000000001, -1.10854569252021E-6
-0.00800000000000005, -8.7222206266168E-7
-0.00500000000000005, -6.29329029255485E-7
-0.00200000000000004, -3.83712882453674E-7
0.000999999999999959, -1.28402343190839E-7
0.00399999999999996, 1.23872787259016E-7
0.00699999999999996, 3.80290165995998E-7
0.00999999999999997, 6.36218100268272E-7
0.013, 8.81917693827821E-7
0.016, 1.12779945290299E-6
0.019, 1.37037349595316E-6
0.022, 1.60625489564593E-6
0.025, 1.84050005690396E-6
0.0279999999999999, 2.07084866596483E-6
0.0309999999999999, 2.29871206029185E-6
0.0339999999999999, 2.51788780746747E-6
0.0369999999999999, 2.73628313942978E-6
0.0399999999999999, 2.94943964908561E-6
0.0429999999999999, 3.16287171410005E-6
0.0459999999999999, 3.37262490243403E-6
0.0489999999999999, 3.579043581711E-6
0.0519999999999999, 3.78297284177334E-6
0.0549999999999999, 3.97915238527117E-6
0.0579999999999999, 4.17621035433768E-6
0.061, 4.36671829895968E-6
0.064, 4.5604074580235E-6
0.067, 4.74737283667087E-6
0.07, 4.93060066859354E-6
0.073, 5.11062627735922E-6
0.076, 5.28845368622519E-6
0.079, 5.46281876833484E-6
0.082, 5.63620663832914E-6
0.085, 5.80410774925785E-6
0.088, 5.97018454915555E-6
0.0909999999999999, 6.13460028191017E-6
0.0939999999999999, 6.29278769210161E-6
0.0969999999999999, 6.44990884979013E-6
0.0999999999999999, 6.60258924812639E-6
0.103, 6.75420562956426E-6
0.106, 6.90224286725316E-6
0.109, 7.04862469280571E-6
0.112, 7.18881252922492E-6
0.115, 7.32869052600019E-6
0.118, 7.46181164212157E-6
0.121, 7.59474254269283E-6
0.124, 7.72441934203707E-6
0.127, 7.84937593736218E-6
0.13, 7.97460792181954E-6
0.133, 8.0947451460822E-6
0.136, 8.20986769536775E-6
0.139, 8.32543208412877E-6
0.142, 8.43845062515444E-6
0.145, 8.54756054252149E-6
0.148, 8.65123577161663E-6
0.151, 8.7545479326103E-6
0.154, 8.85396857455866E-6
0.157, 8.95036585857718E-6
0.16, 9.04541371722418E-6
0.163, 9.13726142757574E-6
0.166, 9.22489204151704E-6
0.169, 9.31127946792611E-6
0.172, 9.39442216902799E-6
0.175, 9.47363772584617E-6
0.178, 9.5520848414545E-6
0.181, 9.62936877408547E-6
0.184, 9.70215674266557E-6
0.187, 9.77356642441445E-6
0.19, 9.84156077698436E-6
0.193, 9.90809411296578E-6
0.196, 9.97376645509483E-6
0.199, 1.00352696877786E-5
0.202, 1.00947083782562E-5
0.205, 1.01515751369086E-5
0.208, 1.02101182305987E-5
0.211, 1.02610258865643E-5
0.214, 1.03149796911846E-5
0.217, 1.0367752267166E-5
0.22, 1.04154161424459E-5
0.223, 1.04639205255293E-5
0.226, 1.05111220771757E-5
0.229, 1.05511515022992E-5
0.232, 1.05965346554096E-5
0.235, 1.06374918721241E-5
0.238, 1.06781178497778E-5
0.241, 1.07177033006503E-5
0.244, 1.0754884825523E-5
0.247, 1.07918842539052E-5
0.25, 1.08274941896817E-5
0.253, 1.08625803673482E-5
0.256, 1.0893936540237E-5
0.259, 1.09260563899297E-5
0.262, 1.09593594506326E-5
0.265, 1.09878551854952E-5
0.268, 1.10185047250556E-5
0.271, 1.1047309476971E-5
0.274, 1.10768229885433E-5
0.277, 1.11040988475331E-5
0.28, 1.11298874446965E-5
0.283, 1.11574798439126E-5
0.286, 1.11818154068556E-5
0.289, 1.12078744427155E-5
0.292, 1.12328406399036E-5
0.295, 1.12540987551965E-5
0.298, 1.12793685109043E-5
0.301, 1.13028185129606E-5
0.304, 1.132316097481E-5
0.307, 1.13448237881986E-5
0.31, 1.13651845618546E-5
0.313, 1.13894629542941E-5
0.316, 1.14087027069161E-5
0.319, 1.14311511000237E-5
0.322, 1.14488935191927E-5
0.325, 1.14698920618397E-5
0.328, 1.14883601431069E-5
0.331, 1.15074009839952E-5
0.334, 1.15262572761645E-5
0.337, 1.15438033527534E-5
0.34, 1.15601932642092E-5
0.343, 1.15805108231367E-5
0.346, 1.15950612114852E-5
0.349, 1.16134917394125E-5
0.352, 1.16315709443619E-5
0.355, 1.16434143219013E-5
0.358, 1.16636250398057E-5
0.361, 1.1677139479369E-5
0.364, 1.16924840239845E-5
0.367, 1.1708336444595E-5
0.37, 1.1724865443635E-5
0.373, 1.17396897043702E-5
0.376, 1.17531032184678E-5
0.379, 1.1769251351669E-5
0.382, 1.17816532637788E-5
0.385, 1.17978647423073E-5
0.388, 1.18134322377865E-5
0.391, 1.1827381028156E-5
0.394, 1.18395895048089E-5
0.397, 1.18535546666975E-5
0.4, 1.18628196140198E-5
0.403, 1.18790926376793E-5
0.406, 1.18931702610008E-5
0.409, 1.19050332304935E-5

0.43934375431423, 1.20324852370405E-5

-0.392, -1.17753454071573E-5
-0.389, -1.17622272866156E-5
-0.386, -1.17539004552515E-5
-0.383, -1.17385403109645E-5
-0.38, -1.17223352117982E-5
-0.377, -1.17091091715211E-5
-0.374, -1.16926410052797E-5
-0.371, -1.16811461074303E-5
-0.368, -1.16634226952543E-5
-0.365, -1.16494098731321E-5
-0.362, -1.16337601136982E-5
-0.359, -1.16184256147494E-5
-0.356, -1.16011383301553E-5
-0.353, -1.15870263726947E-5
-0.35, -1.15692813961272E-5
-0.347, -1.15555080530562E-5
-0.344, -1.15367744426101E-5
-0.341, -1.15225548357035E-5
-0.338, -1.14998361967804E-5
-0.335, -1.14865272541533E-5
-0.332, -1.1468294601183E-5
-0.329, -1.14493854898711E-5
-0.326, -1.14328502558938E-5
-0.323, -1.1413286745737E-5
-0.32, -1.13934099174025E-5
-0.317, -1.137472160481E-5
-0.314, -1.13541654692339E-5
-0.311, -1.13363625974503E-5
-0.308, -1.13158626324775E-5
-0.305, -1.12954997285581E-5
-0.302, -1.12700622899663E-5
-0.299, -1.12499364585452E-5
-0.296, -1.12287119774548E-5
-0.293, -1.12064328963173E-5
-0.29, -1.11839439095983E-5
-0.287, -1.11588349496654E-5
-0.284, -1.11362519094132E-5
-0.281, -1.11098822875039E-5
-0.278, -1.10834672060967E-5
-0.275, -1.10570726300441E-5
-0.272, -1.10314227063594E-5
-0.269, -1.10034954902936E-5
-0.266, -1.09754169261901E-5
-0.263, -1.09438883682818E-5
-0.26, -1.09162023050341E-5
-0.257, -1.08859598792093E-5
-0.254, -1.08541416516778E-5
-0.251, -1.08205048680273E-5
-0.248, -1.07862198635961E-5
-0.245, -1.07535029042866E-5
-0.242, -1.07177383221763E-5
-0.239, -1.06789094196562E-5
-0.236, -1.06452488825025E-5
-0.233, -1.0602235840734E-5
-0.23, -1.05610261569033E-5
-0.227, -1.05171618574048E-5
-0.224, -1.04777104357288E-5
-0.221, -1.04315711317047E-5
-0.218, -1.03864817488369E-5
-0.215, -1.03371312543505E-5
-0.212, -1.02862285635239E-5
-0.209, -1.02347698112579E-5
-0.206, -1.01814619384949E-5
-0.203, -1.01294955721504E-5
-0.2, -1.00713701478405E-5
-0.197, -1.00109523768404E-5
-0.194, -9.94924327733179E-6
-0.191, -9.88543497772259E-6
-0.188, -9.82012179752011E-6
-0.185, -9.75402792081659E-6
-0.182, -9.68491656042203E-6
-0.179, -9.61180627167311E-6
-0.176, -9.53744817454312E-6
-0.173, -9.45977423833937E-6
-0.17, -9.37843721777185E-6
-0.167, -9.29630991881138E-6
-0.164, -9.21534005796209E-6
-0.161, -9.12942571021404E-6
-0.158, -9.03883868389905E-6
-0.155, -8.94373840760528E-6
-0.152, -8.84925384358298E-6
-0.149, -8.7511417399488E-6
-0.146, -8.64969897444811E-6
-0.143, -8.54314367252413E-6
-0.14, -8.44166955155649E-6
-0.137, -8.32812146204374E-6
-0.134, -8.21301667500238E-6
-0.131, -8.09814249984417E-6
-0.128, -7.98190471311699E-6
-0.125, -7.86029363000322E-6
-0.122, -7.73593365257262E-6
-0.119, -7.61022186508741E-6
-0.116, -7.47708476911098E-6
-0.113, -7.34311196362526E-6
-0.11, -7.20403085509601E-6
-0.107, -7.06477489777014E-6
-0.104, -6.92368411001649E-6
-0.101, -6.77703049044017E-6
-0.0980000000000001, -6.62698829843169E-6
-0.0950000000000001, -6.47742349627218E-6
-0.0920000000000001, -6.32375581044588E-6
-0.0890000000000001, -6.16702136687768E-6
-0.0860000000000001, -6.00767874784836E-6
-0.0830000000000001, -5.84399578869772E-6
-0.08, -5.67972951409853E-6
-0.0770000000000001, -5.50777781025161E-6
-0.0740000000000001, -5.33854759737395E-6
-0.0710000000000001, -5.16661665002995E-6
-0.0680000000000001, -4.98763232902383E-6
-0.065, -4.80749100822029E-6
-0.062, -4.62585021101783E-6
-0.059, -4.44019923567777E-6
-0.056, -4.25529649581407E-6
-0.053, -4.06102357860657E-6
-0.05, -3.87248649353886E-6
-0.047, -3.67965833398831E-6
-0.044, -3.47762415729348E-6
-0.041, -3.27625119414837E-6
-0.0380000000000001, -3.07536701690185E-6
-0.0350000000000001, -2.86913130403908E-6
-0.0320000000000001, -2.66097448501789E-6
-0.0290000000000001, -2.4534464146716E-6
-0.0260000000000001, -2.2364361197091E-6
-0.0230000000000001, -2.01654317187686E-6
-0.0200000000000001, -1.79761769769077E-6
-0.0170000000000001, -1.57003510206671E-6
-0.0140000000000001, -1.34300337045516E-6
-0.0110000000000001, -1.11057665296256E-6
-0.00800000000000005, -8.72122846493447E-7
-0.00500000000000005, -6.31370249196259E-7
-0.00200000000000004, -3.82728766931526E-7
0.000999999999999959, -1.29805793359299E-7
0.00399999999999996, 1.26318515253215E-7
0.00699999999999996, 3.79906467483914E-7
0.00999999999999997, 6.32107546072368E-7
0.013, 8.8126556349415E-7
0.016, 1.1261395743463E-6
0.019, 1.36970610508949E-6
0.022, 1.60668738896621E-6
0.0249999999999999, 1.83787275529316E-6
0.0279999999999999, 2.07108951027246E-6
0.0309999999999999, 2.29483088172355E-6
0.0339999999999999, 2.51804558426501E-6
0.0369999999999999, 2.73653325608995E-6
0.0399999999999999, 2.95143131922373E-6
0.0429999999999999, 3.1622353504495E-6
0.0459999999999999, 3.37291255963023E-6
0.0489999999999999, 3.57766918980822E-6
0.0519999999999999, 3.78205696617662E-6
0.0549999999999999, 3.97908392239481E-6
0.0579999999999999, 4.175778197629E-6
0.061, 4.36723212488794E-6
0.064, 4.55769921076566E-6
0.067, 4.74498228181114E-6
0.07, 4.92934885973406E-6
0.073, 5.11091907696989E-6
0.076, 5.2877147603473E-6
0.079, 5.46335107834639E-6
0.082, 5.63505128432511E-6
0.085, 5.80408515869012E-6
0.0879999999999999, 5.96982599116164E-6
0.0909999999999999, 6.13352558302945E-6
0.0939999999999999, 6.293799802696E-6
0.0969999999999999, 6.44645748662532E-6
0.0999999999999999, 6.60339133183759E-6
0.103, 6.7551576700897E-6
0.106, 6.89959001959185E-6
0.109, 7.04649413951975E-6
0.112, 7.18892103146537E-6
0.115, 7.32764166638464E-6
0.118, 7.46137254683022E-6
0.121, 7.59390612013629E-6
0.124, 7.72451013376351E-6
0.127, 7.85066855401559E-6
0.13, 7.97341774257551E-6
0.133, 8.09599051954781E-6
0.136, 8.21479275364391E-6
0.139, 8.32552203557127E-6
0.142, 8.43564975043325E-6
0.145, 8.54516969916153E-6
0.148, 8.65263218186703E-6
0.151, 8.75703992760658E-6
0.154, 8.85346189066231E-6
0.157, 8.94955696273305E-6
0.16, 9.04324175078673E-6
0.163, 9.13437456195608E-6
0.166, 9.22428181054441E-6
0.169, 9.3112427282054E-6
0.172, 9.39433060461483E-6
0.175, 9.47431526637759E-6
0.178, 9.55204980748356E-6
0.181, 9.62877711217293E-6
0.184, 9.69950023392282E-6
0.187, 9.7757765142744E-6
0.19, 9.84038868587423E-6
0.193, 9.90516567378943E-6
0.196, 9.97281617847083E-6
0.199, 1.00332987852578E-5
0.202, 1.00919681097613E-5
0.205, 1.01542903561375E-5
0.208, 1.02082198807187E-5
0.211, 1.02629996576684E-5
0.214, 1.0313031799052E-5
0.217, 1.03665528837207E-5
0.22, 1.04143929652651E-5
0.223, 1.04640104437137E-5
0.226, 1.05068693156869E-5
0.229, 1.05555115312518E-5
0.232, 1.05949408441828E-5
0.235, 1.06367302841308E-5
0.238, 1.06790075610664E-5
0.241, 1.07185049305767E-5
0.244, 1.0757794004774E-5
0.247, 1.07900973530346E-5
0.25, 1.08271897926419E-5
0.253, 1.08603336849109E-5
0.256, 1.08930350489247E-5
0.259, 1.09268394334479E-5
0.262, 1.09591372001384E-5
0.265, 1.09873706523411E-5
0.268, 1.10181767260673E-5
0.271, 1.10478290098134E-5
0.274, 1.10772118466529E-5
0.277, 1.11030289199798E-5
0.28, 1.1129731038812E-5
0.283, 1.11566101022514E-5
0.286, 1.11838198178905E-5
0.289, 1.12064217553605E-5
0.292, 1.12318533872582E-5
0.295, 1.12557427698675E-5
0.298, 1.12779051019523E-5
0.301, 1.13019482789944E-5
0.304, 1.13226554180742E-5
0.307, 1.13429678063876E-5
0.31, 1.13671400593657E-5
0.313, 1.13895680117285E-5
0.316, 1.14087253367443E-5
0.319, 1.14306562740238E-5
0.322, 1.14502293197985E-5
0.325, 1.14668946575289E-5
0.328, 1.14861107735642E-5
0.331, 1.15057859696013E-5
0.334, 1.15253267108125E-5
0.337, 1.15448460325484E-5
0.34, 1.15626720138656E-5
0.343, 1.15798565815682E-5
0.346, 1.15945525049293E-5
0.349, 1.16106557515306E-5
0.352, 1.16282749904209E-5
0.355, 1.16473084821471E-5
0.358, 1.16606991206706E-5
0.361, 1.16787248481509E-5
0.364, 1.16943496767136E-5
0.367, 1.17068180747379E-5
0.37, 1.17252023105411E-5
0.373, 1.17395599501944E-5
0.376, 1.17536433120224E-5
0.379, 1.17664842584932E-5
0.382, 1.17818698663319E-5
0.385, 1.1796290214449E-5
0.388, 1.18091594467532E-5
0.391, 1.1825437108648E-5
0.394, 1.18388568008073E-5
0.397, 1.18515944617928E-5
0.4, 1.18655141872917E-5
0.403, 1.18778283756005E-5
0.406, 1.18912526533668E-5

0.439349791422383, 1.20331402291089E-5

-0.395, -1.17912544457079E-5
-0.392, -1.17777958263807E-5
-0.389, -1.17652067956213E-5
-0.386, -1.17527208822022E-5
-0.383, -1.1735577935045E-5
-0.38, -1.172627701002E-5
-0.377, -1.17091976583389E-5
-0.374, -1.16929457334883E-5
-0.371, -1.16808593746655E-5
-0.368, -1.16642526766766E-5
-0.365, -1.16510049776187E-5
-0.362, -1.16368212041126E-5
-0.359, -1.16191113634606E-5
-0.356, -1.16022183405463E-5
-0.353, -1.15884477209158E-5
-0.35, -1.1572388445599E-5
-0.347, -1.15552924323428E-5
-0.344, -1.15407202053147E-5
-0.341, -1.15196281145163E-5
-0.338, -1.15061540354157E-5
-0.335, -1.14862322510565E-5
-0.332, -1.14703115540399E-5
-0.329, -1.14516609040981E-5
-0.326, -1.14339224336442E-5
-0.323, -1.1413984396499E-5
-0.32, -1.13960534963608E-5
-0.317, -1.13740507930078E-5
-0.314, -1.13539436155598E-5
-0.311, -1.13343659609182E-5
-0.308, -1.13157139549794E-5
-0.305, -1.12954497538599E-5
-0.302, -1.12725116416081E-5
-0.299, -1.12497361335537E-5
-0.296, -1.1229421242429E-5
-0.293, -1.12078957450149E-5
-0.29, -1.11846969307452E-5
-0.287, -1.11589592767184E-5
-0.284, -1.1137641548097E-5
-0.281, -1.1110210672289E-5
-0.278, -1.10815151363987E-5
-0.275, -1.10583571547234E-5
-0.272, -1.10327842199502E-5
-0.269, -1.100464892287E-5
-0.266, -1.09748794930752E-5
-0.263, -1.09472432718427E-5
-0.26, -1.09160792722402E-5
-0.257, -1.08860988819451E-5
-0.254, -1.08548401329704E-5
-0.251, -1.08211922749385E-5
-0.248, -1.07896006495637E-5
-0.245, -1.0753294917283E-5
-0.242, -1.07184883275308E-5
-0.239, -1.06815252127992E-5
-0.236, -1.06429670587286E-5
-0.233, -1.06042010425625E-5
-0.23, -1.05627317251409E-5
-0.227, -1.05201556109535E-5
-0.224, -1.047470644955E-5
-0.221, -1.04313798641199E-5
-0.218, -1.03869891181384E-5
-0.215, -1.03364805863014E-5
-0.212, -1.02886842545508E-5
-0.209, -1.02354542526899E-5
-0.206, -1.01804049538664E-5
-0.203, -1.01270272543876E-5
-0.2, -1.00698359838681E-5
-0.197, -1.00133985767575E-5
-0.194, -9.94840812830363E-6
-0.191, -9.88627324951316E-6
-0.188, -9.8203481536936E-6
-0.185, -9.75207020402605E-6
-0.182, -9.68422372970924E-6
-0.179, -9.61119554664099E-6
-0.176, -9.53849221625844E-6
-0.173, -9.45926412041661E-6
-0.17, -9.38129974980351E-6
-0.167, -9.29997301466297E-6
-0.164, -9.21562125325728E-6
-0.161, -9.12976091875716E-6
-0.158, -9.04025157595952E-6
-0.155, -8.94471964993133E-6
-0.152, -8.85067152518557E-6
-0.149, -8.75110461041765E-6
-0.146, -8.64982012838648E-6
-0.143, -8.54540960834942E-6
-0.14, -8.44045344125643E-6
-0.137, -8.32872460177592E-6
-0.134, -8.21903717692054E-6
-0.131, -8.10110497775393E-6
-0.128, -7.98447593879629E-6
-0.125, -7.85894029958778E-6
-0.122, -7.7343218701626E-6
-0.119, -7.60791141025064E-6
-0.116, -7.47609899133118E-6
-0.113, -7.34314638182977E-6
-0.11, -7.20414700512291E-6
-0.107, -7.06791245908276E-6
-0.104, -6.92612763760007E-6
-0.101, -6.77734440058759E-6
-0.0980000000000001, -6.63036514468566E-6
-0.095, -6.48011797548294E-6
-0.092, -6.32363394336738E-6
-0.0890000000000001, -6.16566442680894E-6
-0.0860000000000001, -6.00857076545872E-6
-0.083, -5.84342209644058E-6
-0.08, -5.67913479973803E-6
-0.077, -5.51080969530428E-6
-0.0740000000000001, -5.33855078457059E-6
-0.071, -5.16557874442507E-6
-0.068, -4.98689643214475E-6
-0.065, -4.80672910494487E-6
-0.062, -4.6271151001469E-6
-0.059, -4.44128249662292E-6
-0.056, -4.2535738038637E-6
-0.053, -4.06333191361144E-6
-0.05, -3.87100380539031E-6
-0.047, -3.67610990055771E-6
-0.044, -3.4817976782454E-6
-0.0410000000000001, -3.27857692917053E-6
-0.0380000000000001, -3.0743918297683E-6
-0.0350000000000001, -2.8718491255185E-6
-0.0320000000000001, -2.66247588212515E-6
-0.0290000000000001, -2.4524061153117E-6
-0.0260000000000001, -2.23645116098099E-6
-0.0230000000000001, -2.01968866416203E-6
-0.02, -1.79710081641295E-6
-0.0170000000000001, -1.57142481383017E-6
-0.014, -1.34044422656796E-6
-0.011, -1.11046209239388E-6
-0.00800000000000004, -8.72016449992234E-7
-0.00500000000000004, -6.31414723801729E-7
-0.00200000000000004, -3.82108918258655E-7
0.000999999999999966, -1.28972366251506E-7
0.00399999999999997, 1.261693923341E-7
0.00699999999999997, 3.82122857712702E-7
0.00999999999999997, 6.34147247212253E-7
0.013, 8.78991723675869E-7
0.016, 1.12814156590966E-6
0.019, 1.37188879876362E-6
0.0219999999999999, 1.60573843369874E-6
0.0249999999999999, 1.84135016430405E-6
0.0279999999999999, 2.07047688948947E-6
0.0309999999999999, 2.29485548338887E-6
0.0339999999999999, 2.51818333273822E-6
0.0369999999999999, 2.73417799033016E-6
0.0399999999999999, 2.954416969088E-6
0.0429999999999999, 3.16200538899507E-6
0.0459999999999999, 3.37335626745152E-6
0.049, 3.57743293451814E-6
0.052, 3.77930620089848E-6
0.055, 3.9797495756613E-6
0.058, 4.17575333153495E-6
0.061, 4.36761625774671E-6
0.064, 4.55860856430563E-6
0.067, 4.74352042324181E-6
0.07, 4.92634087074578E-6
0.073, 5.1107597781711E-6
0.076, 5.288869173657E-6
0.079, 5.4637671395418E-6
0.082, 5.63575139519885E-6
0.0849999999999999, 5.8060094369934E-6
0.0879999999999999, 5.9706067048729E-6
0.0909999999999999, 6.13434494533999E-6
0.0939999999999999, 6.29205622183602E-6
0.0969999999999999, 6.44885001811867E-6
0.1, 6.60145440788951E-6
0.103, 6.75189340378635E-6
0.106, 6.90032743507577E-6
0.109, 7.045068835304E-6
0.112, 7.18778206641618E-6
0.115, 7.32730297225356E-6
0.118, 7.46197567430645E-6
0.121, 7.59498421666418E-6
0.124, 7.7255677639835E-6
0.127, 7.85200147998878E-6
0.13, 7.9740621928733E-6
0.133, 8.09507413812052E-6
0.136, 8.2114501405042E-6
0.139, 8.32537623899025E-6
0.142, 8.43646414850679E-6
0.145, 8.54625963231496E-6
0.148, 8.65210010486953E-6
0.151, 8.75495792520648E-6
0.154, 8.85327785823981E-6
0.157, 8.95103107279473E-6
0.16, 9.0454404559216E-6
0.163, 9.13484887754416E-6
0.166, 9.22614211709743E-6
0.169, 9.310438439642E-6
0.172, 9.39489060498187E-6
0.175, 9.47450367020053E-6
0.178, 9.55248886435264E-6
0.181, 9.62767155938042E-6
0.184, 9.70094828626194E-6
0.187, 9.77457508794917E-6
0.19, 9.84397310516633E-6
0.193, 9.90958655917406E-6
0.196, 9.97401629293383E-6
0.199, 1.00326627069778E-5
0.202, 1.00977591650384E-5
0.205, 1.01535626029358E-5
0.208, 1.02076919404326E-5
0.211, 1.02629514477534E-5
0.214, 1.03133860547305E-5
0.217, 1.03664884405737E-5
0.22, 1.04150180922423E-5
0.223, 1.04628580492115E-5
0.226, 1.0508792445343E-5
0.229, 1.05548248538704E-5
0.232, 1.05971163782028E-5
0.235, 1.06378289150394E-5
0.238, 1.0678543432506E-5
0.241, 1.07179872755878E-5
0.244, 1.07557790454665E-5
0.247, 1.07917887388295E-5
0.25, 1.08274347195216E-5
0.253, 1.08628360792531E-5
0.256, 1.08952703216499E-5
0.259, 1.09293433986279E-5
0.262, 1.09597498927498E-5
0.265, 1.09904507950425E-5
0.268, 1.10191008132317E-5
0.271, 1.10481114716826E-5
0.274, 1.10777204639184E-5
0.277, 1.11046252420969E-5
0.28, 1.11322853635987E-5
0.283, 1.11558724451071E-5
0.286, 1.11817773902589E-5
0.289, 1.12068056652287E-5
0.292, 1.12317113280381E-5
0.295, 1.12550074869623E-5
0.298, 1.12817962363427E-5
0.301, 1.1302397998626E-5
0.304, 1.13226877316848E-5
0.307, 1.13474016525804E-5
0.31, 1.13666174488178E-5
0.313, 1.13891961882638E-5
0.316, 1.14055285254727E-5
0.319, 1.14314388009637E-5
0.322, 1.14506505687865E-5
0.325, 1.14681396543715E-5
0.328, 1.14862607936822E-5
0.331, 1.15028326884832E-5
0.334, 1.15248645699798E-5
0.337, 1.15433420039621E-5
0.34, 1.15609371319787E-5
0.343, 1.15781919016597E-5
0.346, 1.15941542511332E-5
0.349, 1.16121184741341E-5
0.352, 1.16295234684049E-5
0.355, 1.16475094004564E-5
0.358, 1.16629617447261E-5
0.361, 1.16775129152091E-5
0.364, 1.16932775766807E-5
0.367, 1.17092141928666E-5
0.37, 1.17235177481216E-5
0.373, 1.17397049139815E-5
0.376, 1.17548646634223E-5
0.379, 1.17700626544737E-5
0.382, 1.17814482426897E-5
0.385, 1.17956134843531E-5
0.388, 1.1809995225062E-5
0.391, 1.18258191433911E-5
0.394, 1.18382802258814E-5
0.397, 1.18496346414834E-5
0.4, 1.1865613788633E-5
0.403, 1.18775981945437E-5

0.439347129407874, 1.20343843543727E-5

-0.398, -1.18050493480936E-5
-0.395, -1.17932605287763E-5
-0.392, -1.17784724878862E-5
-0.389, -1.17641927472408E-5
-0.386, -1.17494110222383E-5
-0.383, -1.17384860191117E-5
-0.38, -1.17261110011808E-5
-0.377, -1.17114700407277E-5
-0.374, -1.16923100248912E-5
-0.371, -1.16782265405344E-5
-0.368, -1.16652652679732E-5
-0.365, -1.1650839075901E-5
-0.362, -1.16389386540966E-5
-0.359, -1.16198119353656E-5
-0.356, -1.16009123066993E-5
-0.353, -1.15884860676015E-5
-0.35, -1.15695137584508E-5
-0.347, -1.15550965488632E-5
-0.344, -1.15381734106785E-5
-0.341, -1.15211730498935E-5
-0.338, -1.15051334060255E-5
-0.335, -1.14845399133404E-5
-0.332, -1.14675331620697E-5
-0.329, -1.14479428197793E-5
-0.326, -1.14316335756069E-5
-0.323, -1.14139971652245E-5
-0.32, -1.13958403360927E-5
-0.317, -1.13765533445466E-5
-0.314, -1.13545846851642E-5
-0.311, -1.13351267197779E-5
-0.308, -1.13156773617421E-5
-0.305, -1.12956995270376E-5
-0.302, -1.12733458596036E-5
-0.299, -1.12508031396476E-5
-0.296, -1.12283639922003E-5
-0.293, -1.12076042506236E-5
-0.29, -1.11842574712906E-5
-0.287, -1.11599164702066E-5
-0.284, -1.11343555489995E-5
-0.281, -1.11102221967124E-5
-0.278, -1.10845833465498E-5
-0.275, -1.105567321925E-5
-0.272, -1.10321594959678E-5
-0.269, -1.10041156912407E-5
-0.266, -1.09742765769623E-5
-0.263, -1.09463493084887E-5
-0.26, -1.09159977269419E-5
-0.257, -1.08864246101362E-5
-0.254, -1.08551221779065E-5
-0.251, -1.08227418307043E-5
-0.248, -1.07874193692913E-5
-0.245, -1.075602533895E-5
-0.242, -1.07165284845178E-5
-0.239, -1.06800497876539E-5
-0.236, -1.06425898034527E-5
-0.233, -1.060214095506E-5
-0.23, -1.05622013145174E-5
-0.227, -1.05213911231198E-5
-0.224, -1.04772094235111E-5
-0.221, -1.04323124357893E-5
-0.218, -1.03854386433179E-5
-0.215, -1.034022816852E-5
-0.212, -1.02881071984743E-5
-0.209, -1.02362718433125E-5
-0.206, -1.01825415855151E-5
-0.203, -1.01274212472518E-5
-0.2, -1.00702286430864E-5
-0.197, -1.00120692058884E-5
-0.194, -9.94933764126764E-6
-0.191, -9.88716714539698E-6
-0.188, -9.82042635558427E-6
-0.185, -9.75441032335084E-6
-0.182, -9.68307276716307E-6
-0.179, -9.61395491480027E-6
-0.176, -9.53888595587233E-6
-0.173, -9.4609141778619E-6
-0.17, -9.38321985713404E-6
-0.167, -9.29884335354908E-6
-0.164, -9.21496844738642E-6
-0.161, -9.12746142228504E-6
-0.158, -9.03769416885032E-6
-0.155, -8.94628113005599E-6
-0.152, -8.84895552994552E-6
-0.149, -8.75165293311143E-6
-0.146, -8.64907701556307E-6
-0.143, -8.54570370904264E-6
-0.14, -8.44002073630671E-6
-0.137, -8.32768987472267E-6
-0.134, -8.21848311176143E-6
-0.131, -8.10464085387963E-6
-0.128, -7.98375121531717E-6
-0.125, -7.86074796054464E-6
-0.122, -7.73615936939774E-6
-0.119, -7.610223205729E-6
-0.116, -7.47785982827166E-6
-0.113, -7.34334558473574E-6
-0.11, -7.20581588198393E-6
-0.107, -7.06618764483729E-6
-0.104, -6.92573823367397E-6
-0.101, -6.7787506244534E-6
-0.0980000000000001, -6.63060940798605E-6
-0.095, -6.4813525070316E-6
-0.092, -6.3232625819798E-6
-0.0890000000000001, -6.16652830034121E-6
-0.0860000000000001, -6.0058736487074E-6
-0.083, -5.84458650104013E-6
-0.08, -5.67911766892752E-6
-0.077, -5.51019323958994E-6
-0.0740000000000001, -5.33966553379599E-6
-0.071, -5.16252440670797E-6
-0.068, -4.98750052194263E-6
-0.065, -4.80772258585549E-6
-0.062, -4.62737465964712E-6
-0.059, -4.44126843934259E-6
-0.056, -4.25158035005934E-6
-0.053, -4.06354136591233E-6
-0.05, -3.8728126083125E-6
-0.047, -3.67586781028631E-6
-0.0440000000000001, -3.48118585111483E-6
-0.0410000000000001, -3.27922893109897E-6
-0.0380000000000001, -3.07654330076427E-6
-0.0350000000000001, -2.87015462861564E-6
-0.0320000000000001, -2.66200357659426E-6
-0.0290000000000001, -2.44912932784274E-6
-0.0260000000000001, -2.23722554604936E-6
-0.0230000000000001, -2.01835512027588E-6
-0.02, -1.79514822367019E-6
-0.0170000000000001, -1.57222282565199E-6
-0.014, -1.34045006522535E-6
-0.011, -1.10726184982416E-6
-0.00800000000000004, -8.72287712244107E-7
-0.00500000000000004, -6.29037812507205E-7
-0.00200000000000004, -3.86615903786954E-7
0.000999999999999966, -1.28775035985945E-7
0.00399999999999997, 1.26055685213411E-7
0.00699999999999997, 3.79107296867307E-7
0.00999999999999997, 6.33307859188481E-7
0.013, 8.8106908020718E-7
0.016, 1.12608385258174E-6
0.0189999999999999, 1.36817297591753E-6
0.0219999999999999, 1.60755105067367E-6
0.0249999999999999, 1.84159089080245E-6
0.0279999999999999, 2.06912944907331E-6
0.0309999999999999, 2.2971237829468E-6
0.0339999999999999, 2.5152500772755E-6
0.0369999999999999, 2.73456823783463E-6
0.0399999999999999, 2.94973515941758E-6
0.0429999999999999, 3.16221191255579E-6
0.0459999999999999, 3.37445547951379E-6
0.049, 3.57865429220426E-6
0.052, 3.7783376193084E-6
0.055, 3.9782326757171E-6
0.058, 4.17654414084082E-6
0.061, 4.36944571780395E-6
0.064, 4.55541937277287E-6
0.067, 4.74613700932942E-6
0.07, 4.92741963841521E-6
0.073, 5.10868465890736E-6
0.076, 5.28796613285925E-6
0.079, 5.46183221151644E-6
0.0819999999999999, 5.63409706021555E-6
0.0849999999999999, 5.80547988999361E-6
0.0879999999999999, 5.97001941624609E-6
0.0909999999999999, 6.13267750557214E-6
0.0939999999999999, 6.29424453376537E-6
0.0969999999999999, 6.44883469131577E-6
0.1, 6.60233623098158E-6
0.103, 6.75466397599175E-6
0.106, 6.9021918183855E-6
0.109, 7.04755497636513E-6
0.112, 7.18900390637265E-6
0.115, 7.32823052213162E-6
0.118, 7.46420246160655E-6
0.121, 7.59480636776382E-6
0.124, 7.72361375787454E-6
0.127, 7.84850368923225E-6
0.13, 7.9740260578375E-6
0.133, 8.09574916882643E-6
0.136, 8.2105808673784E-6
0.139, 8.326438162847E-6
0.142, 8.43575779076061E-6
0.145, 8.54638514519751E-6
0.148, 8.65018359444778E-6
0.151, 8.75354023226502E-6
0.154, 8.85317533951812E-6
0.157, 8.95158301362823E-6
0.16, 9.04441715246776E-6
0.163, 9.13665450340907E-6
0.166, 9.22378055199576E-6
0.169, 9.30998159990097E-6
0.172, 9.3940261354176E-6
0.175, 9.47488437634192E-6
0.178, 9.55305976588981E-6
0.181, 9.62816693554629E-6
0.184, 9.69949223478042E-6
0.187, 9.77091857656879E-6
0.19, 9.841458692437E-6
0.193, 9.90764045957605E-6
0.196, 9.96957482111664E-6
0.199, 1.0035474677382E-5
0.202, 1.00929403981724E-5
0.205, 1.01484244065388E-5
0.208, 1.02078145704038E-5
0.211, 1.02617819754216E-5
0.214, 1.03146057183658E-5
0.217, 1.03668664354413E-5
0.22, 1.04143255211052E-5
0.223, 1.04624144645261E-5
0.226, 1.05080924248308E-5
0.229, 1.05528361582944E-5
0.232, 1.05936289779988E-5
0.235, 1.06373811409188E-5
0.238, 1.06775123422813E-5
0.241, 1.07144707797529E-5
0.244, 1.07533971517031E-5
0.247, 1.07902490958403E-5
0.25, 1.08276561092503E-5
0.253, 1.08615604092185E-5
0.256, 1.08968640539145E-5
0.259, 1.09275876085027E-5
0.262, 1.09590836412745E-5
0.265, 1.09895812948861E-5
0.268, 1.10201725192634E-5
0.271, 1.10452974555761E-5
0.274, 1.10740788211971E-5
0.277, 1.11009674407087E-5
0.28, 1.11302222791104E-5
0.283, 1.11575268618071E-5
0.286, 1.11818925403036E-5
0.289, 1.12059992663729E-5
0.292, 1.12314872161806E-5
0.295, 1.1256347242468E-5
0.298, 1.12798851614579E-5
0.301, 1.13013889258189E-5
0.304, 1.13238486316868E-5
0.307, 1.13472074456632E-5
0.31, 1.1365479113822E-5
0.313, 1.13867142967023E-5
0.316, 1.14104654431838E-5
0.319, 1.14278999614533E-5
0.322, 1.14490696720833E-5
0.325, 1.14689325107541E-5
0.328, 1.14865692819146E-5
0.331, 1.15050437969034E-5
0.334, 1.1522447940636E-5
0.337, 1.15431313505946E-5
0.34, 1.15630371784938E-5
0.343, 1.15785362456278E-5
0.346, 1.15943732148403E-5
0.349, 1.1612172408865E-5
0.352, 1.16275700178136E-5
0.355, 1.16465291010058E-5
0.358, 1.16623987323244E-5
0.361, 1.16794710408317E-5
0.364, 1.16916955066115E-5
0.367, 1.17082078973538E-5
0.37, 1.17225377912162E-5
0.373, 1.1740551738063E-5
0.376, 1.17532234208595E-5
0.379, 1.17703040336427E-5
0.382, 1.1784417764875E-5
0.385, 1.17971854034548E-5
0.388, 1.18129101620201E-5
0.391, 1.18260711037861E-5
0.394, 1.18408724007697E-5
0.397, 1.18522982318712E-5
0.4, 1.1868321500697E-5

0.439339055184045, 1.2037820125458E-5

-0.401, -1.18180826323755E-5
-0.398, -1.18060782554319E-5
-0.395, -1.17929317043288E-5
-0.392, -1.17788291707611E-5
-0.389, -1.17668613932731E-5
-0.386, -1.17534004550655E-5
-0.383, -1.17364446892681E-5
-0.38, -1.1724035149996E-5
-0.377, -1.17097117034715E-5
-0.374, -1.1698480666424E-5
-0.371, -1.16819708336324E-5
-0.368, -1.16667337427832E-5
-0.365, -1.16502000120747E-5
-0.362, -1.16368552254833E-5
-0.359, -1.16207528424534E-5
-0.356, -1.16086692324772E-5
-0.353, -1.15875343428607E-5
-0.35, -1.15738222837614E-5
-0.347, -1.15553594399014E-5
-0.344, -1.15396663674233E-5
-0.341, -1.1523208224895E-5
-0.338, -1.15060862159158E-5
-0.335, -1.14903729207973E-5
-0.332, -1.14718155088298E-5
-0.329, -1.14521615894717E-5
-0.326, -1.14318900522641E-5
-0.323, -1.14175503090551E-5
-0.32, -1.13957576229405E-5
-0.317, -1.13765822106258E-5
-0.314, -1.13560774600904E-5
-0.311, -1.13357795551021E-5
-0.308, -1.13171995829392E-5
-0.305, -1.12976243150943E-5
-0.302, -1.12765499138796E-5
-0.299, -1.12530887056584E-5
-0.296, -1.12291855375169E-5
-0.293, -1.12088285155201E-5
-0.29, -1.11835294170356E-5
-0.287, -1.11602094501012E-5
-0.284, -1.11356857084556E-5
-0.281, -1.11092102093322E-5
-0.278, -1.10834258859352E-5
-0.275, -1.1057601439321E-5
-0.272, -1.10336187135763E-5
-0.269, -1.10050784285271E-5
-0.266, -1.09772779825362E-5
-0.263, -1.09481230817933E-5
-0.26, -1.09168698150653E-5
-0.257, -1.08827148866393E-5
-0.254, -1.08553337394283E-5
-0.251, -1.08218912251591E-5
-0.248, -1.07897312582267E-5
-0.245, -1.07550663904476E-5
-0.242, -1.07172368456296E-5
-0.239, -1.06814939922085E-5
-0.236, -1.06440840984592E-5
-0.233, -1.06041072916885E-5
-0.23, -1.05638620131886E-5
-0.227, -1.05205282241057E-5
-0.224, -1.0480735057155E-5
-0.221, -1.04288457262245E-5
-0.218, -1.03875957039178E-5
-0.215, -1.03392295789955E-5
-0.212, -1.02881545597165E-5
-0.209, -1.02367560446935E-5
-0.206, -1.01835362513155E-5
-0.203, -1.01274657686834E-5
-0.2, -1.00693766135173E-5
-0.197, -1.00122793634231E-5
-0.194, -9.94984502473285E-6
-0.191, -9.88806964222719E-6
-0.188, -9.82478994517333E-6
-0.185, -9.75535937541483E-6
-0.182, -9.68521431099053E-6
-0.179, -9.61321223050369E-6
-0.176, -9.53557650213825E-6
-0.173, -9.45976274220839E-6
-0.17, -9.38561227419102E-6
-0.167, -9.30224123987485E-6
-0.164, -9.21690256447225E-6
-0.161, -9.1274459534716E-6
-0.158, -9.03661241366024E-6
-0.155, -8.94621971081998E-6
-0.152, -8.85059133199841E-6
-0.149, -8.75401740200561E-6
-0.146, -8.64864604916477E-6
-0.143, -8.54646690448579E-6
-0.14, -8.43820398543095E-6
-0.137, -8.32912480331464E-6
-0.134, -8.21979910684398E-6
-0.131, -8.10195468665359E-6
-0.128, -7.9829428459317E-6
-0.125, -7.8614338432739E-6
-0.122, -7.73913645820978E-6
-0.119, -7.61028895023437E-6
-0.116, -7.4795407036287E-6
-0.113, -7.34614058970661E-6
-0.11, -7.20932300998802E-6
-0.107, -7.06685492890991E-6
-0.104, -6.92311216765427E-6
-0.101, -6.77804255535423E-6
-0.0980000000000001, -6.63345789223301E-6
-0.095, -6.48033626988364E-6
-0.092, -6.32622135996383E-6
-0.0890000000000001, -6.16905348629202E-6
-0.0860000000000001, -6.00723919144464E-6
-0.083, -5.84675084227032E-6
-0.08, -5.67924255248154E-6
-0.077, -5.51082172469708E-6
-0.0740000000000001, -5.34069251728715E-6
-0.071, -5.16533486867757E-6
-0.068, -4.9856863623972E-6
-0.065, -4.80778265949003E-6
-0.062, -4.63003775384146E-6
-0.059, -4.44264255874988E-6
-0.056, -4.25501684306331E-6
-0.053, -4.06544654430032E-6
-0.05, -3.87274762565746E-6
-0.0470000000000001, -3.67731456456477E-6
-0.0440000000000001, -3.47862030935014E-6
-0.0410000000000001, -3.27858285245398E-6
-0.0380000000000001, -3.07606205197882E-6
-0.0350000000000001, -2.86883537181533E-6
-0.0320000000000001, -2.66373975753542E-6
-0.0290000000000001, -2.44966009064883E-6
-0.026, -2.23705759411858E-6
-0.023, -2.01919118813979E-6
-0.02, -1.79811168367213E-6
-0.017, -1.57412423201839E-6
-0.014, -1.34324287495362E-6
-0.011, -1.10972839644304E-6
-0.00800000000000003, -8.70581378419703E-7
-0.00500000000000003, -6.30198915765519E-7
-0.00200000000000003, -3.84216460507971E-7
0.000999999999999973, -1.31143305490278E-7
0.00399999999999998, 1.22469719452111E-7
0.00699999999999998, 3.8081605154417E-7
0.00999999999999998, 6.32433195951026E-7
0.013, 8.81524296267098E-7
0.0159999999999999, 1.12670696184862E-6
0.0189999999999999, 1.36780395204234E-6
0.0219999999999999, 1.60784563806795E-6
0.0249999999999999, 1.83874922262027E-6
0.0279999999999999, 2.07058386239634E-6
0.0309999999999999, 2.29689075084778E-6
0.0339999999999999, 2.51510340327743E-6
0.0369999999999999, 2.73568024813966E-6
0.04, 2.95070473693489E-6
0.043, 3.16448903764108E-6
0.046, 3.37248442067827E-6
0.049, 3.5780553601055E-6
0.052, 3.77923624882323E-6
0.055, 3.97815396444619E-6
0.058, 4.1749312644666E-6
0.061, 4.36847538091244E-6
0.064, 4.55925308435216E-6
0.067, 4.7468279401857E-6
0.07, 4.92483708452188E-6
0.073, 5.10975404242047E-6
0.076, 5.28624709850057E-6
0.0789999999999999, 5.46244011453745E-6
0.0819999999999999, 5.63555109172752E-6
0.0849999999999999, 5.80327467887652E-6
0.0879999999999999, 5.96705273460222E-6
0.0909999999999999, 6.13080513391179E-6
0.0939999999999999, 6.29111985662802E-6
0.0969999999999999, 6.4494152809034E-6
0.1, 6.60448441664233E-6
0.103, 6.7544825766717E-6
0.106, 6.90082611075948E-6
0.109, 7.04563264752159E-6
0.112, 7.18736183215819E-6
0.115, 7.32652678354301E-6
0.118, 7.46238351429019E-6
0.121, 7.59528308951537E-6
0.124, 7.72501485629813E-6
0.127, 7.84942870879804E-6
0.13, 7.97298353724647E-6
0.133, 8.0937250487906E-6
0.136, 8.21216784612544E-6
0.139, 8.32710450736128E-6
0.142, 8.43713329097964E-6
0.145, 8.54769296401256E-6
0.148, 8.64881667410588E-6
0.151, 8.75543770462794E-6
0.154, 8.85405173643348E-6
0.157, 8.94999374455789E-6
0.16, 9.0467024505167E-6
0.163, 9.13572196059859E-6
0.166, 9.2227690600023E-6
0.169, 9.30839750281554E-6
0.172, 9.393692447173E-6
0.175, 9.47470390923177E-6
0.178, 9.55455349068145E-6
0.181, 9.62982713664145E-6
0.184, 9.69932098734887E-6
0.187, 9.77078525162026E-6
0.19, 9.84052439303569E-6
0.193, 9.90755287680149E-6
0.196, 9.97471004414963E-6
0.199, 1.00348307718617E-5
0.202, 1.00945242173341E-5
0.205, 1.01545155445878E-5
0.208, 1.02086393421078E-5
0.211, 1.02637301040951E-5
0.214, 1.03177677202713E-5
0.217, 1.03670709869092E-5
0.22, 1.04152935596926E-5
0.223, 1.04598328830789E-5
0.226, 1.05070406071215E-5
0.229, 1.05556424683711E-5
0.232, 1.05957835638163E-5
0.235, 1.06391397076345E-5
0.238, 1.06783248046429E-5
0.241, 1.07174262521937E-5
0.244, 1.07549698560339E-5
0.247, 1.07915135679142E-5
0.25, 1.08275938207773E-5
0.253, 1.08616337644692E-5
0.256, 1.08942045244092E-5
0.259, 1.09282536557718E-5
0.262, 1.09570216601434E-5
0.265, 1.09903574360003E-5
0.268, 1.1019295037597E-5
0.271, 1.10472338241413E-5
0.274, 1.10786129418141E-5
0.277, 1.11021663624722E-5
0.28, 1.11269297185558E-5
0.283, 1.11544692827524E-5
0.286, 1.11816023183355E-5
0.289, 1.12059976432196E-5
0.292, 1.12324070432256E-5
0.295, 1.12539770497435E-5
0.298, 1.12766780703767E-5
0.301, 1.13017228919895E-5
0.304, 1.13249879801015E-5
0.307, 1.13451720135155E-5
0.31, 1.13672118318922E-5
0.313, 1.13869171652121E-5
0.316, 1.14105635937583E-5
0.319, 1.1425747177474E-5
0.322, 1.14487912942139E-5
0.325, 1.14684132042165E-5
0.328, 1.14866776948493E-5
0.331, 1.15070546386168E-5
0.334, 1.15230578896238E-5
0.337, 1.1544219493012E-5
0.34, 1.15596466144169E-5
0.343, 1.15779565873757E-5
0.346, 1.15965922384007E-5
0.349, 1.16120201770518E-5
0.352, 1.16273689073194E-5
0.355, 1.16440747369541E-5
0.358, 1.16634044537036E-5
0.361, 1.16781887437111E-5
0.364, 1.16943669623518E-5
0.367, 1.1707880676939E-5
0.37, 1.17249717502144E-5
0.373, 1.17387892643116E-5
0.376, 1.17536166020027E-5
0.379, 1.17678728215524E-5
0.382, 1.17827696963823E-5
0.385, 1.1796977629082E-5
0.388, 1.18133477814618E-5
0.391, 1.18257718774529E-5
0.394, 1.18394800243898E-5
0.397, 1.18529052832046E-5

0.439339748416815, 1.20326651900169E-5

-0.404, -1.18303179757686E-5
-0.401, -1.18181237934017E-5
-0.398, -1.18068661858109E-5
-0.395, -1.17930333068254E-5
-0.392, -1.17780292641601E-5
-0.389, -1.1764383898998E-5
-0.386, -1.17514641646445E-5
-0.383, -1.17381437847814E-5
-0.38, -1.17228413382916E-5
-0.377, -1.17111539218267E-5
-0.374, -1.16949642048482E-5
-0.371, -1.16824310052283E-5
-0.368, -1.16663329562883E-5
-0.365, -1.16526321854418E-5
-0.362, -1.16350716044363E-5
-0.359, -1.16207023176744E-5
-0.356, -1.16065364136386E-5
-0.353, -1.15879658596681E-5
-0.35, -1.1571916127409E-5
-0.347, -1.15551605471028E-5
-0.344, -1.15387994637812E-5
-0.341, -1.15234006586847E-5
-0.338, -1.15045607630866E-5
-0.335, -1.14906048349E-5
-0.332, -1.14703467158023E-5
-0.329, -1.14533553951674E-5
-0.326, -1.14320147799581E-5
-0.323, -1.14161912833951E-5
-0.32, -1.13951406433661E-5
-0.317, -1.13776700099804E-5
-0.314, -1.13576697558873E-5
-0.311, -1.13361230469343E-5
-0.308, -1.13136588240622E-5
-0.305, -1.12936856936453E-5
-0.302, -1.12737347311918E-5
-0.299, -1.12521479670349E-5
-0.296, -1.12319732334352E-5
-0.293, -1.12071876624673E-5
-0.29, -1.11855257589175E-5
-0.287, -1.11585508055927E-5
-0.284, -1.11376860530512E-5
-0.281, -1.1109572748187E-5
-0.278, -1.10852917265391E-5
-0.275, -1.10568799463346E-5
-0.272, -1.10314581729288E-5
-0.269, -1.10038761125185E-5
-0.266, -1.09782659166444E-5
-0.263, -1.09466057476212E-5
-0.26, -1.09188280767191E-5
-0.257, -1.08837506369498E-5
-0.254, -1.08559374125167E-5
-0.251, -1.08242227699353E-5
-0.248, -1.07912554334508E-5
-0.245, -1.0755206495296E-5
-0.242, -1.07174810412919E-5
-0.239, -1.06800048468333E-5
-0.236, -1.06411946191768E-5
-0.233, -1.06053406491229E-5
-0.23, -1.05640977765379E-5
-0.227, -1.05221236068487E-5
-0.224, -1.04760255217729E-5
-0.221, -1.04305094747892E-5
-0.218, -1.03856414554606E-5
-0.215, -1.03363219319303E-5
-0.212, -1.02873179940234E-5
-0.209, -1.02365380832111E-5
-0.206, -1.01818668679416E-5
-0.203, -1.01276717088897E-5
-0.2, -1.00697904474931E-5
-0.197, -1.00107189629476E-5
-0.194, -9.95090655795738E-6
-0.191, -9.88525676423705E-6
-0.188, -9.82335932514085E-6
-0.185, -9.75554120456911E-6
-0.182, -9.68499209105249E-6
-0.179, -9.61278868778637E-6
-0.176, -9.53677710217881E-6
-0.173, -9.46129017391708E-6
-0.17, -9.3807249917231E-6
-0.167, -9.30011862097787E-6
-0.164, -9.21405521323564E-6
-0.161, -9.12878712401458E-6
-0.158, -9.03961373169035E-6
-0.155, -8.94680438060755E-6
-0.152, -8.85148158537685E-6
-0.149, -8.75677581182273E-6
-0.146, -8.64797333011701E-6
-0.143, -8.54677218691914E-6
-0.14, -8.43603682025048E-6
-0.137, -8.3285018827402E-6
-0.134, -8.21731367820157E-6
-0.131, -8.10423393415454E-6
-0.128, -7.98183644474966E-6
-0.125, -7.86031440035285E-6
-0.122, -7.7375593466787E-6
-0.119, -7.60787307905744E-6
-0.116, -7.47808354946367E-6
-0.113, -7.34432466214214E-6
-0.11, -7.20947847233771E-6
-0.107, -7.06568067703133E-6
-0.104, -6.92559437057511E-6
-0.101, -6.77928393780928E-6
-0.0980000000000001, -6.63336305007224E-6
-0.095, -6.48099950858285E-6
-0.092, -6.32694940905455E-6
-0.0890000000000001, -6.168587666674E-6
-0.0860000000000001, -6.00420793961321E-6
-0.083, -5.84346722047133E-6
-0.08, -5.68162988196849E-6
-0.077, -5.51120335785302E-6
-0.0740000000000001, -5.33696753632164E-6
-0.071, -5.16382836959175E-6
-0.068, -4.98782277405926E-6
-0.065, -4.80802561248041E-6
-0.062, -4.62645441209007E-6
-0.059, -4.43941996238272E-6
-0.056, -4.25597788650068E-6
-0.053, -4.06399066938953E-6
-0.0500000000000001, -3.87218494686382E-6
-0.0470000000000001, -3.67551049454623E-6
-0.0440000000000001, -3.47852839430881E-6
-0.0410000000000001, -3.28024123208216E-6
-0.0380000000000001, -3.07598326549614E-6
-0.0350000000000001, -2.87437145998439E-6
-0.0320000000000001, -2.66371908389908E-6
-0.0290000000000001, -2.45125337406955E-6
-0.026, -2.23838548771132E-6
-0.023, -2.01869483141981E-6
-0.02, -1.79666682330648E-6
-0.017, -1.57335546319502E-6
-0.014, -1.34062446270023E-6
-0.011, -1.10963227962284E-6
-0.00800000000000003, -8.71313937837356E-7
-0.00500000000000003, -6.30095835895638E-7
-0.00200000000000003, -3.82355595081217E-7
0.000999999999999973, -1.33328150891322E-7
0.00399999999999998, 1.2357286982879E-7
0.00699999999999998, 3.81054650184745E-7
0.00999999999999998, 6.33032835248363E-7
0.0129999999999999, 8.81387961177538E-7
0.0159999999999999, 1.12697886112284E-6
0.0189999999999999, 1.36718717861333E-6
0.0219999999999999, 1.6071638732952E-6
0.0249999999999999, 1.83999574508576E-6
0.0279999999999999, 2.06985018303717E-6
0.0309999999999999, 2.29673764616179E-6
0.0339999999999999, 2.5181345849798E-6
0.0369999999999999, 2.73684913504761E-6
0.04, 2.95066977251436E-6
0.043, 3.16346217744318E-6
0.046, 3.37367553257505E-6
0.049, 3.577960224111E-6
0.052, 3.781922229092E-6
0.055, 3.97827964174564E-6
0.058, 4.17400020168543E-6
0.061, 4.36889119654773E-6
0.064, 4.55732792330234E-6
0.067, 4.74473893688687E-6
0.07, 4.92828883332258E-6
0.073, 5.10935705175067E-6
0.0759999999999999, 5.28574341326303E-6
0.0789999999999999, 5.46408531280914E-6
0.0819999999999999, 5.63623793432869E-6
0.0849999999999999, 5.80529037032858E-6
0.0879999999999999, 5.96812152201222E-6
0.0909999999999999, 6.13128177644721E-6
0.0939999999999999, 6.29275044194919E-6
0.0969999999999999, 6.446395352273E-6
0.1, 6.60390493250821E-6
0.103, 6.7538913178193E-6
0.106, 6.90184173225302E-6
0.109, 7.04873367957243E-6
0.112, 7.18837666801591E-6
0.115, 7.32527672793035E-6
0.118, 7.46291279259507E-6
0.121, 7.59551849172416E-6
0.124, 7.72198256133866E-6
0.127, 7.85041921708908E-6
0.13, 7.97336007836644E-6
0.133, 8.09364818452144E-6
0.136, 8.21158407022136E-6
0.139, 8.32691581533774E-6
0.142, 8.43751535576553E-6
0.145, 8.54695333912779E-6
0.148, 8.64875586502273E-6
0.151, 8.75220849811248E-6
0.154, 8.85329487575927E-6
0.157, 8.95262375518513E-6
0.16, 9.04571404992713E-6
0.163, 9.13616327923946E-6
0.166, 9.22376167677552E-6
0.169, 9.30876406814426E-6
0.172, 9.39342931073364E-6
0.175, 9.47799230836697E-6
0.178, 9.55237863668789E-6
0.181, 9.62853611073144E-6
0.184, 9.7032588955521E-6
0.187, 9.77123261674939E-6
0.19, 9.84253904361158E-6
0.193, 9.9074829555082E-6
0.196, 9.97302994562284E-6
0.199, 1.00351431529763E-5
0.202, 1.00940873692862E-5
0.205, 1.01526590917658E-5
0.208, 1.0208793828757E-5
0.211, 1.02620163443976E-5
0.214, 1.03148450507892E-5
0.217, 1.03668883991142E-5
0.22, 1.04146059866003E-5
0.223, 1.04645757934558E-5
0.226, 1.05084769370581E-5
0.229, 1.05533054224571E-5
0.232, 1.05985223182753E-5
0.235, 1.06381904453691E-5
0.238, 1.06770459769646E-5
0.241, 1.07168097554553E-5
0.244, 1.07554230417022E-5
0.247, 1.07918161397821E-5
0.25, 1.08269990007115E-5
0.253, 1.08622006308993E-5
0.256, 1.08943106373065E-5
0.259, 1.09255746645816E-5
0.262, 1.09596491446736E-5
0.265, 1.09903306096456E-5
0.268, 1.10198932048532E-5
0.271, 1.10477398217761E-5
0.274, 1.10736758187522E-5
0.277, 1.11047796529654E-5
0.28, 1.11311190907498E-5
0.283, 1.11580539174874E-5
0.286, 1.11810851200136E-5
0.289, 1.12070724786328E-5
0.292, 1.1230691036686E-5
0.295, 1.12554604615169E-5
0.298, 1.12781017279098E-5
0.301, 1.1301190540162E-5
0.304, 1.13245079436214E-5
0.307, 1.13455840245936E-5
0.31, 1.13662948846359E-5
0.313, 1.13869083269288E-5
0.316, 1.14078015001501E-5
0.319, 1.14283041621132E-5
0.322, 1.14485745549421E-5
0.325, 1.14681862088384E-5
0.328, 1.14874939612729E-5
0.331, 1.15042285668279E-5
0.334, 1.1523220651424E-5
0.337, 1.1540403707414E-5
0.34, 1.15615473732633E-5
0.343, 1.15768409436685E-5
0.346, 1.15959368488268E-5
0.349, 1.16111674171404E-5
0.352, 1.16262273784681E-5
0.355, 1.16456298577411E-5
0.358, 1.16604260924056E-5
0.361, 1.16767483070513E-5
0.364, 1.16950154068568E-5
0.367, 1.17077829008137E-5
0.37, 1.17263518105043E-5
0.373, 1.17388722642118E-5
0.376, 1.17545503876852E-5
0.379, 1.17692534140325E-5
0.382, 1.17848187154858E-5
0.385, 1.1797309937927E-5
0.388, 1.18106441585392E-5
0.391, 1.18238003664956E-5
0.394, 1.18378721937276E-5

0.439345072381693, 1.20331598508969E-5

-0.407, -1.18449718922071E-5
-0.404, -1.18332152313053E-5
-0.401, -1.18208476781548E-5
-0.398, -1.18060320820242E-5
-0.395, -1.17942034749708E-5
-0.392, -1.1780209727132E-5
-0.389, -1.17649250146778E-5
-0.386, -1.17507483256238E-5
-0.383, -1.17390254017087E-5
-0.38, -1.17252491282298E-5
-0.377, -1.1711716836441E-5
-0.374, -1.16953567462822E-5
-0.371, -1.16824053867415E-5
-0.368, -1.1665470885031E-5
-0.365, -1.1650407988051E-5
-0.362, -1.16360397213734E-5
-0.359, -1.16193454650472E-5
-0.356, -1.16069778433509E-5
-0.353, -1.1589761042319E-5
-0.35, -1.1573741827792E-5
-0.347, -1.15579991912368E-5
-0.344, -1.15380765243967E-5
-0.341, -1.15235884123915E-5
-0.338, -1.15056954615048E-5
-0.335, -1.14885181133515E-5
-0.332, -1.1469685772143E-5
-0.329, -1.14542763576368E-5
-0.326, -1.14335655382103E-5
-0.323, -1.14139460289796E-5
-0.32, -1.13944022603122E-5
-0.317, -1.13781717327154E-5
-0.314, -1.13576304450519E-5
-0.311, -1.13352449294427E-5
-0.308, -1.13159616595258E-5
-0.305, -1.12944352552924E-5
-0.302, -1.12740090580589E-5
-0.299, -1.125433967233E-5
-0.296, -1.12318879197664E-5
-0.293, -1.12086969538846E-5
-0.29, -1.11833043153096E-5
-0.287, -1.11611810015967E-5
-0.284, -1.11375229708777E-5
-0.281, -1.11137449442205E-5
-0.278, -1.10870009360732E-5
-0.275, -1.10585804485864E-5
-0.272, -1.10329783144565E-5
-0.269, -1.10057316222519E-5
-0.266, -1.09746162479113E-5
-0.263, -1.09479240898139E-5
-0.26, -1.09188898322987E-5
-0.257, -1.08888779756923E-5
-0.254, -1.08544102757682E-5
-0.251, -1.08232034302531E-5
-0.248, -1.07889255093237E-5
-0.245, -1.07536956853698E-5
-0.242, -1.07197550099494E-5
-0.239, -1.0684248272724E-5
-0.236, -1.06455384456037E-5
-0.233, -1.06061062565666E-5
-0.23, -1.05617782842621E-5
-0.227, -1.05240807149736E-5
-0.224, -1.0477722421835E-5
-0.221, -1.04355766379595E-5
-0.218, -1.03882890777143E-5
-0.215, -1.03403383832115E-5
-0.212, -1.02897299302416E-5
-0.209, -1.02384302830095E-5
-0.206, -1.0184362119621E-5
-0.203, -1.01309958946853E-5
-0.2, -1.00703619565999E-5
-0.197, -1.00110792008943E-5
-0.194, -9.95032557439471E-6
-0.191, -9.88615958533667E-6
-0.188, -9.8258789715408E-6
-0.185, -9.75667110475859E-6
-0.182, -9.68542674839213E-6
-0.179, -9.61224613290737E-6
-0.176, -9.53857335459329E-6
-0.173, -9.46128607255662E-6
-0.17, -9.38270248967902E-6
-0.167, -9.30259459945092E-6
-0.164, -9.2166518521099E-6
-0.161, -9.12919342311045E-6
-0.158, -9.04037172716248E-6
-0.155, -8.94806038217547E-6
-0.152, -8.8487503059207E-6
-0.149, -8.75187464636295E-6
-0.146, -8.6494631052497E-6
-0.143, -8.5480619343956E-6
-0.14, -8.44127392945821E-6
-0.137, -8.33003174449184E-6
-0.134, -8.21820870650005E-6
-0.131, -8.09956459851229E-6
-0.128, -7.98262189063742E-6
-0.125, -7.86037637968407E-6
-0.122, -7.73748994749968E-6
-0.119, -7.60984873289131E-6
-0.116, -7.47367462976553E-6
-0.113, -7.3442647076783E-6
-0.11, -7.20857386800575E-6
-0.107, -7.06926791073981E-6
-0.104, -6.92608008923744E-6
-0.101, -6.78063490612191E-6
-0.0980000000000001, -6.63108220322785E-6
-0.095, -6.47983074319565E-6
-0.092, -6.32571486654753E-6
-0.0890000000000001, -6.16442633485733E-6
-0.0860000000000001, -6.00725119921545E-6
-0.083, -5.84403831665682E-6
-0.08, -5.67717318183375E-6
-0.077, -5.51226974704687E-6
-0.0740000000000001, -5.33971670532926E-6
-0.071, -5.16403439540051E-6
-0.068, -4.98770373970296E-6
-0.065, -4.80941390677696E-6
-0.062, -4.62569803969756E-6
-0.059, -4.44333802868338E-6
-0.056, -4.2551190664732E-6
-0.0530000000000001, -4.06677465043559E-6
-0.0500000000000001, -3.87307151829514E-6
-0.0470000000000001, -3.67694953303886E-6
-0.0440000000000001, -3.48026849290478E-6
-0.0410000000000001, -3.27823530930747E-6
-0.0380000000000001, -3.0768126896385E-6
-0.0350000000000001, -2.87404517064017E-6
-0.0320000000000001, -2.6620439903834E-6
-0.0290000000000001, -2.4511003836902E-6
-0.026, -2.23380524624378E-6
-0.023, -2.01861886024628E-6
-0.02, -1.79830059167336E-6
-0.017, -1.57113461753882E-6
-0.014, -1.34290743614186E-6
-0.011, -1.10899109772761E-6
-0.00800000000000003, -8.72150380974126E-7
-0.00500000000000003, -6.30484733163876E-7
-0.00200000000000003, -3.84444683662095E-7
0.000999999999999973, -1.31227492016163E-7
0.00399999999999998, 1.23798294572469E-7
0.00699999999999998, 3.80121833423467E-7
0.00999999999999992, 6.33627334078277E-7
0.0129999999999999, 8.81012111580749E-7
0.0159999999999999, 1.12777432336574E-6
0.0189999999999999, 1.36927199983437E-6
0.0219999999999999, 1.60580132616903E-6
0.0249999999999999, 1.8399507644266E-6
0.0279999999999999, 2.06961355187798E-6
0.0309999999999999, 2.29347756010362E-6
0.0339999999999999, 2.51649796933138E-6
0.0369999999999999, 2.73469931649351E-6
0.04, 2.94829678477896E-6
0.043, 3.16204737451025E-6
0.046, 3.37006662618259E-6
0.049, 3.57739082277499E-6
0.052, 3.77813997903862E-6
0.055, 3.97849525394175E-6
0.058, 4.1743119190323E-6
0.061, 4.36551955677283E-6
0.064, 4.55901828375523E-6
0.067, 4.74268757343855E-6
0.07, 4.93017785425149E-6
0.0729999999999999, 5.10627752929655E-6
0.0759999999999999, 5.28658259796416E-6
0.0789999999999999, 5.46348631714324E-6
0.0819999999999999, 5.63469017489122E-6
0.0849999999999999, 5.80220562864622E-6
0.0879999999999999, 5.97038824237001E-6
0.0909999999999999, 6.13000132945387E-6
0.0939999999999999, 6.28991635547076E-6
0.0969999999999999, 6.4474058676062E-6
0.1, 6.60192049709302E-6
0.103, 6.75382954391653E-6
0.106, 6.9008890663268E-6
0.109, 7.04746785045829E-6
0.112, 7.18585105548158E-6
0.115, 7.32624769290589E-6
0.118, 7.46076690190233E-6
0.121, 7.5946090745612E-6
0.124, 7.72541841903351E-6
0.127, 7.84741425886772E-6
0.13, 7.97373143160078E-6
0.133, 8.09138919007852E-6
0.136, 8.20679206289933E-6
0.139, 8.32362577260329E-6
0.142, 8.43605665708878E-6
0.145, 8.54576389163911E-6
0.148, 8.64935343956996E-6
0.151, 8.75244686887621E-6
0.154, 8.85098841339024E-6
0.157, 8.9527699678953E-6
0.16, 9.04432393032228E-6
0.163, 9.13429015946406E-6
0.166, 9.22517698185046E-6
0.169, 9.31002516575608E-6
0.172, 9.39248946170717E-6
0.175, 9.47286728344524E-6
0.178, 9.55322215903086E-6
0.181, 9.62815642202495E-6
0.184, 9.7002647875783E-6
0.187, 9.77169672585071E-6
0.19, 9.83931722456045E-6
0.193, 9.90675631704407E-6
0.196, 9.97403152502588E-6
0.199, 1.00345667525487E-5
0.202, 1.00953227402273E-5
0.205, 1.0153259576986E-5
0.208, 1.02081581087677E-5
0.211, 1.02620277857054E-5
0.214, 1.031639722286E-5
0.217, 1.03654324181065E-5
0.22, 1.04135944280317E-5
0.223, 1.0460582357133E-5
0.226, 1.05062136633697E-5
0.229, 1.05510887103253E-5
0.232, 1.05961552563006E-5
0.235, 1.06345459193823E-5
0.238, 1.06789899814278E-5
0.241, 1.07148931528879E-5
0.244, 1.07524759509893E-5
0.247, 1.07912673906477E-5
0.25, 1.08244714272197E-5
0.253, 1.08614233648922E-5
0.256, 1.08941740542076E-5
0.259, 1.09246700679232E-5
0.262, 1.09572011454068E-5
0.265, 1.0987177939059E-5
0.268, 1.10179408816106E-5
0.271, 1.1045630827311E-5
0.274, 1.10754824049344E-5
0.277, 1.11025632095753E-5
0.28, 1.11300242262964E-5
0.283, 1.11562580442797E-5
0.286, 1.1180823129477E-5
0.289, 1.12071190290744E-5
0.292, 1.12312022533244E-5
0.295, 1.12536294108064E-5
0.298, 1.12774367459139E-5
0.301, 1.13008565836402E-5
0.304, 1.13215097381962E-5
0.307, 1.13445230262074E-5
0.31, 1.13658213072098E-5
0.313, 1.1389753823185E-5
0.316, 1.14084567539977E-5
0.319, 1.14269232764456E-5
0.322, 1.1448112147713E-5
0.325, 1.14670170137713E-5
0.328, 1.14874861355567E-5
0.331, 1.15061146864569E-5
0.334, 1.15242956249257E-5
0.337, 1.15405028313514E-5
0.34, 1.15592687795861E-5
0.343, 1.15767802051488E-5
0.346, 1.15950608964966E-5
0.349, 1.16107773720354E-5
0.352, 1.16269723249502E-5
0.355, 1.16422687770277E-5
0.358, 1.16610313066538E-5
0.361, 1.16756804853265E-5
0.364, 1.169222302082E-5
0.367, 1.17093441373985E-5
0.37, 1.17204226189483E-5
0.373, 1.17359494097244E-5
0.376, 1.17511206482374E-5
0.379, 1.17681835212821E-5
0.382, 1.17830406615914E-5
0.385, 1.1797682681625E-5
0.388, 1.18124704730678E-5
0.391, 1.18251124926983E-5

0.439350109059845, 1.20325430633689E-5

-0.41, -1.18571197003917E-5
-0.407, -1.1847864748943E-5
-0.404, -1.18353846801752E-5
-0.401, -1.18223987897168E-5
-0.398, -1.1806684064011E-5
-0.395, -1.17926692506552E-5
-0.392, -1.17828255973192E-5
-0.389, -1.17665613974927E-5
-0.386, -1.17541627800602E-5
-0.383, -1.17400190831137E-5
-0.38, -1.17254235381103E-5
-0.377, -1.17109366205505E-5
-0.374, -1.16966830944041E-5
-0.371, -1.16824905641271E-5
-0.368, -1.16689499467137E-5
-0.365, -1.16524780585753E-5
-0.362, -1.16363397541133E-5
-0.359, -1.1622071909768E-5
-0.356, -1.16058129671081E-5
-0.353, -1.15908937568968E-5
-0.35, -1.15745017751989E-5
-0.347, -1.15558567559715E-5
-0.344, -1.15412991345619E-5
-0.341, -1.1524924468032E-5
-0.338, -1.15076584774352E-5
-0.335, -1.14912879762533E-5
-0.332, -1.14720370854965E-5
-0.329, -1.14555779456428E-5
-0.326, -1.14346191532712E-5
-0.323, -1.14160971649093E-5
-0.32, -1.13990514203314E-5
-0.317, -1.13779892145248E-5
-0.314, -1.13613591040924E-5
-0.311, -1.13407861891432E-5
-0.308, -1.13179300359124E-5
-0.305, -1.12963437043289E-5
-0.302, -1.12760473092836E-5
-0.299, -1.12541340750411E-5
-0.296, -1.12330474367397E-5
-0.293, -1.12082927497085E-5
-0.29, -1.11843840644979E-5
-0.287, -1.11607066203634E-5
-0.284, -1.11358724526195E-5
-0.281, -1.11137938291863E-5
-0.278, -1.10872731026883E-5
-0.275, -1.10623240101169E-5
-0.272, -1.10313697491986E-5
-0.269, -1.1006004795198E-5
-0.266, -1.09790344501676E-5
-0.263, -1.09490669710397E-5
-0.26, -1.09211409606932E-5
-0.257, -1.08891127783867E-5
-0.254, -1.08562150574035E-5
-0.251, -1.08237233885383E-5
-0.248, -1.07934303127165E-5
-0.245, -1.07555526293292E-5
-0.242, -1.07209880670206E-5
-0.239, -1.06848551426794E-5
-0.236, -1.06455086061109E-5
-0.233, -1.06050330297375E-5
-0.23, -1.05662021484656E-5
-0.227, -1.05230385991356E-5
-0.224, -1.04801612163126E-5
-0.221, -1.04343213217667E-5
-0.218, -1.03900150583572E-5
-0.215, -1.03382145026483E-5
-0.212, -1.02901395183956E-5
-0.209, -1.02389412742252E-5
-0.206, -1.01850868609686E-5
-0.203, -1.01295037841141E-5
-0.2, -1.00724375126007E-5
-0.197, -1.00120970105775E-5
-0.194, -9.95378987214243E-6
-0.191, -9.88695777861803E-6
-0.188, -9.82528722685671E-6
-0.185, -9.7574501248041E-6
-0.182, -9.68619150518831E-6
-0.179, -9.61411433322165E-6
-0.176, -9.53880887206598E-6
-0.173, -9.45765912943967E-6
-0.17, -9.38349015380827E-6
-0.167, -9.30208647622194E-6
-0.164, -9.21915991634088E-6
-0.161, -9.12953910459938E-6
-0.158, -9.04043899783448E-6
-0.155, -8.9482766580393E-6
-0.152, -8.85182592475614E-6
-0.149, -8.75297282498825E-6
-0.146, -8.65462840060961E-6
-0.143, -8.54944180180932E-6
-0.14, -8.43937783900896E-6
-0.137, -8.32904450647101E-6
-0.134, -8.2168412719835E-6
-0.131, -8.10202743184398E-6
-0.128, -7.98423413448328E-6
-0.125, -7.86077719491047E-6
-0.122, -7.73530280526835E-6
-0.119, -7.60896031901662E-6
-0.116, -7.47807474074957E-6
-0.113, -7.34281213089262E-6
-0.11, -7.20758514787046E-6
-0.107, -7.06814689267508E-6
-0.104, -6.92560477843152E-6
-0.101, -6.77901851322363E-6
-0.0980000000000001, -6.62929281383356E-6
-0.095, -6.47868500438096E-6
-0.092, -6.32637518485775E-6
-0.0890000000000001, -6.17055626813161E-6
-0.0860000000000001, -6.00995686192966E-6
-0.083, -5.84391849275315E-6
-0.08, -5.67988593624903E-6
-0.077, -5.51104271833146E-6
-0.0740000000000001, -5.33744788772367E-6
-0.071, -5.16528576831457E-6
-0.068, -4.98702468565607E-6
-0.065, -4.80850620270319E-6
-0.062, -4.62673368588785E-6
-0.059, -4.44343953216797E-6
-0.0560000000000001, -4.25549712862681E-6
-0.0530000000000001, -4.06396361494896E-6
-0.0500000000000001, -3.87395792341437E-6
-0.0470000000000001, -3.67651913084587E-6
-0.0440000000000001, -3.48111092199694E-6
-0.0410000000000001, -3.28055723763107E-6
-0.0380000000000001, -3.07549846746172E-6
-0.0350000000000001, -2.87175297869023E-6
-0.0320000000000001, -2.66415174985454E-6
-0.0290000000000001, -2.44915672890232E-6
-0.026, -2.23707729018191E-6
-0.023, -2.01628406411248E-6
-0.02, -1.79496678004699E-6
-0.017, -1.57139064839698E-6
-0.014, -1.34301597571666E-6
-0.011, -1.10874048875139E-6
-0.00800000000000003, -8.73335601321863E-7
-0.00500000000000003, -6.30043613391316E-7
-0.00200000000000003, -3.84098431160464E-7
0.000999999999999977, -1.31865580853932E-7
0.00399999999999998, 1.2436370068201E-7
0.00699999999999993, 3.80249497799966E-7
0.00999999999999993, 6.3303204085405E-7
0.0129999999999999, 8.83221206376463E-7
0.0159999999999999, 1.12894481763782E-6
0.0189999999999999, 1.37028415254203E-6
0.0219999999999999, 1.60611988163314E-6
0.0249999999999999, 1.84003687450115E-6
0.0279999999999999, 2.06823989110931E-6
0.0309999999999999, 2.29722766328204E-6
0.0339999999999999, 2.51848018710033E-6
0.0369999999999999, 2.73437637947225E-6
0.04, 2.95001646303279E-6
0.043, 3.16286174025693E-6
0.046, 3.37156027783314E-6
0.049, 3.57658138171522E-6
0.052, 3.77958146492527E-6
0.055, 3.97843091300628E-6
0.058, 4.1725124095669E-6
0.061, 4.36637949794709E-6
0.064, 4.55593694039392E-6
0.067, 4.74495687685526E-6
0.0699999999999999, 4.92673590670378E-6
0.0729999999999999, 5.10935024921529E-6
0.0759999999999999, 5.28560766327789E-6
0.0789999999999999, 5.46122053892934E-6
0.0819999999999999, 5.63505949865272E-6
0.0849999999999999, 5.80216534338113E-6
0.0879999999999999, 5.96755550685386E-6
0.0909999999999999, 6.1311270104494E-6
0.0939999999999999, 6.28975175288738E-6
0.0969999999999999, 6.44914381711457E-6
0.1, 6.60203633156586E-6
0.103, 6.75325530692322E-6
0.106, 6.90168573800852E-6
0.109, 7.04506800525206E-6
0.112, 7.18644815663548E-6
0.115, 7.32433837800134E-6
0.118, 7.46089765638792E-6
0.121, 7.5945940251429E-6
0.124, 7.72081773353179E-6
0.127, 7.85067135504941E-6
0.13, 7.9707253469399E-6
0.133, 8.0927620115998E-6
0.136, 8.20845995260993E-6
0.139, 8.32314049001106E-6
0.142, 8.4368032045342E-6
0.145, 8.54542667245175E-6
0.148, 8.64961115809279E-6
0.151, 8.75425001384843E-6
0.154, 8.8515303450599E-6
0.157, 8.9486732865333E-6
0.16, 9.04407740346305E-6
0.163, 9.13442999016074E-6
0.166, 9.22348959692845E-6
0.169, 9.30903536930027E-6
0.172, 9.39312763241699E-6
0.175, 9.47209597383275E-6
0.178, 9.55262418642946E-6
0.181, 9.62836886111988E-6
0.184, 9.70039505237215E-6
0.187, 9.77305597418301E-6
0.19, 9.83980339147159E-6
0.193, 9.90338637773062E-6
0.196, 9.96920153384541E-6
0.199, 1.00326710488128E-5
0.202, 1.0092474551947E-5
0.205, 1.01517494544421E-5
0.208, 1.02085786738979E-5
0.211, 1.02583498473489E-5
0.214, 1.03120491738236E-5
0.217, 1.03689595034065E-5
0.22, 1.04152613439825E-5
0.223, 1.04617665665104E-5
0.226, 1.05040441174587E-5
0.229, 1.05517735963409E-5
0.232, 1.0594726528807E-5
0.235, 1.06371234379693E-5
0.238, 1.06746478023865E-5
0.241, 1.07148993114817E-5
0.244, 1.07515536726442E-5
0.247, 1.0787640185275E-5
0.25, 1.08221515089734E-5
0.253, 1.08585029639693E-5
0.256, 1.08912957422182E-5
0.259, 1.09266604422148E-5
0.262, 1.09561996291182E-5
0.265, 1.09868361218995E-5
0.268, 1.1017147134963E-5
0.271, 1.10453452316142E-5
0.274, 1.10736400534187E-5
0.277, 1.11007488529469E-5
0.28, 1.11283707048616E-5
0.283, 1.11532753630825E-5
0.286, 1.11782822929359E-5
0.289, 1.12056960654023E-5
0.292, 1.12294473947299E-5
0.295, 1.12543043238882E-5
0.298, 1.12761947584316E-5
0.301, 1.12973490235346E-5
0.304, 1.13206342496694E-5
0.307, 1.1342655153903E-5
0.31, 1.13648984510176E-5
0.313, 1.13867777155542E-5
0.316, 1.14057735669711E-5
0.319, 1.14265145334447E-5
0.322, 1.14461747496141E-5
0.325, 1.14643030592331E-5
0.328, 1.14868125867409E-5
0.331, 1.15038710772625E-5
0.334, 1.15226493546161E-5
0.337, 1.15419774391274E-5
0.34, 1.15581405119499E-5
0.343, 1.1576704559913E-5
0.346, 1.15942229957368E-5
0.349, 1.16120873594405E-5
0.352, 1.16259587300494E-5
0.355, 1.16418871229813E-5
0.358, 1.16581912913805E-5
0.361, 1.16747596559928E-5
0.364, 1.16921244567915E-5
0.367, 1.17078757732917E-5
0.37, 1.17219935516936E-5
0.373, 1.17391644990269E-5
0.376, 1.17550663007658E-5
0.379, 1.17663211561151E-5
0.382, 1.17820208755331E-5
0.385, 1.17958144572444E-5
0.388, 1.18118328179601E-5

0.439354806745367, 1.20348123970844E-5

-0.413, -1.18688620350998E-5
-0.41, -1.18585356172116E-5
-0.407, -1.18479525487679E-5
-0.404, -1.18337157787686E-5
-0.401, -1.18177737068613E-5
-0.398, -1.18049936107209E-5
-0.395, -1.17939629588599E-5
-0.392, -1.17811730053942E-5
-0.389, -1.17678556577078E-5
-0.386, -1.17536982331778E-5
-0.383, -1.1739195183405E-5
-0.38, -1.17247346524958E-5
-0.377, -1.17106461789749E-5
-0.374, -1.16953868276609E-5
-0.371, -1.16832878809881E-5
-0.368, -1.16666545896223E-5
-0.365, -1.16544557550322E-5
-0.362, -1.16366603259333E-5
-0.359, -1.16206424831399E-5
-0.356, -1.16049778848549E-5
-0.353, -1.15912259721343E-5
-0.35, -1.15738557856693E-5
-0.347, -1.15588260969276E-5
-0.344, -1.15418117049699E-5
-0.341, -1.15247862926154E-5
-0.338, -1.15055364632633E-5
-0.335, -1.14913148791794E-5
-0.332, -1.14726579979561E-5
-0.329, -1.14523938930375E-5
-0.326, -1.14348318153809E-5
-0.323, -1.14156682778116E-5
-0.32, -1.13971000365801E-5
-0.317, -1.13777162934273E-5
-0.314, -1.13583422662537E-5
-0.311, -1.13377562545255E-5
-0.308, -1.13178472004117E-5
-0.305, -1.12955699481751E-5
-0.302, -1.12743461812212E-5
-0.299, -1.12556093726553E-5
-0.296, -1.12272718196847E-5
-0.293, -1.12094468009989E-5
-0.29, -1.11848433574978E-5
-0.287, -1.1160191115632E-5
-0.284, -1.11358379584303E-5
-0.281, -1.11111857931581E-5
-0.278, -1.10865999428544E-5
-0.275, -1.1058313661395E-5
-0.272, -1.10341777285015E-5
-0.269, -1.10054777267298E-5
-0.266, -1.09752858275457E-5
-0.263, -1.09472849940929E-5
-0.26, -1.09174274398966E-5
-0.257, -1.08882253647065E-5
-0.254, -1.08568066168335E-5
-0.251, -1.08241338350218E-5
-0.248, -1.0789115066976E-5
-0.245, -1.0755244037212E-5
-0.242, -1.07205324648493E-5
-0.239, -1.06876234208944E-5
-0.236, -1.06462803651451E-5
-0.233, -1.06062132457553E-5
-0.23, -1.05629520492238E-5
-0.227, -1.05229401011566E-5
-0.224, -1.04783918776967E-5
-0.221, -1.04342977740439E-5
-0.218, -1.03873503744274E-5
-0.215, -1.0340218707557E-5
-0.212, -1.02883715313754E-5
-0.209, -1.02374746032118E-5
-0.206, -1.01833800553837E-5
-0.203, -1.01308115272277E-5
-0.2, -1.00726079987072E-5
-0.197, -1.00130578224665E-5
-0.194, -9.95274082642278E-6
-0.191, -9.89069823130217E-6
-0.188, -9.82269993912946E-6
-0.185, -9.75726061018635E-6
-0.182, -9.6860321353543E-6
-0.179, -9.61314965767404E-6
-0.176, -9.53793410554698E-6
-0.173, -9.46308289345845E-6
-0.17, -9.38095228952854E-6
-0.167, -9.30109331110368E-6
-0.164, -9.21671372821998E-6
-0.161, -9.12924221797425E-6
-0.158, -9.04011499312836E-6
-0.155, -8.94617581342592E-6
-0.152, -8.84999851135768E-6
-0.149, -8.75391537081144E-6
-0.146, -8.65177022308279E-6
-0.143, -8.54637597361436E-6
-0.14, -8.43993251114057E-6
-0.137, -8.33204914156842E-6
-0.134, -8.21730262263508E-6
-0.131, -8.09907174826431E-6
-0.128, -7.98417870443046E-6
-0.125, -7.86230778494474E-6
-0.122, -7.73515262985696E-6
-0.119, -7.60915466741883E-6
-0.116, -7.47881663382827E-6
-0.113, -7.34299412286803E-6
-0.11, -7.20920224698265E-6
-0.107, -7.06904787658064E-6
-0.104, -6.92468969467661E-6
-0.101, -6.77761935102096E-6
-0.0980000000000001, -6.63000348687054E-6
-0.095, -6.48038979283767E-6
-0.092, -6.32676326546353E-6
-0.0890000000000001, -6.16759934798797E-6
-0.0860000000000001, -6.01025410337652E-6
-0.083, -5.84397055641137E-6
-0.08, -5.68023152424205E-6
-0.077, -5.50977208183439E-6
-0.0740000000000001, -5.33894466122075E-6
-0.071, -5.1671288638122E-6
-0.068, -4.98793935473854E-6
-0.065, -4.808372521147E-6
-0.062, -4.62722709176027E-6
-0.0590000000000001, -4.44146227060739E-6
-0.0560000000000001, -4.25441846132604E-6
-0.0530000000000001, -4.06556410682538E-6
-0.0500000000000001, -3.87216280149429E-6
-0.0470000000000001, -3.67620981511878E-6
-0.0440000000000001, -3.4779880431588E-6
-0.0410000000000001, -3.27809360059784E-6
-0.0380000000000001, -3.07773001075586E-6
-0.035, -2.87166808134375E-6
-0.0320000000000001, -2.66428632094259E-6
-0.029, -2.45344328759624E-6
-0.026, -2.23704189994386E-6
-0.023, -2.01651071497385E-6
-0.02, -1.79931204808614E-6
-0.017, -1.57346814740926E-6
-0.014, -1.33957181325372E-6
-0.011, -1.11113096446672E-6
-0.00800000000000003, -8.72446358208674E-7
-0.00500000000000002, -6.29314294360961E-7
-0.00200000000000002, -3.82496657027652E-7
0.00099999999999998, -1.32264022053267E-7
0.00399999999999993, 1.26824630828887E-7
0.00699999999999993, 3.79098097511073E-7
0.00999999999999993, 6.30773604672572E-7
0.0129999999999999, 8.81103459158594E-7
0.0159999999999999, 1.12661081007485E-6
0.0189999999999999, 1.36878588420799E-6
0.0219999999999999, 1.60487772868931E-6
0.0249999999999999, 1.83943444438959E-6
0.0279999999999999, 2.06946537172761E-6
0.0309999999999999, 2.29456330419314E-6
0.034, 2.51731795438487E-6
0.037, 2.73392177706784E-6
0.04, 2.95163676995386E-6
0.043, 3.16318288971265E-6
0.046, 3.36897348157235E-6
0.049, 3.5774398439696E-6
0.052, 3.77872776744861E-6
0.055, 3.97855826267936E-6
0.058, 4.17293672455551E-6
0.061, 4.36452003548911E-6
0.064, 4.55810156422082E-6
0.0669999999999999, 4.74269762087099E-6
0.0699999999999999, 4.92655565442314E-6
0.0729999999999999, 5.10909853626156E-6
0.0759999999999999, 5.28654845791723E-6
0.0789999999999999, 5.46014624330078E-6
0.0819999999999999, 5.63313121695831E-6
0.0849999999999999, 5.80351115058398E-6
0.0879999999999999, 5.96819054548177E-6
0.0909999999999999, 6.13281865725037E-6
0.0939999999999999, 6.29178859951204E-6
0.0969999999999999, 6.44746673294321E-6
0.1, 6.60143961929932E-6
0.103, 6.75098518318832E-6
0.106, 6.90103375382882E-6
0.109, 7.047622210338E-6
0.112, 7.18583887286938E-6
0.115, 7.32715504247933E-6
0.118, 7.4590097688507E-6
0.121, 7.59346177835062E-6
0.124, 7.72342494643605E-6
0.127, 7.85076155128203E-6
0.13, 7.9734275025323E-6
0.133, 8.09294559857072E-6
0.136, 8.2092222818606E-6
0.139, 8.32364257673262E-6
0.142, 8.43654075631949E-6
0.145, 8.5457149623483E-6
0.148, 8.64739719179281E-6
0.151, 8.75234117284877E-6
0.154, 8.85010182095607E-6
0.157, 8.94904343272989E-6
0.16, 9.041095912461E-6
0.163, 9.1338771518113E-6
0.166, 9.22446277195832E-6
0.169, 9.30591513430614E-6
0.172, 9.39169241700012E-6
0.175, 9.47148270528649E-6
0.178, 9.55158702383181E-6
0.181, 9.62557128936202E-6
0.184, 9.70164714584549E-6
0.187, 9.77080646475867E-6
0.19, 9.83973453767765E-6
0.193, 9.90486486978819E-6
0.196, 9.97083234288675E-6
0.199, 1.00331857555619E-5
0.202, 1.00924535159093E-5
0.205, 1.01478595757192E-5
0.208, 1.02065500109562E-5
0.211, 1.02575208124482E-5
0.214, 1.03119679705369E-5
0.217, 1.0364221738711E-5
0.22, 1.04131152292792E-5
0.223, 1.04601581671806E-5
0.226, 1.05065402382498E-5
0.229, 1.05507505077576E-5
0.232, 1.05935625860525E-5
0.235, 1.06356505528176E-5
0.238, 1.06745282762772E-5
0.241, 1.07164196116815E-5
0.244, 1.07514548327175E-5
0.247, 1.07880647664951E-5
0.25, 1.08249150826038E-5
0.253, 1.08597115487841E-5
0.256, 1.08921786670461E-5
0.259, 1.09267165196117E-5
0.262, 1.09596121080763E-5
0.265, 1.09851070536132E-5
0.268, 1.1016859606412E-5
0.271, 1.10460825734008E-5
0.274, 1.10782036405322E-5
0.277, 1.11046642123598E-5
0.28, 1.11292585535548E-5
0.283, 1.11566067688759E-5
0.286, 1.11802392646907E-5
0.289, 1.12091130949134E-5
0.292, 1.12306906827862E-5
0.295, 1.12542253104677E-5
0.298, 1.12756291127832E-5
0.301, 1.12995483455787E-5
0.304, 1.13220660895896E-5
0.307, 1.13439535472435E-5
0.31, 1.1364041167544E-5
0.313, 1.13870563812047E-5
0.316, 1.14063270732721E-5
0.319, 1.14288873686862E-5
0.322, 1.14462673979311E-5
0.325, 1.14657898769697E-5
0.328, 1.14854539149652E-5
0.331, 1.15046013682638E-5
0.334, 1.15243571599365E-5
0.337, 1.15413796901981E-5
0.34, 1.15625691029864E-5
0.343, 1.15766708087385E-5
0.346, 1.15927705984411E-5
0.349, 1.1613588247996E-5
0.352, 1.16283445717247E-5
0.355, 1.16479314307114E-5
0.358, 1.16601171934918E-5
0.361, 1.16746292571335E-5
0.364, 1.1692922761127E-5
0.367, 1.17086592305894E-5
0.37, 1.17247790984843E-5
0.373, 1.17379354225384E-5
0.376, 1.17526500666554E-5
0.379, 1.17658755253894E-5
0.382, 1.17811319041693E-5
0.385, 1.17958775791854E-5

0.439356248492934, 1.20344048553447E-5

-0.416, -1.18829597455825E-5
-0.413, -1.18705311551164E-5
-0.41, -1.18594735338326E-5
-0.407, -1.18480045839925E-5
-0.404, -1.18360400180665E-5
-0.401, -1.18193334090106E-5
-0.398, -1.18073603232619E-5
-0.395, -1.17936106640022E-5
-0.392, -1.17818748781237E-5
-0.389, -1.17671349089449E-5
-0.386, -1.17554987219989E-5
-0.383, -1.17400611720505E-5
-0.38, -1.17259284463831E-5
-0.377, -1.17120816299926E-5
-0.374, -1.16976112323494E-5
-0.371, -1.16831730801457E-5
-0.368, -1.16677083911033E-5
-0.365, -1.16521005315097E-5
-0.362, -1.16376682591783E-5
-0.359, -1.16205635527171E-5
-0.356, -1.16078440304597E-5
-0.353, -1.15903003037869E-5
-0.35, -1.15742805346829E-5
-0.347, -1.15568320681526E-5
-0.344, -1.15404298632863E-5
-0.341, -1.1523395844314E-5
-0.338, -1.15082991652604E-5
-0.335, -1.14898157938599E-5
-0.332, -1.14717094013903E-5
-0.329, -1.14535701715918E-5
-0.326, -1.14373848842368E-5
-0.323, -1.14149743202036E-5
-0.32, -1.13986532393175E-5
-0.317, -1.13780285167124E-5
-0.314, -1.13605607782161E-5
-0.311, -1.13399478326376E-5
-0.308, -1.13169856741752E-5
-0.305, -1.12967287671219E-5
-0.302, -1.12758354210435E-5
-0.299, -1.1253789707462E-5
-0.296, -1.12328190016601E-5
-0.293, -1.12086307130388E-5
-0.29, -1.11857000667299E-5
-0.287, -1.1160584931533E-5
-0.284, -1.11366424064899E-5
-0.281, -1.11101199190269E-5
-0.278, -1.10878657151845E-5
-0.275, -1.10626059771169E-5
-0.272, -1.10342107004348E-5
-0.269, -1.10066321312069E-5
-0.266, -1.09764268286753E-5
-0.263, -1.09511094562544E-5
-0.26, -1.09184432432436E-5
-0.257, -1.08877532458414E-5
-0.254, -1.0855079716884E-5
-0.251, -1.0824006914908E-5
-0.248, -1.07895890572862E-5
-0.245, -1.07555231702815E-5
-0.242, -1.07208740262659E-5
-0.239, -1.06832323120575E-5
-0.236, -1.06455917111942E-5
-0.233, -1.06056986972791E-5
-0.23, -1.05636774365546E-5
-0.227, -1.05216400564842E-5
-0.224, -1.04785286034053E-5
-0.221, -1.04322637713596E-5
-0.218, -1.03873226817097E-5
-0.215, -1.03393768868925E-5
-0.212, -1.0289010016471E-5
-0.209, -1.02388758375297E-5
-0.206, -1.0183981644351E-5
-0.203, -1.01298749434169E-5
-0.2, -1.00725953099281E-5
-0.197, -1.00132767023799E-5
-0.194, -9.95195574676049E-6
-0.191, -9.88800299429763E-6
-0.188, -9.82450424497556E-6
-0.185, -9.75666053946284E-6
-0.182, -9.68730974848999E-6
-0.179, -9.61495711251969E-6
-0.176, -9.53937788898086E-6
-0.173, -9.46584965058266E-6
-0.17, -9.38347115587734E-6
-0.167, -9.30141109748334E-6
-0.164, -9.21743859916623E-6
-0.161, -9.13023219891604E-6
-0.158, -9.04061362759924E-6
-0.155, -8.94439567739196E-6
-0.152, -8.8503099080449E-6
-0.149, -8.75234493347193E-6
-0.146, -8.65174514693496E-6
-0.143, -8.54733332525234E-6
-0.14, -8.4382881819215E-6
-0.137, -8.3305940252979E-6
-0.134, -8.21850817372016E-6
-0.131, -8.1043810388572E-6
-0.128, -7.98115540093106E-6
-0.125, -7.86259563746464E-6
-0.122, -7.73929445492105E-6
-0.119, -7.60997904033959E-6
-0.116, -7.47636155531808E-6
-0.113, -7.34655584856834E-6
-0.11, -7.20990732079155E-6
-0.107, -7.07076797695387E-6
-0.104, -6.92321014953094E-6
-0.101, -6.78030323200972E-6
-0.098, -6.63220690813729E-6
-0.095, -6.4792954467828E-6
-0.092, -6.32861060201635E-6
-0.089, -6.16862644252356E-6
-0.086, -6.00807154158977E-6
-0.083, -5.8438750725075E-6
-0.08, -5.6785011698688E-6
-0.077, -5.51004370043914E-6
-0.074, -5.33933152326449E-6
-0.071, -5.16606594434169E-6
-0.068, -4.98964735541678E-6
-0.065, -4.81005129711951E-6
-0.0620000000000001, -4.62631271745921E-6
-0.0590000000000001, -4.44333918489596E-6
-0.0560000000000001, -4.25337935094746E-6
-0.0530000000000001, -4.06577824668667E-6
-0.0500000000000001, -3.87374668935347E-6
-0.0470000000000001, -3.67762091218959E-6
-0.044, -3.47996351679652E-6
-0.0410000000000001, -3.27958912382615E-6
-0.038, -3.07630905639292E-6
-0.035, -2.86970763255149E-6
-0.032, -2.66163774604401E-6
-0.029, -2.45271164429249E-6
-0.026, -2.23596614546069E-6
-0.023, -2.02040599104342E-6
-0.02, -1.79655605199296E-6
-0.017, -1.57305824744267E-6
-0.014, -1.34552270525689E-6
-0.011, -1.111378902666E-6
-0.00800000000000002, -8.73056160076512E-7
-0.00500000000000002, -6.30198034395848E-7
-0.00200000000000002, -3.82781494688447E-7
0.000999999999999928, -1.30950067057956E-7
0.00399999999999993, 1.23473079742831E-7
0.00699999999999993, 3.78746152170806E-7
0.00999999999999994, 6.33502785333474E-7
0.0129999999999999, 8.81700014355044E-7
0.0159999999999999, 1.12554688568114E-6
0.0189999999999999, 1.36959095275055E-6
0.0219999999999999, 1.60768318061206E-6
0.0249999999999999, 1.83895890442795E-6
0.028, 2.06772954182285E-6
0.031, 2.29608717285873E-6
0.034, 2.51802085812114E-6
0.037, 2.73423653149983E-6
0.04, 2.95091244211458E-6
0.043, 3.16173199603514E-6
0.046, 3.36865528013262E-6
0.049, 3.57710662709577E-6
0.052, 3.78119188814181E-6
0.055, 3.97756719215778E-6
0.058, 4.17493965551866E-6
0.061, 4.3673284202637E-6
0.0639999999999999, 4.55704882056638E-6
0.0669999999999999, 4.74387950918888E-6
0.0699999999999999, 4.93063639567523E-6
0.0729999999999999, 5.10657299672577E-6
0.0759999999999999, 5.28529686654595E-6
0.0789999999999999, 5.46211525557709E-6
0.0819999999999999, 5.63173091792904E-6
0.0849999999999999, 5.80123813235455E-6
0.0879999999999999, 5.97067724484736E-6
0.091, 6.13242603927017E-6
0.094, 6.29105076458969E-6
0.097, 6.44839073248649E-6
0.1, 6.6013560304401E-6
0.103, 6.75199128849591E-6
0.106, 6.90272042559718E-6
0.109, 7.04444739276147E-6
0.112, 7.18558774818405E-6
0.115, 7.32724573161971E-6
0.118, 7.46154711883423E-6
0.121, 7.59318946328551E-6
0.124, 7.72306799662184E-6
0.127, 7.85071713139938E-6
0.13, 7.9725649967022E-6
0.133, 8.09165150383555E-6
0.136, 8.2105313417896E-6
0.139, 8.32438351004466E-6
0.142, 8.43543610211552E-6
0.145, 8.54406736744929E-6
0.148, 8.64909894383667E-6
0.151, 8.75291137616395E-6
0.154, 8.84938851071847E-6
0.157, 8.94570477004647E-6
0.16, 9.04118059714208E-6
0.163, 9.1356214878371E-6
0.166, 9.22355072877018E-6
0.169, 9.30706470293943E-6
0.172, 9.39162901745017E-6
0.175, 9.47141900955211E-6
0.178, 9.55020826173019E-6
0.181, 9.62795908133892E-6
0.184, 9.69769246115463E-6
0.187, 9.77057536819397E-6
0.19, 9.83938290152289E-6
0.193, 9.90393680382449E-6
0.196, 9.96937139869581E-6
0.199, 1.00310613563418E-5
0.202, 1.00898453569278E-5
0.205, 1.01489183388995E-5
0.208, 1.02061458530542E-5
0.211, 1.0258971272454E-5
0.214, 1.03121243004074E-5
0.217, 1.03647530242757E-5
0.22, 1.04127183574773E-5
0.223, 1.04611281161748E-5
0.226, 1.05060669311447E-5
0.229, 1.05497726929184E-5
0.232, 1.05935282896934E-5
0.235, 1.06354450045041E-5
0.238, 1.06760456634598E-5
0.241, 1.07147382578377E-5
0.244, 1.07528543944494E-5
0.247, 1.07861736079106E-5
0.25, 1.08228115304561E-5
0.253, 1.08575639805241E-5
0.256, 1.08907751618455E-5
0.259, 1.09252335856851E-5
0.262, 1.09588791705146E-5
0.265, 1.0985548441394E-5
0.268, 1.10165171160916E-5
0.271, 1.10445963753089E-5
0.274, 1.10733927329923E-5
0.277, 1.11018647895896E-5
0.28, 1.11277040991137E-5
0.283, 1.11541047425506E-5
0.286, 1.11798841336565E-5
0.289, 1.12052882859273E-5
0.292, 1.12295969513631E-5
0.295, 1.12540976037977E-5
0.298, 1.12753485587998E-5
0.301, 1.12993676737884E-5
0.304, 1.13212199092645E-5
0.307, 1.13429958894042E-5
0.31, 1.13660243949692E-5
0.313, 1.13865449265779E-5
0.316, 1.14084312816528E-5
0.319, 1.14264424786306E-5
0.322, 1.14460224469954E-5
0.325, 1.14653797685518E-5
0.328, 1.14851028650604E-5
0.331, 1.1504568679662E-5
0.334, 1.15227691867365E-5
0.337, 1.15400692455361E-5
0.34, 1.15590143091178E-5
0.343, 1.15758740477952E-5
0.346, 1.15956800108403E-5
0.349, 1.16149465599238E-5
0.352, 1.16284692567119E-5
0.355, 1.16457093690204E-5
0.358, 1.16606561857933E-5
0.361, 1.16759745474723E-5
0.364, 1.16923922665655E-5
0.367, 1.17067559444759E-5
0.37, 1.17219422009718E-5
0.373, 1.17386760355531E-5
0.376, 1.17535064666562E-5
0.379, 1.17674451252267E-5
0.382, 1.17824316191695E-5

0.439351707820593, 1.20364244608456E-5

-0.419, -1.18978196939807E-5
-0.416, -1.18830978497331E-5
-0.413, -1.18698343995458E-5
-0.41, -1.18609501217692E-5
-0.407, -1.18420621201698E-5
-0.404, -1.18360775821476E-5
-0.401, -1.18216367120133E-5
-0.398, -1.18066107002746E-5
-0.395, -1.17940651917862E-5
-0.392, -1.17814567385392E-5
-0.389, -1.17668704757487E-5
-0.386, -1.17568349546173E-5
-0.383, -1.1739638373544E-5
-0.38, -1.1726491189683E-5
-0.377, -1.17121368152107E-5
-0.374, -1.16958345559137E-5
-0.371, -1.16832344707197E-5
-0.368, -1.166983797356E-5
-0.365, -1.16502438701893E-5
-0.362, -1.16378456602212E-5
-0.359, -1.16197208797083E-5
-0.356, -1.16037189026931E-5
-0.353, -1.15907415669498E-5
-0.35, -1.15772388604313E-5
-0.347, -1.15584545037582E-5
-0.344, -1.15409137516718E-5
-0.341, -1.15256051633076E-5
-0.338, -1.15075591275199E-5
-0.335, -1.14894169475857E-5
-0.332, -1.1471901453699E-5
-0.329, -1.14541560043694E-5
-0.326, -1.14360096510595E-5
-0.323, -1.14158736641162E-5
-0.32, -1.13981347756277E-5
-0.317, -1.13799323646829E-5
-0.314, -1.13600976669901E-5
-0.311, -1.13415819936384E-5
-0.308, -1.13176132260967E-5
-0.305, -1.12980151405381E-5
-0.302, -1.12742894755561E-5
-0.299, -1.12539118244674E-5
-0.296, -1.12330256002836E-5
-0.293, -1.12103059777812E-5
-0.29, -1.11863546710607E-5
-0.287, -1.11623378569859E-5
-0.284, -1.11369306523236E-5
-0.281, -1.11141567015996E-5
-0.278, -1.10869672766628E-5
-0.275, -1.10635923859777E-5
-0.272, -1.10343039002052E-5
-0.269, -1.10056331756227E-5
-0.266, -1.09779964260338E-5
-0.263, -1.09486177991697E-5
-0.26, -1.09179069295516E-5
-0.257, -1.08907736383806E-5
-0.254, -1.08553771237781E-5
-0.251, -1.08242680419024E-5
-0.248, -1.07909880783767E-5
-0.245, -1.07565486344544E-5
-0.242, -1.07200564419211E-5
-0.239, -1.06853142938346E-5
-0.236, -1.06446007057224E-5
-0.233, -1.06029769094468E-5
-0.23, -1.05647872773381E-5
-0.227, -1.05208531033544E-5
-0.224, -1.0480116504079E-5
-0.221, -1.04371939061401E-5
-0.218, -1.03893257142564E-5
-0.215, -1.03415062947058E-5
-0.212, -1.02912912534165E-5
-0.209, -1.02355411307622E-5
-0.206, -1.01864251595544E-5
-0.203, -1.01271856839671E-5
-0.2, -1.00735214565815E-5
-0.197, -1.00147416813719E-5
-0.194, -9.95074190575429E-6
-0.191, -9.88688845682333E-6
-0.188, -9.82326969208281E-6
-0.185, -9.75524111064133E-6
-0.182, -9.68826478512465E-6
-0.179, -9.61349534898606E-6
-0.176, -9.54157899702026E-6
-0.173, -9.46288426857262E-6
-0.17, -9.38067341421017E-6
-0.167, -9.30086921188662E-6
-0.164, -9.21480591700203E-6
-0.161, -9.1311351439668E-6
-0.158, -9.03930644663869E-6
-0.155, -8.94740678199925E-6
-0.152, -8.84910067647337E-6
-0.149, -8.75304733302884E-6
-0.146, -8.65166555220209E-6
-0.143, -8.54638546457736E-6
-0.14, -8.44130217840715E-6
-0.137, -8.33211063437035E-6
-0.134, -8.21760436791121E-6
-0.131, -8.1006019544733E-6
-0.128, -7.98368590112211E-6
-0.125, -7.86480072680163E-6
-0.122, -7.73844320964858E-6
-0.119, -7.60809169515529E-6
-0.116, -7.47867335155711E-6
-0.113, -7.34530389389509E-6
-0.11, -7.20894251108461E-6
-0.107, -7.07103537700054E-6
-0.104, -6.92625017196472E-6
-0.101, -6.780649210514E-6
-0.098, -6.63052652139103E-6
-0.095, -6.4795940889027E-6
-0.092, -6.32476670658636E-6
-0.089, -6.17000520228469E-6
-0.086, -6.01024490619653E-6
-0.083, -5.84213446606217E-6
-0.08, -5.68003164248419E-6
-0.077, -5.5094429506213E-6
-0.074, -5.34090587443226E-6
-0.071, -5.16693202917841E-6
-0.068, -4.98641877691337E-6
-0.0650000000000001, -4.8098240551742E-6
-0.0620000000000001, -4.62700983417555E-6
-0.0590000000000001, -4.44227132285638E-6
-0.0560000000000001, -4.25476336920104E-6
-0.0530000000000001, -4.06603591497033E-6
-0.0500000000000001, -3.87196809478649E-6
-0.0470000000000001, -3.68069806331538E-6
-0.044, -3.48031445681585E-6
-0.0410000000000001, -3.27986977624948E-6
-0.038, -3.07562537090163E-6
-0.035, -2.87152288094032E-6
-0.032, -2.66194636600765E-6
-0.029, -2.45242818273906E-6
-0.026, -2.23664813539998E-6
-0.023, -2.01983468968218E-6
-0.02, -1.79865488486555E-6
-0.017, -1.57192949949311E-6
-0.014, -1.34534498697794E-6
-0.011, -1.10973901976645E-6
-0.00800000000000002, -8.73258497239633E-7
-0.00500000000000002, -6.32602592338653E-7
-0.00200000000000007, -3.82829953827251E-7
0.000999999999999932, -1.30240215867388E-7
0.00399999999999993, 1.25746232597524E-7
0.00699999999999994, 3.77916116136354E-7
0.00999999999999994, 6.31860023765057E-7
0.0129999999999999, 8.83060430489085E-7
0.0159999999999999, 1.12585722632617E-6
0.0189999999999999, 1.37048685090942E-6
0.0219999999999999, 1.60425125288005E-6
0.025, 1.83758014916221E-6
0.028, 2.0693467129066E-6
0.031, 2.29599645858303E-6
0.034, 2.51684406512729E-6
0.037, 2.73760935850565E-6
0.04, 2.94987682030484E-6
0.043, 3.16247872856817E-6
0.046, 3.37221872103679E-6
0.049, 3.57811345882668E-6
0.052, 3.77985733987628E-6
0.055, 3.97932518879506E-6
0.058, 4.17524224978276E-6
0.0609999999999999, 4.36525672293281E-6
0.0639999999999999, 4.55766233179693E-6
0.0669999999999999, 4.74386367949707E-6
0.0699999999999999, 4.93019215977967E-6
0.0729999999999999, 5.10937413787081E-6
0.0759999999999999, 5.28777785285377E-6
0.0789999999999999, 5.4616985311101E-6
0.0819999999999999, 5.6349682327564E-6
0.0849999999999999, 5.80181924406523E-6
0.0879999999999999, 5.96730024591855E-6
0.091, 6.13206448561938E-6
0.094, 6.29294699137351E-6
0.097, 6.4476922766308E-6
0.1, 6.60093162986209E-6
0.103, 6.75284662085542E-6
0.106, 6.89924923600029E-6
0.109, 7.04618865992031E-6
0.112, 7.18683907076809E-6
0.115, 7.32598126173319E-6
0.118, 7.4592721638838E-6
0.121, 7.59382290685403E-6
0.124, 7.7244960877225E-6
0.127, 7.84977155932336E-6
0.13, 7.97363641684304E-6
0.133, 8.09266966075835E-6
0.136, 8.21104267308062E-6
0.139, 8.32269607728558E-6
0.142, 8.43389691844246E-6
0.145, 8.54371628147638E-6
0.148, 8.64912932765956E-6
0.151, 8.75203976039034E-6
0.154, 8.84930125784704E-6
0.157, 8.94659834581453E-6
0.16, 9.04442616335665E-6
0.163, 9.1353405127801E-6
0.166, 9.22411085079158E-6
0.169, 9.30899610209721E-6
0.172, 9.39237636187565E-6
0.175, 9.46926781410833E-6
0.178, 9.54945012476547E-6
0.181, 9.6260759255092E-6
0.184, 9.69997519929301E-6
0.187, 9.77055445430743E-6
0.19, 9.83767320116005E-6
0.193, 9.903485706432E-6
0.196, 9.97024383677942E-6
0.199, 1.00309332500514E-5
0.202, 1.00921839744998E-5
0.205, 1.01489799101237E-5
0.208, 1.02050989703626E-5
0.211, 1.02585701325125E-5
0.214, 1.03127938622052E-5
0.217, 1.03636089604138E-5
0.22, 1.04134334170643E-5
0.223, 1.04617282630915E-5
0.226, 1.05089137200852E-5
0.229, 1.05497984933927E-5
0.232, 1.05930660407141E-5
0.235, 1.06337463066516E-5
0.238, 1.06775474528211E-5
0.241, 1.0714658052437E-5
0.244, 1.07524580837138E-5
0.247, 1.07881387767769E-5
0.25, 1.08223512760175E-5
0.253, 1.08594894361762E-5
0.256, 1.08926847275093E-5
0.259, 1.09248182000945E-5
0.262, 1.09551692568267E-5
0.265, 1.09853262341193E-5
0.268, 1.10129170290777E-5
0.271, 1.10444932110337E-5
0.274, 1.10699242503518E-5
0.277, 1.1101736811214E-5
0.28, 1.11285641269194E-5
0.283, 1.11533493106277E-5
0.286, 1.11786128625429E-5
0.289, 1.12038280241169E-5
0.292, 1.12290398206546E-5
0.295, 1.12550153276968E-5
0.298, 1.12764851400882E-5
0.301, 1.12997487969982E-5
0.304, 1.13214186441635E-5
0.307, 1.13434540790336E-5
0.31, 1.13659166526271E-5
0.313, 1.13864467185659E-5
0.316, 1.14052120587906E-5
0.319, 1.14282595301916E-5
0.322, 1.1445703582554E-5
0.325, 1.14649708178703E-5
0.328, 1.14837683414398E-5
0.331, 1.15036861680413E-5
0.334, 1.15226125303906E-5
0.337, 1.15396172499052E-5
0.34, 1.15558698952266E-5
0.343, 1.15766707188582E-5
0.346, 1.15923474623011E-5
0.349, 1.16097882475518E-5
0.352, 1.16274761017047E-5
0.355, 1.16442525060235E-5
0.358, 1.16590047566558E-5
0.361, 1.16736234802201E-5
0.364, 1.16905364775569E-5
0.367, 1.17075601805026E-5
0.37, 1.17234411440002E-5
0.373, 1.17384098264187E-5
0.376, 1.17522095804501E-5
0.379, 1.1766040718723E-5

0.439355092048126, 1.20328037414203E-5

-0.422, -1.19079034114629E-5
-0.419, -1.18970438912224E-5
-0.416, -1.18843659778039E-5
-0.413, -1.18740238393094E-5
-0.41, -1.18607292505132E-5
-0.407, -1.18484319542324E-5
-0.404, -1.18358093080749E-5
-0.401, -1.18222840771292E-5
-0.398, -1.18056580191496E-5
-0.395, -1.17935181458768E-5
-0.392, -1.17802862289193E-5
-0.389, -1.1769719426596E-5
-0.386, -1.17562799505598E-5
-0.383, -1.17420025046468E-5
-0.38, -1.17261816245824E-5
-0.377, -1.17136226577523E-5
-0.374, -1.1698197424704E-5
-0.371, -1.16819789678547E-5
-0.368, -1.16695326655875E-5
-0.365, -1.16515833511042E-5
-0.362, -1.1638727777462E-5
-0.359, -1.16201709205853E-5
-0.356, -1.16069364020524E-5
-0.353, -1.15923172538756E-5
-0.35, -1.15770397249186E-5
-0.347, -1.15593248786959E-5
-0.344, -1.15412777597676E-5
-0.341, -1.15230406485078E-5
-0.338, -1.15079292907393E-5
-0.335, -1.14926475862414E-5
-0.332, -1.1472655948616E-5
-0.329, -1.14547616916522E-5
-0.326, -1.14351802567907E-5
-0.323, -1.14166792910233E-5
-0.32, -1.13973528546264E-5
-0.317, -1.13806807210727E-5
-0.314, -1.13587139450479E-5
-0.311, -1.13394301824773E-5
-0.308, -1.13205140141866E-5
-0.305, -1.12989349291222E-5
-0.302, -1.12736597547075E-5
-0.299, -1.12523614099904E-5
-0.296, -1.12326572055863E-5
-0.293, -1.12102147592317E-5
-0.29, -1.11882004807025E-5
-0.287, -1.11609407358632E-5
-0.284, -1.11393722159179E-5
-0.281, -1.11115108756711E-5
-0.278, -1.10869538924285E-5
-0.275, -1.10634619050163E-5
-0.272, -1.10336626409951E-5
-0.269, -1.10054404524779E-5
-0.266, -1.09775693262799E-5
-0.263, -1.09480381091465E-5
-0.26, -1.09187290865276E-5
-0.257, -1.08869138421559E-5
-0.254, -1.08557476604954E-5
-0.251, -1.08245157335091E-5
-0.248, -1.07900466225762E-5
-0.245, -1.07573912870203E-5
-0.242, -1.07185239113122E-5
-0.239, -1.06856783417518E-5
-0.236, -1.06475672306564E-5
-0.233, -1.06078412670751E-5
-0.23, -1.05634300839467E-5
-0.227, -1.05235412571669E-5
-0.224, -1.04790886423332E-5
-0.221, -1.043337248455E-5
-0.218, -1.03917257719548E-5
-0.215, -1.0340704598044E-5
-0.212, -1.028909093362E-5
-0.209, -1.02366692098637E-5
-0.206, -1.01867006298023E-5
-0.203, -1.01309062346554E-5
-0.2, -1.00735750040121E-5
-0.197, -1.00127044703862E-5
-0.194, -9.9524123452906E-6
-0.191, -9.88860140860747E-6
-0.188, -9.82278921356713E-6
-0.185, -9.7579190677282E-6
-0.182, -9.68756543274259E-6
-0.179, -9.61554065733532E-6
-0.176, -9.53948941375533E-6
-0.173, -9.46310994361593E-6
-0.17, -9.3856716869762E-6
-0.167, -9.30381524904262E-6
-0.164, -9.215687660001E-6
-0.161, -9.12991942782148E-6
-0.158, -9.04040548503797E-6
-0.155, -8.94575784161423E-6
-0.152, -8.85103307772124E-6
-0.149, -8.75283676356622E-6
-0.146, -8.65158108011661E-6
-0.143, -8.54777320671113E-6
-0.14, -8.4413481098252E-6
-0.137, -8.33173702277269E-6
-0.134, -8.21868188996811E-6
-0.131, -8.10263817044512E-6
-0.128, -7.98469513089568E-6
-0.125, -7.8620017235549E-6
-0.122, -7.7366892601515E-6
-0.119, -7.6082420565797E-6
-0.116, -7.47691793081496E-6
-0.113, -7.34538064144219E-6
-0.11, -7.20889824507855E-6
-0.107, -7.0699467007597E-6
-0.104, -6.92602378154362E-6
-0.101, -6.78131971824434E-6
-0.098, -6.63303565826343E-6
-0.095, -6.48145985570523E-6
-0.092, -6.32774903019693E-6
-0.089, -6.16932742893334E-6
-0.086, -6.01069076650907E-6
-0.083, -5.84782144118705E-6
-0.08, -5.68004760411719E-6
-0.077, -5.51179777277988E-6
-0.074, -5.34118879430085E-6
-0.071, -5.16674488042894E-6
-0.0680000000000001, -4.98943016408194E-6
-0.0650000000000001, -4.8086670240544E-6
-0.0620000000000001, -4.62779143238968E-6
-0.0590000000000001, -4.44300327964585E-6
-0.0560000000000001, -4.25650901276474E-6
-0.0530000000000001, -4.06525961508753E-6
-0.0500000000000001, -3.87476990045816E-6
-0.0470000000000001, -3.67789579274502E-6
-0.044, -3.48131039858358E-6
-0.0410000000000001, -3.27927540394556E-6
-0.038, -3.0773324636799E-6
-0.035, -2.87113427421177E-6
-0.032, -2.66331483046745E-6
-0.029, -2.45119739623558E-6
-0.026, -2.23747796375552E-6
-0.023, -2.01807465544234E-6
-0.02, -1.79862349498274E-6
-0.017, -1.57246323206439E-6
-0.014, -1.34640669793685E-6
-0.011, -1.11180015819088E-6
-0.00800000000000002, -8.74705562288821E-7
-0.00500000000000007, -6.32972402082322E-7
-0.00200000000000007, -3.85777034353443E-7
0.000999999999999932, -1.32732753579452E-7
0.00399999999999993, 1.23428209037178E-7
0.00699999999999994, 3.80296990419318E-7
0.00999999999999994, 6.32077084653529E-7
0.0129999999999999, 8.81450891651229E-7
0.0159999999999999, 1.12582386450333E-6
0.0189999999999999, 1.36513199011978E-6
0.0219999999999999, 1.60930640594452E-6
0.025, 1.83756535997435E-6
0.028, 2.06839543483617E-6
0.031, 2.29445452378984E-6
0.034, 2.51660016829585E-6
0.037, 2.73608808007981E-6
0.04, 2.94984686185276E-6
0.043, 3.16303330387973E-6
0.046, 3.37146097773637E-6
0.049, 3.57619169309898E-6
0.052, 3.77997490378486E-6
0.055, 3.97936369925103E-6
0.0579999999999999, 4.17497724431051E-6
0.0609999999999999, 4.36593401090591E-6
0.0639999999999999, 4.55557161382069E-6
0.0669999999999999, 4.74187093534538E-6
0.0699999999999999, 4.92646850066901E-6
0.0729999999999999, 5.10975290604863E-6
0.0759999999999999, 5.28549910775143E-6
0.0789999999999999, 5.46204681534578E-6
0.0819999999999999, 5.63356034867663E-6
0.0849999999999999, 5.80081114206992E-6
0.0879999999999999, 5.96723455579082E-6
0.091, 6.12987073640916E-6
0.094, 6.29114056253194E-6
0.097, 6.44746282285423E-6
0.1, 6.60094276610206E-6
0.103, 6.75222384292192E-6
0.106, 6.90044592706916E-6
0.109, 7.04648278462248E-6
0.112, 7.18520661583051E-6
0.115, 7.3261308505205E-6
0.118, 7.45818733039458E-6
0.121, 7.59318399000174E-6
0.124, 7.7236528318063E-6
0.127, 7.84825613598468E-6
0.13, 7.97425797396257E-6
0.133, 8.09405962744019E-6
0.136, 8.20888140354115E-6
0.139, 8.32531711236593E-6
0.142, 8.43508556398334E-6
0.145, 8.54548490445183E-6
0.148, 8.65022606146035E-6
0.151, 8.75112383965658E-6
0.154, 8.8519412861445E-6
0.157, 8.9473411761555E-6
0.16, 9.04321624122319E-6
0.163, 9.13549179580368E-6
0.166, 9.22289775137221E-6
0.169, 9.31117794040274E-6
0.172, 9.39069576097642E-6
0.175, 9.47248018474544E-6
0.178, 9.54979961916825E-6
0.181, 9.62801932021515E-6
0.184, 9.69947476437362E-6
0.187, 9.76837521134068E-6
0.19, 9.83796860904391E-6
0.193, 9.90502139751715E-6
0.196, 9.96576030030286E-6
0.199, 1.00320498296739E-5
0.202, 1.00931825083374E-5
0.205, 1.01522682057035E-5
0.208, 1.02057904887754E-5
0.211, 1.02592177026932E-5
0.214, 1.03118115910348E-5
0.217, 1.03630124408053E-5
0.22, 1.04136804546307E-5
0.223, 1.04631916562208E-5
0.226, 1.05062383936944E-5
0.229, 1.05503907429782E-5
0.232, 1.05950709845084E-5
0.235, 1.06350603209504E-5
0.238, 1.06739396690016E-5
0.241, 1.0715833280132E-5
0.244, 1.07511075910843E-5
0.247, 1.07882154002122E-5
0.25, 1.08229372652004E-5
0.253, 1.08575675840568E-5
0.256, 1.08919297975094E-5
0.259, 1.09269223275657E-5
0.262, 1.09548911658769E-5
0.265, 1.09853815195165E-5
0.268, 1.10154829771806E-5
0.271, 1.1046507426622E-5
0.274, 1.10733749752756E-5
0.277, 1.11013864153301E-5
0.28, 1.11252037432415E-5
0.283, 1.11543516939941E-5
0.286, 1.11776198667022E-5
0.289, 1.12019657164903E-5
0.292, 1.12265635877145E-5
0.295, 1.12526318339567E-5
0.298, 1.12758251921362E-5
0.301, 1.13016726418986E-5
0.304, 1.13191672356612E-5
0.307, 1.13431869494435E-5
0.31, 1.13632063185959E-5
0.313, 1.1385290594529E-5
0.316, 1.14065085743279E-5
0.319, 1.14256966691391E-5
0.322, 1.14478597863727E-5
0.325, 1.1466681932086E-5
0.328, 1.14849115586035E-5
0.331, 1.1505321818559E-5
0.334, 1.15217564300709E-5
0.337, 1.15397412458958E-5
0.34, 1.15566741440545E-5
0.343, 1.15771483453935E-5
0.346, 1.15935007547509E-5
0.349, 1.16089248416572E-5
0.352, 1.16265903138117E-5
0.355, 1.16446101789386E-5
0.358, 1.16630452212763E-5
0.361, 1.16740377125486E-5
0.364, 1.16910527437402E-5
0.367, 1.17074495138359E-5
0.37, 1.17232712405602E-5
0.373, 1.17374916828289E-5
0.376, 1.17510923232703E-5

0.439355096040575, 1.2033124483723E-5

-0.425, -1.19175494904203E-5
-0.422, -1.19069835330606E-5
-0.419, -1.18970097089978E-5
-0.416, -1.18831032199786E-5
-0.413, -1.18720133272226E-5
-0.41, -1.18581531746627E-5
-0.407, -1.1848873845842E-5
-0.404, -1.1836095240721E-5
-0.401, -1.18225599553262E-5
-0.398, -1.18088423160739E-5
-0.395, -1.17954033724244E-5
-0.392, -1.17821560469603E-5
-0.389, -1.17685008562441E-5
-0.386, -1.17550906785323E-5
-0.383, -1.17380331720151E-5
-0.38, -1.17263653876858E-5
-0.377, -1.17096833774902E-5
-0.374, -1.1697477720988E-5
-0.371, -1.16812995679414E-5
-0.368, -1.16678299628796E-5
-0.365, -1.16537489614795E-5
-0.362, -1.16384887949402E-5
-0.359, -1.16207172921775E-5
-0.356, -1.16067079294996E-5
-0.353, -1.15913515110467E-5
-0.35, -1.15757973351577E-5
-0.347, -1.15593645266552E-5
-0.344, -1.15406765519394E-5
-0.341, -1.15217154289328E-5
-0.338, -1.15087289848289E-5
-0.335, -1.14877117010009E-5
-0.332, -1.1474577374009E-5
-0.329, -1.14572855689282E-5
-0.326, -1.14355969754246E-5
-0.323, -1.14173438342875E-5
-0.32, -1.13976283556162E-5
-0.317, -1.13780535128263E-5
-0.314, -1.13574582580359E-5
-0.311, -1.13388285637301E-5
-0.308, -1.13183815103679E-5
-0.305, -1.12957243574337E-5
-0.302, -1.12755037419396E-5
-0.299, -1.12540845392222E-5
-0.296, -1.12310172031581E-5
-0.293, -1.12117088700762E-5
-0.29, -1.11842366001314E-5
-0.287, -1.11623586059854E-5
-0.284, -1.11376260306713E-5
-0.281, -1.1113067494814E-5
-0.278, -1.10861533917018E-5
-0.275, -1.10610195226837E-5
-0.272, -1.10343714882008E-5
-0.269, -1.10062681176039E-5
-0.266, -1.09760571700232E-5
-0.263, -1.09490825790969E-5
-0.26, -1.09190036831549E-5
-0.257, -1.08912565894269E-5
-0.254, -1.08571112215342E-5
-0.251, -1.08238066543426E-5
-0.248, -1.07902157762974E-5
-0.245, -1.07551355568251E-5
-0.242, -1.0721555992211E-5
-0.239, -1.06861038412642E-5
-0.236, -1.06470287022737E-5
-0.233, -1.06076406739896E-5
-0.23, -1.05663119427464E-5
-0.227, -1.05238440055108E-5
-0.224, -1.0480422393387E-5
-0.221, -1.04344910110333E-5
-0.218, -1.03895287502538E-5
-0.215, -1.03418909805746E-5
-0.212, -1.02911367536741E-5
-0.209, -1.02375645003648E-5
-0.206, -1.01857884530189E-5
-0.203, -1.01309063717853E-5
-0.2, -1.00725549895998E-5
-0.197, -1.00144915403124E-5
-0.194, -9.95266238670873E-6
-0.191, -9.88838493513405E-6
-0.188, -9.82269313110669E-6
-0.185, -9.75552295691265E-6
-0.182, -9.68696950928024E-6
-0.179, -9.61387617906358E-6
-0.176, -9.53973962995641E-6
-0.173, -9.46162309662583E-6
-0.17, -9.38379548565868E-6
-0.167, -9.29977617919266E-6
-0.164, -9.21541907331523E-6
-0.161, -9.13249024467133E-6
-0.158, -9.04009842238838E-6
-0.155, -8.94653842519564E-6
-0.152, -8.85357242202403E-6
-0.149, -8.75466231833697E-6
-0.146, -8.65082428558092E-6
-0.143, -8.54941518321482E-6
-0.14, -8.44360838989077E-6
-0.137, -8.33069506410649E-6
-0.134, -8.22033856443357E-6
-0.131, -8.1026162171652E-6
-0.128, -7.98199266239244E-6
-0.125, -7.86427788692675E-6
-0.122, -7.73875178026561E-6
-0.119, -7.60738551087182E-6
-0.116, -7.47555393419486E-6
-0.113, -7.34521918717662E-6
-0.11, -7.2087818128199E-6
-0.107, -7.06929603704079E-6
-0.104, -6.92616559494515E-6
-0.101, -6.77992167984682E-6
-0.098, -6.63203187172806E-6
-0.095, -6.48240861023802E-6
-0.092, -6.32424644229042E-6
-0.089, -6.16878386284238E-6
-0.086, -6.0065519008361E-6
-0.083, -5.84589160529314E-6
-0.08, -5.68178094373768E-6
-0.077, -5.51024936971298E-6
-0.074, -5.33850651406308E-6
-0.0710000000000001, -5.16598388942776E-6
-0.0680000000000001, -4.9906675722227E-6
-0.0650000000000001, -4.80923297536783E-6
-0.0620000000000001, -4.62732232190239E-6
-0.0590000000000001, -4.44212300623617E-6
-0.0560000000000001, -4.25620203149487E-6
-0.0530000000000001, -4.06532049560881E-6
-0.0500000000000001, -3.87361646881192E-6
-0.0470000000000001, -3.67984371594946E-6
-0.044, -3.48020135434411E-6
-0.0410000000000001, -3.2795775819402E-6
-0.038, -3.0758953084684E-6
-0.035, -2.86998624324525E-6
-0.032, -2.66351326451416E-6
-0.029, -2.4527672484113E-6
-0.026, -2.23847051607371E-6
-0.023, -2.01841925289028E-6
-0.02, -1.79805155523709E-6
-0.017, -1.57328144580558E-6
-0.014, -1.34191347684206E-6
-0.011, -1.1080289908126E-6
-0.00800000000000007, -8.74673806417385E-7
-0.00500000000000007, -6.33125934624756E-7
-0.00200000000000007, -3.84217574887822E-7
0.000999999999999935, -1.3188409200709E-7
0.00399999999999994, 1.22958011652924E-7
0.00699999999999994, 3.793508890692E-7
0.00999999999999994, 6.32645673110228E-7
0.0129999999999999, 8.82070795301594E-7
0.0159999999999999, 1.12743548751105E-6
0.019, 1.36827050016366E-6
0.022, 1.60522945798211E-6
0.025, 1.8373970483531E-6
0.028, 2.06836584998066E-6
0.031, 2.29483148145685E-6
0.034, 2.5166369210113E-6
0.037, 2.73589726447512E-6
0.04, 2.95150906119132E-6
0.043, 3.16038159975073E-6
0.046, 3.3720018062738E-6
0.049, 3.57608512138665E-6
0.052, 3.77951527827983E-6
0.0549999999999999, 3.97876319457305E-6
0.0579999999999999, 4.17085183536451E-6
0.0609999999999999, 4.3668739546306E-6
0.0639999999999999, 4.55523118980898E-6
0.0669999999999999, 4.74286062232435E-6
0.0699999999999999, 4.92607291413019E-6
0.0729999999999999, 5.10896668396977E-6
0.0759999999999999, 5.28488330755029E-6
0.0789999999999999, 5.46014770333612E-6
0.0819999999999999, 5.63095446464119E-6
0.0849999999999999, 5.80118499294499E-6
0.0879999999999999, 5.96819645276618E-6
0.091, 6.13168310429999E-6
0.094, 6.29011758359201E-6
0.097, 6.44724115835455E-6
0.1, 6.60188755118962E-6
0.103, 6.75362080457936E-6
0.106, 6.90022784503594E-6
0.109, 7.04362686949276E-6
0.112, 7.18612136555305E-6
0.115, 7.32330719552102E-6
0.118, 7.45805380745081E-6
0.121, 7.5899737347681E-6
0.124, 7.7220041452688E-6
0.127, 7.84891024384171E-6
0.13, 7.97145227408648E-6
0.133, 8.09363572628186E-6
0.136, 8.20955858267609E-6
0.139, 8.32218173902127E-6
0.142, 8.43434077819932E-6
0.145, 8.54242654002174E-6
0.148, 8.64954919298105E-6
0.151, 8.75195799729684E-6
0.154, 8.85018733176013E-6
0.157, 8.94701214800479E-6
0.16, 9.04281547590192E-6
0.163, 9.13445478503898E-6
0.166, 9.22037792018666E-6
0.169, 9.30745985671382E-6
0.172, 9.39007864414647E-6
0.175, 9.47207457367416E-6
0.178, 9.55074277919435E-6
0.181, 9.62023900453799E-6
0.184, 9.6990655413647E-6
0.187, 9.77010580838063E-6
0.19, 9.83743791650121E-6
0.193, 9.90355222727041E-6
0.196, 9.96639625980289E-6
0.199, 1.00298515048724E-5
0.202, 1.00902334586239E-5
0.205, 1.01486959892383E-5
0.208, 1.0206740204397E-5
0.211, 1.0259692362872E-5
0.214, 1.03147695744054E-5
0.217, 1.03617175486981E-5
0.22, 1.04145309111126E-5
0.223, 1.04592509618621E-5
0.226, 1.05043587545115E-5
0.229, 1.05521535808033E-5
0.232, 1.05934394378488E-5
0.235, 1.06327836911059E-5
0.238, 1.0675230236711E-5
0.241, 1.07144198924142E-5
0.244, 1.07512029892797E-5
0.247, 1.07889600245087E-5
0.25, 1.08223762158883E-5
0.253, 1.08575889630368E-5
0.256, 1.08911998132671E-5
0.259, 1.09231023447208E-5
0.262, 1.09555487753357E-5
0.265, 1.09855358828533E-5
0.268, 1.10156010880122E-5
0.271, 1.10452573796028E-5
0.274, 1.10739192772221E-5
0.277, 1.11003259055898E-5
0.28, 1.11267538060675E-5
0.283, 1.11535573743097E-5
0.286, 1.11780402449161E-5
0.289, 1.12044488029292E-5
0.292, 1.12289253016892E-5
0.295, 1.12512352354428E-5
0.298, 1.12759859461107E-5
0.301, 1.12996491645237E-5
0.304, 1.13222713952685E-5
0.307, 1.13415651954204E-5
0.31, 1.136230748886E-5
0.313, 1.13843680527764E-5
0.316, 1.1406783729844E-5
0.319, 1.14253939444987E-5
0.322, 1.144510874732E-5
0.325, 1.14667562344692E-5
0.328, 1.14840759625438E-5
0.331, 1.15059595655456E-5
0.334, 1.15212009038308E-5
0.337, 1.15393252354417E-5
0.34, 1.15576134798598E-5
0.343, 1.15739369618758E-5
0.346, 1.15926851435995E-5
0.349, 1.16100977428396E-5
0.352, 1.16245530365937E-5
0.355, 1.16424767417193E-5
0.358, 1.16599578259583E-5
0.361, 1.16756445711274E-5
0.364, 1.16891287226023E-5
0.367, 1.17066117208922E-5
0.37, 1.17241140851576E-5
0.373, 1.17387251010794E-5

0.439349136744063, 1.20318322431175E-5

-0.428, -1.19309589159242E-5
-0.425, -1.19240436477643E-5
-0.422, -1.19085265567794E-5
-0.419, -1.18970120471018E-5
-0.416, -1.18851243247591E-5
-0.413, -1.18711419212725E-5
-0.41, -1.18592985636215E-5
-0.407, -1.18473409299073E-5
-0.404, -1.18376920236072E-5
-0.401, -1.18224714870491E-5
-0.398, -1.18094843976251E-5
-0.395, -1.17951213728865E-5
-0.392, -1.17832958710454E-5
-0.389, -1.17692515437305E-5
-0.386, -1.17547251492836E-5
-0.383, -1.17421950671165E-5
-0.38, -1.17274995405105E-5
-0.377, -1.17102932707418E-5
-0.374, -1.16977838286735E-5
-0.371, -1.16833552273498E-5
-0.368, -1.1669823036553E-5
-0.365, -1.16544693988678E-5
-0.362, -1.16398463660164E-5
-0.359, -1.16219843404694E-5
-0.356, -1.16077797261593E-5
-0.353, -1.15913614664093E-5
-0.35, -1.1575633260715E-5
-0.347, -1.15587027431194E-5
-0.344, -1.15432489492188E-5
-0.341, -1.15257830174782E-5
-0.338, -1.15083793623044E-5
-0.335, -1.14916894185368E-5
-0.332, -1.14746323193794E-5
-0.329, -1.14565189294919E-5
-0.326, -1.14363366872771E-5
-0.323, -1.14195922838123E-5
-0.32, -1.13977021432902E-5
-0.317, -1.1378795214614E-5
-0.314, -1.13590196170505E-5
-0.311, -1.13400132692937E-5
-0.308, -1.13201560642646E-5
-0.305, -1.12990442849749E-5
-0.302, -1.12731560226172E-5
-0.299, -1.12540794668828E-5
-0.296, -1.12331573073701E-5
-0.293, -1.12110585456895E-5
-0.29, -1.11850064305977E-5
-0.287, -1.11619090996887E-5
-0.284, -1.11355660727796E-5
-0.281, -1.11124250783021E-5
-0.278, -1.10880240745763E-5
-0.275, -1.10607736347871E-5
-0.272, -1.10371823335918E-5
-0.269, -1.10064086101958E-5
-0.266, -1.09784932388775E-5
-0.263, -1.09498531558141E-5
-0.26, -1.09190323534957E-5
-0.257, -1.08903897164964E-5
-0.254, -1.08572684203018E-5
-0.251, -1.08273855103049E-5
-0.248, -1.07912838912551E-5
-0.245, -1.07571057486197E-5
-0.242, -1.07211378099173E-5
-0.239, -1.0685021091852E-5
-0.236, -1.06475667714784E-5
-0.233, -1.06072915823647E-5
-0.23, -1.05649231466995E-5
-0.227, -1.05224785106677E-5
-0.224, -1.04813467385777E-5
-0.221, -1.04343896914175E-5
-0.218, -1.0390441985503E-5
-0.215, -1.03403879773659E-5
-0.212, -1.02902885521761E-5
-0.209, -1.02358745273889E-5
-0.206, -1.01846194503006E-5
-0.203, -1.01287890698583E-5
-0.2, -1.00732369410818E-5
-0.197, -1.00136053038713E-5
-0.194, -9.95233622756449E-6
-0.191, -9.88879442802077E-6
-0.188, -9.82125733888665E-6
-0.185, -9.75652236522409E-6
-0.182, -9.68881422715479E-6
-0.179, -9.6162581686359E-6
-0.176, -9.54233256301391E-6
-0.173, -9.45930035908595E-6
-0.17, -9.38617774187264E-6
-0.167, -9.30341545998261E-6
-0.164, -9.22292283657797E-6
-0.161, -9.13248970575653E-6
-0.158, -9.04298737054827E-6
-0.155, -8.94938110487388E-6
-0.152, -8.85210323285029E-6
-0.149, -8.75417948985062E-6
-0.146, -8.64983710527943E-6
-0.143, -8.54931270717558E-6
-0.14, -8.44256755473186E-6
-0.137, -8.33006256207715E-6
-0.134, -8.21924910333927E-6
-0.131, -8.10356119113265E-6
-0.128, -7.98362298336653E-6
-0.125, -7.86295082157733E-6
-0.122, -7.73922828272473E-6
-0.119, -7.60697034091938E-6
-0.116, -7.48007068546479E-6
-0.113, -7.34660168567795E-6
-0.11, -7.20821879599971E-6
-0.107, -7.07105579325247E-6
-0.104, -6.92793148215422E-6
-0.101, -6.7804506955154E-6
-0.098, -6.63618219648857E-6
-0.095, -6.48140726190935E-6
-0.092, -6.32777936916299E-6
-0.089, -6.17058096760756E-6
-0.086, -6.00882370161064E-6
-0.083, -5.8481093521403E-6
-0.08, -5.6801140473651E-6
-0.077, -5.50888252463728E-6
-0.0740000000000001, -5.3417053231977E-6
-0.0710000000000001, -5.16777061761949E-6
-0.0680000000000001, -4.98975773116162E-6
-0.0650000000000001, -4.81010504302226E-6
-0.0620000000000001, -4.62796901207182E-6
-0.0590000000000001, -4.44205295288655E-6
-0.0560000000000001, -4.2546665346328E-6
-0.053, -4.06541842292257E-6
-0.0500000000000001, -3.87278829287277E-6
-0.0470000000000001, -3.6796657974359E-6
-0.044, -3.48089093960561E-6
-0.041, -3.27964683556761E-6
-0.038, -3.07792724026708E-6
-0.035, -2.87027747485756E-6
-0.032, -2.66559931294722E-6
-0.029, -2.45215272491544E-6
-0.026, -2.2363234465321E-6
-0.023, -2.01865747693862E-6
-0.02, -1.79680065976349E-6
-0.017, -1.57116841831529E-6
-0.014, -1.34380684454922E-6
-0.0110000000000001, -1.11349376791878E-6
-0.00800000000000007, -8.75301590096797E-7
-0.00500000000000007, -6.32417850193668E-7
-0.00200000000000006, -3.85544083485618E-7
0.000999999999999938, -1.31408456066896E-7
0.00399999999999994, 1.22522524088038E-7
0.00699999999999994, 3.78540477324636E-7
0.00999999999999995, 6.31607471100423E-7
0.0129999999999999, 8.81396899923606E-7
0.016, 1.12735710762821E-6
0.019, 1.36882384326617E-6
0.022, 1.60508929520699E-6
0.025, 1.83836896425199E-6
0.028, 2.06822789201656E-6
0.031, 2.29551757281796E-6
0.034, 2.5162886484807E-6
0.037, 2.73564585146855E-6
0.04, 2.95131682594703E-6
0.043, 3.16162855245025E-6
0.046, 3.37012115896239E-6
0.049, 3.5751630748698E-6
0.0519999999999999, 3.77712754777196E-6
0.0549999999999999, 3.97926649822075E-6
0.0579999999999999, 4.17308644415823E-6
0.0609999999999999, 4.3661856929134E-6
0.0639999999999999, 4.55633691288787E-6
0.0669999999999999, 4.74514862022932E-6
0.0699999999999999, 4.92761794821345E-6
0.0729999999999999, 5.11019318422594E-6
0.076, 5.2886514624691E-6
0.079, 5.45896879941298E-6
0.082, 5.63418082299999E-6
0.085, 5.7995136292992E-6
0.088, 5.96849632677998E-6
0.091, 6.13314002974229E-6
0.094, 6.28977186963215E-6
0.097, 6.44807079492841E-6
0.1, 6.60203125465043E-6
0.103, 6.75345733663808E-6
0.106, 6.90075385096111E-6
0.109, 7.04487320172825E-6
0.112, 7.18595867494188E-6
0.115, 7.32459737916127E-6
0.118, 7.46055273485159E-6
0.121, 7.59082508494105E-6
0.124, 7.7210092945555E-6
0.127, 7.84846206074651E-6
0.13, 7.97402419110761E-6
0.133, 8.09175123155836E-6
0.136, 8.20762099698911E-6
0.139, 8.32521415137376E-6
0.142, 8.43327258631508E-6
0.145, 8.54414063121407E-6
0.148, 8.65070072558185E-6
0.151, 8.75008483124928E-6
0.154, 8.8525927815458E-6
0.157, 8.94835913874185E-6
0.16, 9.04294524150749E-6
0.163, 9.13430285071011E-6
0.166, 9.22185144620163E-6
0.169, 9.30677931480707E-6
0.172, 9.39125406283761E-6
0.175, 9.46965581913988E-6
0.178, 9.54878226509199E-6
0.181, 9.62479768344291E-6
0.184, 9.70168581924996E-6
0.187, 9.76924825062653E-6
0.19, 9.8380191386403E-6
0.193, 9.90452432046966E-6
0.196, 9.96914690184973E-6
0.199, 1.00310559517158E-5
0.202, 1.00897974046879E-5
0.205, 1.01507116444905E-5
0.208, 1.02063111565112E-5
0.211, 1.02600604020556E-5
0.214, 1.03129715192942E-5
0.217, 1.03629777810345E-5
0.22, 1.04112910633097E-5
0.223, 1.04601946285434E-5
0.226, 1.05067890057203E-5
0.229, 1.05520867727213E-5
0.232, 1.05927221987755E-5
0.235, 1.06321205103669E-5
0.238, 1.06765618501174E-5
0.241, 1.07170418229555E-5
0.244, 1.07514319784162E-5
0.247, 1.07889123099733E-5
0.25, 1.08240489000927E-5
0.253, 1.08571902847029E-5
0.256, 1.08910654557042E-5
0.259, 1.09222796482971E-5
0.262, 1.09559561691928E-5
0.265, 1.09852287902508E-5
0.268, 1.10163564994752E-5
0.271, 1.10436166025967E-5
0.274, 1.10723011611252E-5
0.277, 1.11013113801114E-5
0.28, 1.1126535523549E-5
0.283, 1.11541751361252E-5
0.286, 1.11796642591214E-5
0.289, 1.12045731380205E-5
0.292, 1.12293630302453E-5
0.295, 1.1255064102841E-5
0.298, 1.12745439640153E-5
0.301, 1.12984577807452E-5
0.304, 1.13217786231034E-5
0.307, 1.13444199569262E-5
0.31, 1.13648925354011E-5
0.313, 1.13833175546393E-5
0.316, 1.14066875397031E-5
0.319, 1.14266226077933E-5
0.322, 1.14457707653335E-5
0.325, 1.14643522182219E-5
0.328, 1.1484582583962E-5
0.331, 1.1503498883215E-5
0.334, 1.15219857447963E-5
0.337, 1.15396089083999E-5
0.34, 1.15577859287501E-5
0.343, 1.15750687663228E-5
0.346, 1.15935540627271E-5
0.349, 1.16093358634151E-5
0.352, 1.16275030819785E-5
0.355, 1.16421526192533E-5
0.358, 1.16593414680957E-5
0.361, 1.16743276295623E-5
0.364, 1.16895020102767E-5
0.367, 1.17067536057192E-5
0.37, 1.17240900127946E-5

0.439351826309595, 1.20351432899658E-5

-0.431, -1.19450436445574E-5
-0.428, -1.19339134948745E-5
-0.425, -1.19253715708181E-5
-0.422, -1.19106232952316E-5
-0.419, -1.18987896199268E-5
-0.416, -1.18853566619981E-5
-0.413, -1.18725371046656E-5
-0.41, -1.18602685695184E-5
-0.407, -1.18481712680798E-5
-0.404, -1.18371301593523E-5
-0.401, -1.18218359342978E-5
-0.398, -1.18089985625286E-5
-0.395, -1.17953233942942E-5
-0.392, -1.17833676791849E-5
-0.389, -1.17732041729574E-5
-0.386, -1.17564915108201E-5
-0.383, -1.17406706778317E-5
-0.38, -1.17285739585287E-5
-0.377, -1.17127590973921E-5
-0.374, -1.16988187155389E-5
-0.371, -1.16847476869352E-5
-0.368, -1.16700278504673E-5
-0.365, -1.1655067516173E-5
-0.362, -1.1636407223355E-5
-0.359, -1.16225021898723E-5
-0.356, -1.16081785724945E-5
-0.353, -1.15922245474499E-5
-0.35, -1.1578313990106E-5
-0.347, -1.15600187951711E-5
-0.344, -1.15443539162197E-5
-0.341, -1.15276548629447E-5
-0.338, -1.15082066680107E-5
-0.335, -1.14915391339973E-5
-0.332, -1.14719530866361E-5
-0.329, -1.14566249090854E-5
-0.326, -1.14367475830003E-5
-0.323, -1.14194756930527E-5
-0.32, -1.13991943513379E-5
-0.317, -1.13796882579287E-5
-0.314, -1.1362625203048E-5
-0.311, -1.13419817461765E-5
-0.308, -1.13218769071521E-5
-0.305, -1.12975537806232E-5
-0.302, -1.1276489681951E-5
-0.299, -1.12558206888204E-5
-0.296, -1.12334796179189E-5
-0.293, -1.12111526083863E-5
-0.29, -1.11893516437904E-5
-0.287, -1.11629284259571E-5
-0.284, -1.11406436554699E-5
-0.281, -1.1112632405623E-5
-0.278, -1.1088056965971E-5
-0.275, -1.10629993964941E-5
-0.272, -1.10358158079439E-5
-0.269, -1.10083786591766E-5
-0.266, -1.0981365100294E-5
-0.263, -1.09489724696645E-5
-0.26, -1.09194398384389E-5
-0.257, -1.0889595666266E-5
-0.254, -1.08585875211255E-5
-0.251, -1.08250714945163E-5
-0.248, -1.07915199941619E-5
-0.245, -1.07576263959236E-5
-0.242, -1.07224644531499E-5
-0.239, -1.06858786039725E-5
-0.236, -1.06472857115782E-5
-0.233, -1.06084540384061E-5
-0.23, -1.05658111549669E-5
-0.227, -1.05233085056171E-5
-0.224, -1.04824722846766E-5
-0.221, -1.04368145965248E-5
-0.218, -1.0390144864082E-5
-0.215, -1.03412161769226E-5
-0.212, -1.02909328679281E-5
-0.209, -1.02393248303011E-5
-0.206, -1.01849558863124E-5
-0.203, -1.01325726333462E-5
-0.2, -1.00727430719759E-5
-0.197, -1.00145441287056E-5
-0.194, -9.9530731077368E-6
-0.191, -9.8900831844579E-6
-0.188, -9.82350756588753E-6
-0.185, -9.75644945185006E-6
-0.182, -9.68938910331946E-6
-0.179, -9.61474717196347E-6
-0.176, -9.54010001800329E-6
-0.173, -9.46485954996823E-6
-0.17, -9.38390022508374E-6
-0.167, -9.30259031654977E-6
-0.164, -9.22106042770679E-6
-0.161, -9.13067911302861E-6
-0.158, -9.04184698373024E-6
-0.155, -8.94891256272292E-6
-0.152, -8.85236853267019E-6
-0.149, -8.75356012636858E-6
-0.146, -8.65279646120714E-6
-0.143, -8.54945450270524E-6
-0.14, -8.44458071610487E-6
-0.137, -8.33191492634884E-6
-0.134, -8.21561463773503E-6
-0.131, -8.10272530846036E-6
-0.128, -7.9817423706667E-6
-0.125, -7.86472635672511E-6
-0.122, -7.73809267543112E-6
-0.119, -7.61179630730139E-6
-0.116, -7.47871285281583E-6
-0.113, -7.3454818763295E-6
-0.11, -7.20945250092348E-6
-0.107, -7.06851685113626E-6
-0.104, -6.92596410734533E-6
-0.101, -6.78067476944714E-6
-0.098, -6.62914083413133E-6
-0.095, -6.48125389976684E-6
-0.092, -6.32770022606537E-6
-0.089, -6.1688303458726E-6
-0.086, -6.00978451453437E-6
-0.083, -5.84419680927498E-6
-0.08, -5.68051641249633E-6
-0.0770000000000001, -5.51047531927937E-6
-0.0740000000000001, -5.34003894154154E-6
-0.0710000000000001, -5.16585724349765E-6
-0.0680000000000001, -4.993708266146E-6
-0.0650000000000001, -4.8110241595909E-6
-0.0620000000000001, -4.63027734135678E-6
-0.0590000000000001, -4.44418815745867E-6
-0.0560000000000001, -4.25539778447661E-6
-0.053, -4.06577168288172E-6
-0.0500000000000001, -3.87425827707218E-6
-0.0470000000000001, -3.67877498308575E-6
-0.044, -3.48197371705543E-6
-0.041, -3.27964034621382E-6
-0.038, -3.07776504130654E-6
-0.035, -2.87243422955331E-6
-0.032, -2.66523390728685E-6
-0.029, -2.45162195708872E-6
-0.026, -2.23967491413489E-6
-0.023, -2.02043777732085E-6
-0.02, -1.79835645707528E-6
-0.017, -1.57294310909674E-6
-0.0140000000000001, -1.34223013237779E-6
-0.0110000000000001, -1.10854224802009E-6
-0.00800000000000007, -8.75298731795134E-7
-0.00500000000000007, -6.33578490524371E-7
-0.00200000000000006, -3.85153557518923E-7
0.00099999999999994, -1.32036739508871E-7
0.00399999999999994, 1.24953126234684E-7
0.00699999999999994, 3.81702811693021E-7
0.00999999999999995, 6.31149797708698E-7
0.013, 8.82019696765485E-7
0.016, 1.12568318451573E-6
0.019, 1.37046826812253E-6
0.022, 1.60505824044842E-6
0.025, 1.84036650014273E-6
0.028, 2.06855364392638E-6
0.031, 2.2941618811777E-6
0.034, 2.51707262062665E-6
0.037, 2.73548237841845E-6
0.04, 2.95204314241766E-6
0.043, 3.16088320346486E-6
0.046, 3.36801544454483E-6
0.0489999999999999, 3.57599927308754E-6
0.0519999999999999, 3.78045818918123E-6
0.0549999999999999, 3.97701048170363E-6
0.0579999999999999, 4.17408661817122E-6
0.0609999999999999, 4.36673683559433E-6
0.0639999999999999, 4.55634228283049E-6
0.0669999999999999, 4.74161221875853E-6
0.0699999999999999, 4.92530861382873E-6
0.0729999999999999, 5.10707527117985E-6
0.076, 5.28579935149227E-6
0.079, 5.45901426660873E-6
0.082, 5.63162628431188E-6
0.085, 5.80184894946246E-6
0.088, 5.96847204345035E-6
0.091, 6.13119737494783E-6
0.094, 6.28971563348126E-6
0.097, 6.44715286232216E-6
0.1, 6.59940392332031E-6
0.103, 6.75259380836757E-6
0.106, 6.9004425263149E-6
0.109, 7.04313068417937E-6
0.112, 7.18626680475391E-6
0.115, 7.32598909163214E-6
0.118, 7.46056148114268E-6
0.121, 7.59169122018957E-6
0.124, 7.7215442347183E-6
0.127, 7.84690529659266E-6
0.13, 7.97242257316908E-6
0.133, 8.09164704056132E-6
0.136, 8.21027733561129E-6
0.139, 8.32061065237147E-6
0.142, 8.43384457354713E-6
0.145, 8.54419606858864E-6
0.148, 8.64808181524975E-6
0.151, 8.7511462908194E-6
0.154, 8.84990717217479E-6
0.157, 8.94827641119255E-6
0.16, 9.04015541077305E-6
0.163, 9.13398193983758E-6
0.166, 9.22312075147805E-6
0.169, 9.30718311461215E-6
0.172, 9.39075833409712E-6
0.175, 9.46986499495688E-6
0.178, 9.55026781112132E-6
0.181, 9.62612719901444E-6
0.184, 9.69981541569439E-6
0.187, 9.77139160771427E-6
0.19, 9.83929613629284E-6
0.193, 9.90146746366519E-6
0.196, 9.96841771064799E-6
0.199, 1.00312622681549E-5
0.202, 1.00908210555933E-5
0.205, 1.0152309277231E-5
0.208, 1.02047317732311E-5
0.211, 1.02601092646644E-5
0.214, 1.03126373741781E-5
0.217, 1.03629115962229E-5
0.22, 1.04124543833018E-5
0.223, 1.0459298640839E-5
0.226, 1.05074785080896E-5
0.229, 1.05491320497083E-5
0.232, 1.05929280595968E-5
0.235, 1.06332696234151E-5
0.238, 1.06755686278405E-5
0.241, 1.07143154672452E-5
0.244, 1.0750834734258E-5
0.247, 1.0786909269815E-5
0.25, 1.08257508428965E-5
0.253, 1.08575032160378E-5
0.256, 1.08907106944559E-5
0.259, 1.09241880345842E-5
0.262, 1.09523540213794E-5
0.265, 1.09865008052701E-5
0.268, 1.10142132629806E-5
0.271, 1.10446517233098E-5
0.274, 1.10713867782879E-5
0.277, 1.11016942760424E-5
0.28, 1.11272635390394E-5
0.283, 1.11533094490517E-5
0.286, 1.11793256760696E-5
0.289, 1.12046687069509E-5
0.292, 1.12273173167358E-5
0.295, 1.12527609503016E-5
0.298, 1.12759135485824E-5
0.301, 1.1297385145965E-5
0.304, 1.13196412838035E-5
0.307, 1.13410215508528E-5
0.31, 1.13631706225331E-5
0.313, 1.1383132697462E-5
0.316, 1.14050851128093E-5
0.319, 1.14270192591049E-5
0.322, 1.14455248363775E-5
0.325, 1.14639200803251E-5
0.328, 1.14832230618189E-5
0.331, 1.15027078204256E-5
0.334, 1.15198438091918E-5
0.337, 1.15415002593286E-5
0.34, 1.15546018498249E-5
0.343, 1.15762151922549E-5
0.346, 1.15909350640603E-5
0.349, 1.16104014135944E-5
0.352, 1.16263480662208E-5
0.355, 1.16417041757936E-5
0.358, 1.16576311412296E-5
0.361, 1.16752080096614E-5
0.364, 1.16901536811411E-5
0.367, 1.17054452154103E-5

0.439349800250665, 1.20361706564145E-5

-0.434, -1.1957163075378E-5
-0.431, -1.19445898848992E-5
-0.428, -1.19350731621432E-5
-0.425, -1.19213637399305E-5
-0.422, -1.19102732119494E-5
-0.419, -1.1899813560329E-5
-0.416, -1.18848862169526E-5
-0.413, -1.18732552330065E-5
-0.41, -1.18617900153784E-5
-0.407, -1.1850101451508E-5
-0.404, -1.18377891382351E-5
-0.401, -1.18224932414772E-5
-0.398, -1.18087276368069E-5
-0.395, -1.17925659942127E-5
-0.392, -1.17821833145794E-5
-0.389, -1.1769821060389E-5
-0.386, -1.17602589154403E-5
-0.383, -1.17427869905325E-5
-0.38, -1.17277472992384E-5
-0.377, -1.17150704254151E-5
-0.374, -1.17003932339959E-5
-0.371, -1.16852518477247E-5
-0.368, -1.1670767792101E-5
-0.365, -1.16560115936058E-5
-0.362, -1.16379598739273E-5
-0.359, -1.16238676197138E-5
-0.356, -1.16096498777055E-5
-0.353, -1.15924917830253E-5
-0.35, -1.15784964390719E-5
-0.347, -1.15602073282676E-5
-0.344, -1.15437090125731E-5
-0.341, -1.15290803467413E-5
-0.338, -1.15096051465659E-5
-0.335, -1.14920733883213E-5
-0.332, -1.14760055376471E-5
-0.329, -1.14593388857147E-5
-0.326, -1.1438112381249E-5
-0.323, -1.14183288935686E-5
-0.32, -1.13982648469553E-5
-0.317, -1.13797832850144E-5
-0.314, -1.13601959063442E-5
-0.311, -1.13426021415806E-5
-0.308, -1.13193389668272E-5
-0.305, -1.13003940221345E-5
-0.302, -1.12769689539795E-5
-0.299, -1.12553816276596E-5
-0.296, -1.12322936854269E-5
-0.293, -1.12100814489753E-5
-0.29, -1.11869804758669E-5
-0.287, -1.1164250720303E-5
-0.284, -1.11375427996139E-5
-0.281, -1.11140474178599E-5
-0.278, -1.10886396876452E-5
-0.275, -1.10606584307667E-5
-0.272, -1.10363436989507E-5
-0.269, -1.1008484424265E-5
-0.266, -1.09795787282501E-5
-0.263, -1.09513885242594E-5
-0.26, -1.09234729884112E-5
-0.257, -1.08914120209163E-5
-0.254, -1.08598249235689E-5
-0.251, -1.08274320429514E-5
-0.248, -1.07936017307853E-5
-0.245, -1.07568367410473E-5
-0.242, -1.07198562016692E-5
-0.239, -1.06849590560923E-5
-0.236, -1.0647615488928E-5
-0.233, -1.06076272426764E-5
-0.23, -1.05669778478113E-5
-0.227, -1.05248789666884E-5
-0.224, -1.04809608129067E-5
-0.221, -1.04359039668832E-5
-0.218, -1.03907965210325E-5
-0.215, -1.03415750631013E-5
-0.212, -1.02900439364529E-5
-0.209, -1.02401487965915E-5
-0.206, -1.01841575365969E-5
-0.203, -1.01276520046621E-5
-0.2, -1.00737512866607E-5
-0.197, -1.00160968092483E-5
-0.194, -9.9547729969666E-6
-0.191, -9.88786482832392E-6
-0.188, -9.82568187256821E-6
-0.185, -9.75577886115032E-6
-0.182, -9.68760840949204E-6
-0.179, -9.61493817658833E-6
-0.176, -9.53880542920966E-6
-0.173, -9.46189455438425E-6
-0.17, -9.38623053181798E-6
-0.167, -9.30404979204309E-6
-0.164, -9.21598480601637E-6
-0.161, -9.13192668891671E-6
-0.158, -9.04108834412778E-6
-0.155, -8.94923109534656E-6
-0.152, -8.85423842074352E-6
-0.149, -8.75339792044711E-6
-0.146, -8.65450189168921E-6
-0.143, -8.5495306428393E-6
-0.14, -8.43983061308523E-6
-0.137, -8.33349847624997E-6
-0.134, -8.22052359222624E-6
-0.131, -8.10299687080033E-6
-0.128, -7.98519228679782E-6
-0.125, -7.86464247428997E-6
-0.122, -7.73714131625028E-6
-0.119, -7.60800510530252E-6
-0.116, -7.47792751120194E-6
-0.113, -7.3446219456974E-6
-0.11, -7.20928252653745E-6
-0.107, -7.0710776269935E-6
-0.104, -6.92794333663537E-6
-0.101, -6.77812592057396E-6
-0.098, -6.63428565609703E-6
-0.095, -6.48010887825737E-6
-0.092, -6.32702496975686E-6
-0.089, -6.16891353783711E-6
-0.086, -6.0099115096894E-6
-0.083, -5.84752737006082E-6
-0.0800000000000001, -5.6819383487677E-6
-0.0770000000000001, -5.51192647665286E-6
-0.0740000000000001, -5.34007545859848E-6
-0.0710000000000001, -5.16745443416975E-6
-0.0680000000000001, -4.99189881686227E-6
-0.0650000000000001, -4.81217159096173E-6
-0.0620000000000001, -4.62687110554714E-6
-0.0590000000000001, -4.44430110436523E-6
-0.0560000000000001, -4.25462345795855E-6
-0.053, -4.06725948135148E-6
-0.0500000000000001, -3.87639601018463E-6
-0.047, -3.6804826217292E-6
-0.044, -3.47980060736549E-6
-0.041, -3.28094481062324E-6
-0.038, -3.07677995165856E-6
-0.035, -2.87254157645984E-6
-0.032, -2.66444511218987E-6
-0.029, -2.45351237260536E-6
-0.026, -2.23903787728521E-6
-0.023, -2.01965292255198E-6
-0.02, -1.79699070865352E-6
-0.0170000000000001, -1.57142054162305E-6
-0.0140000000000001, -1.34541247567508E-6
-0.0110000000000001, -1.11122558258179E-6
-0.00800000000000007, -8.72728642884613E-7
-0.00500000000000006, -6.31138710442287E-7
-0.00200000000000006, -3.84150457912426E-7
0.000999999999999943, -1.33067049936814E-7
0.00399999999999995, 1.25492975509155E-7
0.00699999999999995, 3.76410752015976E-7
0.00999999999999995, 6.325694015488E-7
0.013, 8.81832982963555E-7
0.016, 1.1263660965479E-6
0.019, 1.36856624740286E-6
0.022, 1.60644774360741E-6
0.025, 1.83764019531108E-6
0.028, 2.06973948880805E-6
0.031, 2.29383076545792E-6
0.034, 2.51819255521272E-6
0.037, 2.73444254138293E-6
0.04, 2.94933233328243E-6
0.043, 3.16141807768278E-6
0.0459999999999999, 3.37161264151153E-6
0.0489999999999999, 3.57705863237967E-6
0.0519999999999999, 3.77920849705867E-6
0.0549999999999999, 3.9792835440606E-6
0.0579999999999999, 4.17344144802924E-6
0.0609999999999999, 4.36798878376903E-6
0.0639999999999999, 4.55542087917261E-6
0.0669999999999999, 4.7430669106092E-6
0.0699999999999999, 4.92759699303566E-6
0.0729999999999999, 5.11038800303847E-6
0.076, 5.28767370765657E-6
0.079, 5.46116376354623E-6
0.082, 5.63345265866508E-6
0.085, 5.80041047550119E-6
0.088, 5.96746779352365E-6
0.091, 6.12938605159571E-6
0.094, 6.29189753209603E-6
0.097, 6.44659735679533E-6
0.1, 6.60081728571089E-6
0.103, 6.75123870094622E-6
0.106, 6.90112654403178E-6
0.109, 7.04553713169329E-6
0.112, 7.18735331168224E-6
0.115, 7.32701322215408E-6
0.118, 7.45949112668183E-6
0.121, 7.59133700900499E-6
0.124, 7.7229482098738E-6
0.127, 7.85091053634282E-6
0.13, 7.97250214214047E-6
0.133, 8.09280223846794E-6
0.136, 8.2096561519665E-6
0.139, 8.32163801508627E-6
0.142, 8.43620093888417E-6
0.145, 8.54401022428576E-6
0.148, 8.64611283493843E-6
0.151, 8.75164779164558E-6
0.154, 8.85023998551567E-6
0.157, 8.94803180851078E-6
0.16, 9.04233410159306E-6
0.163, 9.13247327297985E-6
0.166, 9.22310937219272E-6
0.169, 9.30752867330159E-6
0.172, 9.39235360912123E-6
0.175, 9.47008475959768E-6
0.178, 9.54939440708339E-6
0.181, 9.62773409942643E-6
0.184, 9.69759490654144E-6
0.187, 9.76925290071748E-6
0.19, 9.83924117743896E-6
0.193, 9.90399484411036E-6
0.196, 9.97146257356402E-6
0.199, 1.00286941776972E-5
0.202, 1.008969038985E-5
0.205, 1.01503613497136E-5
0.208, 1.02058872498686E-5
0.211, 1.02600331223046E-5
0.214, 1.03120189634442E-5
0.217, 1.03602914684476E-5
0.22, 1.04097379435294E-5
0.223, 1.04621011487988E-5
0.226, 1.05053571909739E-5
0.229, 1.05470356148023E-5
0.232, 1.05938713933666E-5
0.235, 1.06338133914398E-5
0.238, 1.06749086283571E-5
0.241, 1.07127223405218E-5
0.244, 1.07504759090331E-5
0.247, 1.07871300644716E-5
0.25, 1.08214988896784E-5
0.253, 1.08560161873877E-5
0.256, 1.08887283369241E-5
0.259, 1.092309006958E-5
0.262, 1.09559046851478E-5
0.265, 1.0984634574636E-5
0.268, 1.10151178503179E-5
0.271, 1.10443131231698E-5
0.274, 1.10727438740789E-5
0.277, 1.11008620381202E-5
0.28, 1.11263399684943E-5
0.283, 1.11528629686433E-5
0.286, 1.11758471484313E-5
0.289, 1.12013277386914E-5
0.292, 1.12267298989827E-5
0.295, 1.1252319749128E-5
0.298, 1.12749390963795E-5
0.301, 1.12978105378056E-5
0.304, 1.13189091733469E-5
0.307, 1.13409204806894E-5
0.31, 1.13638683226497E-5
0.313, 1.13847179795372E-5
0.316, 1.14049224047501E-5
0.319, 1.14261777217955E-5
0.322, 1.14423367961682E-5
0.325, 1.14643784834451E-5
0.328, 1.14825078805745E-5
0.331, 1.15026470579072E-5
0.334, 1.15207699809679E-5
0.337, 1.15408263821257E-5
0.34, 1.15588714877004E-5
0.343, 1.15732245053956E-5
0.346, 1.15910987334786E-5
0.349, 1.16092057019065E-5
0.352, 1.16247816172973E-5
0.355, 1.1643497368761E-5
0.358, 1.16581370509372E-5
0.361, 1.16766083548457E-5
0.364, 1.16916895049827E-5

0.439353871338518, 1.20329059665399E-5

-0.437, -1.1967655231392E-5
-0.434, -1.19557604321677E-5
-0.431, -1.19453388090333E-5
-0.428, -1.19327587483413E-5
-0.425, -1.19241396342496E-5
-0.422, -1.19095638580471E-5
-0.419, -1.18987492821497E-5
-0.416, -1.18855452099266E-5
-0.413, -1.18736381847307E-5
-0.41, -1.18618134776461E-5
-0.407, -1.18499651514112E-5
-0.404, -1.18375351629455E-5
-0.401, -1.18245263853615E-5
-0.398, -1.18128144191978E-5
-0.395, -1.17955182499195E-5
-0.392, -1.17818495184719E-5
-0.389, -1.17697815326807E-5
-0.386, -1.17581022098492E-5
-0.383, -1.17429587422832E-5
-0.38, -1.17300201500816E-5
-0.377, -1.17144391952315E-5
-0.374, -1.16988592906878E-5
-0.371, -1.16878850876985E-5
-0.368, -1.16712160947651E-5
-0.365, -1.16570729637174E-5
-0.362, -1.16424730019528E-5
-0.359, -1.1625341070048E-5
-0.356, -1.16104828926163E-5
-0.353, -1.15939285032468E-5
-0.35, -1.15780099157948E-5
-0.347, -1.1562602048221E-5
-0.344, -1.1545861339303E-5
-0.341, -1.15281553383652E-5
-0.338, -1.15096154261152E-5
-0.335, -1.14954597743029E-5
-0.332, -1.14748010261175E-5
-0.329, -1.1456565790226E-5
-0.326, -1.14393432172454E-5
-0.323, -1.1419720939414E-5
-0.32, -1.14016189540009E-5
-0.317, -1.13814388113338E-5
-0.314, -1.13620471716517E-5
-0.311, -1.13427848361698E-5
-0.308, -1.13219736230703E-5
-0.305, -1.13007743381097E-5
-0.302, -1.12789224775876E-5
-0.299, -1.12543854039914E-5
-0.296, -1.12343559930928E-5
-0.293, -1.12126518283174E-5
-0.29, -1.11876338625348E-5
-0.287, -1.11663260611828E-5
-0.284, -1.11385775050626E-5
-0.281, -1.11152715544839E-5
-0.278, -1.10866520158191E-5
-0.275, -1.1065032266368E-5
-0.272, -1.10370339784832E-5
-0.269, -1.10081254198464E-5
-0.266, -1.09789703087542E-5
-0.263, -1.0950741579535E-5
-0.26, -1.09233414133893E-5
-0.257, -1.08893574122417E-5
-0.254, -1.08591134928249E-5
-0.251, -1.08277818843505E-5
-0.248, -1.07919371025932E-5
-0.245, -1.07571081621818E-5
-0.242, -1.07224792848831E-5
-0.239, -1.06848261847558E-5
-0.236, -1.06489513185424E-5
-0.233, -1.06071512512349E-5
-0.23, -1.05670368171692E-5
-0.227, -1.0524719701468E-5
-0.224, -1.04808574589867E-5
-0.221, -1.04355943578581E-5
-0.218, -1.03949978457434E-5
-0.215, -1.03421779232356E-5
-0.212, -1.02900271313592E-5
-0.209, -1.0242977825822E-5
-0.206, -1.01872651320555E-5
-0.203, -1.013232883266E-5
-0.2, -1.00763428698924E-5
-0.197, -1.00162924137074E-5
-0.194, -9.95382014513576E-6
-0.191, -9.89019638015999E-6
-0.188, -9.82457782332115E-6
-0.185, -9.75739750180935E-6
-0.182, -9.68741053660831E-6
-0.179, -9.61347604697027E-6
-0.176, -9.53953143108728E-6
-0.173, -9.46523635755672E-6
-0.17, -9.38356951141242E-6
-0.167, -9.30277010632399E-6
-0.164, -9.21770386069556E-6
-0.161, -9.13211370374163E-6
-0.158, -9.04355215347644E-6
-0.155, -8.9481979025635E-6
-0.152, -8.85199896900543E-6
-0.149, -8.75314076739654E-6
-0.146, -8.65047501229437E-6
-0.143, -8.55041437129889E-6
-0.14, -8.44131890964072E-6
-0.137, -8.33324079334086E-6
-0.134, -8.21889545279149E-6
-0.131, -8.10460875458275E-6
-0.128, -7.98627655649565E-6
-0.125, -7.86376448501845E-6
-0.122, -7.7415714747901E-6
-0.119, -7.6109374313328E-6
-0.116, -7.47872307154186E-6
-0.113, -7.34640224017646E-6
-0.11, -7.20939409705882E-6
-0.107, -7.07163588365886E-6
-0.104, -6.92506195446271E-6
-0.101, -6.78200105626151E-6
-0.098, -6.63175743332215E-6
-0.095, -6.48118585910293E-6
-0.092, -6.3266904788891E-6
-0.089, -6.16930205865956E-6
-0.086, -6.01177775139956E-6
-0.0830000000000001, -5.84884000843317E-6
-0.0800000000000001, -5.68076685009363E-6
-0.0770000000000001, -5.51172699328734E-6
-0.0740000000000001, -5.33732553652325E-6
-0.0710000000000001, -5.16894291229775E-6
-0.0680000000000001, -4.99072979668211E-6
-0.0650000000000001, -4.81291002148413E-6
-0.0620000000000001, -4.62794820260661E-6
-0.0590000000000001, -4.44485422780807E-6
-0.0560000000000001, -4.25497471453698E-6
-0.053, -4.06663193604285E-6
-0.0500000000000001, -3.8743905736883E-6
-0.047, -3.68149875592283E-6
-0.044, -3.48176271836892E-6
-0.041, -3.28089499751551E-6
-0.038, -3.07978512129623E-6
-0.035, -2.87194522526423E-6
-0.032, -2.66330158478867E-6
-0.029, -2.45198469795164E-6
-0.026, -2.23801080906066E-6
-0.023, -2.02077611875379E-6
-0.0200000000000001, -1.79782531667176E-6
-0.0170000000000001, -1.57333284428481E-6
-0.0140000000000001, -1.34369660546895E-6
-0.0110000000000001, -1.11337707892827E-6
-0.00800000000000006, -8.75703917531685E-7
-0.00500000000000006, -6.32780135977022E-7
-0.00200000000000006, -3.8466739804417E-7
0.000999999999999945, -1.32632738963193E-7
0.00399999999999995, 1.25777723140805E-7
0.00699999999999995, 3.80575171089535E-7
0.00999999999999995, 6.30591344854806E-7
0.013, 8.80697227827064E-7
0.016, 1.12724900556206E-6
0.019, 1.36734773904547E-6
0.022, 1.60631688935025E-6
0.025, 1.84122016952794E-6
0.028, 2.06833613210888E-6
0.031, 2.29463206378119E-6
0.034, 2.51563079806094E-6
0.037, 2.73381442990954E-6
0.04, 2.95080624140382E-6
0.0429999999999999, 3.16179869775064E-6
0.0459999999999999, 3.36991443689802E-6
0.0489999999999999, 3.57633820535403E-6
0.0519999999999999, 3.77980602384595E-6
0.0549999999999999, 3.97712474749307E-6
0.0579999999999999, 4.17468504366353E-6
0.0609999999999999, 4.3654786690771E-6
0.0639999999999999, 4.55592335892295E-6
0.0669999999999999, 4.74299363906616E-6
0.0699999999999999, 4.92776164514682E-6
0.0729999999999999, 5.10934905963596E-6
0.076, 5.28456148098131E-6
0.079, 5.46033596208686E-6
0.082, 5.63195761072671E-6
0.085, 5.80088220873888E-6
0.088, 5.96980940800053E-6
0.091, 6.13113374951697E-6
0.094, 6.29202005438371E-6
0.097, 6.44877357187674E-6
0.1, 6.60076004332806E-6
0.103, 6.75284459493543E-6
0.106, 6.89929227692774E-6
0.109, 7.0445028113933E-6
0.112, 7.18551352445858E-6
0.115, 7.32401912226822E-6
0.118, 7.45871746504278E-6
0.121, 7.59115180530103E-6
0.124, 7.72195427924462E-6
0.127, 7.84905481140865E-6
0.13, 7.97262691652907E-6
0.133, 8.09027467459468E-6
0.136, 8.20749596620709E-6
0.139, 8.32146325428567E-6
0.142, 8.43386007674934E-6
0.145, 8.54161657649601E-6
0.148, 8.64859643354878E-6
0.151, 8.74972867498943E-6
0.154, 8.84870698156385E-6
0.157, 8.94604094108391E-6
0.16, 9.04171105169792E-6
0.163, 9.13522098519096E-6
0.166, 9.22373924278194E-6
0.169, 9.30953702321273E-6
0.172, 9.38998257503524E-6
0.175, 9.47020225615294E-6
0.178, 9.54725617946355E-6
0.181, 9.62639723389621E-6
0.184, 9.69806898389818E-6
0.187, 9.7691395459705E-6
0.19, 9.83775946860584E-6
0.193, 9.90280020397576E-6
0.196, 9.96744689397644E-6
0.199, 1.00303030397671E-5
0.202, 1.00899130307695E-5
0.205, 1.01484222133632E-5
0.208, 1.02043245962108E-5
0.211, 1.02592011580073E-5
0.214, 1.03106142509677E-5
0.217, 1.03598535702755E-5
0.22, 1.04117685630454E-5
0.223, 1.04566329410843E-5
0.226, 1.05060374407589E-5
0.229, 1.0546597496381E-5
0.232, 1.05914990805782E-5
0.235, 1.06332930790759E-5
0.238, 1.0671077808143E-5
0.241, 1.07124871098286E-5
0.244, 1.0749430169064E-5
0.247, 1.07864383206212E-5
0.25, 1.08219003662375E-5
0.253, 1.08541417525394E-5
0.256, 1.08899481088516E-5
0.259, 1.09243828119542E-5
0.262, 1.09547477154992E-5
0.265, 1.09838225016176E-5
0.268, 1.10137347322139E-5
0.271, 1.10448915317628E-5
0.274, 1.10709780134048E-5
0.277, 1.1098850216861E-5
0.28, 1.11273983724648E-5
0.283, 1.11523837667089E-5
0.286, 1.11777945390204E-5
0.289, 1.12023827455855E-5
0.292, 1.12264884267861E-5
0.295, 1.1251981750921E-5
0.298, 1.12741481908526E-5
0.301, 1.1297190158443E-5
0.304, 1.13219240361977E-5
0.307, 1.13419354955238E-5
0.31, 1.13617350679946E-5
0.313, 1.13848434833257E-5
0.316, 1.14053519255002E-5
0.319, 1.14246955592072E-5
0.322, 1.1445085982479E-5
0.325, 1.14627082729252E-5
0.328, 1.14812468113508E-5
0.331, 1.15042850033306E-5
0.334, 1.15204960677732E-5
0.337, 1.15398509412844E-5
0.34, 1.15563511763038E-5
0.343, 1.15769751140406E-5
0.346, 1.15907573771384E-5
0.349, 1.161029806437E-5
0.352, 1.16278090075691E-5
0.355, 1.16429781699441E-5
0.358, 1.16586177979242E-5
0.361, 1.16742628162247E-5

MicroMag 2900/3900 Data File ends
