MicroMag 2900/3900 Data File (Series 0016.002)
Direct moment vs. field; First-order reversal curves
Generated by Lake Shore 8600 series VSM software version 2.2

INSTRUMENT
Configuration			VSM
Temperature Control		None
Units of measure		SiMuNaughtH
Temperature in			Celsius

SCRIPT
Averaging time			0.2
Hb1				-0.04
Hb2				0.04
Hc2				0.2
HCal				0.24
HSat				0.5
NForc				140
PauseCal			1
PauseRvrsl			1
PauseSat			0.1
SlewRate			0.4
Smoothing			0
Includes hysteresis loop?	No

	Field		Moment
	(T)		(A·m²)
0.239749805267669,4.29079443970564E-06

0.0399587720884468,1.35222021806257E-06

0.239809182925727,4.29164600932038E-06

0.0379639510677707,1.29895778614663E-06
0.0400855145988099,1.35448379961689E-06
0.042022020434204,1.40039929310172E-06

0.239814712042535,4.29163619343101E-06

0.0359658541212338,1.24733261835221E-06
0.0380741880548551,1.30011412788678E-06
0.0400125969682633,1.34767441225716E-06
0.0420035110533231,1.39531526934389E-06
0.0440094301645935,1.44338109449605E-06

0.239816752249061,4.2931487095875E-06

0.033967406302359,1.19395113318567E-06
0.0360795425786397,1.24659691744381E-06
0.0380169954385245,1.29547068770084E-06
0.0400118860480114,1.34370494152574E-06
0.0420180341846563,1.39384379259663E-06
0.0440265303938711,1.44281250723094E-06
0.0460315881642731,1.49089950023613E-06

0.239816871789432,4.29051093284285E-06

0.0319684606867574,1.1399156812491E-06
0.0340754683072247,1.19171137576895E-06
0.0360151873348778,1.24322519690989E-06
0.0380060966225211,1.29246865154396E-06
0.0400131296293031,1.33795316004797E-06
0.0420234846933847,1.39209997362411E-06
0.0440329496705773,1.44041952827695E-06
0.046040640185191,1.49063193108073E-06
0.0480474961948521,1.54017817967626E-06

0.239811696935828,4.29102648433317E-06

0.029967054530185,1.0898631313277E-06
0.0320085540220337,1.13800227592833E-06
0.0340416677732697,1.18972092695618E-06
0.0360321639308776,1.24016852146652E-06
0.0380393732110025,1.28552383488309E-06
0.0400465221992626,1.33765656283499E-06
0.0420581581671706,1.38790353854988E-06
0.0440664197695022,1.43951383639586E-06
0.0460741392221761,1.4895368824513E-06
0.0480794312899971,1.53837215344147E-06
0.0500848777320991,1.58751917258225E-06

0.239817822921403,4.29058118763579E-06

0.0279674896724708,1.03203547163288E-06
0.030076406695944,1.086294208827E-06
0.0320144883642451,1.13626646702126E-06
0.0340067527112912,1.18422304731914E-06
0.0360120644634721,1.23299642200843E-06
0.0380222252849506,1.28539087079385E-06
0.0400314870608364,1.33596555484589E-06
0.0420391806091835,1.38510243589635E-06
0.0440470602554293,1.4373304828778E-06
0.0460525669735566,1.48584706715738E-06
0.0480604282485631,1.53679063383062E-06
0.0500620430810614,1.58404715014365E-06
0.0520660934345221,1.63127145385485E-06

0.239813350465339,4.29438043136359E-06

0.0259668642625067,9.77269211746508E-07
0.0280941516476702,1.03130633837871E-06
0.0300360737811441,1.08116909320863E-06
0.0320263694324685,1.13216002716787E-06
0.034031649831474,1.180941973901E-06
0.0360415448607878,1.23275819936503E-06
0.0380501091889757,1.28150522476044E-06
0.0400581802001368,1.33510222864305E-06
0.0420658454064152,1.38493361758525E-06
0.0440704654890514,1.43660120725576E-06
0.0460765731819754,1.48278594084509E-06
0.0480806342454498,1.53080220699549E-06
0.0500839164322779,1.58291813553978E-06
0.0520883535548523,1.63080681011444E-06
0.0540897098339834,1.68179275745201E-06

0.23981192459565,4.29158007052155E-06

0.0239678788345272,9.20279645424415E-07
0.0260832656865691,9.75766747510321E-07
0.0280228388771182,1.02450823179872E-06
0.0300132932496102,1.07579553443305E-06
0.0320196571238135,1.13007675825617E-06
0.0340291149375041,1.18062154131086E-06
0.0360372396551859,1.23043482330904E-06
0.038045986855154,1.27678804926201E-06
0.0400526696933551,1.33076894808211E-06
0.0420584132574919,1.38128628036526E-06
0.0440665707060353,1.43009831542188E-06
0.0460713913261664,1.48136001432035E-06
0.0480756714068736,1.52834118369694E-06
0.0500783388671203,1.58028905822075E-06
0.0520790674818762,1.63099590460618E-06
0.0540796813329846,1.67722468231592E-06
0.0560864523537451,1.72725171467147E-06

0.239811580626785,4.29102219831125E-06

0.02196582536295,8.65338898738152E-07
0.0240900575534189,9.21235593160485E-07
0.0260275905687089,9.70408186064949E-07
0.0280198393453782,1.01917799406466E-06
0.0300235535859985,1.07186791610626E-06
0.0320308321886093,1.12257751618585E-06
0.0340402789506573,1.17473795341935E-06
0.0360523106311842,1.22726764043327E-06
0.0380577094524333,1.27856400965244E-06
0.0400654325288884,1.32737320484488E-06
0.0420671908750619,1.37825503631771E-06
0.044071676550225,1.42832511621865E-06
0.046078454368337,1.47858955822218E-06
0.048082867537549,1.5280077731523E-06
0.0500848215295841,1.5777712601178E-06
0.0520831419122997,1.62889223962512E-06
0.0540893589744088,1.67862212777539E-06
0.0560913865085522,1.72651412926217E-06
0.058096032621014,1.77601891883794E-06

0.239815737093848,4.29227936646926E-06

0.0199641828647292,8.05906045155785E-07
0.0220789133757365,8.63460223682446E-07
0.0240179698852082,9.16951474469903E-07
0.0260071623949462,9.67078565206167E-07
0.0280120457737239,1.01540515208205E-06
0.0300224980224236,1.0679032334308E-06
0.0320332735931442,1.12220719489995E-06
0.0340381437563798,1.16908618911054E-06
0.0360457959695937,1.22074731602945E-06
0.0380542004649804,1.27047650357999E-06
0.0400592622468712,1.32707980716226E-06
0.0420615784509617,1.37963811760931E-06
0.0440648656320154,1.42826584623015E-06
0.046070096057897,1.476959873316E-06
0.0480717231850586,1.5290981386284E-06
0.0500751320554915,1.57431800026468E-06
0.0520756035820287,1.62364119588707E-06
0.0540793658532172,1.67609114940572E-06
0.0560836807351249,1.72388116305262E-06
0.058087337412918,1.77398558358026E-06
0.0600884203036348,1.8202960504701E-06

0.239813563046118,4.29094241236466E-06

0.0179655131554018,7.52311547696838E-07
0.0200775432741418,8.08848657716739E-07
0.0220147289807034,8.5646026195453E-07
0.024007244683904,9.08382780012974E-07
0.0260122976242164,9.59638293402527E-07
0.0280211550273375,1.01509004704713E-06
0.0300286114367766,1.06656243164743E-06
0.0320379733776113,1.11550157872489E-06
0.0340437116830144,1.17102251565695E-06
0.0360525799728749,1.22002933617323E-06
0.0380560456996715,1.27122001973466E-06
0.0400589297220408,1.3232076111452E-06
0.0420622175325953,1.37382687132386E-06
0.0440672544418959,1.42585177435359E-06
0.0460729768293192,1.47504261282341E-06
0.0480742905750947,1.52547217157366E-06
0.0500743803148169,1.5743050747615E-06
0.0520770270994397,1.62350543689193E-06
0.0540802651381465,1.67416106081954E-06
0.0560866595107861,1.72182199926773E-06
0.0580870626060174,1.77373724907221E-06
0.0600907259123255,1.81962042505256E-06
0.0620914197874708,1.8675434177748E-06

0.239811850788274,4.29267005385234E-06

0.0159656415918895,6.93288852175821E-07
0.0180865770101894,7.48295350334784E-07
0.0200252282853681,8.0117491760696E-07
0.0220161147484886,8.51988157742913E-07
0.0240245091352578,9.05157151383691E-07
0.0260323987863734,9.5823792190885E-07
0.028043228273343,1.01202560506228E-06
0.0300489157884974,1.06284038876557E-06
0.0320571695440909,1.11423714980597E-06
0.0340601078972191,1.16746167815215E-06
0.0360653549125362,1.21906311921855E-06
0.0380725315479008,1.26969158834991E-06
0.0400767502775508,1.32273395327127E-06
0.0420767873946913,1.37227125517069E-06
0.0440812633952863,1.42041050467395E-06
0.0460829374195672,1.47444386605088E-06
0.048089921197396,1.52198885711576E-06
0.050093077977403,1.57407512069362E-06
0.0520914674302258,1.62198536025271E-06
0.054092787132071,1.6734684561613E-06
0.0560001163322646,1.72148274414773E-06
0.0580020343484654,1.76778165676168E-06
0.0600021566894114,1.81623154544486E-06
0.0620051155172117,1.86409538806732E-06
0.0640055177749463,1.91277772600246E-06

0.239811653739129,4.29228374240772E-06

0.0139665772674421,6.32758748881966E-07
0.0160843893311011,6.899496027538E-07
0.0180285725306998,7.41677170505584E-07
0.0200186922588342,7.94662794341245E-07
0.0220249318648159,8.47948319822869E-07
0.0240325232275758,9.00103388289399E-07
0.0260440552079262,9.56646342884651E-07
0.0280505059121365,1.00829681094659E-06
0.0300543414314322,1.05740814071251E-06
0.0320599890572496,1.11393013351347E-06
0.0340650875633432,1.16379734670536E-06
0.0360685650784052,1.21732853542438E-06
0.0380724701272556,1.26523553049485E-06
0.0400784821780618,1.32077236392256E-06
0.0420786327511357,1.37063145465332E-06
0.0440828513621491,1.4221109613932E-06
0.0460866690320744,1.47385629890196E-06
0.0480897482503758,1.52381953546965E-06
0.0500917911487891,1.57172188485202E-06
0.0520920753900961,1.62339106304814E-06
0.0540960523699674,1.66932465223742E-06
0.0560003562612489,1.71995189250935E-06
0.0580014972450605,1.76802280543928E-06
0.0600009730107793,1.8153080875533E-06
0.0620057762702375,1.86677503594922E-06
0.0640063167160665,1.91314799483704E-06
0.0660091488605275,1.95947714938191E-06

0.239810971302002,4.29062890334839E-06

0.0119621236911051,5.75479113662636E-07
0.0140777922569087,6.29929466758244E-07
0.0160238034398693,6.83643991563678E-07
0.0180161055286388,7.35681640263493E-07
0.0200251373321838,7.93855486145225E-07
0.0220337628672879,8.44873110331899E-07
0.0240419800311406,8.99412042462779E-07
0.0260479385861349,9.52635667896999E-07
0.0280515177937924,1.00491450648616E-06
0.0300573140704504,1.05726276064717E-06
0.0320651372670563,1.1082156674014E-06
0.0340685521051733,1.16196562307164E-06
0.0360733407043053,1.21499477400758E-06
0.0380795752941994,1.26694966202181E-06
0.0400796309878359,1.32002513496393E-06
0.042081502008757,1.36786742758804E-06
0.044083788740381,1.42182892316729E-06
0.0460873665369856,1.47071130293339E-06
0.0480943402546614,1.52355419924176E-06
0.050093757153944,1.57413956088339E-06
0.0520937199904214,1.62212142646271E-06
0.0540957555912476,1.67167485339566E-06
0.0560005617042319,1.71772588857731E-06
0.0580029387274124,1.76825345636037E-06
0.0600026310935707,1.81582201305279E-06
0.0620040802088412,1.86302329812876E-06
0.0640102655880659,1.91154404854154E-06
0.0660105894777268,1.96020664230226E-06
0.0680102133478779,2.00409690051141E-06

0.239812322833802,4.29604432202167E-06

0.00998280271737786,5.13105192959913E-07
0.012084478798244,5.70180384184159E-07
0.0140216715041265,6.25148177017512E-07
0.0160183833211561,6.75147687417604E-07
0.0180238968151967,7.29444017220098E-07
0.0200318932771614,7.87263415832449E-07
0.0220427022622039,8.38937805441583E-07
0.0240501671394244,8.96521364198951E-07
0.026056549331065,9.47013928220788E-07
0.0280597578718834,1.00011829809219E-06
0.0300658802680436,1.05566151184799E-06
0.0320693057380248,1.10710165012775E-06
0.0340714203040605,1.16137191162557E-06
0.0360743375523888,1.21011562134842E-06
0.0380792731256085,1.26545232677515E-06
0.0400805722504407,1.31561090703438E-06
0.0420828259639688,1.3646330920401E-06
0.0440846491146592,1.41630024711397E-06
0.0460915161882946,1.46995369610699E-06
0.04809368313551,1.51924228884608E-06
0.0500931911506126,1.5717491445509E-06
0.0520915516013283,1.62176096602446E-06
0.0540976538702623,1.67223108462903E-06
0.0560024425616481,1.71788908710442E-06
0.0580049304584583,1.76658051410355E-06
0.0600051555277233,1.81360345720781E-06
0.0620083314241183,1.86168677862079E-06
0.0640071954735888,1.91061013785176E-06
0.0660092938603286,1.9582082096497E-06
0.0680104781656222,2.00494320251529E-06
0.0700131832358594,2.05141044639239E-06

0.239805062282454,4.29309610840934E-06

0.00796804096933199,4.5100309746233E-07
0.0100771539730882,5.08140866854582E-07
0.0120485865262199,5.65875762648315E-07
0.0140346834776034,6.1580728677494E-07
0.0160379624555088,6.70959056350081E-07
0.0180414430465685,7.24572278929287E-07
0.0200508173697539,7.80806643692526E-07
0.0220585994476704,8.36735775508058E-07
0.0240618140460183,8.91001215231214E-07
0.0260668335459229,9.43622497231146E-07
0.0280719736314874,9.96071221890362E-07
0.0300742799216653,1.05111163357245E-06
0.0320753333830753,1.1033304228964E-06
0.0340807341414388,1.15652147980913E-06
0.0360857497232798,1.20701365793913E-06
0.0380855975631899,1.26026364765331E-06
0.0400908787676987,1.31292252975467E-06
0.0420922969129765,1.36649327800647E-06
0.0440947166959397,1.41915489506937E-06
0.0460995348926297,1.46835256719653E-06
0.0480030083337378,1.5178681542506E-06
0.0500023315840808,1.56538105260237E-06
0.0520006735415612,1.61835654584075E-06
0.0540051289219434,1.6659981672181E-06
0.0560117623240767,1.71667594808073E-06
0.0580116760827432,1.76571054906254E-06
0.0600117794560492,1.81336293045298E-06
0.0620149098855474,1.86294854001558E-06
0.0640150852555802,1.91036343682758E-06
0.0660176627731022,1.95855444828793E-06
0.0680186942716757,2.00587647629621E-06
0.0700198410486123,2.05141314388871E-06
0.0720212561258061,2.09538744409419E-06

0.239810390474111,4.29217456873738E-06

0.00596689295644795,3.91991139475259E-07
0.00804642832302229,4.45658870212659E-07
0.0100081873967299,5.00844607635504E-07
0.0120181748563602,5.55760348156267E-07
0.0140214675440112,6.12610109238745E-07
0.0160264724080323,6.66541550213202E-07
0.0180316855983078,7.23098314490982E-07
0.0200369973330198,7.7665781193523E-07
0.0220461850501179,8.33679883087929E-07
0.0240490386930567,8.83812413775096E-07
0.0260519238461551,9.39613485699555E-07
0.028057056592823,9.92079485574761E-07
0.0300580779292293,1.04785278827326E-06
0.0320636075764334,1.10283201549377E-06
0.0340670427888156,1.15238170714362E-06
0.0360702791389558,1.20864449302777E-06
0.03807028375223,1.25997648793092E-06
0.040075182411723,1.30998602777218E-06
0.0420774879828794,1.3651706281254E-06
0.0440793396547041,1.41518655578779E-06
0.0460838311212147,1.46698370021191E-06
0.048085654120492,1.5187633483752E-06
0.0500863588557551,1.56800212734899E-06
0.0520863325522572,1.61657933785827E-06
0.0540877261275828,1.67054444508536E-06
0.056092150041116,1.71667406732635E-06
0.0580946910946171,1.76882520569061E-06
0.0600948310067008,1.81628495587191E-06
0.0620990388705759,1.86382033335964E-06
0.0640005310085979,1.90874198677821E-06
0.066000081318042,1.95544190469865E-06
0.0680026533210947,2.0034939576335E-06
0.0700029954262791,2.0493056199893E-06
0.0720031401003779,2.09810420502957E-06
0.0740052496003888,2.14322171915981E-06

0.239810897598328,4.29044473928047E-06

0.00396646446964011,3.24331609616417E-07
0.00608774674028159,3.83421315441748E-07
0.00809777764649361,4.40449517778781E-07
0.0100232284903338,4.96194167071966E-07
0.0120376114900699,5.50797582477625E-07
0.0140452860779879,6.05572671044652E-07
0.0160509068768961,6.63466333229187E-07
0.0180546663047114,7.1609403676896E-07
0.0200587585479982,7.73685290883874E-07
0.0220635044578073,8.23770113351478E-07
0.0240667178984653,8.83403300993569E-07
0.0260703863877694,9.36535087917802E-07
0.0280749994559157,9.90978464988215E-07
0.0300783747913047,1.04554259248399E-06
0.032081631908595,1.09765438486726E-06
0.0340828780915118,1.151140390523E-06
0.0360846430240159,1.20439685797486E-06
0.038088087115854,1.25656571739131E-06
0.0400914606566883,1.31044439983365E-06
0.0420934766650439,1.35998944204888E-06
0.0440952458547215,1.41440905492606E-06
0.0460976735655389,1.466477807257E-06
0.0480002349339041,1.51293856215686E-06
0.0500004384536707,1.56516303495568E-06
0.0520029767308435,1.6139089214082E-06
0.0540057974315886,1.66277379742043E-06
0.0560100543346822,1.71713408036475E-06
0.0580120255578122,1.76307453318355E-06
0.0600104733382281,1.81267277602056E-06
0.0620150093614205,1.8594535064348E-06
0.0640158087987051,1.90793323242444E-06
0.0660175181623784,1.95953014769147E-06
0.0680181178540325,2.00195357484146E-06
0.0700197626296865,2.05162623111157E-06
0.0720177384267795,2.0962613954353E-06
0.0740200300576034,2.14296507486449E-06
0.0760203893386281,2.18586788457504E-06

0.239808933296119,4.29143059925347E-06

0.00196425207385227,2.59046186540286E-07
0.00401813539738575,3.17872510885923E-07
0.00605896383384396,3.7580919064365E-07
0.00803061086533089,4.2975803796239E-07
0.0100756980835742,4.88305395294064E-07
0.0120874886674592,5.4524004134047E-07
0.0140938112311438,6.01366105373151E-07
0.0160988205617041,6.57772546048945E-07
0.018099133719011,7.1404611629857E-07
0.0200027087454398,7.67503045191931E-07
0.0220072989913943,8.22454975248337E-07
0.0240112192758366,8.74068056760648E-07
0.0260126030541132,9.32729512566699E-07
0.0280156325596544,9.86021744323885E-07
0.0300204575321593,1.0418261656396E-06
0.0320210244082047,1.09460342287096E-06
0.0340236227277088,1.15051540310575E-06
0.0360283971691055,1.19959580907361E-06
0.0380311768987692,1.25287722087336E-06
0.0400332970533873,1.30506777265601E-06
0.042033845407529,1.35963433913803E-06
0.0440398104695838,1.40989834654494E-06
0.0460380310552347,1.46381062030947E-06
0.0480414222912939,1.5141347294329E-06
0.0500397213548529,1.56660251639941E-06
0.0520425248068272,1.61540594944001E-06
0.0540438999002629,1.66339584007087E-06
0.0560504970444776,1.71541840527045E-06
0.058049598737078,1.76134157163369E-06
0.0600527270722205,1.80946052997023E-06
0.0620549887542924,1.85972572877134E-06
0.0640569007876399,1.9064361819135E-06
0.0660560725255184,1.95414927195713E-06
0.0680577108611949,2.00362277057563E-06
0.0700571325868105,2.04852885344602E-06
0.0720588420440512,2.09622356304947E-06
0.0740605087549108,2.14141398451069E-06
0.0760638635659191,2.18282122733327E-06
0.0780645169991813,2.23152749805517E-06

0.239810271505866,4.28863169206222E-06

-3.34866181021494E-05,1.95610618394291E-07
0.00206556200326126,2.53358438754573E-07
0.00401203773404523,3.06211117233612E-07
0.00600461161703435,3.65870512738348E-07
0.00809486835811504,4.23458331291981E-07
0.010041818602458,4.78161207507981E-07
0.0120468079378043,5.38297126039851E-07
0.0140541239574191,5.97589123482996E-07
0.0160576879847928,6.53348682063111E-07
0.0180599311854889,7.09082277241185E-07
0.0200639332054579,7.63444950466959E-07
0.0220677503406853,8.19264537706408E-07
0.0240687983730873,8.75390463117751E-07
0.0260726739114667,9.29561198241083E-07
0.0280736722446839,9.86598229258766E-07
0.030073728315525,1.04074783399429E-06
0.0320781790709067,1.09581574140619E-06
0.0340833979612174,1.14842611353213E-06
0.0360843645888337,1.1995438110856E-06
0.0380865715018096,1.25556424191186E-06
0.0400884186045508,1.3068196541453E-06
0.0420910839669362,1.35928403177619E-06
0.0440932169358774,1.41177842654665E-06
0.0460972208461251,1.46408546521187E-06
0.0480970689327044,1.51620134130485E-06
0.0500972180777565,1.56338471050945E-06
0.0520974742600644,1.61196219826141E-06
0.0540026548746516,1.66010526172474E-06
0.056005940985937,1.70898889282941E-06
0.0580095729351322,1.75891495639926E-06
0.0600095221706285,1.81109774538696E-06
0.0620119921409812,1.8557710867766E-06
0.0640112497425043,1.90737386160507E-06
0.0660118103723339,1.95405822396342E-06
0.0680117316678458,2.00560946911922E-06
0.0700143963895712,2.05126421211989E-06
0.0720128992256424,2.09508043904126E-06
0.0740172992413984,2.14140425104481E-06
0.0760185020588977,2.18652267932658E-06
0.0780193159595417,2.23074675270482E-06
0.0800205521583866,2.27546675328768E-06

0.239810805182379,4.29307836487801E-06

-0.00203353196530269,1.25714850508454E-07
7.02963241638595E-05,1.84195567973243E-07
0.00200135815498167,2.42042063310738E-07
0.00400535447837659,3.00678055875524E-07
0.00600220026341744,3.59121513704135E-07
0.00800895812422007,4.15483972077152E-07
0.0100523860368963,4.73008588666757E-07
0.0120545362077845,5.30316388370191E-07
0.014060931983715,5.90796481206306E-07
0.0160606753240076,6.47762500633475E-07
0.0180620898082103,7.05787585213171E-07
0.0200670624778352,7.59661520811305E-07
0.0220680712450021,8.16153563910118E-07
0.0240707690453624,8.72635105505912E-07
0.0260727203778296,9.29677179343097E-07
0.0280744442446104,9.83353021302058E-07
0.0300769480077166,1.03823635252854E-06
0.0320794519700231,1.09428812676338E-06
0.0340803783421937,1.14491697429353E-06
0.0360846089007335,1.19749422341263E-06
0.0380861473718005,1.25398122369194E-06
0.0400892042458976,1.30353670371931E-06
0.0420899746187902,1.35657322781184E-06
0.0440938412469055,1.41199365678047E-06
0.0460934511832052,1.46054730166221E-06
0.0480965152117745,1.51370415656957E-06
0.0500976842662219,1.56517528608478E-06
0.0520996827995293,1.61154091677428E-06
0.0540025806156098,1.66050666416263E-06
0.056005062038942,1.71121066319084E-06
0.0580050309387434,1.76170916545109E-06
0.0600093933958268,1.81290703109646E-06
0.0620115450041565,1.85660840461914E-06
0.0640097606448059,1.90738641994903E-06
0.0660097082807469,1.95432276592851E-06
0.0680151010973341,1.99897243678799E-06
0.0700134666459973,2.04926975078135E-06
0.072014470650591,2.09389806646166E-06
0.0740116808196929,2.14293798750565E-06
0.0760175546612876,2.18710468663586E-06
0.078017534364538,2.23026088866006E-06
0.0800208336729972,2.27625906790002E-06
0.0820213687681159,2.32080665351002E-06

0.239807282283268,4.29435846175471E-06

-0.00403456824583732,5.47087409218479E-08
-0.00191310529574666,1.17011134653032E-07
2.39600896886015E-05,1.74798023751623E-07
0.00200510761813456,2.30984655942902E-07
0.0040236752368734,2.90664345424261E-07
0.00601840690887994,3.49329064451549E-07
0.00803315750758236,4.07897512832543E-07
0.0100700587443516,4.66217922680771E-07
0.0120682043456755,5.26832444496483E-07
0.0140764825190522,5.84722041703931E-07
0.0160770733845226,6.42360717429425E-07
0.0180771512492166,7.00173735713684E-07
0.0200795101790408,7.59987749272005E-07
0.0220834812979212,8.15115432452958E-07
0.0240835385978737,8.70899674997624E-07
0.0260864991081787,9.26132796565823E-07
0.0280869944193821,9.79646312937454E-07
0.0300918840339884,1.03665360031173E-06
0.0320934616015148,1.09107127249017E-06
0.0340946985611599,1.14403046835498E-06
0.0360974994267119,1.19580039054545E-06
0.0380004390195114,1.24799630734855E-06
0.0400008662270818,1.30186242770041E-06
0.0420045815369081,1.35306132738603E-06
0.0440057009413621,1.40695627722977E-06
0.0460077257428905,1.45575785199513E-06
0.0480083920121292,1.51001973626828E-06
0.0500092175768241,1.56204080285879E-06
0.0520102452731632,1.61056408592089E-06
0.0540140208334411,1.66261632357995E-06
0.0560165324822398,1.71309544133196E-06
0.0580187344976155,1.75992262113414E-06
0.0600202844764133,1.80940326062483E-06
0.0620255420695064,1.85531145588352E-06
0.0640242634795385,1.90583115596899E-06
0.0660236755707388,1.95465957082268E-06
0.0680248550926318,2.0017745959609E-06
0.0700276397880415,2.04824400532811E-06
0.0720266709412859,2.09285674296719E-06
0.0740282084913753,2.1400312853644E-06
0.0760288641754216,2.18598466368638E-06
0.0780314908649263,2.23060914292748E-06
0.0800322495033373,2.27695299133423E-06
0.0820358199424981,2.31793741659539E-06
0.0840360047077683,2.36251207457814E-06

0.239806668302674,4.29352396129721E-06

-0.00603444813304514,-2.02900549580113E-08
-0.00390860154418187,4.19791168932535E-08
-0.00197054931729797,1.00576545153884E-07
1.72092485367677E-05,1.56434552983221E-07
0.00201298716484475,2.16876751147567E-07
0.00403344373326333,2.80154911017225E-07
0.00602547167915044,3.382018031687E-07
0.00805145486968048,4.01113011749596E-07
0.0100781302185622,4.63699092410823E-07
0.0120746982243507,5.21450521609059E-07
0.0140789225206412,5.80372285809591E-07
0.0160814664996572,6.39017002152393E-07
0.018080471713702,6.99270748821949E-07
0.0200869666089692,7.55384400625054E-07
0.0220875310527535,8.11841200185195E-07
0.0240901138469187,8.67991448021652E-07
0.0260897743112787,9.26113254703624E-07
0.0280927492058185,9.78876672280266E-07
0.0300937664196997,1.0325278583736E-06
0.0320960615380803,1.08677990427824E-06
0.034097408031225,1.14343317523324E-06
0.0360015693891163,1.19375698838138E-06
0.0380024274600017,1.24643724439452E-06
0.0400054248474411,1.30146149732438E-06
0.0420087359524393,1.35251992488935E-06
0.0440102626985806,1.40835820353036E-06
0.0460124816924421,1.45402159350533E-06
0.0480125251445505,1.5078997514345E-06
0.0500106764815632,1.56057706642735E-06
0.0520153587463586,1.60875971564912E-06
0.0540173246564748,1.66049192534248E-06
0.0560205493533198,1.7131234053771E-06
0.0580201751791665,1.75984646931453E-06
0.0600223881846548,1.8102147424471E-06
0.0620264839382524,1.8577888514861E-06
0.0640276708277402,1.90482182777804E-06
0.0660290394904456,1.95194879683051E-06
0.0680281608236374,1.9964901632129E-06
0.0700273358071717,2.04704663167177E-06
0.0720288392489598,2.09448175221309E-06
0.0740301831806973,2.14069235179488E-06
0.0760339187832046,2.18685182632843E-06
0.0780337036016264,2.22942085084207E-06
0.0800365241450604,2.27547830756357E-06
0.0820374153411337,2.31651979236486E-06
0.0840394146052312,2.36354531307671E-06
0.086039667017883,2.40467561294419E-06

0.239805127434632,4.29287197643767E-06

-0.0080352526060343,-9.75829480534221E-08
-0.00599960311331673,-4.11224979167235E-08
-0.00396260271705699,1.92582994170461E-08
-0.00197357131705298,8.05340672109404E-08
3.00630300460858E-05,1.35624006751819E-07
0.00203131233194194,1.95558244349068E-07
0.00405105876667149,2.63645219193132E-07
0.00603708973513062,3.27730030680714E-07
0.00806795229144711,3.93954442858091E-07
0.0100908329891577,4.58435450990327E-07
0.0120884407312978,5.15993392899001E-07
0.0140944104651304,5.72009869270588E-07
0.0160913894058461,6.36477361822325E-07
0.0180932698122642,6.92623297411199E-07
0.0200946330316559,7.52379558322702E-07
0.0220961547188156,8.10652653336244E-07
0.0240973074312308,8.65493439051392E-07
0.0260005064497939,9.18437217975454E-07
0.0281000161615527,9.76688721778902E-07
0.0300028792997429,1.02723629973949E-06
0.0320038468137023,1.08280647721888E-06
0.0340087098875031,1.13818799105663E-06
0.0360110520922867,1.19247985500412E-06
0.0380128803591928,1.24637174019232E-06
0.0400135681072715,1.29960779284221E-06
0.0420156500048387,1.35498671033975E-06
0.0440174000981039,1.40322424611851E-06
0.0460216230426172,1.45669050385329E-06
0.0480204418804422,1.50865393393919E-06
0.0500213504737731,1.55939656710908E-06
0.0520219177479269,1.60842533100859E-06
0.0540276197690225,1.65911052998608E-06
0.0560285781251537,1.70924723804602E-06
0.0580300841486499,1.7587633720924E-06
0.0600312627422961,1.80540344305985E-06
0.0620341080959515,1.85948719516656E-06
0.0640355649243397,1.90374280677256E-06
0.0660373862614069,1.9537855745233E-06
0.068036173563715,2.00086957845389E-06
0.0700355362659449,2.0473757262223E-06
0.0720382598053355,2.09310701817398E-06
0.074039634096359,2.14186430154844E-06
0.0760404460748834,2.18372037029275E-06
0.0780422569511604,2.23295848987856E-06
0.0800450804846237,2.27529716319291E-06
0.082047725295903,2.32151309782297E-06
0.08404635535828,2.3664405658447E-06
0.0860470169332522,2.40301818878423E-06
0.0880479508659435,2.44827265330381E-06

0.23980579478278,4.29340979725869E-06

-0.0100350554131023,-1.84565460764732E-07
-0.00792373839127514,-1.22515674216541E-07
-0.00598608881833542,-6.29522501046036E-08
-0.00398710853662506,-5.017637220009E-09
-0.00198476662751246,5.27773774642522E-08
2.05766273219909E-05,1.15099391383376E-07
0.00202751679290513,1.7456458307609E-07
0.00404328176502039,2.41307291539956E-07
0.0060263397581841,3.06462258823773E-07
0.00806396056307107,3.77497868295653E-07
0.0100772133426163,4.46869349205266E-07
0.0120758839158942,5.10587469787411E-07
0.0140783302745489,5.70028498282224E-07
0.0160783303169457,6.32090530339732E-07
0.01807864038533,6.90032221071519E-07
0.0200813672719341,7.48617023023928E-07
0.0220810522825786,8.04892056290652E-07
0.0240852335940978,8.62403595642909E-07
0.0260865938157502,9.19057192545383E-07
0.0280884871047552,9.74565986997496E-07
0.0300883950580613,1.02920153820128E-06
0.0320914772720836,1.08376416334147E-06
0.0340932401444332,1.13907864814229E-06
0.0360979766422433,1.19413587796461E-06
0.0380980368621725,1.24683435331744E-06
0.0400997576104494,1.3026587361059E-06
0.0420995699326659,1.35230387791359E-06
0.0440028299460608,1.40093903214234E-06
0.0460043303451286,1.45459037558962E-06
0.0480067049645395,1.50472670150424E-06
0.0500059476566402,1.55484395761852E-06
0.0520078066960101,1.606361588973E-06
0.054011169159248,1.6566734244882E-06
0.0560153850585177,1.70714090554082E-06
0.0580145621897163,1.75848939638325E-06
0.0600191258105409,1.8077276058856E-06
0.0620185506639677,1.85493180575619E-06
0.06402073627366,1.903312361291E-06
0.0660173106734682,1.9511929583628E-06
0.0680204707263152,1.99677573815621E-06
0.0700214593082291,2.04379831410125E-06
0.0720224055217624,2.0911114253856E-06
0.0740219589095835,2.13952259001055E-06
0.0760265592970112,2.18319787274942E-06
0.0780286340639259,2.2291280900683E-06
0.0800284509863542,2.27339248352342E-06
0.0820298558318823,2.31774414098435E-06
0.0840330310949017,2.36090367741372E-06
0.0860312098139006,2.40304887280482E-06
0.088032759233439,2.44462832079499E-06
0.0900348153210635,2.4874660009556E-06

0.239805542199615,4.29077284474903E-06

-0.0120363964613664,-2.65734329416094E-07
-0.00992835245985924,-2.03850759219016E-07
-0.00798884805730685,-1.51267842547762E-07
-0.0059966328622933,-8.90919293141914E-08
-0.00399163431877406,-3.34932400070706E-08
-0.00198022507730563,2.69631292767966E-08
1.82194607828768E-05,8.84237767902962E-08
0.00203178686169358,1.48932448101269E-07
0.00404091074047153,2.13009509906727E-07
0.00602416405807074,2.83486311474271E-07
0.00806397346744429,3.55877712566686E-07
0.0100753534758443,4.2815585627906E-07
0.0120712537047464,5.02162759816125E-07
0.0140755012308437,5.66882708050845E-07
0.0160736317718147,6.26342761387731E-07
0.0180744760866853,6.83899511902198E-07
0.0200774327086843,7.47372188418519E-07
0.0220768531871275,8.02092804419318E-07
0.0240790392928421,8.58781262715152E-07
0.0260817552649353,9.17146244943477E-07
0.0280819204727464,9.71344236019167E-07
0.0300849120192227,1.03028364259491E-06
0.0320862590718318,1.08116647064277E-06
0.0340892933307222,1.13883843234884E-06
0.0360907315759699,1.19030928462138E-06
0.0380921436516028,1.24517014045842E-06
0.0400945663185693,1.29854747447785E-06
0.0420965850436392,1.35123865909759E-06
0.0440976717472478,1.4041092721806E-06
0.0460005282357324,1.45257375731606E-06
0.0480002384804355,1.50546935221218E-06
0.0500023025368894,1.5583361138699E-06
0.0520024449986576,1.60693841109492E-06
0.054006207198285,1.65874352811927E-06
0.0560075076876667,1.70744305510038E-06
0.0580092128637258,1.75522269087951E-06
0.0600122076214989,1.80730762818835E-06
0.0620136953154666,1.85268953442277E-06
0.0640127797628143,1.90594292972605E-06
0.0660156357145531,1.95329639105946E-06
0.068013637997694,1.99939361337248E-06
0.0700142934441252,2.04673868998817E-06
0.0720170210468385,2.09216798224121E-06
0.0740185584067703,2.13768347448762E-06
0.0760209735850498,2.18582139022882E-06
0.0780240955352306,2.22672137636224E-06
0.08002184738816,2.27553759253816E-06
0.0820267517222469,2.31892578673856E-06
0.0840252054555587,2.36421721445072E-06
0.0860271168429561,2.40348642169334E-06
0.0880268365051132,2.45072786949224E-06
0.090028375549272,2.49041838819417E-06
0.0920304699292254,2.53366433442219E-06

0.239806160138107,4.29277642512373E-06

-0.0140369035986619,-3.48384513183222E-07
-0.011915828013531,-2.90857905316822E-07
-0.00997490228630446,-2.33584444366837E-07
-0.00798594581292231,-1.77775903749454E-07
-0.00597842892464763,-1.18272087749682E-07
-0.00396462008904651,-5.89353471084218E-08
-0.00195693023189007,1.38022439087568E-09
4.13115833223556E-05,5.91629735178988E-08
0.00205547548604166,1.22029925363231E-07
0.00405841222633686,1.92860945193959E-07
0.00603850007747362,2.62940638775212E-07
0.00808503673099249,3.35202857893017E-07
0.01008669661922,4.14145961453166E-07
0.0120901816264559,4.82738420412849E-07
0.0140924482408843,5.5883312615403E-07
0.0160905495422583,6.20565773305496E-07
0.018091194592954,6.84144148592389E-07
0.0200931276103642,7.43142184501252E-07
0.0220936102213729,7.99755221549399E-07
0.0240965061586295,8.60389225282947E-07
0.0260945658307295,9.13501893702041E-07
0.0280998633791826,9.67658901566344E-07
0.030000799825065,1.02359810403479E-06
0.0320019636759168,1.07556545298339E-06
0.0340028483123369,1.13673677925045E-06
0.0360060701729704,1.1874242523672E-06
0.0380065702341096,1.2427142311633E-06
0.0400102986080449,1.29506596584387E-06
0.0420094823683802,1.34912772586256E-06
0.0440129106455197,1.40164773935497E-06
0.0460148396982925,1.45237224684822E-06
0.0480170442050711,1.50398151814699E-06
0.0500166222732537,1.55660093437864E-06
0.0520172642189339,1.60566704361603E-06
0.0540211440303277,1.65806064194081E-06
0.0560250245773115,1.70757481280932E-06
0.0580248217698846,1.75511678417693E-06
0.0600290522346249,1.80721843097684E-06
0.0620272303061365,1.85677026938418E-06
0.0640286337788559,1.90227150985839E-06
0.0660289886311475,1.95161866823972E-06
0.068032918298236,1.99707282241713E-06
0.0700326974099811,2.04425148598927E-06
0.0720302336574596,2.09180491422318E-06
0.0740316353938896,2.13980462823646E-06
0.0760345706237096,2.18542249046806E-06
0.0780358433583723,2.2290089206755E-06
0.0800383687565257,2.27578692362124E-06
0.0820408988746666,2.31788118878329E-06
0.084040429477354,2.36089468575933E-06
0.0860384214437295,2.40855294919034E-06
0.0880414154844549,2.44606662583061E-06
0.0900440073762282,2.49047871470206E-06
0.0920461656974939,2.53290509411191E-06
0.0940477819952403,2.57263032059978E-06

0.239804992310305,4.29480985779099E-06

-0.0160368420301093,-4.34687946183104E-07
-0.0139253429758423,-3.74877935784246E-07
-0.0119844173559591,-3.21942926533103E-07
-0.00999331581876369,-2.59410955962037E-07
-0.00798917872492526,-2.04992149523865E-07
-0.00597677476258483,-1.47317490789789E-07
-0.0039689923854707,-8.52087637129387E-08
-0.00195826568704029,-2.59576810522617E-08
3.67730715362083E-05,3.64135091708431E-08
0.00205236272831881,9.83996482993153E-08
0.00405293667866354,1.65824173309413E-07
0.00603998110056492,2.40132006444594E-07
0.00808304628228301,3.15428867705995E-07
0.0100814289791352,3.913977614697E-07
0.0120826232867339,4.68797555266983E-07
0.0140880268562691,5.41194441268573E-07
0.0160810343946158,6.12950400272252E-07
0.0180822103060374,6.78938156789338E-07
0.0200816222019158,7.38711074740591E-07
0.0220858980299425,7.95752294370609E-07
0.0240898186640283,8.53947671518074E-07
0.0260900182758797,9.10130233112481E-07
0.0280882113965262,9.68215552410258E-07
0.0300917863046913,1.02528145038504E-06
0.0320933335941345,1.07930706020658E-06
0.0340966686420675,1.13384594737919E-06
0.0360976785081958,1.18915559916579E-06
0.0380973846594857,1.24071063954903E-06
0.0400997618264218,1.29635202718464E-06
0.0420049995667295,1.34913485174866E-06
0.0440068518134999,1.39893331624973E-06
0.0460088010825958,1.4513819509924E-06
0.0480079695892016,1.50423998325232E-06
0.0500106751572863,1.55540112548257E-06
0.0520106032733749,1.60525440161016E-06
0.0540146126459398,1.65558068371673E-06
0.0560166712021872,1.70608575737774E-06
0.0580155020249861,1.75710595542548E-06
0.0600162712593727,1.80618247250283E-06
0.062018988152466,1.85464273905377E-06
0.0640202662407874,1.90324577059723E-06
0.0660224213459194,1.95167468624655E-06
0.0680202667287175,2.00008389518667E-06
0.070023801836025,2.04333675749551E-06
0.0720215425832072,2.09214419931535E-06
0.0740255114719974,2.13950053797817E-06
0.0760274795528033,2.18441012759376E-06
0.0780272645018008,2.22981969065846E-06
0.0800302608529005,2.27326777677013E-06
0.082031614895836,2.31845176919846E-06
0.0840330396347016,2.36296981722381E-06
0.0860337760402493,2.40520202185719E-06
0.0880338949377677,2.44699597325578E-06
0.0900362351541489,2.49015992308884E-06
0.0920359609582311,2.53477923212867E-06
0.0940387592948008,2.57222747949719E-06
0.09604130495421,2.61514920165413E-06

0.23980336738046,4.29482920483401E-06

-0.0180370025958117,-5.15515607776168E-07
-0.015910985584296,-4.54583474501876E-07
-0.0139707381514512,-3.98003212033967E-07
-0.0119792579496159,-3.43824566128036E-07
-0.00997155480893765,-2.87131759992654E-07
-0.00796203622943141,-2.27638173404692E-07
-0.00595117096493851,-1.69951479434883E-07
-0.00394054412127154,-1.11847121713889E-07
-0.00193636279148173,-4.99529002699654E-08
5.89141757523314E-05,1.05989911788753E-08
0.00207210340624788,7.61967257706738E-08
0.00406837391618693,1.45750537644917E-07
0.00606092420219258,2.16363424155073E-07
0.00800559765537228,2.92103055084326E-07
0.0100001570355344,3.68011176503948E-07
0.0120010946369076,4.46791790566401E-07
0.0140009628053927,5.25292271509714E-07
0.0160015191213893,5.97140168306231E-07
0.0180035286105118,6.7014342712723E-07
0.0200043325581248,7.31076369650416E-07
0.0220037580548503,7.90721917070766E-07
0.0240079117122694,8.52981162334623E-07
0.0260059524748723,9.07204749653133E-07
0.0280086417986024,9.66446369479318E-07
0.0300094218344133,1.01825288021009E-06
0.0320116356253516,1.07241970021724E-06
0.0340155782228815,1.13099021293222E-06
0.036018187962625,1.18455039224359E-06
0.0380160059255896,1.24151478942645E-06
0.0400176267710252,1.29411779588884E-06
0.0420207022396256,1.34544338798477E-06
0.0440262130833434,1.40057116857531E-06
0.0460246121037742,1.45063427245105E-06
0.0480246547687067,1.50461555716299E-06
0.0500253250127532,1.55474916310216E-06
0.0520262289096068,1.60457093846722E-06
0.0540318797789311,1.65586072129955E-06
0.056034219527941,1.70647361988273E-06
0.0580330334459055,1.75625690347397E-06
0.0600365602657196,1.80624325608648E-06
0.0620361159249794,1.85483888450116E-06
0.0640391791862278,1.90607226718135E-06
0.066039556647695,1.95358334472311E-06
0.0680413558739048,2.00014288043944E-06
0.0700420244465274,2.04783185786322E-06
0.0720387436007674,2.0905919100743E-06
0.0740393524811712,2.13778364901053E-06
0.0760431069080185,2.18508140704501E-06
0.078046006683819,2.22953244476605E-06
0.080046024390876,2.27589625464553E-06
0.0820474151647629,2.3164594883361E-06
0.0840501765335486,2.36271188412469E-06
0.086050532071568,2.40531694269329E-06
0.0880515210924922,2.44780779975813E-06
0.0900540253716106,2.49150936809999E-06
0.0920541518293126,2.52977910050627E-06
0.0940549405617452,2.57370422385531E-06
0.0960606657284661,2.6156436976871E-06
0.0980597847072227,2.65640691326427E-06

0.239804061382525,4.29338554976403E-06

-0.0200361043291103,-5.9005142852315E-07
-0.0179257856249178,-5.33932591532682E-07
-0.0159866012788477,-4.78942977078091E-07
-0.0139948703025904,-4.22591645877377E-07
-0.011985549613839,-3.66935699254711E-07
-0.00997773735279565,-3.09889329092665E-07
-0.00796709397590973,-2.48531255530314E-07
-0.00595569067143241,-1.88712164965473E-07
-0.00395092690100749,-1.3055062453742E-07
-0.00194287237616588,-6.99240835257755E-08
4.86715383938812E-05,-6.46147136206238E-09
0.00206429945505011,5.96660182960289E-08
0.0040560372548296,1.2507094783492E-07
0.00605199722271493,1.98063683142079E-07
0.00809254541056352,2.74290482842608E-07
0.0100884887725112,3.54323229736613E-07
0.012090615150107,4.33188796200403E-07
0.0140911341114229,5.09934321632581E-07
0.0160885081357242,5.90216817346947E-07
0.0180900968145353,6.60305671176106E-07
0.0200900577055938,7.2802281880695E-07
0.0220927656982217,7.92274307467932E-07
0.0240916683315285,8.49695727964104E-07
0.0260953245590728,9.04627089611102E-07
0.0280962790355362,9.62427894231486E-07
0.0300987767177627,1.01998363880462E-06
0.0320010142713302,1.07368521937426E-06
0.0340032325881158,1.12752986840475E-06
0.036003443304173,1.18347932885224E-06
0.038003874555852,1.23766244997949E-06
0.0400062822631242,1.29076992571818E-06
0.0420088698213992,1.34350781448941E-06
0.0440095233608209,1.39712803182642E-06
0.046008897966101,1.44873483042023E-06
0.0480125700259372,1.49941703967264E-06
0.0500146932409997,1.55283451768238E-06
0.0520133382323153,1.60442731177449E-06
0.0540170994465146,1.65540294118865E-06
0.0560185993293864,1.70646378900727E-06
0.0580210416123865,1.75716725602926E-06
0.0600241163676082,1.80569185037429E-06
0.0620227370337642,1.85531235504896E-06
0.0640243364465521,1.90201984843821E-06
0.0660281151041599,1.94957918868488E-06
0.068029155046594,1.99856176545303E-06
0.0700277060506203,2.04366613678177E-06
0.07202710191828,2.09106373215213E-06
0.0740285218315742,2.14049416823916E-06
0.0760309967427023,2.18583110121555E-06
0.0780328578647735,2.23108124974103E-06
0.0800335316067253,2.27446362933827E-06
0.0820327158030702,2.31812394097258E-06
0.0840360493392643,2.36221585951048E-06
0.0860370917198765,2.40441534950798E-06
0.088036827166535,2.44852603812441E-06
0.0900411596107607,2.49336914944192E-06
0.0920409176257385,2.53070174165589E-06
0.0940412364067144,2.57440471869026E-06
0.0960462962765071,2.61529126979343E-06
0.0980504539512525,2.65881655675104E-06
0.100047167727285,2.69485693583404E-06

0.239801417712569,4.29306126574859E-06

-0.0220368006777116,-6.61451213110501E-07
-0.019929138444207,-6.09209839747954E-07
-0.0179893342577837,-5.53730824531211E-07
-0.0159971629321682,-4.9981359786373E-07
-0.0139925007499936,-4.42333645444027E-07
-0.0119783532023846,-3.84317593730466E-07
-0.00997026440481086,-3.26396496697116E-07
-0.00796206145613192,-2.67447669490143E-07
-0.00595264400692572,-2.07725719233169E-07
-0.00394816261475264,-1.47448115643939E-07
-0.00194450761089436,-8.64009402398748E-08
4.86468616293733E-05,-2.64463938774825E-08
0.00206329193364705,4.24284368583928E-08
0.0040551832616109,1.09653237174822E-07
0.00605590928642021,1.81440367247041E-07
0.00809310576336552,2.5846444429748E-07
0.0100891618790755,3.41093386217751E-07
0.012090888272779,4.22356522062415E-07
0.0140901634069702,5.00974759959483E-07
0.0160873712407321,5.7505775349853E-07
0.0180886962340463,6.47752197696157E-07
0.0200897330427074,7.20901604619636E-07
0.0220905086501084,7.86916959895903E-07
0.0240928391268826,8.48575206727107E-07
0.0260928398237797,9.04747109464544E-07
0.0280948896795168,9.62767171830614E-07
0.0300988772067066,1.01940599244771E-06
0.0320993413091985,1.07583204054985E-06
0.0340988179117555,1.13188799215746E-06
0.0360016872556792,1.17957592430142E-06
0.0380021716477128,1.23689792332574E-06
0.0400051856838304,1.28944767296851E-06
0.0420068091875238,1.34283382255576E-06
0.044007355810072,1.39636852925956E-06
0.0460074882097475,1.45034386449351E-06
0.0480098741222725,1.50158443300417E-06
0.0500104480316933,1.55414987683036E-06
0.0520157668711257,1.60395883908792E-06
0.0540192052517746,1.65505247647286E-06
0.0560194608421978,1.70415970754298E-06
0.0580189892068861,1.75555829688643E-06
0.0600227843257421,1.80326008741772E-06
0.0620192109251415,1.85148342387558E-06
0.0640209343935322,1.9027090062956E-06
0.0660232147167809,1.95212135417123E-06
0.0680246799388521,1.99930234058742E-06
0.0700246112635543,2.0470121336911E-06
0.0720253934733554,2.09212092591658E-06
0.0740243282849616,2.13793014553961E-06
0.076030323328399,2.18336831705135E-06
0.0780288296122943,2.22886987223347E-06
0.0800318491705824,2.27390362161005E-06
0.0820326636930772,2.31649598695987E-06
0.0840339726419085,2.36171739965653E-06
0.086035992844408,2.40721484864981E-06
0.0880351572391418,2.44965185319793E-06
0.0900389594479566,2.49024558358296E-06
0.0920422558252593,2.53123472946267E-06
0.0940428147123413,2.57170819647029E-06
0.0960455928805889,2.61412307405557E-06
0.0980451056385241,2.65513768130329E-06
0.100046436168771,2.6948517056884E-06
0.102044475265452,2.73257299962844E-06

0.239802725370545,4.29335488822257E-06

-0.0240362956700642,-7.32945936455341E-07
-0.021926501379256,-6.76012275744395E-07
-0.0199839468934435,-6.25477952980979E-07
-0.0179918836934475,-5.70070902844769E-07
-0.0159860517186218,-5.11473787945636E-07
-0.0139733755887375,-4.56170788110026E-07
-0.0119656240892014,-4.0084213958028E-07
-0.0099577346157667,-3.39604160801825E-07
-0.00794941553068407,-2.84537293049966E-07
-0.00594154149578496,-2.21956131572992E-07
-0.00393730556935246,-1.62497295855972E-07
-0.00193311230174802,-9.86132956414386E-08
6.04476529259902E-05,-3.54488306168805E-08
0.00207277975294311,2.98793470550911E-08
0.004060658231232,9.78486521288846E-08
0.00606996606884474,1.68474820764347E-07
0.00800286845720627,2.44085440185771E-07
0.0100942033988014,3.2572776533547E-07
0.0120974806651039,4.0843361025314E-07
0.014097939903834,4.86246448807483E-07
0.0160964658449188,5.66826006303634E-07
0.0180969041785005,6.4253175180868E-07
0.0200999603382024,7.1182071930321E-07
0.0220977816224382,7.79727510291365E-07
0.02409963112246,8.42358242009665E-07
0.026000610105807,9.00319558900411E-07
0.028002861576413,9.56922457858238E-07
0.0300038058283459,1.01314782722057E-06
0.0320050245884412,1.0694612848237E-06
0.0340051595636176,1.12828185170064E-06
0.036009019522936,1.17975769059484E-06
0.0380120587674333,1.23538253733289E-06
0.0400111791574257,1.28858461651529E-06
0.0420144682457411,1.34293720410206E-06
0.0440167397855927,1.39293134198866E-06
0.046017341532919,1.44648016558985E-06
0.0480180451376232,1.49883366113607E-06
0.0500183725114293,1.55238335393051E-06
0.0520193953272352,1.6020565197277E-06
0.0540244812686579,1.65383545605169E-06
0.0560249986953256,1.7057826187362E-06
0.0580253389480444,1.75649458287158E-06
0.0600279079806295,1.80278967403241E-06
0.0620291707078362,1.85273507715224E-06
0.0640303814572802,1.90359335049057E-06
0.0660315598267722,1.94877824208434E-06
0.0680306825299725,1.99601159739429E-06
0.0700317263127122,2.04474832734542E-06
0.0720316503409333,2.09358718001125E-06
0.0740339099285155,2.13799474308333E-06
0.0760374459796219,2.18303520622852E-06
0.0780403175974746,2.22974737527806E-06
0.0800393331149192,2.2732429897762E-06
0.0820393984051891,2.31868309449363E-06
0.0840381149232292,2.36150887569827E-06
0.0860426436033419,2.40347716778237E-06
0.0880445821232764,2.44583219092162E-06
0.0900448945363217,2.48901473100012E-06
0.0920473630062926,2.53269742436082E-06
0.0940490165123536,2.57247239717658E-06
0.0960551188404599,2.61266320403552E-06
0.0980554303726398,2.65501878166012E-06
0.100053238477221,2.69430287009076E-06
0.102052526448784,2.73425442401257E-06
0.104056109862891,2.77307365889753E-06

0.239800483341028,4.29456143336639E-06

-0.0260362534267997,-8.01183972498039E-07
-0.0239128724883923,-7.44794917560653E-07
-0.0219691020752743,-6.91109671829813E-07
-0.0199804049469645,-6.35433079994025E-07
-0.0179725952762706,-5.78447237715457E-07
-0.0159630381086891,-5.26578532835253E-07
-0.0139534833275589,-4.72210528307733E-07
-0.0119430064999526,-4.12882498682896E-07
-0.0099375731157529,-3.56460912689244E-07
-0.00792925148326527,-2.9560501834121E-07
-0.00592234043866869,-2.37564798746595E-07
-0.00391990934214231,-1.71874008474966E-07
-0.00191769822643363,-1.114493372461E-07
7.71464868148496E-05,-5.15034431924139E-08
0.00209043285555518,1.66607788425254E-08
0.00407436570326955,8.72347452349764E-08
0.00609195279417819,1.60076280253848E-07
0.00801548941432582,2.33149803234091E-07
0.0100077635235638,3.10375656287165E-07
0.0120105693662442,3.9557818015955E-07
0.0140109327610814,4.7469957604998E-07
0.0160108451062498,5.50664470400743E-07
0.0180129971624391,6.3174168599499E-07
0.0200124103145335,7.00810708256926E-07
0.0220137924460676,7.68387393133428E-07
0.0240132049745435,8.35486546231569E-07
0.026015621617544,8.97074733089014E-07
0.0280145233010622,9.56137846096497E-07
0.0300187745453872,1.01441995524356E-06
0.0320212194741068,1.06778597851108E-06
0.0340240225227607,1.12414161821285E-06
0.0360241663296326,1.17858306207757E-06
0.0380238925685943,1.23444791480381E-06
0.0400243382474414,1.28784604577053E-06
0.0420298050785172,1.34364313888792E-06
0.0440318669517955,1.3972370631289E-06
0.0460317253497696,1.44682040229877E-06
0.04802950539638,1.50083060267261E-06
0.0500326657473648,1.55108590316085E-06
0.0520316944909385,1.60386046289589E-06
0.0540382689135972,1.65494979927282E-06
0.0560389342549062,1.70366458958725E-06
0.0580399784049322,1.75501160429975E-06
0.0600409276341712,1.80441553748548E-06
0.0620419007421588,1.85333148609463E-06
0.0640438691299426,1.90123867598427E-06
0.0660453241367063,1.94910295320336E-06
0.0680468782819531,1.99776795223164E-06
0.0700477004246999,2.04566079293949E-06
0.0720448120207215,2.0901230852146E-06
0.0740477626659836,2.139286903763E-06
0.0760484539116464,2.1845829696702E-06
0.0780510027635002,2.23015653301786E-06
0.080051978271504,2.27407457543907E-06
0.082054828384233,2.3177987577917E-06
0.0840577139247402,2.36269109092393E-06
0.0860567301309165,2.40320500539019E-06
0.0880545864425376,2.44688349515246E-06
0.090060004460123,2.49151433598904E-06
0.0920605601837612,2.53104772553058E-06
0.0940629067083829,2.57604263845326E-06
0.0960637620504852,2.61569159323279E-06
0.0980649162969153,2.65714401911867E-06
0.100064429416057,2.69531102936663E-06
0.102068059072212,2.73517451003373E-06
0.10406897261276,2.77384918908834E-06
0.106070182177355,2.80988741017428E-06

0.239800042862712,4.29455311608608E-06

-0.0280397997437841,-8.67307812084476E-07
-0.0259255979640303,-8.10512008421361E-07
-0.0239849915145879,-7.56891412685558E-07
-0.0219945681823901,-7.03176543200039E-07
-0.0199882016119943,-6.47535663218254E-07
-0.0179780719624434,-5.91013687276642E-07
-0.015965071388749,-5.36908385171583E-07
-0.0139575694299709,-4.82775669760213E-07
-0.0119488071642734,-4.24990731663298E-07
-0.00994590805004082,-3.69105797575597E-07
-0.0079390071742669,-3.08857675373186E-07
-0.00593532429225934,-2.46915597604973E-07
-0.00392862167300603,-1.88098997358903E-07
-0.00192770606942266,-1.23496352982854E-07
7.00993256112889E-05,-6.01648194488955E-08
0.00207948930025505,7.88509340269559E-09
0.00406011751744783,7.56338658850008E-08
0.0060823199749991,1.49510196082603E-07
0.00800649692303237,2.24266418669627E-07
0.0100978240006302,3.06987214085976E-07
0.0120023186929103,3.83015611995842E-07
0.0140978793047183,4.69493548654963E-07
0.0161002050326603,5.48974921682222E-07
0.0180020491855883,6.19130426149519E-07
0.0200024830041167,6.93475039365978E-07
0.0220008604678388,7.60978183749169E-07
0.0240013318283501,8.27834963056807E-07
0.0260029822939323,8.92887784210166E-07
0.0280032646559558,9.52148616204556E-07
0.0300049798310555,1.00833915414571E-06
0.0320068456297817,1.06753434331656E-06
0.0340097564444891,1.12343143112377E-06
0.03601123891381,1.17754824254644E-06
0.0380120258949219,1.23439276224372E-06
0.0400134355475266,1.28846131096147E-06
0.0420154094829879,1.34002085091844E-06
0.0440174111973496,1.39439755112505E-06
0.046018404251051,1.44689115912575E-06
0.0480219413304212,1.49786708826173E-06
0.0500208128426162,1.55054187809831E-06
0.0520222179376673,1.60167942472883E-06
0.0540268861354202,1.65115566580192E-06
0.0560271125720305,1.70414296807973E-06
0.0580268759403559,1.75568717726597E-06
0.060029977944838,1.80431862243729E-06
0.0620298891000599,1.85372502083493E-06
0.064032051006781,1.90250243802217E-06
0.0660310704289621,1.94608467212423E-06
0.0680314289113955,1.99938636759766E-06
0.0700349060209573,2.04349443364822E-06
0.0720344212052793,2.09198130051006E-06
0.0740374912852447,2.13858776516924E-06
0.0760376050118424,2.18329960582575E-06
0.0780402224231687,2.22716281414129E-06
0.0800412649471351,2.2725155724294E-06
0.0820419211943277,2.3168608083505E-06
0.0840443773019082,2.3619718035313E-06
0.0860451956491672,2.40473688357579E-06
0.0880463072906507,2.44858347980985E-06
0.0900460379393865,2.49057488793877E-06
0.0920477675453626,2.53236308467856E-06
0.0940470128525237,2.57580767153805E-06
0.0960532440283303,2.61461524724449E-06
0.0980549175874918,2.65449157099128E-06
0.100053449626439,2.69245581943283E-06
0.102055837103848,2.73297194434747E-06
0.10405695762486,2.77307662614348E-06
0.10605662266876,2.81261264574393E-06
0.108059435819426,2.84637235163622E-06

0.239798904888646,4.29395296811407E-06

-0.0300372063249084,-9.27031365853149E-07
-0.0279207535843182,-8.70287462768456E-07
-0.025980899069124,-8.21521191486137E-07
-0.0239889640497169,-7.67017465428702E-07
-0.0219847291473761,-7.1362197950698E-07
-0.0199711611175953,-6.60757877880348E-07
-0.017963244996785,-6.05001352110327E-07
-0.0159516421834936,-5.46297590570389E-07
-0.0139469890825959,-4.8980044096119E-07
-0.0119392908410198,-4.33339503366769E-07
-0.00993554632518029,-3.7703091062331E-07
-0.00792888321456053,-3.1534676314432E-07
-0.00592568096913565,-2.55489398572289E-07
-0.00392193796153189,-1.93622587507704E-07
-0.00192102395444689,-1.35702063224006E-07
7.81390477306737E-05,-6.64179528619484E-08
0.00208322845283819,-1.21265859044918E-09
0.00406242472262636,6.47034999394677E-08
0.00609190013574042,1.40738520179374E-07
0.00800990278454053,2.14697121673033E-07
0.0100055056155007,2.96224082023695E-07
0.012008571588493,3.80352947101157E-07
0.0140049096954131,4.59657338144437E-07
0.0160050797778103,5.3959405791612E-07
0.0180068446532436,6.14374492874156E-07
0.0200087076082413,6.88055832958294E-07
0.0220090756529559,7.57854389352332E-07
0.024010600188409,8.21680655184346E-07
0.026009065810415,8.86146887031207E-07
0.0280098809737888,9.50143230005936E-07
0.0300134009570312,1.01014141512522E-06
0.0320153480908388,1.06398579440608E-06
0.0340176197419592,1.1222486351871E-06
0.0360159653012107,1.17751398434323E-06
0.0380148847430746,1.23248164604829E-06
0.0400164451343293,1.28542715961235E-06
0.042021294902397,1.3397368570077E-06
0.0440247333657608,1.39274402334866E-06
0.0460246324197884,1.445732239778E-06
0.0480262611499406,1.49962287362763E-06
0.0500267383143601,1.54962625043911E-06
0.0520285532396052,1.60358113715238E-06
0.0540316843993042,1.65216672488633E-06
0.0560328211663478,1.70305000251691E-06
0.0580314894429102,1.75387157491926E-06
0.0600341917030629,1.80251052812199E-06
0.062035950297094,1.8504879428324E-06
0.0640371057334976,1.90139543049241E-06
0.0660367838273076,1.95076834247051E-06
0.0680393269096842,1.99776031681845E-06
0.0700389478632858,2.04591872603861E-06
0.0720421963516561,2.09167487242162E-06
0.0740421299438719,2.13695866472059E-06
0.0760452960989747,2.18141144082814E-06
0.0780450974631824,2.22646837368695E-06
0.0800480416183842,2.27328351965835E-06
0.0820467321661669,2.32064263074793E-06
0.0840481328316719,2.3628765363026E-06
0.0860468111456562,2.40617342774576E-06
0.088050639016168,2.44832215985425E-06
0.0900517965092699,2.48932744575359E-06
0.092053944558017,2.53034640646063E-06
0.0940532604457166,2.57259077230657E-06
0.0960593904578451,2.61407597277268E-06
0.0980601882476202,2.65527992927568E-06
0.10006287718243,2.69399448631749E-06
0.102061954751794,2.7330606320319E-06
0.104062490411189,2.77302451950631E-06
0.106061967588435,2.8114525724672E-06
0.108065752539634,2.84705230054091E-06
0.110064116766362,2.88696459090524E-06

0.23979558000249,4.29565198616862E-06

-0.0320386964786584,-9.88877242285735E-07
-0.0299152968719277,-9.34865266060159E-07
-0.0279768270899438,-8.82803793222744E-07
-0.0259861880951541,-8.33047031265422E-07
-0.0239808903654604,-7.77429183031695E-07
-0.0219687756810146,-7.24983024740502E-07
-0.0199576927864371,-6.69680476360873E-07
-0.0179500021348129,-6.12167743741148E-07
-0.0159431115779421,-5.54461531324907E-07
-0.0139336378531573,-4.98601830067327E-07
-0.0119304659751001,-4.39841254384497E-07
-0.00992391407586071,-3.84703084686616E-07
-0.00792051875849069,-3.26858451370883E-07
-0.00591850435372601,-2.65023219745807E-07
-0.00391559281115049,-2.01027071590257E-07
-0.00191671610733289,-1.40577495117846E-07
8.80793824003892E-05,-7.79847920094999E-08
0.00209364663804709,-7.14465275845033E-09
0.00406782013234373,6.06234555090143E-08
0.00600148903600295,1.32707952353377E-07
0.00801727334770962,2.08170829058614E-07
0.0100114105712655,2.86047803397759E-07
0.0120136600434825,3.68374195817178E-07
0.01401111833106,4.49378200612107E-07
0.0160109978797915,5.30093747514543E-07
0.0180141585202271,6.06334369073798E-07
0.020016270904427,6.78898237590385E-07
0.0220140948306413,7.50929335598499E-07
0.0240147617048647,8.19253088333157E-07
0.026015335041381,8.81742489977119E-07
0.0280170214669746,9.43432188866062E-07
0.0300185994171391,1.00254896331762E-06
0.0320196024094996,1.06349255345821E-06
0.0340227896375444,1.11716807696274E-06
0.0360234460475738,1.1754551277732E-06
0.038025888282236,1.23281536380779E-06
0.0400233815450562,1.28598549639146E-06
0.0420253302199831,1.34031797264459E-06
0.0440292125099538,1.39200979482366E-06
0.0460328091269478,1.44646828161997E-06
0.0480309835574383,1.49660712519782E-06
0.0500332053226578,1.54958709927731E-06
0.0520316792912086,1.60430862942963E-06
0.0540387611246291,1.65369321557234E-06
0.0560383184004764,1.7035343679526E-06
0.0580409998929511,1.75301406331958E-06
0.0600420964512452,1.8043774653222E-06
0.0620432753046153,1.85474084549617E-06
0.0640422429129145,1.90119075795944E-06
0.0660442421777764,1.94935256152913E-06
0.0680451507696429,1.99668253216545E-06
0.070046655167711,2.04275355879202E-06
0.0720466939607744,2.0894023966225E-06
0.0740484926453955,2.13797667735106E-06
0.0760485981174065,2.18456392984204E-06
0.0780512717044606,2.22866616630335E-06
0.0800511126109216,2.27316430530728E-06
0.0820548943074574,2.31926493695592E-06
0.0840549173617037,2.36203900116175E-06
0.0860560592592613,2.40386446830897E-06
0.0880569005310699,2.44556957466918E-06
0.0900566623866814,2.48845214566432E-06
0.0920581260584903,2.52870109855495E-06
0.0940640547335145,2.57475323521427E-06
0.096065905753893,2.61318212739624E-06
0.0980640739592085,2.65821777251329E-06
0.100066163825731,2.69276143077933E-06
0.102068980153769,2.73363747663295E-06
0.104068359777802,2.77473163004981E-06
0.106069358043822,2.80971079909605E-06
0.108068407108936,2.8525102946977E-06
0.11007058546981,2.88523949705297E-06
0.112070602535819,2.92265681313039E-06

0.239800905426819,4.29307802019793E-06

-0.0340367772288247,-1.05220508198251E-06
-0.0319165018390066,-9.95090542904015E-07
-0.0299757467112458,-9.44597416903779E-07
-0.0279838252676101,-8.92317289510827E-07
-0.0259746482331004,-8.41207954195936E-07
-0.0239662080038008,-7.82956454139011E-07
-0.0219555044378825,-7.33381728224737E-07
-0.0199481542994121,-6.75395238448232E-07
-0.0179388574760429,-6.2268591691229E-07
-0.0159310890958251,-5.66093176650659E-07
-0.0139259877775583,-5.06835034659539E-07
-0.0119226973058066,-4.49598149137031E-07
-0.00991498751597138,-3.89158453181507E-07
-0.0079122493684835,-3.28496775758323E-07
-0.00591045160489715,-2.71165539682384E-07
-0.00390975360591451,-2.0723268902719E-07
-0.00191191393990439,-1.48018209947791E-07
9.65586373383353E-05,-8.35969844922612E-08
0.00209683510758799,-1.70020135208549E-08
0.004074836307756,5.30289850574381E-08
0.00601184117091874,1.24722478610759E-07
0.00802166015223028,2.02098200063315E-07
0.0100180655263011,2.82783044212544E-07
0.012018256264949,3.65600776219591E-07
0.0140181087008286,4.46420630059429E-07
0.0160160229936916,5.25951123745296E-07
0.0180200249275754,6.02132357300591E-07
0.0200184046707892,6.762227595882E-07
0.0220212291252626,7.4702775560421E-07
0.0240208406301248,8.1724186505223E-07
0.0260204450756651,8.78662260145784E-07
0.0280203417835101,9.44731550362277E-07
0.0300235858527815,1.00169926696421E-06
0.0320279588124084,1.0602339704156E-06
0.034029270075645,1.11904711917767E-06
0.0360296788191054,1.17459750752436E-06
0.038030550747045,1.23053724199902E-06
0.0400320915533057,1.28094544931663E-06
0.0420329354572049,1.33837413432024E-06
0.0440357455307262,1.39220754378275E-06
0.046038028419368,1.44580851897938E-06
0.0480362693667277,1.49621015864276E-06
0.0500359768873621,1.54978390411268E-06
0.052038893388089,1.60358152679074E-06
0.0540404511810927,1.6490321517438E-06
0.0560411792942595,1.70262086831828E-06
0.0580444570821255,1.75100054716679E-06
0.060045623756335,1.80293028852092E-06
0.062044878989147,1.85315657593768E-06
0.0640473338547222,1.90141765486483E-06
0.0660485910452744,1.94993357975643E-06
0.0680499982447961,1.99348163807877E-06
0.0700517741823234,2.04219008927687E-06
0.0720521228233934,2.08973775535893E-06
0.074052562417016,2.13758265556281E-06
0.076053680335581,2.18391808178662E-06
0.0780576769683085,2.22910138485478E-06
0.0800565906078874,2.27513547076791E-06
0.0820593313922373,2.31991991903359E-06
0.0840574991137968,2.36037107924529E-06
0.0860595236859204,2.40202248294968E-06
0.0880640443756118,2.45102404709467E-06
0.0900618350912591,2.49056131054064E-06
0.0920655023707286,2.53334047751034E-06
0.0940667035619734,2.57201851344925E-06
0.0960689263534235,2.61475124601708E-06
0.0980687508553316,2.65512259031001E-06
0.100072114922733,2.69476261337953E-06
0.102074220371816,2.73836295067908E-06
0.104074201400026,2.77517294044708E-06
0.10607289569442,2.81084518621341E-06
0.108074303769991,2.8515712063136E-06
0.110074295186573,2.88465751222282E-06
0.112076079870004,2.92331399816339E-06
0.114077049507839,2.96150357746387E-06

0.239797469753322,4.29347732458313E-06

-0.0360385366026109,-1.1110490683726E-06
-0.0339259088161131,-1.05588782758817E-06
-0.0319868202533612,-1.00315782524714E-06
-0.0299915482105978,-9.57071066971914E-07
-0.0279842909300499,-9.00748569009599E-07
-0.0259761339423045,-8.47334421658503E-07
-0.0239666935095396,-7.93146298923501E-07
-0.0219570598519701,-7.4027842454855E-07
-0.0199497941700515,-6.847671274193E-07
-0.0179453129883686,-6.28715015997423E-07
-0.0159385833634758,-5.71952685641022E-07
-0.0139321921468223,-5.13789279444685E-07
-0.0119295970937195,-4.54361635402078E-07
-0.00992621693642162,-3.95640420686324E-07
-0.00792047186658082,-3.38654437913157E-07
-0.00591905698404765,-2.76258615038957E-07
-0.00391577895867858,-2.18094426756014E-07
-0.00192086585336746,-1.52427514946565E-07
8.93291903050225E-05,-8.74701949974097E-08
0.00208622976948205,-2.37042667372322E-08
0.00406340424181458,4.64179733797978E-08
0.00600253410902625,1.18481133397101E-07
0.00801233942150338,1.98049697841301E-07
0.0100081106701311,2.76720104661477E-07
0.0120091613223018,3.6036183749626E-07
0.0140077035853588,4.38904607314107E-07
0.0160089894194125,5.21346302714939E-07
0.0180128166355194,5.98201310905575E-07
0.0200101830179686,6.71458651400392E-07
0.022007014066798,7.42107477365804E-07
0.0240107473188058,8.09237970126003E-07
0.0260122054237893,8.76491524916046E-07
0.0280139759673747,9.40017859129917E-07
0.030014409260433,1.00228135669699E-06
0.0320169568732696,1.05999337247684E-06
0.0340170094396271,1.11770970425078E-06
0.0360197430393914,1.17430848952673E-06
0.0380212765896522,1.2273715877045E-06
0.0400203965357853,1.28341512708253E-06
0.0420225724343827,1.33665981546714E-06
0.0440262940075746,1.39144824352811E-06
0.0460265953773715,1.44325589320177E-06
0.0480266131485837,1.49886750722178E-06
0.0500265301504364,1.54970255211962E-06
0.0520310955741501,1.59849013736936E-06
0.0540331996374831,1.65140509429459E-06
0.0560327301709108,1.70058701604048E-06
0.0580317998614112,1.75395643365753E-06
0.0600371757222222,1.80138056190137E-06
0.0620387891840683,1.85260004498249E-06
0.0640407145849435,1.90103320169546E-06
0.0660405634814119,1.94613452335475E-06
0.0680400752388826,1.99759328934518E-06
0.0700373963109235,2.04290697889499E-06
0.0720392840037502,2.08822308869843E-06
0.0740400851245464,2.13689014082112E-06
0.0760449896500404,2.18182681779556E-06
0.0780459190000899,2.22871035279161E-06
0.080046394301957,2.2718668845098E-06
0.0820479674787362,2.31638038425664E-06
0.0840495284136713,2.36220982011595E-06
0.0860488829320283,2.40181673141819E-06
0.0880517928725316,2.44705722140824E-06
0.0900526148812083,2.48890230534812E-06
0.0920537402298663,2.53001951486542E-06
0.0940569363137283,2.57192562965944E-06
0.0960630314425385,2.61296312066757E-06
0.098062262837012,2.65478248098285E-06
0.100062701450028,2.69552850751405E-06
0.102061116755178,2.73443849816395E-06
0.104063346912744,2.77362600124039E-06
0.106061763617723,2.81105319315155E-06
0.108063522687523,2.84856835341478E-06
0.110064879672669,2.88741183579441E-06
0.11206773062612,2.9229845139745E-06
0.114065781070757,2.95941799320117E-06
0.116067978286872,2.99733079439354E-06

0.239798151917895,4.2917816484268E-06

-0.0380404679835492,-1.16909033605693E-06
-0.0359162717048746,-1.11615982731613E-06
-0.0339766582867001,-1.06669494195323E-06
-0.0319899043571619,-1.01534075639636E-06
-0.0299825742739424,-9.6267307371327E-07
-0.0279681398199551,-9.10278475066936E-07
-0.0259617524372874,-8.53580953932785E-07
-0.0239518477163333,-8.00483099264293E-07
-0.021944418942618,-7.47034914754823E-07
-0.0199383955431355,-6.90039102979455E-07
-0.0179318308999631,-6.34197208944083E-07
-0.0159252741028262,-5.78966618151941E-07
-0.0139218473514961,-5.21738490126153E-07
-0.0119186121523621,-4.61910457080035E-07
-0.00991747950238845,-4.05901340752215E-07
-0.00791384170050664,-3.42638747684213E-07
-0.00591144920126348,-2.82702737981746E-07
-0.00390805295445502,-2.19691028930471E-07
-0.00191453912110075,-1.59081645002273E-07
9.96993678632458E-05,-9.4161886518528E-08
0.00209487944777239,-2.83095266814999E-08
0.00407560522815118,4.19458779783635E-08
0.00601521723938765,1.11182638440625E-07
0.0080197896160894,1.93092218974449E-07
0.0100173974981721,2.74082482460888E-07
0.0120198972091285,3.530730376038E-07
0.0140152105279363,4.39391717077651E-07
0.0160147692385912,5.16107792968452E-07
0.0180172941759283,5.94184480381191E-07
0.0200178600184977,6.65938556757233E-07
0.0220190953503848,7.39522901242941E-07
0.0240199222540612,8.0771615135375E-07
0.0260200101301165,8.72445287935296E-07
0.0280204423128878,9.34727270845182E-07
0.0300203560148379,9.96500985504796E-07
0.0320236748660429,1.05556190305E-06
0.0340245364090375,1.11450211512811E-06
0.0360245364228554,1.16841301391882E-06
0.0380266077906601,1.22750428953715E-06
0.040028414513379,1.2831177281137E-06
0.0420311366700735,1.33866222692677E-06
0.0440342991249035,1.39151511146456E-06
0.0460353881736439,1.44074807583518E-06
0.0480348311863142,1.4970045413356E-06
0.0500341003191252,1.54710377667588E-06
0.0520381944662157,1.60007913503945E-06
0.0540401996224024,1.65073770373387E-06
0.056041369210075,1.70155699825044E-06
0.0580413316177462,1.75266491737977E-06
0.0600443375792332,1.8021284352619E-06
0.0620446586650422,1.8519731168665E-06
0.0640475486970712,1.90208613941018E-06
0.066046744632823,1.94861901487125E-06
0.0680474020090069,1.99300077189524E-06
0.0700489197759107,2.04317806228864E-06
0.0720512639878059,2.08917830211606E-06
0.0740508557268828,2.13824333235493E-06
0.07605158001797,2.18259879628289E-06
0.0780509537110905,2.22867114917849E-06
0.0800535693139553,2.27443536557131E-06
0.0820560559259229,2.31657347254154E-06
0.0840583946149693,2.36105426514555E-06
0.0860595246535637,2.40578814284835E-06
0.0880606464522882,2.44760434109851E-06
0.0900614292955617,2.48838042972754E-06
0.0920615842580831,2.52839473790393E-06
0.0940637155153243,2.57139001179375E-06
0.0960704718324174,2.61431252821349E-06
0.0980682203507763,2.65452182790829E-06
0.100068645824693,2.69581312334756E-06
0.102069588121455,2.7326994372752E-06
0.10406858079935,2.77254048376461E-06
0.106068057395516,2.81010788553983E-06
0.108070356734886,2.8494457440637E-06
0.11007293811621,2.88713756036344E-06
0.112073860000031,2.92318789021062E-06
0.114075042116938,2.95936425308012E-06
0.116076668798321,2.99660630682746E-06
0.118077198999175,3.02907647460596E-06

0.239798087375979,4.29395669965064E-06

-0.0400386003121163,-1.22631177466651E-06
-0.0379083344708994,-1.17155282799236E-06
-0.0359706136204387,-1.12228715647891E-06
-0.0339787462173922,-1.07177513301837E-06
-0.0319719205635647,-1.0188614086991E-06
-0.0299597071829928,-9.68087900435964E-07
-0.0279502245203672,-9.15994267448027E-07
-0.0259414393620944,-8.62074440693819E-07
-0.0239358516330774,-8.06410371610025E-07
-0.0219278220288073,-7.53262171170015E-07
-0.0199224181668703,-6.93937884321316E-07
-0.0179172876747639,-6.41924187140873E-07
-0.0159138345342325,-5.8427689628652E-07
-0.0139110407719123,-5.29080284581652E-07
-0.0119087961726715,-4.68275295173642E-07
-0.0099043448797421,-4.09989417024781E-07
-0.00799949896353765,-3.51199344969042E-07
-0.00599725473138348,-2.90291313075028E-07
-0.00399573997785489,-2.28898121482515E-07
-0.00190044429606495,-1.6199245426899E-07
1.03392778091662E-05,-1.02724405535324E-07
0.00200561235303565,-3.40114246296224E-08
0.004083876697724,3.4313390643924E-08
0.0060274827313941,1.07170411455961E-07
0.00802967087359927,1.88116969882299E-07
0.0100294337513167,2.64439558800961E-07
0.012028675482365,3.50714632497562E-07
0.0140276670724632,4.35103016389854E-07
0.0160254974270739,5.12657020806383E-07
0.0180275210077852,5.91829288854764E-07
0.0200262627015407,6.64718010858235E-07
0.0220294042690336,7.36252471695678E-07
0.0240302135875783,8.0370774675883E-07
0.0260298320428413,8.67799221436965E-07
0.0280315655145636,9.33654693858677E-07
0.0300341164694541,9.94186968262414E-07
0.0320338405550548,1.05160215454488E-06
0.0340351700257172,1.11356065144865E-06
0.0360366140793393,1.16860962393502E-06
0.0380375075465969,1.2253851364314E-06
0.0400390759169965,1.28152912757502E-06
0.0420444406809086,1.33572202337989E-06
0.0440440660070112,1.38971053138752E-06
0.046043211471587,1.44096741225784E-06
0.0480447926677498,1.49465733739548E-06
0.0500466112262277,1.54731465345037E-06
0.0520483672346928,1.59854835083847E-06
0.0540515045010453,1.6525595103221E-06
0.0560515985639531,1.70433532953924E-06
0.0580542690946309,1.75124357659876E-06
0.0600555519039821,1.80110122866481E-06
0.0620578214745531,1.85189126283941E-06
0.0640543146325897,1.90113808934387E-06
0.0660564633674151,1.94647842416284E-06
0.068055737899856,1.99506498599269E-06
0.0700595979070646,2.04462655037285E-06
0.072058810651636,2.09087195515016E-06
0.074061637266758,2.13697097579406E-06
0.0760629787283846,2.18163187872847E-06
0.0780616052367488,2.22753654476281E-06
0.080064448445711,2.27075467680659E-06
0.082067471456595,2.31516356614769E-06
0.0840665632328086,2.35902553061771E-06
0.0860685942978945,2.40336942528369E-06
0.0880685516631515,2.44483213912079E-06
0.0900703668923073,2.49031211433238E-06
0.092072746954372,2.53217779665384E-06
0.0940759005888359,2.57495362921836E-06
0.0960793193307936,2.61229857746407E-06
0.098079050753559,2.65375034396195E-06
0.100079461952086,2.69152578264749E-06
0.102082183587492,2.73033586103106E-06
0.104080408738764,2.77376796447706E-06
0.106082156661093,2.81137139281418E-06
0.108083349870128,2.85112980599978E-06
0.110083765699114,2.88877804274794E-06
0.112082829247516,2.92216302144368E-06
0.114084434134957,2.96057235677736E-06
0.116085575645607,2.99598789081096E-06
0.118087007605011,3.0313128788849E-06
0.120085274008325,3.06636446072113E-06

0.239795907824503,4.29278929817559E-06

-0.0420377552297442,-1.28183440128028E-06
-0.0399992180764055,-1.23084053004728E-06
-0.0379643290100819,-1.18210471424767E-06
-0.0359721443411809,-1.12871933644409E-06
-0.0339672492548048,-1.07810430608951E-06
-0.0319596483893949,-1.02801649389682E-06
-0.029947026211975,-9.7608611938036E-07
-0.0279384307388425,-9.23455812007337E-07
-0.0259311740346195,-8.68088744760964E-07
-0.0239267255078636,-8.14306741335883E-07
-0.0219216970751898,-7.60087657337612E-07
-0.0199164599754577,-7.02074930662913E-07
-0.0179114415429901,-6.45867580201319E-07
-0.0159072644235022,-5.88972709112743E-07
-0.0139027871351892,-5.3188351338679E-07
-0.0119019137456775,-4.73660782877378E-07
-0.00999716611961668,-4.16973705175145E-07
-0.00799162527722369,-3.55567250892412E-07
-0.00599074742690055,-2.96455580141352E-07
-0.0039883132208062,-2.34578912912277E-07
-0.00199465540532174,-1.71941310071416E-07
1.71310755976353E-05,-1.06431863906933E-07
0.00201103778046496,-3.9841830427068E-08
0.00409278137731506,3.09429270930504E-08
0.00603458807028747,1.05729047852905E-07
0.00803264133367236,1.8144626614697E-07
0.0100339290187022,2.62800855078102E-07
0.0120337872447378,3.45658367662762E-07
0.0140313463751866,4.2772514104787E-07
0.0160329801935381,5.10464432109965E-07
0.0180328677085188,5.87656127179308E-07
0.0200328492879582,6.626357853531E-07
0.022034634519624,7.35264457472153E-07
0.0240348007286429,7.9884244499395E-07
0.0260348200661133,8.67048234716106E-07
0.0280357927018686,9.31838402151798E-07
0.0300392890848536,9.89376223360522E-07
0.032037190588278,1.05356347039744E-06
0.0340413465856309,1.10575705686344E-06
0.0360419528400962,1.16756019671204E-06
0.0380441454469383,1.22517803240523E-06
0.0400465913014267,1.28177309738417E-06
0.0420473603702527,1.33587029576072E-06
0.0440494099426865,1.39023269174381E-06
0.046050441163443,1.44341375668061E-06
0.0480518328960075,1.49438043190561E-06
0.0500518599331407,1.54419815353315E-06
0.0520534482594496,1.59935289410076E-06
0.0540570916564693,1.64892640239517E-06
0.0560556426436097,1.70186739015985E-06
0.0580616603256822,1.75337064236036E-06
0.0600617816693489,1.80016267228694E-06
0.0620612208023817,1.85252082850735E-06
0.0640582668203221,1.89971671109764E-06
0.0660623888697993,1.94873420545699E-06
0.0680620699334389,1.99647898358928E-06
0.0700634086164472,2.03957734679664E-06
0.0720633310190266,2.08892389074825E-06
0.0740668508739886,2.13990252487359E-06
0.0760684499554397,2.1852086764198E-06
0.0780682919280611,2.22933321218399E-06
0.0800692294049463,2.2723046282175E-06
0.082070770488629,2.31838681198856E-06
0.0840729579615453,2.36088108588207E-06
0.0860755007864558,2.40395526903218E-06
0.0880741888313667,2.44624011230894E-06
0.0900761156759013,2.48913294128312E-06
0.0920779547802493,2.53159307686215E-06
0.0940788292949673,2.57002076266381E-06
0.0960824347683131,2.61641588597969E-06
0.0980828651985051,2.65542769212943E-06
0.100082128544824,2.69527452324982E-06
0.10208646349432,2.73496795674639E-06
0.1040844433158,2.77113120678657E-06
0.10608503305899,2.80997236632214E-06
0.108088467225335,2.84908454930701E-06
0.110088965851694,2.88340909594175E-06
0.112087280119039,2.92224220794664E-06
0.114091357998291,2.96128872188231E-06
0.116091372741247,2.99642059919221E-06
0.118092372326229,3.03116273324274E-06
0.12009287189201,3.0676793403142E-06
0.122091997455277,3.09849502869954E-06

0.239796040033367,4.29109368196362E-06

-0.0440360601874892,-1.33897154687651E-06
-0.04192105279458,-1.2884378198102E-06
-0.0399801661822698,-1.23982599517805E-06
-0.0379872012916381,-1.1873468599944E-06
-0.0359802669540628,-1.13610381877878E-06
-0.033970542636398,-1.08418149928604E-06
-0.0319614551916561,-1.03421664422056E-06
-0.029952124202073,-9.78545321868897E-07
-0.0279452614378186,-9.26460384560057E-07
-0.0259380196946319,-8.72556128354028E-07
-0.0239349645367287,-8.18524812578476E-07
-0.0219305469052233,-7.65164963580306E-07
-0.0199261203145263,-7.07254640609497E-07
-0.0179233478140422,-6.53805315283877E-07
-0.0159190499038065,-5.96049836094645E-07
-0.0139126174128807,-5.36495806856594E-07
-0.0119118829895831,-4.7840653497741E-07
-0.0099077104878982,-4.17227760623304E-07
-0.00790360955954639,-3.61088885356385E-07
-0.00590397487977475,-2.97379258141113E-07
-0.00390194706968095,-2.33259073859827E-07
-0.00190874875853173,-1.75451730152454E-07
4.85066907494614E-06,-1.1315981661594E-07
0.0020945717386419,-4.25797763382673E-08
0.00408326293742883,2.82664133236982E-08
0.00602335539394356,1.01486106958731E-07
0.00802256899891443,1.76522477885145E-07
0.0100226735130789,2.58919286197976E-07
0.0120234433414298,3.4211964681786E-07
0.0140197800976528,4.20959735990925E-07
0.0160211414397048,5.03067796055756E-07
0.0180192607424385,5.81489290935069E-07
0.0200226985724847,6.58706840757296E-07
0.0220213141806078,7.34832337294965E-07
0.0240224529936425,7.97915720134635E-07
0.0260219928353897,8.64828551167803E-07
0.0280228860818077,9.27497797139057E-07
0.0300260250967259,9.87257392455729E-07
0.0320263271850427,1.04886514365451E-06
0.0340293802186145,1.10845599559053E-06
0.0360309263482975,1.16838845546278E-06
0.0380314310233498,1.22122358522967E-06
0.0400328976320347,1.27818266609687E-06
0.0420340148637644,1.33268934066764E-06
0.0440373443946154,1.38767386172468E-06
0.0460374651930984,1.44410765014264E-06
0.0480362996939575,1.49363123976911E-06
0.0500371886513513,1.54824634619873E-06
0.0520402044527531,1.59737173291767E-06
0.0540435489487555,1.64894744286644E-06
0.0560419497739034,1.70195701447495E-06
0.0580454658853328,1.74969223897446E-06
0.0600477346817038,1.80061564935578E-06
0.0620478340706059,1.85168228180538E-06
0.0640486726435071,1.89776192543408E-06
0.0660498230945434,1.94757712939839E-06
0.0680491893922901,1.99470995801229E-06
0.0700502003959395,2.04227311221903E-06
0.0720516478625173,2.08656050932329E-06
0.0740548784178068,2.13604876924107E-06
0.0760552269832176,2.1829999214781E-06
0.0780557235463024,2.22680174676637E-06
0.0800548307570586,2.27301348529104E-06
0.0820584717214943,2.31830951373302E-06
0.0840600989497556,2.36331083320945E-06
0.0860610936905753,2.40436715424047E-06
0.0880626145826357,2.4468751703791E-06
0.0900637501254035,2.49037552797493E-06
0.092065687279248,2.53144910548933E-06
0.0940652793030987,2.57174175032724E-06
0.0960678977972136,2.6111822935442E-06
0.098070423997879,2.65669888726828E-06
0.100069681658284,2.69359287407433E-06
0.102073658734977,2.73569298381173E-06
0.104073237421643,2.77077212506866E-06
0.106074313258913,2.81035001580636E-06
0.108073678080558,2.84732410326691E-06
0.110072687367893,2.88444913063242E-06
0.112074328626942,2.92436785002964E-06
0.11407733138604,2.95789254404845E-06
0.116077774719498,2.99490805306354E-06
0.118078157911696,3.03211931039461E-06
0.120078734382309,3.06647637684605E-06
0.122081800332259,3.09875626623164E-06
0.124082837101235,3.13514468228375E-06

0.239794816811584,4.29308494377181E-06

-0.0460392958408074,-1.39379041168757E-06
-0.0439130254111495,-1.34095436402262E-06
-0.0419720918112059,-1.29391039543319E-06
-0.0399785754130147,-1.24509843530702E-06
-0.0379718366099639,-1.19279453997431E-06
-0.0359625120462075,-1.14170356262045E-06
-0.0339538324251958,-1.09004669924433E-06
-0.0319435925307789,-1.03707893882871E-06
-0.0299378112492924,-9.8543392195724E-07
-0.0279301185319209,-9.32162341032961E-07
-0.0259262772323063,-8.76842296392506E-07
-0.0239203679176769,-8.25258051865116E-07
-0.021916538890936,-7.69848544010041E-07
-0.0199140076839892,-7.11996914063238E-07
-0.0179106176136724,-6.56953810504617E-07
-0.0159059250339168,-5.99794380591601E-07
-0.0139007862867798,-5.41897309071444E-07
-0.0119989017153544,-4.84872218221481E-07
-0.00999787576830253,-4.2653632961488E-07
-0.0079926961575522,-3.66694170305069E-07
-0.0059933605310069,-3.06072513236949E-07
-0.00399270933442233,-2.44246218941681E-07
-0.00189979972163345,-1.79251571450624E-07
1.53046538914026E-05,-1.17165812665104E-07
0.00200467756781615,-4.88840866069348E-08
0.00409684469928583,2.52187716135829E-08
0.00603408085435177,9.50575407488194E-08
0.00803092562091173,1.7644130713012E-07
0.0100316893808011,2.55130613283858E-07
0.0120320717185949,3.39059561102242E-07
0.0140297062217061,4.19659286129876E-07
0.0160316886146366,5.02331503196773E-07
0.018030766912826,5.80322859809386E-07
0.0200320208487205,6.54221968396451E-07
0.0220308130122736,7.26695961580925E-07
0.0240323498463925,7.96245216864061E-07
0.0260321572645014,8.57767524867037E-07
0.0280336105191914,9.24144457045309E-07
0.0300336546326723,9.86599143410295E-07
0.0320385457903756,1.04614143666611E-06
0.034038042252492,1.10499874569078E-06
0.0360414466406697,1.16270589099117E-06
0.0380407566696065,1.22040957825114E-06
0.0400441653793058,1.27764023705298E-06
0.04204713138074,1.3322307588009E-06
0.0440469894102862,1.38750183639018E-06
0.0460463664318785,1.43993544008394E-06
0.0480500886988733,1.49165310577633E-06
0.0500463286090785,1.54672308501526E-06
0.0520516515597686,1.59720185808718E-06
0.0540534412543557,1.65254002840427E-06
0.0560532561081889,1.70140198212882E-06
0.0580550710019864,1.75018468940605E-06
0.0600576583592729,1.80275630000855E-06
0.0620578397313843,1.85017302512361E-06
0.0640583664279289,1.89870226515674E-06
0.066059482592294,1.94585347421082E-06
0.0680594719711675,1.99476954270869E-06
0.0700601293441289,2.04342985858364E-06
0.0720626752825417,2.08724044324188E-06
0.0740633957347867,2.13635743775006E-06
0.0760655525406053,2.18267294745939E-06
0.0780655487465178,2.23007558564925E-06
0.0800672219647287,2.27282360402954E-06
0.0820667413942655,2.31449197948159E-06
0.0840675927634988,2.36192245433481E-06
0.0860690410735857,2.40198765527502E-06
0.08807287409044,2.44646159923561E-06
0.0900733464331961,2.49169608729636E-06
0.0920748146838602,2.52738441313796E-06
0.094076365627967,2.57307677122615E-06
0.0960811950455784,2.61563834765274E-06
0.0980799141166274,2.6538916927689E-06
0.100081458881246,2.69552945163776E-06
0.102081304239607,2.73463971640302E-06
0.104081815860126,2.77260042812719E-06
0.106080757664801,2.81198207600791E-06
0.108083402096441,2.84733579241761E-06
0.110084079923383,2.88417587425562E-06
0.112083957458306,2.92314616893427E-06
0.114084410331037,2.95860225532916E-06
0.116088215844516,2.99583648633719E-06
0.118089874172499,3.03085039314154E-06
0.120092904106943,3.06596794374878E-06
0.122092204922412,3.1006101505469E-06
0.124090759675213,3.13453683146115E-06
0.126093133564913,3.16702406839688E-06

0.239793626413339,4.29474186589774E-06

-0.0480370828977291,-1.45080126949794E-06
-0.045914304956719,-1.3979841192933E-06
-0.0439723981364157,-1.35101950954687E-06
-0.0419837099917739,-1.30149926181861E-06
-0.0399751556457065,-1.25013292254222E-06
-0.0379636790175408,-1.19840582685229E-06
-0.0359545958923571,-1.14474625604125E-06
-0.0339480587208202,-1.09410797102052E-06
-0.0319403553629804,-1.04338103203406E-06
-0.0299342070317107,-9.91134739487255E-07
-0.0279275024585519,-9.40529963365201E-07
-0.0259244816210834,-8.83129377281547E-07
-0.0239212487112437,-8.3124865917643E-07
-0.0219169339095747,-7.74303129481695E-07
-0.0199122901694122,-7.17907001109524E-07
-0.0179103320806933,-6.62215612382486E-07
-0.0159037285863582,-6.02283296751363E-07
-0.0139021200597169,-5.45453146841754E-07
-0.011900517816368,-4.90120410855785E-07
-0.00999845555742525,-4.32490447668739E-07
-0.00799268022550174,-3.72215122901917E-07
-0.00599463433410522,-3.10722233531505E-07
-0.00398699765168872,-2.48618103672118E-07
-0.00199745413951204,-1.81589202088707E-07
1.64120546439903E-05,-1.17405286178752E-07
0.00200343136332338,-5.39265291732314E-08
0.00409906122745514,2.08147003715937E-08
0.0060364305511692,9.26595850077961E-08
0.00802939416424113,1.65408170672711E-07
0.0100302502920886,2.52714005948083E-07
0.0120332653873534,3.34274220433883E-07
0.0140268877681126,4.18467650272992E-07
0.0160281968299391,4.98333918559298E-07
0.0180285820923973,5.80094333166638E-07
0.0200280814238954,6.5525700147937E-07
0.0220303374811609,7.23684502919554E-07
0.0240308134108718,7.92952424323036E-07
0.026032488136768,8.58790385497831E-07
0.0280362286786834,9.200787344002E-07
0.030034383588416,9.84311932537552E-07
0.0320379751499006,1.04460241011528E-06
0.0340367214354796,1.10231752052284E-06
0.0360376893691578,1.16415263319582E-06
0.0380411891064177,1.21844377406443E-06
0.0400430107158457,1.27842482633559E-06
0.0420416753134079,1.33149176469908E-06
0.044045114283332,1.38602596122532E-06
0.0460472035200153,1.43725930644028E-06
0.048048982995147,1.49324002787286E-06
0.0500482255168764,1.54643030176235E-06
0.0520508164783009,1.59828337427675E-06
0.0540501126835999,1.65014546841772E-06
0.0560525813468151,1.70215167629936E-06
0.0580527097023601,1.74884434095193E-06
0.0600578632834608,1.80145031466027E-06
0.0620568412657208,1.84879036344255E-06
0.0640574341368859,1.89740676257887E-06
0.066059845432867,1.9486124434705E-06
0.0680602244318602,1.99337528179348E-06
0.0700576180749561,2.04140141628456E-06
0.0720589703785743,2.09008419630938E-06
0.0740621753138245,2.13693797642246E-06
0.0760657660563251,2.18396939416098E-06
0.0780629047135298,2.22727222758908E-06
0.080065140971727,2.27296368651183E-06
0.0820682889252947,2.31752671528825E-06
0.0840690962044668,2.36064353386623E-06
0.0860681931559374,2.40247940136036E-06
0.0880722330819131,2.44838627784307E-06
0.0900720482900192,2.48964128446385E-06
0.0920718969962959,2.53298514231508E-06
0.0940759631871821,2.57214749873142E-06
0.0960796569826138,2.61550299328204E-06
0.0980801324203205,2.65265941650745E-06
0.100081531804897,2.69284745093962E-06
0.102083430413119,2.73324388194829E-06
0.104081849332379,2.77170454464242E-06
0.106081994491461,2.81263530471298E-06
0.108082340742955,2.8509229979489E-06
0.110081866425275,2.88577037931402E-06
0.11208298354491,2.92460990536571E-06
0.11408321753038,2.95847848520653E-06
0.116086194831523,2.99527534715913E-06
0.118087214720965,3.03223046222892E-06
0.120089324980904,3.06543460376887E-06
0.12208753966707,3.10161830982278E-06
0.124091121378864,3.1339676597385E-06
0.126091546610515,3.16509252615991E-06
0.128094264078555,3.20060320688301E-06

0.239792893130196,4.2928233915318E-06

-0.0500406736216929,-1.50650675638976E-06
-0.0479990528384073,-1.45499648320578E-06
-0.045965444678542,-1.40774261193775E-06
-0.0439748027673153,-1.35712417599407E-06
-0.0419692212701719,-1.30493192329013E-06
-0.0399579398052006,-1.2555479778028E-06
-0.0379481744340999,-1.20421531601861E-06
-0.0359402597998306,-1.15476636087006E-06
-0.0339339846401809,-1.10203386709146E-06
-0.0319278732247761,-1.04903408889319E-06
-0.0299221016455385,-9.94349139788123E-07
-0.0279175612465679,-9.41645790209303E-07
-0.0259146384529297,-8.87604523669564E-07
-0.0239103648834895,-8.35106843198738E-07
-0.0219072167680156,-7.78277178463814E-07
-0.019902398264088,-7.23563362401645E-07
-0.017998962525381,-6.68744021782208E-07
-0.0159957812972668,-6.11290688406011E-07
-0.0139946433730245,-5.53938917639367E-07
-0.0119938813646456,-4.95740709994033E-07
-0.00998810817900195,-4.37216455594347E-07
-0.00798587646088479,-3.74267473635354E-07
-0.00598764271593553,-3.14514388838437E-07
-0.00398315710898926,-2.54389591859086E-07
-0.00198881626651644,-1.8673139388905E-07
2.34767758155698E-05,-1.2317276090332E-07
0.00200626183038961,-5.52290628033523E-08
0.00400763372369585,1.35005407538511E-08
0.00604400195315039,9.1303927325447E-08
0.00803889498109861,1.68074285646451E-07
0.0100404284948633,2.46954519746459E-07
0.0120384665031572,3.32520073235012E-07
0.0140339118511107,4.14862678731245E-07
0.0160367780573685,4.9484380790929E-07
0.0180396429645117,5.75045963191716E-07
0.0200369475888435,6.47431620864891E-07
0.0220384690749249,7.21614788926846E-07
0.0240386862804009,7.91225577098164E-07
0.0260393527523515,8.57562140494765E-07
0.0280408653211631,9.209064573982E-07
0.0300409366560732,9.82621280468107E-07
0.0320449107899451,1.04443081563088E-06
0.0340469939571349,1.10146635178602E-06
0.0360483936686491,1.16033777770808E-06
0.0380467688435879,1.21628615541053E-06
0.0400503135352244,1.27399585583936E-06
0.0420528838445898,1.32917675088167E-06
0.044052438839364,1.38290021489017E-06
0.0460539031366269,1.43696803678253E-06
0.0480529365841752,1.49398134481873E-06
0.0500530325133183,1.54680397993255E-06
0.052056546530074,1.59675067934921E-06
0.0540585563781852,1.64744197017255E-06
0.0560611679117024,1.69988789992586E-06
0.0580618296694711,1.75047940586465E-06
0.0600646295169925,1.80132218358527E-06
0.0620634333233597,1.8489125825048E-06
0.0640652487237459,1.89832707339138E-06
0.0660654027340585,1.94564380381663E-06
0.0680664225399519,1.99564431828479E-06
0.0700666552429497,2.04291168452745E-06
0.0720667100627086,2.09121381035688E-06
0.0740684027314206,2.13464750232848E-06
0.0760700805123936,2.18112323582593E-06
0.07807320974779,2.22443865757017E-06
0.0800732261444279,2.27065346075038E-06
0.082072058985241,2.31766511932839E-06
0.0840757457520702,2.36120615666727E-06
0.0860769130976755,2.40442367428134E-06
0.0880806687533786,2.44669650620645E-06
0.0900773337076282,2.48910306651142E-06
0.0920784042831827,2.52918411524249E-06
0.0940840303658251,2.57252597245063E-06
0.0960873695486137,2.61190086160447E-06
0.0980849234632842,2.65229715773832E-06
0.10008582628263,2.69337352266558E-06
0.102087939948195,2.73310206857253E-06
0.10408926589365,2.77360004533139E-06
0.106088546817203,2.80921012879373E-06
0.108090220343431,2.84726276519791E-06
0.110088176253903,2.88702333638056E-06
0.112090547366039,2.92023536060419E-06
0.114092924425011,2.95981424042387E-06
0.116095506479483,2.99530851137772E-06
0.118096573966186,3.03266366515115E-06
0.12009476004497,3.06733516975648E-06
0.122096843644031,3.10061789835576E-06
0.124097129972182,3.1348569193712E-06
0.126097953909867,3.16851181254554E-06
0.128001424212705,3.19949081934671E-06
0.13000122801737,3.22990138874368E-06

0.239793304784742,4.29289081395361E-06

-0.052038629929499,-1.55885598090014E-06
-0.0499236201394559,-1.50753000665891E-06
-0.047979271661001,-1.45947516631119E-06
-0.0459914086169758,-1.4095519725777E-06
-0.0439864161502959,-1.36083168986105E-06
-0.0419747856921756,-1.31475783835639E-06
-0.0399619050046967,-1.25991062360835E-06
-0.0379551879051401,-1.21163389545605E-06
-0.0359494308195191,-1.1597116246681E-06
-0.0339424070477877,-1.10583060814213E-06
-0.0319373737473549,-1.05532749391248E-06
-0.0299344855026041,-1.00173709889585E-06
-0.0279285462829131,-9.46588101747479E-07
-0.0259234736323595,-8.93272555379774E-07
-0.0239220198742648,-8.37679707691763E-07
-0.0219201266414206,-7.83389555905137E-07
-0.0199152952454414,-7.27080841399691E-07
-0.0179110762692163,-6.7166410275588E-07
-0.0159099517995933,-6.13628203838523E-07
-0.013908189824527,-5.53434431503723E-07
-0.0119057446606013,-4.9774507713849E-07
-0.00990109229755036,-4.36285377275701E-07
-0.00799651886194603,-3.78318183964161E-07
-0.00599892343513581,-3.16388561510535E-07
-0.00399737856350799,-2.55332213214051E-07
-0.00190084804071668,-1.9186673095787E-07
9.30458101395304E-06,-1.28673805415379E-07
0.00209165867238668,-5.71047562709539E-08
0.00409906480457711,1.47364684260434E-08
0.00602932290272743,8.81634409993676E-08
0.00802461555221805,1.63020434040561E-07
0.0100257414568527,2.45021219453726E-07
0.0120240649030534,3.29310775698007E-07
0.014021637015684,4.12054961591959E-07
0.016021913356621,4.9242216805695E-07
0.0180233062813455,5.70191114225059E-07
0.0200236774508852,6.45415821206534E-07
0.0220250155780264,7.18443233859127E-07
0.0240250215087022,7.884585265891E-07
0.0260243232008571,8.55885672760114E-07
0.0280270345734694,9.18617942735571E-07
0.0300272939885671,9.81024561214817E-07
0.0320309036043958,1.04118206346374E-06
0.0340339371343634,1.09988506445957E-06
0.0360328859207,1.16012575449766E-06
0.0380330648476773,1.21765680199341E-06
0.0400356739721847,1.27366117147702E-06
0.0420389363453942,1.32742165487593E-06
0.0440383401192323,1.38253605288753E-06
0.0460384500389707,1.43918005119895E-06
0.0480394537641571,1.49082102557247E-06
0.0500411838413122,1.54419972707267E-06
0.0520444197196769,1.59792950022534E-06
0.0540458384118537,1.64891747817819E-06
0.0560467013186817,1.70095299136009E-06
0.0580489427770514,1.75213799144664E-06
0.0600499474907285,1.80097485096242E-06
0.0620505951495069,1.84907968490852E-06
0.0640501139608682,1.89967719277661E-06
0.0660510222048378,1.94520851782779E-06
0.0680512071454006,1.99391061492345E-06
0.0700520866981385,2.04262482078035E-06
0.0720532891104684,2.09056779745445E-06
0.0740571735358467,2.13492613121877E-06
0.076056663117427,2.18241999723542E-06
0.0780574294842571,2.22660596098515E-06
0.0800582908337815,2.27151858528411E-06
0.0820595284110116,2.31510443852706E-06
0.0840596133865976,2.36155262758991E-06
0.0860635104135306,2.40343597101919E-06
0.0880661016358629,2.44949312801888E-06
0.0900639358824487,2.48860275587528E-06
0.0920640174644271,2.53298828190107E-06
0.0940680265415177,2.57205346101263E-06
0.0960712975670122,2.61334504118762E-06
0.0980727237408307,2.65525539704529E-06
0.100073182275541,2.69443680078284E-06
0.102076397164281,2.73230777579623E-06
0.104077749891523,2.77442239206937E-06
0.106072651015077,2.81400990387727E-06
0.108076120073029,2.85056781261455E-06
0.110076530397015,2.88872162011666E-06
0.112075440699627,2.92563493897965E-06
0.114075149909911,2.95889431924971E-06
0.11607826166711,2.9954815257942E-06
0.118081749229741,3.03191576931149E-06
0.120081833978381,3.06598669134818E-06
0.122081648639484,3.10191395541899E-06
0.124083696324478,3.13542845889617E-06
0.126085104912884,3.16722614084312E-06
0.128087107213157,3.20055902788779E-06
0.130088011354498,3.23218481937506E-06
0.132089029997529,3.2658214295188E-06

0.239792626663997,4.29401727342902E-06

-0.0540391339905844,-1.61484486225907E-06
-0.0519249457071783,-1.56232484127362E-06
-0.0499844343026619,-1.51386931032732E-06
-0.0479898462888551,-1.46687906687284E-06
-0.0459891887071098,-1.41706191471675E-06
-0.0439776035772351,-1.36589216297743E-06
-0.0419688942192269,-1.3169191623212E-06
-0.0399575960452819,-1.26383832435863E-06
-0.0379510774340994,-1.21748461885077E-06
-0.0359431285185463,-1.16368036857413E-06
-0.0339424110159862,-1.1116005415222E-06
-0.0319370477579634,-1.06069424150987E-06
-0.0299352300094728,-1.00452891766622E-06
-0.0279279443917031,-9.52257324851894E-07
-0.0259239235536971,-8.97567385378643E-07
-0.0239225448894252,-8.41981202754447E-07
-0.021920040774547,-7.88280337770634E-07
-0.0199175040419201,-7.324619269393E-07
-0.0179145260151641,-6.76276581678556E-07
-0.0159098383229373,-6.18530554965997E-07
-0.0139067477994344,-5.59262679509004E-07
-0.0119052499558111,-5.02708215596137E-07
-0.00990097269705002,-4.41081862912345E-07
-0.00799881847097652,-3.8354915008727E-07
-0.00590092444689217,-3.14082662046128E-07
-0.00390025444857204,-2.55479732543825E-07
-0.00190135838315343,-1.89049923817978E-07
7.95048864341611E-06,-1.2789678504518E-07
0.00208690137265426,-6.11321512867687E-08
0.00410163083222095,9.06789168093749E-09
0.00602825349567789,8.34073576289409E-08
0.00802345032994573,1.58135992696352E-07
0.0100246324699223,2.40835997721824E-07
0.0120238562077778,3.24521351319948E-07
0.0140190445316904,4.08332493479782E-07
0.0160206376524739,4.92123701329168E-07
0.0180221777121414,5.6845103615541E-07
0.0200223592801287,6.45726203749639E-07
0.0220221990474988,7.16827212521088E-07
0.0240220940122202,7.83993304739612E-07
0.0260245326004596,8.50601048939456E-07
0.0280253412092928,9.16170669175185E-07
0.0300267618173476,9.77535301025453E-07
0.0320293820469738,1.03870986428809E-06
0.034028338168232,1.09791312346875E-06
0.0360294587461372,1.15887840972207E-06
0.0380314057178996,1.21513626892891E-06
0.0400342144481787,1.26940661659675E-06
0.0420365115462069,1.32952233013191E-06
0.0440384124603517,1.38161871681401E-06
0.0460363065148037,1.43614060226678E-06
0.0480347196574182,1.48921804587981E-06
0.0500381369289176,1.54218727493231E-06
0.0520443969099486,1.59560569706576E-06
0.0540452424903917,1.6484041146571E-06
0.0560447967858112,1.69906615263151E-06
0.058044750307673,1.75019433295538E-06
0.0600473762593959,1.79770463122042E-06
0.0620492462913997,1.84746648470204E-06
0.064048487619327,1.89646377031816E-06
0.0660482716556602,1.9472127126322E-06
0.0680482399116578,1.99211688477603E-06
0.0700499519523024,2.04231257808874E-06
0.0720522015615895,2.09116583988073E-06
0.0740549122718216,2.13558491976347E-06
0.0760551712541924,2.18243762087802E-06
0.0780545967292944,2.22623140612865E-06
0.0800572979128694,2.2714611660778E-06
0.0820610280044762,2.31588204429142E-06
0.0840604623623609,2.36060505707851E-06
0.0860606328286538,2.40636396839525E-06
0.0880623480650897,2.44573152935077E-06
0.0900621958992972,2.49159019557988E-06
0.0920632147702111,2.5355520873023E-06
0.0940667741527546,2.57228523589053E-06
0.0960716678570247,2.61149695648945E-06
0.0980700071874992,2.65452322161472E-06
0.100071664653938,2.69292161710222E-06
0.102069913555551,2.73255332289143E-06
0.10407040608732,2.77377115651436E-06
0.106072333097909,2.8090601030403E-06
0.108073102214235,2.84813164374734E-06
0.110073228216141,2.88711593543464E-06
0.112076065052698,2.92415948342533E-06
0.114076284960823,2.96159452804798E-06
0.116076487469684,2.99463343295249E-06
0.118077376375286,3.03001691173821E-06
0.120079447930571,3.06736852879425E-06
0.122082330884545,3.10375680997154E-06
0.124082422672686,3.13526557507697E-06
0.126083428477249,3.16867469636474E-06
0.128085217886076,3.20198808650548E-06
0.130083604292362,3.23271170034991E-06
0.132086261986185,3.26417146093893E-06
0.134087551970909,3.29553091962328E-06

0.239792334244558,4.29211038331116E-06

-0.0560376940976759,-1.66432846150266E-06
-0.0539196397001535,-1.61535776121135E-06
-0.0519816325487688,-1.56971849134927E-06
-0.0499876992815669,-1.51932321328137E-06
-0.0479785091172216,-1.47048041178065E-06
-0.045972584084494,-1.42111918895326E-06
-0.0439611286693336,-1.37029073044225E-06
-0.0419533022381023,-1.32024250775452E-06
-0.039947089528161,-1.27160034752839E-06
-0.0379435701009628,-1.2208248123965E-06
-0.0359348342038222,-1.16557694076858E-06
-0.0339318768933861,-1.1186078089693E-06
-0.0319269441514838,-1.06512468064297E-06
-0.0299228671465461,-1.00912701743493E-06
-0.0279203139639551,-9.55557258265111E-07
-0.0259167254315631,-9.00699781791509E-07
-0.0239136914641678,-8.46376907875962E-07
-0.0219110456751443,-7.91054510419276E-07
-0.0199077774745178,-7.36401522899029E-07
-0.0179056904261944,-6.77440933484162E-07
-0.0159037188710389,-6.21570610834839E-07
-0.0139017056717035,-5.60667250854583E-07
-0.0119006833251281,-5.03140695439501E-07
-0.00999454027094838,-4.4532171831095E-07
-0.00798980451412915,-3.83118299981264E-07
-0.00599293174753144,-3.23315750782285E-07
-0.00399159330498079,-2.5887101273593E-07
-0.001993872521645,-1.97078093401155E-07
1.75601184761629E-05,-1.31076539846056E-07
0.00209335406058066,-6.48386859063839E-08
0.00400732146957837,3.93357435411997E-09
0.00603468517763883,7.89811457441864E-08
0.00802893375154215,1.57352347069142E-07
0.0100313697738719,2.39875534489317E-07
0.0120299475901832,3.23222193072587E-07
0.0140269048946795,4.04039347542848E-07
0.0160280547762311,4.91215988199096E-07
0.018029219965917,5.66904921183701E-07
0.0200276984750593,6.42721936538516E-07
0.0220269424298129,7.1679280445697E-07
0.0240299254981039,7.82451505762008E-07
0.0260291104986022,8.4767627357289E-07
0.028031998055613,9.11146604766026E-07
0.0300329471619566,9.78222802919823E-07
0.0320369289685396,1.03977832759271E-06
0.0340361761015382,1.09537096547545E-06
0.0360379818803168,1.15358030591287E-06
0.0380378734233481,1.21169422616464E-06
0.0400392110966408,1.26934187668517E-06
0.0420418816994932,1.32457166010168E-06
0.0440430914696016,1.38032133348175E-06
0.0460439213556127,1.43433603717583E-06
0.0480461424775071,1.49056042494922E-06
0.0500455459402365,1.54443751137291E-06
0.0520481073684273,1.59542824676645E-06
0.0540502390413367,1.64819336526438E-06
0.0560496180025458,1.69935672543604E-06
0.0580528417526978,1.7490110387312E-06
0.0600545174558551,1.79769982817837E-06
0.062053241124551,1.84823624524796E-06
0.0640549952596022,1.89755218760247E-06
0.0660569583773019,1.95083092438503E-06
0.0680577622998387,1.9960046888065E-06
0.0700589658262712,2.04186600757365E-06
0.0720587504725626,2.08955747268848E-06
0.0740602065062354,2.13492439283225E-06
0.0760620736115673,2.18090822289042E-06
0.078061678658065,2.22760974432256E-06
0.0800643623044543,2.26839448741893E-06
0.0820644105121845,2.31634754973204E-06
0.0840655363341965,2.36054524759075E-06
0.0860664925828445,2.403472641983E-06
0.0880679901243991,2.44680561993243E-06
0.0900693143592958,2.48871299355806E-06
0.0920716500704816,2.53255540867283E-06
0.0940722593133327,2.57211187679396E-06
0.0960761112653358,2.61365077242285E-06
0.0980777986132358,2.65161827284607E-06
0.100079998677049,2.69481816681754E-06
0.102078732935499,2.73191714835751E-06
0.104080882430362,2.77381527556522E-06
0.106078720175204,2.81038285033096E-06
0.108080675274313,2.85126665897954E-06
0.11008014970874,2.88761651582042E-06
0.112080793460841,2.9220492770157E-06
0.114082219109766,2.95797902877756E-06
0.116082935049374,2.99539003571082E-06
0.118085730575653,3.03021765042238E-06
0.120086098684801,3.06314783123927E-06
0.122085348146367,3.09997384113817E-06
0.124086351979246,3.13350313588682E-06
0.12608790328668,3.16600101294691E-06
0.12809059886374,3.20013160959654E-06
0.130092135190557,3.23424937815259E-06
0.13209308234224,3.26190319623129E-06
0.13409251426497,3.29715968288489E-06
0.136093091957671,3.32517727332787E-06

0.239792016154252,4.29055090074659E-06

-0.0580398681116893,-1.71519789947853E-06
-0.0559229138367311,-1.66640142747704E-06
-0.0539814375823654,-1.6202486667121E-06
-0.0519900189415267,-1.57040996455766E-06
-0.049981326265149,-1.52356321292109E-06
-0.047971239353568,-1.47215308428785E-06
-0.0459643666212702,-1.42638004108763E-06
-0.0439550836865304,-1.37629295197382E-06
-0.0419473248661257,-1.32435121425412E-06
-0.0399403605255043,-1.2753215062309E-06
-0.0379364438811343,-1.22259673028898E-06
-0.0359331187969843,-1.16988728511779E-06
-0.0339282223021524,-1.11796227562178E-06
-0.031926208468518,-1.06588710924404E-06
-0.029921417726375,-1.01401104057354E-06
-0.0279173379099567,-9.58810772262559E-07
-0.0259152856093029,-9.07426142462543E-07
-0.0239132996987067,-8.49944039538833E-07
-0.0219101911803679,-7.95417669498435E-07
-0.0199081776444576,-7.42121556343772E-07
-0.0179054155840442,-6.83878632077218E-07
-0.015999296715502,-6.25580452221199E-07
-0.0139981573761411,-5.69376271317777E-07
-0.0119984948931573,-5.09156494369187E-07
-0.00999252411734025,-4.51952679402208E-07
-0.00799152609518302,-3.89160734813808E-07
-0.00599125500136326,-3.29463200645015E-07
-0.00399352404046671,-2.6717996545993E-07
-0.00199373905077611,-2.02057167692941E-07
1.56884529710449E-05,-1.37518274380648E-07
0.00209196720626273,-6.40232919534486E-08
0.00401088288256202,2.03395809719561E-09
0.00603546228120132,7.76685836095329E-08
0.00802871674561441,1.55103642956308E-07
0.0100307601128957,2.36780837460727E-07
0.0120306249977554,3.19974371916322E-07
0.0140268087216757,4.02803669438823E-07
0.0160276927589745,4.82700468138293E-07
0.0180288634313367,5.61655583986725E-07
0.0200289203968902,6.40086793599298E-07
0.022029729143205,7.13618139775444E-07
0.0240290903418256,7.8117559749765E-07
0.0260322877212688,8.49007398088225E-07
0.0280338933686575,9.10398412951072E-07
0.0300333057765071,9.7398942713216E-07
0.0320365449346734,1.03612113701812E-06
0.0340377015107457,1.09436612936518E-06
0.036035618267167,1.15062825960786E-06
0.0380384954827979,1.20807766288179E-06
0.0400398970256236,1.26773880707597E-06
0.0420424179548529,1.3251291876319E-06
0.0440417473347155,1.38301510575409E-06
0.0460433783713581,1.43672692557017E-06
0.0480447905724533,1.487782850458E-06
0.0500475095368136,1.54146375396908E-06
0.0520495337411006,1.59113303836879E-06
0.0540515484609496,1.64721410666432E-06
0.0560532588429661,1.69815554531268E-06
0.0580547568722646,1.74788873789594E-06
0.0600549313126987,1.80078842399481E-06
0.0620529505096627,1.84884011726349E-06
0.0640550105769685,1.89916944903951E-06
0.0660574282956803,1.94619175523492E-06
0.0680565700111446,1.99568836240519E-06
0.07005790521338,2.04023236633954E-06
0.0720586265747766,2.0855585318098E-06
0.0740576253439164,2.13407433681267E-06
0.0760607147024562,2.18017246578418E-06
0.0780621409663498,2.22724313209409E-06
0.0800628588739035,2.27291821871282E-06
0.0820638482013074,2.312821060347E-06
0.0840659288546923,2.36228621920605E-06
0.0860693269838323,2.40588703606051E-06
0.0880694264868685,2.4460277069532E-06
0.0900700276866005,2.48918704107034E-06
0.0920714711782775,2.53048727571268E-06
0.0940719296174068,2.57013513650761E-06
0.0960767343443384,2.6145444379662E-06
0.0980773115408586,2.65753866282968E-06
0.100076515191436,2.69362566364066E-06
0.102078686933823,2.73244713145313E-06
0.104078803718425,2.77477879127706E-06
0.106078744878838,2.81075186782697E-06
0.108078440642429,2.84945475070418E-06
0.110080670631392,2.88553398872021E-06
0.112082836225448,2.92172452843145E-06
0.114081738078398,2.9598914038046E-06
0.116082697014689,2.99783518124634E-06
0.118084704125223,3.03236752501394E-06
0.120087084012539,3.06804760850568E-06
0.122087354242363,3.10117547084425E-06
0.124086239281881,3.13365487005458E-06
0.126089016707132,3.16654697121515E-06
0.128089714397122,3.19927001428717E-06
0.130093247424821,3.23206140891861E-06
0.132092151853911,3.26541019620545E-06
0.134092548926851,3.29641138242078E-06
0.136095553120123,3.32519257412642E-06
0.138098193058222,3.35482460112836E-06

0.239788959178811,4.29497119804286E-06

-0.0600404202416987,-1.76867807929152E-06
-0.0579286094081412,-1.71653507837449E-06
-0.055987992444343,-1.67407937118525E-06
-0.0539945241218277,-1.62582205376685E-06
-0.0519919040189051,-1.57638243120625E-06
-0.0499799501323213,-1.53092953586045E-06
-0.0479678858145584,-1.47959918568075E-06
-0.0459628103552934,-1.43197268526886E-06
-0.0439570018597904,-1.3771971377528E-06
-0.0419510390640556,-1.33007146499718E-06
-0.0399428694697782,-1.27794003334212E-06
-0.0379390102536316,-1.22867850922925E-06
-0.0359369010829899,-1.1775291535593E-06
-0.0339333539268939,-1.12202311654786E-06
-0.0319296536122315,-1.07279104759616E-06
-0.029925908372472,-1.0171510236948E-06
-0.0279236954220229,-9.60792102039174E-07
-0.0259198412597505,-9.08626138684746E-07
-0.0239169546291824,-8.5403492008361E-07
-0.0219134117544216,-7.99733109118463E-07
-0.0199130473752571,-7.42362345355189E-07
-0.0179113198546179,-6.85874884253591E-07
-0.0159059129275935,-6.30201653048629E-07
-0.0139046852913954,-5.70354347889943E-07
-0.0119044784286687,-5.10211221048474E-07
-0.00999871057996504,-4.55176151907699E-07
-0.00799793004568542,-3.92221986634604E-07
-0.00599806405374225,-3.32788763083125E-07
-0.00399915891345925,-2.66445629222407E-07
-0.00199635613948775,-2.04627342182696E-07
8.21273565444272E-06,-1.38857090975321E-07
0.00208320749989888,-7.09080982192818E-08
0.0040087486446052,1.75439652033086E-09
0.00603137556847393,7.5120450966302E-08
0.00802329914022189,1.53319679525155E-07
0.0100271141946412,2.3564312436787E-07
0.0120244674597899,3.18833601660975E-07
0.0140217413000663,3.9884964936685E-07
0.0160228573365068,4.82271169092669E-07
0.018022238646478,5.61614600775337E-07
0.0200212892923245,6.37305214075356E-07
0.0220233705005346,7.08109777367998E-07
0.0240244160221178,7.77195917491972E-07
0.0260264985779544,8.46038799646095E-07
0.0280264527476092,9.07742394387587E-07
0.0300272718279901,9.72675982457263E-07
0.0320285374424149,1.03454211633788E-06
0.0340311240507061,1.09188943810886E-06
0.0360312305211442,1.15207608081104E-06
0.0380312630773535,1.21062371351213E-06
0.0400329279546689,1.26608016154962E-06
0.0420357569914885,1.32343570693784E-06
0.0440370685903437,1.37768516774185E-06
0.0460381151489201,1.42987564459405E-06
0.0480385645613636,1.48925814116533E-06
0.0500403806732165,1.53983156638576E-06
0.0520434875080384,1.59386952099947E-06
0.0540428758974497,1.6436648234354E-06
0.056045485419463,1.69848674540895E-06
0.0580486243199793,1.74869496709344E-06
0.0600480180015727,1.79846304729572E-06
0.0620470410069933,1.84915702062928E-06
0.0640478072882656,1.89711968153345E-06
0.0660504617087833,1.94696277461245E-06
0.0680511389869333,1.99584528176032E-06
0.070051267491271,2.04304480597064E-06
0.072051898780587,2.08992000120724E-06
0.0740534774636821,2.13640211877931E-06
0.0760557065572611,2.181537893461E-06
0.0780566332936885,2.22622090087911E-06
0.0800566425141824,2.2695243112717E-06
0.0820597878057465,2.31701129867274E-06
0.0840582082438859,2.36046091336565E-06
0.0860595958963843,2.40354257457499E-06
0.0880634492518228,2.44742493511437E-06
0.0900655575808186,2.48874623270711E-06
0.092064496720328,2.53326550209884E-06
0.0940662904830384,2.57460751046885E-06
0.096069138460481,2.61081077337105E-06
0.0980703836527227,2.65343845344347E-06
0.100070665919479,2.69327401502371E-06
0.10207047626549,2.73322026386943E-06
0.104071223304026,2.77300365886814E-06
0.106072512924855,2.81166900158828E-06
0.108072480190192,2.8495029309856E-06
0.110074094644077,2.88697899253834E-06
0.112076780638849,2.92358179960319E-06
0.114076312316463,2.96122985651826E-06
0.116078492214921,2.9942903413933E-06
0.118078442727726,3.02964127039014E-06
0.120078771768753,3.06438322460758E-06
0.122080255277218,3.09948049903418E-06
0.124080794709896,3.13470894671219E-06
0.126082562261183,3.1655885957324E-06
0.128084730790819,3.19920058372921E-06
0.1300868169949,3.23205746757677E-06
0.132085766372334,3.26316273219162E-06
0.134087598500973,3.29521045706095E-06
0.136085856673012,3.32257550815904E-06
0.138091059165396,3.35587428686141E-06
0.140093347428536,3.38643632067651E-06

0.239791339748417,4.28964415234611E-06

-0.0620382856251433,-1.81998702184074E-06
-0.059921145262512,-1.76881694040743E-06
-0.0579826053942643,-1.72414464055108E-06
-0.0559884428393941,-1.6767492556291E-06
-0.0539828374745239,-1.6299261070853E-06
-0.0519727731902135,-1.58206114799908E-06
-0.0499606451124476,-1.53422843897994E-06
-0.0479530616010695,-1.48375847772931E-06
-0.0459481317381102,-1.43482169845417E-06
-0.0439442031851737,-1.38504706183723E-06
-0.0419366998266142,-1.33240462697036E-06
-0.0399326574407932,-1.28397625082031E-06
-0.037927499422487,-1.23269663605048E-06
-0.0359244497920317,-1.17806745393522E-06
-0.0339208671825114,-1.12706064970599E-06
-0.0319176701540143,-1.07587515507844E-06
-0.0299155934824233,-1.02126732439583E-06
-0.0279123119457419,-9.70408069468555E-07
-0.0259084334516679,-9.10093306930944E-07
-0.0239061909041294,-8.59324661654223E-07
-0.0219035844265646,-8.02323263813568E-07
-0.0199007320313282,-7.4514928615306E-07
-0.0179999271159829,-6.92634566497172E-07
-0.0159991501180118,-6.31996169965803E-07
-0.0139955148143937,-5.7546563321991E-07
-0.0119945034513297,-5.17468797421077E-07
-0.00998959926769746,-4.54104445987713E-07
-0.00798826245601789,-3.94136422249108E-07
-0.00598977257435737,-3.34124866727076E-07
-0.00399217023085303,-2.70100827583576E-07
-0.0019862647284488,-2.06996349011433E-07
1.85001309112404E-05,-1.42724799594863E-07
0.00209250184166698,-7.1068314163117E-08
0.00402259514807866,-1.52487100894609E-09
0.00603625982970151,7.31470276403689E-08
0.00803226004809313,1.49716422954157E-07
0.0100367076960602,2.31362388787251E-07
0.0120332723263087,3.16031788104771E-07
0.0140307568805499,3.98353446792808E-07
0.0160323197413773,4.8110160400078E-07
0.0180327312016559,5.59072257329169E-07
0.0200336002291139,6.37001936812477E-07
0.0220345121454977,7.09825032851757E-07
0.0240328877855903,7.76998932823506E-07
0.0260334550471986,8.44811495020217E-07
0.0280348544522276,9.05669417173641E-07
0.0300357944968355,9.74240361726944E-07
0.0320393742298772,1.03173119404845E-06
0.0340382967189486,1.09173554594404E-06
0.0360394349376812,1.15108029629951E-06
0.0380419028978672,1.20835552748146E-06
0.04004329175919,1.26447887153868E-06
0.0420448204781551,1.31826674201825E-06
0.0440481941491464,1.37564027820829E-06
0.0460483028961583,1.43380806970941E-06
0.0480483806988558,1.48783647818337E-06
0.0500486400893009,1.54252491904756E-06
0.0520521298299364,1.5955377201586E-06
0.0540511275117169,1.64598093123743E-06
0.0560528011774956,1.70043746984195E-06
0.05805657788388,1.75088690014839E-06
0.060057235069041,1.80033396330299E-06
0.0620563813429716,1.85094071009597E-06
0.0640584958823039,1.89704322999203E-06
0.0660602691967972,1.94572103463476E-06
0.0680620183537294,1.99501883632655E-06
0.0700605425143356,2.04389508678158E-06
0.0720624872917432,2.088786625651E-06
0.0740625079207298,2.13575636064043E-06
0.0760626420956825,2.18238745493959E-06
0.0780652266109818,2.225046545858E-06
0.0800658973154211,2.26993895392067E-06
0.0820689825107209,2.3143184180728E-06
0.0840690617809054,2.35871967949376E-06
0.0860697853318517,2.40654052702216E-06
0.0880713136788345,2.44494847614245E-06
0.0900724229896454,2.49244061126563E-06
0.0920744667243159,2.53147602800117E-06
0.0940777037566709,2.57211016837963E-06
0.0960790192772081,2.61337495342455E-06
0.0980790118981733,2.65516885237183E-06
0.100078594011117,2.69055023310485E-06
0.102083225025164,2.73565022849513E-06
0.104081599078814,2.77260947972594E-06
0.106078561183362,2.80836262040956E-06
0.108082384862716,2.85039186092431E-06
0.110082478989577,2.8837224700832E-06
0.112085335653334,2.92384393630073E-06
0.11408495259707,2.96190100858773E-06
0.116087787791225,2.99453055344022E-06
0.118089206796247,3.03012334295396E-06
0.120086282820898,3.06512791342384E-06
0.122087854630303,3.09932390937305E-06
0.124089879191403,3.13264473261475E-06
0.126092382720621,3.16980914342647E-06
0.128094991746837,3.20014138052764E-06
0.130094171996306,3.23342942918911E-06
0.132094141564412,3.26549122599756E-06
0.134094774230691,3.2944905852108E-06
0.136097756176208,3.3254788384299E-06
0.138000760863262,3.35496392681308E-06
0.140001281144446,3.38476949274467E-06
0.142004256352619,3.41622970291641E-06

0.239790068538893,4.29219644842972E-06

-0.0640407361249456,-1.87046922672742E-06
-0.0619219457798826,-1.82206738345086E-06
-0.0599819384367065,-1.77441580381627E-06
-0.0579922680559782,-1.72907743966822E-06
-0.0559822873523134,-1.67888394181779E-06
-0.0539733601859589,-1.63449719442562E-06
-0.0519628412821206,-1.58838644716579E-06
-0.0499517323987357,-1.53707303876156E-06
-0.0479462695805658,-1.48830125634441E-06
-0.0459411261230933,-1.43565610899512E-06
-0.0439367650150395,-1.38664463155117E-06
-0.0419321867431706,-1.33793721439333E-06
-0.0399285054768776,-1.28469674459323E-06
-0.0379239059276624,-1.23333654586748E-06
-0.0359212979308106,-1.1836761781917E-06
-0.0339195455545557,-1.12817056079081E-06
-0.0319160659822147,-1.07990513964389E-06
-0.0299120167970348,-1.02260226661776E-06
-0.0279086454568441,-9.71110261478279E-07
-0.0259061020529156,-9.14533992803526E-07
-0.0239055853301969,-8.62277532194223E-07
-0.0219028322722813,-8.02916529423447E-07
-0.0199991910688695,-7.50826013542365E-07
-0.0179975977392981,-6.92312507916193E-07
-0.0159931371561633,-6.37475401286299E-07
-0.0139930329930143,-5.76688245326156E-07
-0.0119915444545616,-5.20875665957344E-07
-0.00998803818400325,-4.61263181599476E-07
-0.00798755292618463,-3.98599461749147E-07
-0.00598680516543922,-3.36310717302489E-07
-0.00399175415356756,-2.7101464005254E-07
-0.00198359203495851,-2.08325395143322E-07
2.04725687316218E-05,-1.41418926642263E-07
0.00209418764650197,-7.20460205320133E-08
0.0040265147279684,-2.15354285957319E-09
0.00603892137321585,7.00671956429089E-08
0.00803524949601648,1.46970144571672E-07
0.0100365923485875,2.26924425700013E-07
0.0120331721331478,3.12755128090324E-07
0.0140306344299738,3.97441756728931E-07
0.0160342302820159,4.80863864658808E-07
0.0180322721824728,5.57848819114677E-07
0.0200331384482854,6.35121939234272E-07
0.0220343298109866,7.05905237264291E-07
0.0240354899655595,7.72284765782767E-07
0.0260361329497578,8.41203252764188E-07
0.0280387887158602,9.0559996039003E-07
0.0300379000167092,9.70265106364528E-07
0.0320398955583426,1.02921192356209E-06
0.0340410266626594,1.08964484767791E-06
0.0360421518543421,1.15133272575684E-06
0.0380420757480837,1.20907980149574E-06
0.040046988137619,1.26452557569017E-06
0.0420467997081165,1.31867191345794E-06
0.0440482796408898,1.37423745274227E-06
0.0460468387198398,1.43024070576213E-06
0.0480491379288124,1.48461434131321E-06
0.0500504807126423,1.53730945978174E-06
0.0520538424535714,1.59308857333689E-06
0.0540538574938547,1.64355487798139E-06
0.0560552648789677,1.69447517125586E-06
0.0580551492084752,1.74777638717439E-06
0.0600564804308494,1.7935458262198E-06
0.0620584797723947,1.84638030783828E-06
0.0640608237998833,1.89296361149437E-06
0.0660617185690769,1.94329761893068E-06
0.0680630102054832,1.99059347373165E-06
0.0700616118559762,2.03927217004677E-06
0.0720613524343097,2.08866724645293E-06
0.0740630595110054,2.13435825579296E-06
0.0760633176738507,2.17955311313701E-06
0.0780642250500578,2.22527014582344E-06
0.0800677180883361,2.2702854398294E-06
0.0820676553831002,2.31392803790457E-06
0.0840703246948973,2.35522875959486E-06
0.0860716995779241,2.40231645010375E-06
0.088072939041609,2.44478897168669E-06
0.0900736901056048,2.4861618139382E-06
0.092075728324135,2.52912605912734E-06
0.0940769174649756,2.56814248099299E-06
0.0960799604652776,2.6099066924947E-06
0.0980793059477233,2.65105244302164E-06
0.100080338995345,2.6874292298674E-06
0.102081181988505,2.72896049757615E-06
0.104081631754189,2.76672456181889E-06
0.106082036533895,2.80528417766953E-06
0.108084310931748,2.84465313233149E-06
0.110084290104625,2.88351785000155E-06
0.112086022733535,2.92082710137934E-06
0.114086749737713,2.95623882894592E-06
0.116087459960125,2.99140935538359E-06
0.118091256793987,3.02832241948304E-06
0.120091035261258,3.0615220502097E-06
0.122089643589497,3.09649780242728E-06
0.124092171657124,3.13274702766948E-06
0.126093519769709,3.16405195196997E-06
0.128096182727862,3.19657911185119E-06
0.130094221470864,3.22963620986974E-06
0.132094251828986,3.26432658196319E-06
0.134094999940484,3.29353399307283E-06
0.136097767230184,3.32292056289611E-06
0.138003098026259,3.35556911011154E-06
0.140003134776285,3.38175725855311E-06
0.142000867098078,3.41194023419147E-06
0.144007503906038,3.4404160093698E-06

0.239787465299117,4.2928062624302E-06

-0.0660415028375764,-1.91670162357805E-06
-0.0639199833433392,-1.86779997919242E-06
-0.0619800816960656,-1.82363988143514E-06
-0.0599855361983693,-1.77768236695215E-06
-0.0579778113103833,-1.73203484724716E-06
-0.05596582099807,-1.68381452299352E-06
-0.0539605955955536,-1.63692693425995E-06
-0.0519516644513018,-1.59146387085165E-06
-0.0499416881751378,-1.5387864734353E-06
-0.0479362327326382,-1.49148261606193E-06
-0.0459341071999394,-1.44062197492127E-06
-0.0439312024590827,-1.38795290977132E-06
-0.0419240256002516,-1.33899036940636E-06
-0.0399186140168619,-1.28840456567506E-06
-0.0379174394813457,-1.23810523605251E-06
-0.0359137650940938,-1.18479884993271E-06
-0.0339118115971666,-1.13294455605192E-06
-0.0319096421954302,-1.08049878365256E-06
-0.0299070651550867,-1.02850848725266E-06
-0.0279045067881826,-9.71643586472106E-07
-0.0259015449076084,-9.16880087772931E-07
-0.0239002739501688,-8.62667972306808E-07
-0.0219961119261876,-8.11218553890417E-07
-0.0199932367793097,-7.52843279964343E-07
-0.0179928345714719,-6.95132901414903E-07
-0.0159892433417956,-6.40671102692566E-07
-0.013987048421999,-5.8077844587707E-07
-0.0119830308288966,-5.2429837479142E-07
-0.00998186334151376,-4.59502010607246E-07
-0.00798339821473225,-3.99860277146965E-07
-0.00598193961645297,-3.37453896571908E-07
-0.00398618202650248,-2.74664934215546E-07
-0.00197455350799214,-2.13222567639848E-07
2.69029649794557E-05,-1.44805109221972E-07
0.00200020996922693,-7.97265681905457E-08
0.00403153269223655,-7.96397958634815E-09
0.00604108275357168,6.93677359019151E-08
0.00803886098378359,1.45094245689258E-07
0.0100419841959786,2.27557122524268E-07
0.012039820357158,3.11670758923744E-07
0.0140363941332209,3.94186569909115E-07
0.0160372382499647,4.75569818333658E-07
0.0180378259394256,5.54237057000608E-07
0.0200383430613118,6.28427047480328E-07
0.0220412187387161,7.03625762960843E-07
0.0240395108961081,7.7030995120906E-07
0.0260412963394021,8.38692584293857E-07
0.0280414565202124,9.04218003055232E-07
0.0300422849121433,9.66111310464706E-07
0.0320453822857504,1.02898779533695E-06
0.0340455062999107,1.08311900464621E-06
0.0360470609901559,1.14448752164048E-06
0.0380481923745107,1.20291664059023E-06
0.0400493162823428,1.26052875908985E-06
0.0420526878973825,1.31714727355412E-06
0.0440543313553345,1.37396878210921E-06
0.0460526732595919,1.4293351412628E-06
0.0480532368066232,1.48235094708502E-06
0.0500548808139934,1.53564221973241E-06
0.0520592232437682,1.58903481333863E-06
0.0540589425511542,1.63813297033087E-06
0.0560600613678979,1.69050071764929E-06
0.0580617221073496,1.74186291327162E-06
0.0600628414393974,1.79226148827946E-06
0.0620635881400811,1.84373467088909E-06
0.0640647067252793,1.89537929437568E-06
0.0660657831826504,1.94226696553275E-06
0.0680660398318501,1.99323999486019E-06
0.0700663849384701,2.03682946724403E-06
0.0720673738937619,2.08464730256822E-06
0.0740693699460092,2.13063461689245E-06
0.076069089576846,2.17588132611013E-06
0.0780699525247279,2.22216778528275E-06
0.0800722530310713,2.26690894622561E-06
0.0820741572327922,2.3115465008308E-06
0.0840753867646479,2.3557663031732E-06
0.0860753259405397,2.39859296106414E-06
0.0880759648413075,2.44122444760359E-06
0.0900786095776215,2.48610177965908E-06
0.0920797548065116,2.52697072210574E-06
0.094083299248153,2.56880306786856E-06
0.0960866168673611,2.60881498576349E-06
0.0980834783522443,2.64963589778963E-06
0.100085796197134,2.68564386195856E-06
0.102086693549126,2.72710866635531E-06
0.104087729004682,2.76804804342799E-06
0.106086329979529,2.80462051864538E-06
0.108087243191884,2.84750618426823E-06
0.110088349955428,2.88039221606209E-06
0.112090330435231,2.91746952771499E-06
0.114090619129313,2.95339258069433E-06
0.116091052607327,2.98836506594414E-06
0.118093664352094,3.02452614300118E-06
0.120094564986672,3.05879763887504E-06
0.122096021485914,3.09244954981734E-06
0.124096914153312,3.1289435728502E-06
0.126097557074793,3.15785446917037E-06
0.128001182165084,3.1932641886008E-06
0.130000810989078,3.2258941980221E-06
0.132001832262953,3.25347833077931E-06
0.13400031808982,3.2832344126396E-06
0.136002718718089,3.31622428305552E-06
0.138005181420897,3.34737333702723E-06
0.14000783513582,3.37578720466511E-06
0.142007463960092,3.40552755113022E-06
0.144009992972143,3.43441559366216E-06
0.146010395256449,3.4609441361666E-06

0.23978804945706,4.27944124718362E-06

-0.0680401900593558,-1.96082870697764E-06
-0.0659143981514116,-1.91499263228018E-06
-0.0639739155481189,-1.87340819392183E-06
-0.061979464832927,-1.82629970271913E-06
-0.059970279911939,-1.78293371041201E-06
-0.0579620383111022,-1.73061035189407E-06
-0.055949717030317,-1.68561525164526E-06
-0.0539434218102834,-1.63507717111962E-06
-0.0519342982825212,-1.58566635931828E-06
-0.0499286950451922,-1.53959834489593E-06
-0.0479258025428128,-1.48795269486212E-06
-0.0459222211592949,-1.44219528215445E-06
-0.0439176011800254,-1.3909429270835E-06
-0.0419108205083876,-1.33960895776291E-06
-0.0399078547587293,-1.29035882682545E-06
-0.0379072353455778,-1.23755798148743E-06
-0.0359043736469934,-1.18527307727808E-06
-0.0339001602545632,-1.13209876357512E-06
-0.0319983431989242,-1.08366580542786E-06
-0.0299980493146494,-1.03199935470024E-06
-0.0279950483665121,-9.74805456778745E-07
-0.0259906626753705,-9.22421884148603E-07
-0.0239887858800436,-8.68277573249598E-07
-0.0219883955800789,-8.10938954650755E-07
-0.0199857692523886,-7.56380911507782E-07
-0.0179835882511343,-6.97452171282056E-07
-0.0159785069659706,-6.37524377703784E-07
-0.0139771274162673,-5.83249530462227E-07
-0.0119759534933912,-5.21181734379605E-07
-0.00997228153400921,-4.63217734978634E-07
-0.00797328420693615,-4.01952829941815E-07
-0.0059735779956126,-3.39800855114786E-07
-0.00397874721099042,-2.7811012499548E-07
-0.0019648726820935,-2.13820566044479E-07
3.41206471375158E-05,-1.49130403133228E-07
0.00200672477000674,-8.1369414630837E-08
0.00404433090169487,-1.04041816955873E-08
0.00605132216580496,6.67304312191221E-08
0.00804827723062296,1.4399586312298E-07
0.0100492599649661,2.24489694560865E-07
0.0120464608061808,3.07323046757516E-07
0.0140449350375905,3.91311162471653E-07
0.0160475275608188,4.70201068219909E-07
0.018047800947501,5.53353287896862E-07
0.0200482063137432,6.27515696476752E-07
0.0220474012116531,7.00246343322852E-07
0.0240502305479329,7.71144597780937E-07
0.0260498819006713,8.36461046747855E-07
0.0280506324421414,9.02219390569582E-07
0.030052110879873,9.61570697339712E-07
0.0320540629186969,1.02346702444645E-06
0.0340533912887943,1.08407570543333E-06
0.0360549508611431,1.14400719870273E-06
0.0380539578103219,1.19981162001845E-06
0.0400588002043948,1.25884336339169E-06
0.0420616428518142,1.31536504523128E-06
0.0440637280476949,1.37220012369145E-06
0.0460627347472792,1.42450340834097E-06
0.0480630197905823,1.47785007707242E-06
0.0500635228129038,1.53263129682378E-06
0.0520697151742972,1.58379354802473E-06
0.0540674337341317,1.63850965321225E-06
0.0560666644574295,1.69131706245797E-06
0.0580705608990553,1.74190066323395E-06
0.0600741360226278,1.79436647952954E-06
0.0620702601090698,1.8430041139563E-06
0.0640746894379277,1.89362551714592E-06
0.0660721795508585,1.93998062759978E-06
0.0680746848989642,1.98807343520814E-06
0.070074819123442,2.03810936930155E-06
0.0720765254507065,2.08254944469728E-06
0.0740774873338323,2.12980396036721E-06
0.0760810074040418,2.17567460797579E-06
0.0780799942274017,2.22089419986244E-06
0.0800816582489709,2.2654188792329E-06
0.0820828620435172,2.31141525264894E-06
0.0840823587810438,2.35512373707163E-06
0.0860812675613394,2.39877711763902E-06
0.08808507761367,2.44077345619176E-06
0.090086909012259,2.48453539599977E-06
0.0920887139329383,2.52650593599747E-06
0.0940924357585873,2.56779565789722E-06
0.0960950316501989,2.60831067384115E-06
0.098094750913857,2.64893974892096E-06
0.100094645275606,2.68757910575993E-06
0.102093310855746,2.7302594019966E-06
0.104096475163464,2.76517549458732E-06
0.106095070992484,2.80397872432747E-06
0.108099466266837,2.84054217791829E-06
0.110097646140621,2.87958647391254E-06
0.112099172294207,2.91811683691425E-06
0.114000312442481,2.95149186484581E-06
0.11600020873042,2.98894324430727E-06
0.118000618930547,3.02327234671357E-06
0.120002272072796,3.06012342834211E-06
0.122003384088764,3.09430656622554E-06
0.124005020247895,3.12448291801184E-06
0.126006873991163,3.15879309298565E-06
0.128010389593954,3.1913490261609E-06
0.130009684507573,3.22251931542305E-06
0.132009743815315,3.25394005223204E-06
0.134009253323475,3.28843587489675E-06
0.136011753741696,3.31819050310625E-06
0.138013372888045,3.34791210197196E-06
0.140015522433169,3.38095626699429E-06
0.142015787897077,3.40978661307725E-06
0.144018988737298,3.43201996217013E-06
0.146018278458241,3.46424615639294E-06
0.148016611295208,3.49170707351288E-06

0.239787588005952,4.29045020920356E-06

-0.0700413334738437,-2.01749052375084E-06
-0.0679288398372456,-1.96959281256352E-06
-0.0659888946335513,-1.92328009026704E-06
-0.0639940827400719,-1.87924096772648E-06
-0.0619888811232755,-1.83355789352145E-06
-0.0599780297980807,-1.786822923135E-06
-0.0579689349848127,-1.73862171363996E-06
-0.0559573341134293,-1.693237566985E-06
-0.0539532503478352,-1.64564901884766E-06
-0.0519443530779881,-1.59559798626794E-06
-0.0499418417592632,-1.54659726134402E-06
-0.0479366340164942,-1.49705149979644E-06
-0.0459356778608047,-1.44795599534224E-06
-0.0439293458127656,-1.39310885177814E-06
-0.0419255701058545,-1.34464632982056E-06
-0.0399206541785178,-1.29418031740482E-06
-0.0379188605360724,-1.24329508408941E-06
-0.0359184121785763,-1.1944716258852E-06
-0.0339159074892386,-1.13886172027951E-06
-0.0319125479381546,-1.08587571055201E-06
-0.0299117255227245,-1.03285238920534E-06
-0.0279075699197162,-9.79528544289939E-07
-0.0259073034735841,-9.24267368760055E-07
-0.023903365042016,-8.67137588827378E-07
-0.0219009514865354,-8.11809200680957E-07
-0.0199976427574739,-7.58004984123019E-07
-0.0179969096437158,-7.03900255235927E-07
-0.0159928840825236,-6.47208099122227E-07
-0.0139927375950828,-5.84077925961045E-07
-0.0119878529314823,-5.24556671303232E-07
-0.00998550040070323,-4.65496664163035E-07
-0.00798541773648493,-4.03354821806542E-07
-0.00598790509213816,-3.42575632826837E-07
-0.00399105114287659,-2.76486590006245E-07
-0.00197772138536481,-2.13957059358062E-07
2.08306621024846E-05,-1.50752364582946E-07
0.00209201748285414,-7.88071830032813E-08
0.00403117703045674,-1.12755471896868E-08
0.00603665547596536,6.37530285658176E-08
0.00803494164921066,1.41350712285105E-07
0.0100344048901632,2.2184032045532E-07
0.0120330426577278,3.08166159533976E-07
0.014032114100532,3.89006867455576E-07
0.0160335886670204,4.73583884080692E-07
0.0180330112759846,5.52518129924641E-07
0.0200345187608045,6.28363246072674E-07
0.0220328497557882,7.01000435910997E-07
0.0240356473521611,7.70967814362659E-07
0.026035662481578,8.38569765787986E-07
0.0280362280464471,9.01261723179611E-07
0.0300381596603604,9.65505621385683E-07
0.0320396722161434,1.02651618811188E-06
0.0340404212585295,1.08663395474146E-06
0.0360422620904078,1.14359597288242E-06
0.0380435354312711,1.20231110886516E-06
0.0400441740683156,1.25865567759247E-06
0.0420471136291396,1.3168063924433E-06
0.0440484772659382,1.37361384404536E-06
0.0460450213874592,1.42832677218166E-06
0.0480446176249436,1.4816149127361E-06
0.0500478096334297,1.53361058539602E-06
0.0520528116964589,1.58832705774276E-06
0.0540527460268108,1.64261495037622E-06
0.0560548541814848,1.69314793563105E-06
0.0580582525307422,1.74485319284039E-06
0.0600589292564325,1.79733650539681E-06
0.0620581508372686,1.84603581507961E-06
0.0640623201808531,1.89857941667869E-06
0.0660581562632354,1.94512611680838E-06
0.0680598862010539,1.99475255597495E-06
0.0700597553451689,2.04180468449074E-06
0.0720603763144464,2.08902669533006E-06
0.0740613787183503,2.13702128410035E-06
0.076063909248139,2.18132826053203E-06
0.0780665806109492,2.22434387054685E-06
0.0800677130275044,2.270672575509E-06
0.0820686170849627,2.31751391716684E-06
0.0840709758687462,2.36301941369079E-06
0.0860716075066235,2.40493665565711E-06
0.0880715246192467,2.44727182971931E-06
0.0900715415341097,2.48815028084048E-06
0.0920731965414386,2.52938824827619E-06
0.0940783371337695,2.5726821874595E-06
0.0960818458913764,2.61176634645486E-06
0.0980759253760254,2.65289330442413E-06
0.100079564970116,2.69397127286308E-06
0.102080595972723,2.73378131313095E-06
0.104080071329186,2.77326398224871E-06
0.106080002710805,2.80965167896846E-06
0.108081531909897,2.84984022292771E-06
0.110082920979994,2.88811460851514E-06
0.112084411746138,2.9246166491065E-06
0.114084306006041,2.9579980161544E-06
0.116087211997912,2.99418770165848E-06
0.118085104746777,3.03085812596431E-06
0.120088785235631,3.06552946572264E-06
0.122088548098149,3.10139341356048E-06
0.124090365207763,3.13470689361777E-06
0.12609144752003,3.16528607152057E-06
0.128096015506052,3.20212843124436E-06
0.130094723912842,3.23047961206508E-06
0.132097479694665,3.26456991111697E-06
0.134095450053146,3.29504878711509E-06
0.136000437022614,3.32466337030752E-06
0.138002310685295,3.35464587701134E-06
0.140003192573824,3.3866940514634E-06
0.142097526404171,3.41331693140845E-06
0.144003921997392,3.44399978308633E-06
0.14600301951941,3.47022386817326E-06
0.148006031615148,3.49609501583944E-06
0.150006150383872,3.52693619556497E-06

0.239788963206212,4.29211254130821E-06

-0.0720388252645228,-2.06476892724926E-06
-0.0699295056360079,-2.01940059841296E-06
-0.0679883303001297,-1.97162270851339E-06
-0.0659975878462435,-1.92776282710997E-06
-0.0639897624262035,-1.88603702495858E-06
-0.061979633305727,-1.83532530809369E-06
-0.059970555205152,-1.79022903674694E-06
-0.0579588566662785,-1.74394101152785E-06
-0.0559515303499066,-1.69515727021036E-06
-0.0539479466320364,-1.65106927053517E-06
-0.0519427499284908,-1.59981992766844E-06
-0.0499351441156707,-1.54915465269845E-06
-0.0479338905303691,-1.50165519687E-06
-0.0459313304320077,-1.44757596306961E-06
-0.0439254885361896,-1.39993625991186E-06
-0.0419231685632381,-1.34831858141625E-06
-0.0399208515590815,-1.29765694057325E-06
-0.0379153615180869,-1.24608702649503E-06
-0.0359139456564435,-1.19170402089078E-06
-0.0339145557414628,-1.14491129785751E-06
-0.0319111912395826,-1.08859062070521E-06
-0.0299070666471627,-1.03740092997228E-06
-0.0279053930719762,-9.79962590179775E-07
-0.0259043163982953,-9.2499131682687E-07
-0.0239025907802767,-8.70474346811829E-07
-0.0219000469559681,-8.15082653672006E-07
-0.0199986533450247,-7.61269741434973E-07
-0.0179972708693642,-7.04039202521853E-07
-0.0159933806904086,-6.4851249781816E-07
-0.0139927242977061,-5.88099042507353E-07
-0.0119893509558105,-5.26789263495363E-07
-0.00998668954194873,-4.68784548759374E-07
-0.0079859581162656,-4.04790878928564E-07
-0.0059856274690006,-3.43923553939892E-07
-0.0039916555532366,-2.79647518999065E-07
-0.00197937172217565,-2.16616461031509E-07
1.70423838967291E-05,-1.55640175924289E-07
0.00209448150617289,-8.25234932371495E-08
0.00403359131188362,-1.20486100062869E-08
0.00603550653873353,5.94712685454082E-08
0.00803471692186375,1.39230590703255E-07
0.0100371019445101,2.23410431904672E-07
0.0120342606883077,3.02392922657556E-07
0.0140319696736529,3.89851796358896E-07
0.0160331011909565,4.70397755039824E-07
0.0180316584571663,5.49244440902664E-07
0.0200330210295205,6.27143065459636E-07
0.0220335877453057,6.98034044170714E-07
0.0240353684987109,7.68705607782155E-07
0.0260340687997398,8.37339595072273E-07
0.0280355133254695,8.99703555644502E-07
0.0300377625417467,9.64968755927941E-07
0.0320429395227816,1.02493791673617E-06
0.0340418419428413,1.08428220626936E-06
0.0360417491909582,1.14497993835337E-06
0.0380424378458269,1.20186455333616E-06
0.040044551499263,1.25832062232438E-06
0.0420456292476368,1.31505726090164E-06
0.0440485181077645,1.37149966632172E-06
0.046047033434654,1.42756938265358E-06
0.0480479268088692,1.47923618555432E-06
0.0500502411829683,1.53623453747205E-06
0.0520538701703924,1.5888285747592E-06
0.0540524271918512,1.63975126580817E-06
0.0560547736580034,1.69319760702849E-06
0.0580581082392022,1.74309692791958E-06
0.0600588790400693,1.79452387094653E-06
0.0620565407050157,1.84538060821057E-06
0.0640596701761265,1.89565036278324E-06
0.0660602509658933,1.94547306728592E-06
0.0680600676681627,1.99491998807266E-06
0.0700611058065739,2.04363895201334E-06
0.0720623855224408,2.08780399518054E-06
0.0740612779080185,2.13404127000367E-06
0.076063671076243,2.18093692874705E-06
0.0780652948030578,2.22593467404086E-06
0.0800663306095152,2.27187499947788E-06
0.0820682102520263,2.31562747556966E-06
0.0840710015530621,2.35968446902331E-06
0.0860714318268058,2.40489017629698E-06
0.088071731371166,2.44603355152855E-06
0.0900741808703551,2.48907116112444E-06
0.0920733651249804,2.53055887925378E-06
0.0940773762898665,2.57130064973524E-06
0.0960778239736417,2.61617684284784E-06
0.0980766870409475,2.65355119380339E-06
0.10007866215348,2.69423859474799E-06
0.102078383088536,2.73490029454713E-06
0.104079790572952,2.77132750958791E-06
0.106080204043989,2.81279833839309E-06
0.108083211334201,2.84839760189799E-06
0.110082922810227,2.88689316719723E-06
0.112084549322071,2.92159334019395E-06
0.114086051211899,2.95924644742157E-06
0.116087072794463,2.99584589760211E-06
0.118087126697887,3.03038892645235E-06
0.120089772264594,3.06410960856461E-06
0.122090214895155,3.1002159714047E-06
0.124090455309962,3.13727006960319E-06
0.126090780602219,3.16762593976931E-06
0.128093558893758,3.19876002263647E-06
0.13009446146074,3.23302915070801E-06
0.132093915796883,3.26529546269548E-06
0.134097737929738,3.29421996638595E-06
0.136098933270341,3.32699878768734E-06
0.138001119080725,3.35266233303984E-06
0.140000309671698,3.38524620028804E-06
0.142099707577691,3.41508277244118E-06
0.144004066133495,3.44262642776756E-06
0.146003696002419,3.46930872756201E-06
0.148003176940733,3.50055871285421E-06
0.150002642302419,3.52510760777071E-06
0.152002488313762,3.55272154786221E-06

0.239784924427519,4.29433371971906E-06

-0.0740406004548867,-2.11197131380289E-06
-0.0719302835161553,-2.0676818111529E-06
-0.0699891209986604,-2.02498856693391E-06
-0.0679990939893299,-1.97857317493043E-06
-0.0659916774195044,-1.93226685169466E-06
-0.0639827659456579,-1.88798772691244E-06
-0.0619701808727497,-1.84059154023461E-06
-0.0599612229641352,-1.79435656577639E-06
-0.0579517113397381,-1.74948117441964E-06
-0.0559465359273088,-1.69864755320041E-06
-0.0539426316376943,-1.65416350112169E-06
-0.0519391284258341,-1.60195549803648E-06
-0.0499341409310576,-1.55193520942171E-06
-0.0479306543363414,-1.50415730453605E-06
-0.0459277008014222,-1.45132701902295E-06
-0.0439258122489758,-1.4025786973307E-06
-0.0419218618419352,-1.35449311301803E-06
-0.0399170419063771,-1.30332127821211E-06
-0.0379143996494636,-1.25041815280544E-06
-0.0359141853701273,-1.19636904479377E-06
-0.0339105499830249,-1.14492700702703E-06
-0.0319105993076101,-1.09050851810665E-06
-0.0299069457892016,-1.03770781138996E-06
-0.0279055213732194,-9.8242777211848E-07
-0.0259031181656932,-9.26357707360012E-07
-0.0239026475096734,-8.74749631201976E-07
-0.0219003289665503,-8.17073634490995E-07
-0.0199991498967527,-7.64748260343868E-07
-0.0179931864801585,-7.06896765271881E-07
-0.0159927848402638,-6.47491943172063E-07
-0.0139901122495429,-5.92375248542075E-07
-0.0119880681279934,-5.31271530149697E-07
-0.00998627090478635,-4.70766832026006E-07
-0.00798682941378297,-4.09907546138333E-07
-0.00598544620315955,-3.45796551140505E-07
-0.00399287585633667,-2.82934975555191E-07
-0.0019749496650397,-2.19721616478107E-07
1.82237728127256E-05,-1.56675823436924E-07
0.00209444567125055,-8.70466536546431E-08
0.00403458587486452,-1.66394947406751E-08
0.00603713540591622,6.11082687712448E-08
0.00803464482631365,1.38880232763357E-07
0.010035042049907,2.19073973355886E-07
0.0120327428605262,3.02028663245326E-07
0.0140322330309047,3.89025429602099E-07
0.0160339302348844,4.7018228690181E-07
0.0180327020151668,5.49253957070223E-07
0.0200310040447437,6.25860823698719E-07
0.0220353314275936,6.95074238817269E-07
0.0240349439275661,7.66486002910828E-07
0.0260352216295188,8.34329575075603E-07
0.0280364467255476,9.00049430870036E-07
0.0300376300858166,9.63461923246331E-07
0.0320401983395651,1.02319888581961E-06
0.0340419467785621,1.08264258558508E-06
0.0360419425099785,1.14204427184543E-06
0.0380430030089014,1.20171849515023E-06
0.0400448495567373,1.25889391896848E-06
0.0420494034099724,1.31396175519645E-06
0.04404689824291,1.37097803797164E-06
0.0460487951584396,1.42803810261064E-06
0.0480476643839563,1.48092136395416E-06
0.0500512438764448,1.53396103512573E-06
0.0520539268031962,1.58651439266982E-06
0.0540515125052584,1.63836916610551E-06
0.0560531303393894,1.69061980461859E-06
0.0580579699263528,1.74075067559622E-06
0.0600564483838543,1.79532586657342E-06
0.0620602156626296,1.84656160956289E-06
0.0640602518036837,1.89292766735596E-06
0.066061843497157,1.94510150964755E-06
0.0680579222294439,1.99238981895188E-06
0.0700610724708187,2.04139326385125E-06
0.0720613223563564,2.08786024547177E-06
0.074061965052617,2.13309533297615E-06
0.0760643832682544,2.18263862181877E-06
0.0780647061771701,2.22494221269493E-06
0.0800640371658743,2.27106029564613E-06
0.0820700499282315,2.31632499566562E-06
0.0840696736861532,2.35957595474096E-06
0.0860714056805601,2.40395400270752E-06
0.0880715766045311,2.44699988462544E-06
0.0900728350552456,2.48953236555705E-06
0.0920740038502643,2.53196119519272E-06
0.0940785676293285,2.57468089735474E-06
0.0960791060796713,2.61350798495119E-06
0.0980787648724939,2.65503619549745E-06
0.100080289931919,2.69233738435848E-06
0.10208159658493,2.73369283525179E-06
0.104080191420667,2.77069932264031E-06
0.106082279975362,2.81157805100416E-06
0.108081346262823,2.85039881447037E-06
0.1100837188701,2.88571097445071E-06
0.112083842160354,2.92307595909961E-06
0.114084747521328,2.95897385043276E-06
0.11608682108375,2.99519622060053E-06
0.118087926881021,3.02936545139184E-06
0.120088182510122,3.06588844253792E-06
0.122090694631816,3.10174808936775E-06
0.124089729442688,3.13436796819177E-06
0.126092192252723,3.16864313565785E-06
0.128091127863261,3.2014676645357E-06
0.130094288870517,3.22818597590597E-06
0.132094022423826,3.26388570616254E-06
0.134096219065201,3.2957898792696E-06
0.136096997627095,3.32469018042368E-06
0.138000495926178,3.35806886496136E-06
0.140001319270775,3.38549844616576E-06
0.142002475209338,3.41792524419793E-06
0.14400301298711,3.44379254043882E-06
0.146002753820248,3.46833016581516E-06
0.148003440690963,3.49738738632437E-06
0.150004344616473,3.52335330602778E-06
0.152003086136187,3.55107609009563E-06
0.154001973404591,3.57779548046442E-06

0.239786975847912,4.29102365196204E-06

-0.0760417692137998,-2.16147714491195E-06
-0.0739307739012199,-2.11335825401282E-06
-0.071990174648286,-2.0708962676516E-06
-0.0699977246396318,-2.02668076631721E-06
-0.0679937816710528,-1.98255413999338E-06
-0.0659803851652707,-1.93403559253593E-06
-0.063970505026601,-1.89101437023016E-06
-0.0619615866637843,-1.84567836639138E-06
-0.0599548057816393,-1.79761511884682E-06
-0.0579440398677045,-1.75294317865665E-06
-0.0559410431330807,-1.70297197698178E-06
-0.0539378262946152,-1.6527717578697E-06
-0.0519320612324225,-1.60576374840476E-06
-0.0499272326742446,-1.55787822840219E-06
-0.0479279251008413,-1.50676055332785E-06
-0.0459247170221099,-1.45618078149804E-06
-0.0439230726047899,-1.40423924609057E-06
-0.0419173081341705,-1.35611573947552E-06
-0.0399154496031989,-1.30355082765555E-06
-0.037914437812413,-1.25435877156586E-06
-0.0359117604817206,-1.20102802555572E-06
-0.0339096133430525,-1.14574915145278E-06
-0.031909789979345,-1.09196136714324E-06
-0.0299052346931858,-1.03731334376552E-06
-0.0279023933507006,-9.86412581113681E-07
-0.0259002251411041,-9.29869113244825E-07
-0.0239982162699569,-8.77803140833694E-07
-0.0219931811386871,-8.25213528189814E-07
-0.019995287710361,-7.66618648091447E-07
-0.0179938264884303,-7.07856290937092E-07
-0.0159903947359758,-6.51133778623532E-07
-0.0139874569631692,-5.91618338568889E-07
-0.0119870784968376,-5.33300819162894E-07
-0.00998132569589336,-4.71815071601305E-07
-0.0079817692834302,-4.11870426164105E-07
-0.00598266858400288,-3.49189740185905E-07
-0.00399024425085016,-2.89372504618096E-07
-0.0019737331669185,-2.21941687791505E-07
2.05616496148597E-05,-1.56898399196741E-07
0.00209857897692093,-8.71554463504592E-08
0.00403864101615208,-1.58457674112381E-08
0.00603649360410111,6.02992149298218E-08
0.00803558220825232,1.3675828475171E-07
0.0100386722013968,2.17928381325874E-07
0.0120352592960961,3.01850985344762E-07
0.0140366938687038,3.82516871152697E-07
0.0160371538902428,4.68563465038082E-07
0.01803263498758,5.48003504554085E-07
0.0200338716921217,6.24255787165122E-07
0.0220369078384124,6.96082956325018E-07
0.0240359936355993,7.64578281064932E-07
0.0260387006586654,8.34305380032259E-07
0.0280386283430224,8.94890083274113E-07
0.0300408751853469,9.60177215701209E-07
0.0320414499203525,1.02200951098915E-06
0.0340426564523291,1.07856629399954E-06
0.0360448144314818,1.14010695996356E-06
0.0380466191236156,1.19946885440673E-06
0.0400463215094583,1.25545206727687E-06
0.0420475722471962,1.3120640440591E-06
0.0440480200070237,1.36832617430178E-06
0.0460503481251851,1.42276426502872E-06
0.0480493290941352,1.47608448331018E-06
0.0500533424995575,1.53162596991904E-06
0.0520574789963456,1.58374861223194E-06
0.0540559628449067,1.63802456095115E-06
0.056056164738094,1.69160391121898E-06
0.0580591535981029,1.74197875575229E-06
0.060058825674794,1.79216716582495E-06
0.0620595235306197,1.84301581060005E-06
0.0640603544897294,1.89209609667919E-06
0.0660617700543187,1.94136460805682E-06
0.0680640220069205,1.99040212383327E-06
0.0700654296701698,2.03787559378055E-06
0.0720673990129876,2.08804001112208E-06
0.0740659820808957,2.13235911879414E-06
0.076066555249173,2.18243090710941E-06
0.0780692346093482,2.22607731914465E-06
0.0800679806914596,2.26860286151629E-06
0.0820712324022866,2.31342417556495E-06
0.0840720761541184,2.35871602288764E-06
0.0860729230177561,2.40273671253671E-06
0.0880726657678159,2.44426659403207E-06
0.090074390418649,2.48879385850317E-06
0.0920747323301819,2.53050980729997E-06
0.0940806820118839,2.57422316220211E-06
0.0960821233213325,2.61041055483432E-06
0.0980807651831759,2.65280055550913E-06
0.100083882307659,2.69385868236408E-06
0.102085887479696,2.73242033632305E-06
0.104082937214014,2.77101274174003E-06
0.106083820566085,2.80893493921124E-06
0.108084508258544,2.84721767205116E-06
0.11008642921101,2.88435788032649E-06
0.112082496669839,2.92095389869228E-06
0.114086952231433,2.95751726236655E-06
0.116089965305546,2.99205937706526E-06
0.118091040415452,3.02993750044389E-06
0.12008881081709,3.06325243415197E-06
0.122090249619142,3.09932293527715E-06
0.124092034202166,3.13380555519601E-06
0.126092468429151,3.16325359796311E-06
0.128094459816773,3.1996308194055E-06
0.130096677938097,3.23142523438469E-06
0.132097384493319,3.26012560610349E-06
0.134096832686124,3.29279478916574E-06
0.136002017609511,3.32258953513989E-06
0.138003419473167,3.35015797746019E-06
0.140003301545304,3.38122423328109E-06
0.142002512181997,3.40912909835026E-06
0.144005493523628,3.43835221488289E-06
0.146006724071803,3.46522542248605E-06
0.148005978588168,3.49156878186842E-06
0.150006859197742,3.52001585868316E-06
0.152004935507686,3.54510365341922E-06
0.154006107688342,3.57212672192882E-06
0.156006038348341,3.59588973126588E-06

0.239783979591279,4.29641390898912E-06

-0.0780411613064132,-2.20524301856876E-06
-0.0759309600001721,-2.16345126263244E-06
-0.0739906407273739,-2.11625579965269E-06
-0.0719967616783547,-2.07722063768069E-06
-0.0699909603336588,-2.0308353827055E-06
-0.0679806354660467,-1.98396656405046E-06
-0.0659724197404486,-1.94011664839732E-06
-0.0639636347813793,-1.89307904140336E-06
-0.0619545155231611,-1.84663258323398E-06
-0.0599498124149691,-1.79854340975261E-06
-0.0579436891410472,-1.75257708344831E-06
-0.0559414348192294,-1.70442341732585E-06
-0.0539351057646109,-1.65597945564153E-06
-0.0519300875411532,-1.60747205783551E-06
-0.0499272102750625,-1.55678832000185E-06
-0.0479240921567467,-1.50783799330077E-06
-0.0459230256161782,-1.4575100926964E-06
-0.043918649485937,-1.40632751286349E-06
-0.0419160601482094,-1.35616926229826E-06
-0.0399138153485794,-1.30690720992569E-06
-0.0379117074336841,-1.25294725791379E-06
-0.0359106830966477,-1.20220898194976E-06
-0.0339108158502033,-1.14992487200322E-06
-0.0319090963105773,-1.0966182348664E-06
-0.0299042177179026,-1.04110997616703E-06
-0.0279022637278431,-9.88316208010308E-07
-0.0259016107274556,-9.33807641445595E-07
-0.0239992716498902,-8.78017565565146E-07
-0.0219952088052891,-8.24214963758476E-07
-0.0199946235994572,-7.70961583441283E-07
-0.0179947324025733,-7.11380588606381E-07
-0.0159888251875704,-6.52181173357971E-07
-0.0139872929695998,-5.94900311152469E-07
-0.0119853834546489,-5.37434159048988E-07
-0.00998278590441582,-4.74676723680818E-07
-0.00798366178182529,-4.12242146776214E-07
-0.00598442528506248,-3.5190814678137E-07
-0.00398939278629849,-2.91130386163429E-07
-0.00197167573649882,-2.24445999349511E-07
1.94864973411343E-05,-1.57414627871036E-07
0.00210008744157988,-8.82044818276662E-08
0.00403819732910116,-1.84031369670583E-08
0.00603479961792772,5.6480985581353E-08
0.0080359349601646,1.33122594534036E-07
0.010037157113729,2.15115273877109E-07
0.0120345628693911,3.00224354791178E-07
0.01403647779169,3.84445221352363E-07
0.0160377963338999,4.68400386399698E-07
0.0180344977069236,5.4809507331444E-07
0.0200355564266571,6.21022019215359E-07
0.0220370250962094,6.94496453839024E-07
0.0240383263271612,7.62844124374349E-07
0.0260370317434725,8.3390286862366E-07
0.0280386413748295,8.97220588962726E-07
0.0300394368644046,9.62340116952062E-07
0.0320410236855405,1.02114227341664E-06
0.0340441178452689,1.08305977212294E-06
0.0360445442875868,1.13960889724101E-06
0.0380442968661279,1.20187971551337E-06
0.0400473158164199,1.25309409583063E-06
0.0420495064926345,1.31250082116396E-06
0.0440480849981721,1.36934351255817E-06
0.0460488292829166,1.4233987311483E-06
0.0480502011346607,1.4795476789414E-06
0.0500517695450867,1.53336823783118E-06
0.0520552707288181,1.58458722637131E-06
0.0540540918926046,1.63997270028352E-06
0.0560546708348454,1.68889121151416E-06
0.058059133390196,1.74299855922059E-06
0.0600597794032053,1.79287800855549E-06
0.0620594494952342,1.84420522664225E-06
0.0640597422736313,1.89597983198605E-06
0.0660609152449916,1.94301286072931E-06
0.0680630420908472,1.99373607941877E-06
0.0700630344796581,2.03734268839726E-06
0.0720630104702953,2.0873139350304E-06
0.0740663573577367,2.1359380370173E-06
0.0760665610477463,2.17796844644712E-06
0.0780672209644238,2.22681698762055E-06
0.0800677197854045,2.27245555313638E-06
0.082069164938248,2.3154197458742E-06
0.0840699675795819,2.36170861031437E-06
0.0860726198268632,2.40483134839816E-06
0.0880729724321989,2.44697201798989E-06
0.090075336509045,2.48871514406207E-06
0.0920752043492477,2.52958158383159E-06
0.0940800351437527,2.57150185298822E-06
0.0960808279184975,2.61404531123122E-06
0.0980803198774133,2.65368013412728E-06
0.100081889835669,2.69516696807727E-06
0.102084349628596,2.73359729892394E-06
0.104082871007365,2.77396119512981E-06
0.106082383919022,2.81017876974858E-06
0.108084601749648,2.84932479132611E-06
0.110084696105247,2.88663558627124E-06
0.11208552517775,2.92099816760404E-06
0.114086728828598,2.95966192179857E-06
0.116089662553623,2.99497854763393E-06
0.118089299744031,3.03304197402336E-06
0.12008985636538,3.06660309922854E-06
0.12209324948682,3.10081751308314E-06
0.124091169746908,3.13625043098189E-06
0.126093273576364,3.16616373191912E-06
0.12809449091669,3.20243377284123E-06
0.130095425266393,3.2341407589676E-06
0.132095084895889,3.26380295297E-06
0.134097669840722,3.29838152882725E-06
0.136099380129462,3.32438878016866E-06
0.138001731066565,3.35395043248893E-06
0.140003149517766,3.38502980113915E-06
0.142000674534583,3.41461096534944E-06
0.144002155207546,3.44344263020838E-06
0.146004222866803,3.46974227516433E-06
0.148005206882068,3.49892647281957E-06
0.150005579106818,3.52654694684659E-06
0.152003877936556,3.54820123339699E-06
0.154005394932764,3.57827687865417E-06
0.156007056216699,3.60506117378154E-06
0.158008369973158,3.62625307949123E-06

0.23978497983962,4.29374821315761E-06

-0.0800406277636139,-2.25086575877286E-06
-0.0779334591687045,-2.20663896541917E-06
-0.0759926440785004,-2.16350857693611E-06
-0.0739003132537191,-2.11995008080163E-06
-0.0719934116610687,-2.07805817282154E-06
-0.0699844539813282,-2.03066205358111E-06
-0.067975775642531,-1.98955645079101E-06
-0.0659658315883352,-1.94375392245745E-06
-0.063956076466361,-1.89778749125052E-06
-0.0619507406870959,-1.85071917026379E-06
-0.0599459296241809,-1.80324973906794E-06
-0.0579395776473744,-1.75448942850317E-06
-0.0559351409080096,-1.7059999765407E-06
-0.0539331665339184,-1.66069863552959E-06
-0.0519257850377786,-1.60893454292838E-06
-0.0499270201842995,-1.56078356680919E-06
-0.0479271734852975,-1.51231184339195E-06
-0.0459230751230997,-1.46301848507603E-06
-0.0439190921329993,-1.41022346932727E-06
-0.0419156882785201,-1.36188871877851E-06
-0.0399139840333598,-1.30857974006503E-06
-0.0379126723832749,-1.25653063075239E-06
-0.0359104370288416,-1.20631635094077E-06
-0.0339099611912295,-1.15267792550362E-06
-0.0319046887084869,-1.09992437626767E-06
-0.0299032494067906,-1.04219110271824E-06
-0.0279017620155485,-9.92258055630157E-07
-0.0259018020127624,-9.34483296835312E-07
-0.0239977731973459,-8.83771666140445E-07
-0.0219978301931263,-8.25096479328842E-07
-0.0199952162731135,-7.69884229638387E-07
-0.017991425316764,-7.13929119434724E-07
-0.015986528663848,-6.57380863509907E-07
-0.0139880166517664,-5.96606970239983E-07
-0.0119850248112925,-5.3794037233158E-07
-0.00998370939274245,-4.772344615886E-07
-0.00798050367271001,-4.18055283182343E-07
-0.00598518909880112,-3.51907404033253E-07
-0.00398990770007199,-2.90517275223015E-07
-0.00197568749088265,-2.26369890250581E-07
1.58691455823398E-05,-1.5743920131317E-07
0.00210007202238804,-9.0867367298873E-08
0.00403900756024684,-1.74199289613486E-08
0.00603509430212937,5.51366630033142E-08
0.00803730929579789,1.30463565171278E-07
0.0100364281279125,2.12799827336332E-07
0.0120360253039425,2.97942134286619E-07
0.014033443819268,3.80665039931856E-07
0.0160353511180334,4.63973577647051E-07
0.0180349251966541,5.42165287052003E-07
0.0200355646470229,6.21036851698573E-07
0.0220359331846319,6.94987203349332E-07
0.0240363921547758,7.65063347100364E-07
0.0260389167183688,8.28396870272013E-07
0.0280396042337793,8.95186081043461E-07
0.030040913601041,9.62154525459008E-07
0.0320426669622629,1.01902862020617E-06
0.0340442391297637,1.07919384778481E-06
0.0360434899361973,1.1412650513298E-06
0.0380422854774814,1.1970343714747E-06
0.0400451742780597,1.25801247083552E-06
0.042048872556866,1.31156918835996E-06
0.0440465304542793,1.36529782256973E-06
0.0460452819667663,1.42421770601589E-06
0.0480493933951304,1.47767203482252E-06
0.0500524092956419,1.52906110050537E-06
0.0520575248337079,1.58507225119499E-06
0.0540551923648695,1.63742642111529E-06
0.0560557686696018,1.69048905847077E-06
0.058057819123797,1.74134419222312E-06
0.0600589621283618,1.79396473241157E-06
0.0620605033892009,1.8425395376533E-06
0.0640614888743799,1.89355173312864E-06
0.066062229313508,1.94280030551267E-06
0.0680618297485336,1.98928268534132E-06
0.0700630308849352,2.04214785098039E-06
0.0720633322879247,2.08828737902729E-06
0.0740642371103954,2.13237700469332E-06
0.0760668168116306,2.18093693624009E-06
0.0780674730928919,2.22668258486661E-06
0.0800694102017201,2.27212484008805E-06
0.0820707437325445,2.31960883776401E-06
0.0840699127535347,2.35953740302278E-06
0.0860701148443885,2.40316136589424E-06
0.0880713067319999,2.44865768343767E-06
0.0900732221295046,2.49056536427816E-06
0.0920775408205876,2.53238794660293E-06
0.0940785378825439,2.56965331870732E-06
0.0960801113749506,2.61415599849672E-06
0.0980793001420579,2.65127171949994E-06
0.100083189098305,2.69471942346629E-06
0.102080488553346,2.73304245390395E-06
0.104082576565608,2.7731076623372E-06
0.106082645392414,2.81084538103259E-06
0.108084986182092,2.84837360916687E-06
0.110084319804298,2.88479986509784E-06
0.112086484983894,2.92262074161021E-06
0.114086669830132,2.95944234559846E-06
0.116085990868371,2.99650383193964E-06
0.118088559980633,3.03140146166669E-06
0.120090513177462,3.06443297842851E-06
0.122089678674194,3.10003183730896E-06
0.124091271936333,3.1334405389862E-06
0.126091533406729,3.16862789480366E-06
0.128094848604971,3.20155128692149E-06
0.130095928695682,3.23159722974701E-06
0.132097291085482,3.26339807375908E-06
0.134096387930561,3.29529698674833E-06
0.136098580558777,3.32656285729661E-06
0.138099556540633,3.35457790010418E-06
0.140000972542934,3.38519957856005E-06
0.142000148848027,3.41207946995964E-06
0.144003380589693,3.44328356784228E-06
0.146003024591364,3.47091286867669E-06
0.148004289949231,3.50177436954113E-06
0.150003726733521,3.52383280098402E-06
0.152005469835111,3.55172441834905E-06
0.154005576718742,3.57976573177353E-06
0.156006571439652,3.60267516335971E-06
0.158007179161973,3.63081282236093E-06
0.160007794815479,3.65334640279377E-06

0.239783874513,4.29225870065026E-06

-0.0820405058099989,-2.29682049333604E-06
-0.0799226415503474,-2.25320618150696E-06
-0.0779829164753403,-2.21035577066235E-06
-0.0759911984800499,-2.16799822236682E-06
-0.0739835617947723,-2.121892270656E-06
-0.071973107190603,-2.07880800186689E-06
-0.0699625249210435,-2.03505139710715E-06
-0.0679544365520843,-1.9907128974338E-06
-0.0659497456332502,-1.94711681618398E-06
-0.063941596429591,-1.90001019824261E-06
-0.0619370458002209,-1.85283318314044E-06
-0.0599317963173694,-1.80532695359901E-06
-0.0579244362293975,-1.75782722802092E-06
-0.0559228317929591,-1.70745238348761E-06
-0.0539185146484376,-1.65878967733121E-06
-0.0519138713320974,-1.61317689538434E-06
-0.0499139919849465,-1.56292956749632E-06
-0.0479129692956686,-1.51470853889641E-06
-0.0459115332581856,-1.46234120369548E-06
-0.0439069797876271,-1.41201672741283E-06
-0.0419013259594195,-1.36011771503756E-06
-0.039901816278138,-1.31121069813843E-06
-0.0379999073114706,-1.26087098100159E-06
-0.0359986392390061,-1.21010156394121E-06
-0.0339960933944584,-1.15750129618688E-06
-0.0319942403171468,-1.10052102498751E-06
-0.0299911465953577,-1.05158945337887E-06
-0.0279888897642608,-9.94801618569451E-07
-0.0259912931907389,-9.42274703982302E-07
-0.0239897761287409,-8.85206419472581E-07
-0.021984376598984,-8.26218645289286E-07
-0.0199803776260242,-7.72421415996112E-07
-0.0179791583611069,-7.14871572196169E-07
-0.015978511693947,-6.56209370832109E-07
-0.0139773130371025,-6.00387910331329E-07
-0.0119744768133473,-5.38003742889128E-07
-0.0099711870751902,-4.81239565497056E-07
-0.00797072890680895,-4.15724824325264E-07
-0.00597284160538847,-3.54475015901507E-07
-0.00398009095809072,-2.89350239033922E-07
-0.00196357270865496,-2.2583151962736E-07
2.54029619779278E-05,-1.61952133255483E-07
0.00201444450967573,-9.28473724455696E-08
0.00405145837341984,-1.89266966587173E-08
0.00604727231770345,5.34928696294203E-08
0.0080493703852812,1.31180351760027E-07
0.0100502896999464,2.13751150926807E-07
0.0120448522340271,2.97423736375703E-07
0.0140457024447689,3.81081021962682E-07
0.0160471112491332,4.65833675570143E-07
0.0180458660586143,5.45220467632827E-07
0.0200461295600009,6.20536067127317E-07
0.0220495294066853,6.92490722960318E-07
0.0240473855463273,7.62455107940374E-07
0.0260487324775184,8.27920035346867E-07
0.0280489229653918,8.91336933633812E-07
0.0300524331538661,9.56270559168714E-07
0.0320535301823591,1.02108890045482E-06
0.03405459597056,1.08009854683741E-06
0.0360542688794523,1.13767219978886E-06
0.0380571112016958,1.19668674287657E-06
0.0400571790492942,1.25572984195999E-06
0.0420588345613402,1.31053276531713E-06
0.0440585816852152,1.36618428729653E-06
0.0460618067646444,1.41979805312153E-06
0.048061807554778,1.4773409920802E-06
0.0500637049950863,1.5295664689471E-06
0.0520673079381326,1.58413815317908E-06
0.054066097268702,1.63780547929203E-06
0.0560663565147315,1.69121993011147E-06
0.0580686216799174,1.7408006841807E-06
0.0600699197008191,1.7936674083732E-06
0.0620717037482037,1.84389983259407E-06
0.0640711235088612,1.89241812528799E-06
0.0660720903530764,1.94314341205795E-06
0.0680734381897745,1.99239204438634E-06
0.0700735311617162,2.03907180601486E-06
0.0720754613553134,2.0856509510308E-06
0.0740783372519272,2.1350935333443E-06
0.0760772675539395,2.18163234329728E-06
0.0780764376199522,2.22521454742716E-06
0.0800767817034453,2.27252865528653E-06
0.0820796177722871,2.31557945264219E-06
0.0840815439304229,2.36336531514198E-06
0.0860830234550772,2.40714182143011E-06
0.0880831643477079,2.44843093639319E-06
0.0900851220370069,2.48997766225443E-06
0.0920855798922659,2.52901109333296E-06
0.0940917568644179,2.57523840989886E-06
0.0960925941771584,2.61381750766735E-06
0.0980910594686459,2.654389350867E-06
0.100092844349371,2.69447807247647E-06
0.10209493896697,2.73446915970541E-06
0.104095146121071,2.77215766407912E-06
0.106094927738332,2.81119762909317E-06
0.108093412269045,2.85128969260086E-06
0.110094619357288,2.88702005442671E-06
0.112095045923644,2.92451929946168E-06
0.114096490502061,2.96019239943518E-06
0.116000045327774,2.99344680432314E-06
0.118001050508004,3.03047520137618E-06
0.120000693600588,3.06653449290557E-06
0.122100450824824,3.09910202531497E-06
0.124004252950236,3.13215735497483E-06
0.126002868682183,3.16619926394004E-06
0.12800441243039,3.19858029445138E-06
0.130006556017969,3.23423006108175E-06
0.132007012038175,3.2637440126755E-06
0.134008143568153,3.2955638890227E-06
0.136008893518543,3.32191809833469E-06
0.138013268692632,3.35430310016005E-06
0.140013581276332,3.38494563925409E-06
0.142013448367277,3.41434437778298E-06
0.144015131111022,3.44401821597782E-06
0.146014353745035,3.47039664281229E-06
0.148015458077304,3.49746092307116E-06
0.150017644220265,3.52750574193988E-06
0.152014975089228,3.55445515381396E-06
0.154015749435505,3.58160582888539E-06
0.156014383418444,3.60129479455052E-06
0.158017420460443,3.63123751318368E-06
0.160019960781729,3.65313529373487E-06
0.162021889944177,3.6766286283708E-06

0.239783290895762,4.29587889056705E-06

-0.0840415440081547,-2.34238189547114E-06
-0.0819282860527518,-2.29617639116018E-06
-0.0799912404500902,-2.26043795183147E-06
-0.0779988306213047,-2.21197025217957E-06
-0.0759911604722217,-2.17097266913083E-06
-0.0739823862064218,-2.12652600734826E-06
-0.0719722695416527,-2.08303555555834E-06
-0.0699648435731759,-2.04168506506103E-06
-0.0679588677789007,-1.99074809226768E-06
-0.0659480800096929,-1.94978894104839E-06
-0.0639466170142861,-1.90304899527984E-06
-0.0619363254549487,-1.85166046160321E-06
-0.0599380193502397,-1.80898051004663E-06
-0.0579320131696325,-1.75906516902463E-06
-0.0559258563589643,-1.71400084802314E-06
-0.0539233761978975,-1.66537228767427E-06
-0.051920870026396,-1.6166031652882E-06
-0.0499194102604128,-1.56958558720439E-06
-0.0479199598450016,-1.51715974630559E-06
-0.0459167841207921,-1.46298693935523E-06
-0.043914811656998,-1.41416149174748E-06
-0.0419106450524497,-1.36263958186412E-06
-0.0399083223640021,-1.31110084260097E-06
-0.0379090583093583,-1.26089518728451E-06
-0.0359061842425121,-1.20910284964896E-06
-0.0339015727617475,-1.15664514457493E-06
-0.0319019517129678,-1.10033652747907E-06
-0.0299968853121517,-1.05119699014404E-06
-0.0279985731822898,-9.95251279965738E-07
-0.0259973771325165,-9.4353326584674E-07
-0.0239951102471309,-8.86705796574095E-07
-0.0219901905807609,-8.30113590191943E-07
-0.0199889232741291,-7.7627029365613E-07
-0.0179846035843145,-7.16480782356011E-07
-0.0159857856691872,-6.60370000389264E-07
-0.013983364545458,-5.97826736862267E-07
-0.0119818096902465,-5.41373415948417E-07
-0.00997728353446826,-4.79812052319962E-07
-0.00797825575163375,-4.1974855781765E-07
-0.00597922784675246,-3.56383447713447E-07
-0.00398675931130722,-2.94997826906602E-07
-0.00197187321111606,-2.2764495461071E-07
1.7307661544032E-05,-1.63496298162147E-07
0.00200759979365181,-9.51842336415612E-08
0.004045256715361,-1.97753209486888E-08
0.00604196228297014,5.17613417098778E-08
0.00804065043218058,1.29173561083724E-07
0.0100412529303536,2.12474237657746E-07
0.0120401239169164,2.94208544621923E-07
0.0140389912266167,3.80360086100086E-07
0.0160371884224611,4.62478565244437E-07
0.0180386924233716,5.44158023116859E-07
0.0200381911082576,6.19265270993129E-07
0.0220409061259701,6.91614984527896E-07
0.0240409454616518,7.60988644040437E-07
0.0260408363136663,8.27639004935548E-07
0.0280426923976313,8.93678322970755E-07
0.030044838777857,9.55666226330894E-07
0.0320436832493228,1.01760173831814E-06
0.0340474303031327,1.07989656430771E-06
0.0360473595457055,1.1398555832791E-06
0.038047962770536,1.19368955472001E-06
0.0400519882564447,1.25417794985034E-06
0.0420536622136733,1.31011813765425E-06
0.0440527152165107,1.3669989761422E-06
0.0460532445545918,1.42197526983547E-06
0.0480537522003503,1.47620921254261E-06
0.0500582574465634,1.53039004454451E-06
0.0520591685987931,1.58290186813839E-06
0.054058352052529,1.6373519252587E-06
0.0560580173267408,1.68680657886822E-06
0.0580627728424902,1.73894393002908E-06
0.0600609093109738,1.78937007944371E-06
0.0620655190661626,1.84032803276396E-06
0.0640654366330302,1.89229377070783E-06
0.0660676369358647,1.9442735805908E-06
0.0680652714516222,1.98864133311309E-06
0.0700635954290997,2.03842092263298E-06
0.0720656516563398,2.08461964573793E-06
0.0740666779850084,2.13432760174455E-06
0.0760677966028895,2.18252052393146E-06
0.0780704109753595,2.22297991150691E-06
0.0800717412425883,2.27376294717717E-06
0.0820743065432931,2.31550900303007E-06
0.0840729642816208,2.36150938522535E-06
0.0860763152444616,2.4047132430178E-06
0.0880779688042228,2.44738310893538E-06
0.0900781782456453,2.49155345717866E-06
0.0920775004784722,2.53338960940851E-06
0.0940826262320593,2.57453115633702E-06
0.0960826380862812,2.6140326929429E-06
0.0980852939408313,2.6534539490612E-06
0.100084089133145,2.69818876339466E-06
0.102084894299578,2.7314305649804E-06
0.104087324047578,2.7709146128185E-06
0.10608800768915,2.8131563111403E-06
0.108089157709256,2.84980635436286E-06
0.110087571262094,2.88682213312757E-06
0.112088463809567,2.92424208675695E-06
0.114087695278267,2.95672254997972E-06
0.116091918158331,2.99475405599608E-06
0.118092961039917,3.03023552882852E-06
0.120090960578054,3.06621061351458E-06
0.122094651896822,3.10145822840252E-06
0.124095068669572,3.13425810516126E-06
0.126097753703396,3.16982888010785E-06
0.128097138237021,3.20116728333484E-06
0.130096166597197,3.23312148001247E-06
0.132099147139247,3.26479148046713E-06
0.134000728468101,3.29431335970284E-06
0.13600259556403,3.32492228499557E-06
0.138005534445084,3.3542149220027E-06
0.140003824798458,3.38745257244133E-06
0.142004640537338,3.41532813970329E-06
0.144007631682659,3.4441175587727E-06
0.146008499884523,3.47123309146157E-06
0.148009639303058,3.4960279680699E-06
0.150009406638519,3.52468549455555E-06
0.152006900538726,3.55039434286006E-06
0.154008412970151,3.57690033129809E-06
0.156008699769692,3.60783004884714E-06
0.158011022027033,3.6306542994941E-06
0.16001072184734,3.65548775029975E-06
0.162011937237209,3.67766840829793E-06
0.164012684248623,3.7015965343817E-06

0.239782418956847,4.29370836514258E-06

-0.0860422788129907,-2.38647290735056E-06
-0.0839388077970157,-2.34120491788417E-06
-0.0819016227612621,-2.29986833447897E-06
-0.0799082636384572,-2.25980637053434E-06
-0.0779011338914874,-2.21567361489944E-06
-0.0759909814941473,-2.17752295447636E-06
-0.0739816980994743,-2.13083279999398E-06
-0.0719717565867684,-2.08471219188651E-06
-0.0699664364084,-2.03947878282429E-06
-0.0679611087466771,-1.99404805190655E-06
-0.0659560534883691,-1.94930322686454E-06
-0.0639497869944432,-1.90405316076256E-06
-0.0619465934121517,-1.85814803765245E-06
-0.059941691030784,-1.81357832507961E-06
-0.0579369882682124,-1.76128024060354E-06
-0.0559336223779888,-1.71622183161481E-06
-0.0539329126798613,-1.66505789447865E-06
-0.0519248999847537,-1.61644121809966E-06
-0.0499256596236506,-1.5649372615529E-06
-0.0479241179213752,-1.51707069146194E-06
-0.0459219236422661,-1.46856123306846E-06
-0.0439199381918216,-1.41699306861633E-06
-0.0419185351870464,-1.3681237792004E-06
-0.039917516945823,-1.31507969462514E-06
-0.0379139677246602,-1.26296657597285E-06
-0.0359139473349591,-1.20912333938139E-06
-0.0339122867119674,-1.15839427986311E-06
-0.0319084522767697,-1.10108455070051E-06
-0.0299046728780047,-1.05108388262491E-06
-0.0279026456730659,-9.97436529224264E-07
-0.0259043586717807,-9.42546064618633E-07
-0.0239012268672427,-8.87202518041525E-07
-0.0219993596580674,-8.31361556890296E-07
-0.0199969033656587,-7.75883259132643E-07
-0.0179939659173558,-7.18144084810031E-07
-0.0159897442498592,-6.59341628623636E-07
-0.0139916007210045,-5.99999079350227E-07
-0.0119896250090623,-5.40317655228876E-07
-0.00998912452112666,-4.8265808327324E-07
-0.00798787462167487,-4.19938276105415E-07
-0.00598706021441254,-3.56117459590612E-07
-0.00399260821392812,-2.96567075719111E-07
-0.00197743504444493,-2.30609210833076E-07
8.60413967127426E-06,-1.62552053626239E-07
0.00200274332797078,-9.48429504820216E-08
0.00403859335788691,-2.81500242490037E-08
0.0060316969401011,5.13872376068825E-08
0.0080320456724452,1.31720777350927E-07
0.0100338148214219,2.09452210055948E-07
0.0120320551777856,2.94535884863222E-07
0.0140294036293163,3.78589254699175E-07
0.0160309759218623,4.60090597264512E-07
0.0180304612232096,5.4031863352548E-07
0.0200308127728916,6.14197407860803E-07
0.0220318802866049,6.89679485962992E-07
0.0240332488424969,7.60095311937599E-07
0.0260349822771241,8.26437319031626E-07
0.0280365613347002,8.9165193751262E-07
0.030036506795325,9.54116439766977E-07
0.0320385169308385,1.01586551354705E-06
0.0340374918629337,1.07469300025134E-06
0.0360377575878671,1.13047220372303E-06
0.0380396144286313,1.19577769785769E-06
0.0400422362367559,1.25327022735396E-06
0.0420432273495111,1.31094766272965E-06
0.0440441409058737,1.36526189341741E-06
0.0460435631264995,1.41949175241486E-06
0.0480453182342794,1.47362072505009E-06
0.0500495195119592,1.5275040307014E-06
0.0520519216005602,1.58064509776226E-06
0.0540512196237352,1.63466547369164E-06
0.0560497489917631,1.68834766600652E-06
0.0580529563750933,1.74036362983317E-06
0.0600557172596568,1.79134145470962E-06
0.0620545313212366,1.84218353557701E-06
0.0640561921601265,1.89162192178513E-06
0.0660569098825077,1.94031321390944E-06
0.0680574215580405,1.98788284960038E-06
0.0700563406836376,2.03729967831711E-06
0.0720579878543157,2.08520959567526E-06
0.0740611100049689,2.13200427813988E-06
0.0760616988605703,2.18012618873627E-06
0.0780615526299909,2.22551232854129E-06
0.0800632729413899,2.27171282749798E-06
0.0820660118110139,2.31493717127634E-06
0.0840655718218996,2.36228864695273E-06
0.0860653020612469,2.40649661028353E-06
0.0880693366741889,2.44603971830485E-06
0.0900692644606162,2.48865948572141E-06
0.0920721932013025,2.53152674842496E-06
0.0940746308538443,2.5736997430142E-06
0.0960744458053693,2.6139325858574E-06
0.0980761925025004,2.65439116418396E-06
0.100077230023079,2.6971751491818E-06
0.102078369133055,2.73287395030075E-06
0.104078530704617,2.77335787010659E-06
0.10607987353211,2.81055094930971E-06
0.108078443790857,2.8467684789702E-06
0.110078528801739,2.88458042377255E-06
0.112082113349075,2.9228954516378E-06
0.114080822857074,2.96047479732727E-06
0.116083640621635,2.99632423862937E-06
0.118084537081858,3.03434384568976E-06
0.12008598965735,3.06714787359561E-06
0.122085346798796,3.10377070207756E-06
0.124088315059472,3.13153937355496E-06
0.126088085166835,3.16753573848973E-06
0.12808893223111,3.19823198773264E-06
0.130089854893807,3.23580061836729E-06
0.132089301738119,3.26291195495078E-06
0.134091725853972,3.29299606734917E-06
0.1360941366554,3.32773391537778E-06
0.138099291803164,3.35750646695168E-06
0.140097654111265,3.38804865918278E-06
0.142096539665449,3.41606541040469E-06
0.144099975453297,3.44129269567245E-06
0.146000803395567,3.47224911843503E-06
0.148000820815302,3.49727559008817E-06
0.150000421770869,3.52752309583284E-06
0.152000056214162,3.55331346847046E-06
0.154000547753707,3.58089650724305E-06
0.156001465922694,3.60458687899876E-06
0.158000827160325,3.62989047344008E-06
0.16000138315193,3.65484806902063E-06
0.162005603916344,3.67724678962376E-06
0.164006584005719,3.69889828876131E-06
0.166009934132105,3.72560518073051E-06

0.239781603926988,4.2919592785592E-06

-0.0880419393111387,-2.42872353738238E-06
-0.0859383093204222,-2.38758542226863E-06
-0.083997407344728,-2.34813189360413E-06
-0.0819061744403352,-2.30036259073449E-06
-0.0799001269218697,-2.26170859997801E-06
-0.0779871673285992,-2.21740366165466E-06
-0.0759783390190606,-2.17560699777366E-06
-0.0739691849861836,-2.13514922869599E-06
-0.0719623963154718,-2.08731315529949E-06
-0.0699575949421037,-2.0436570622497E-06
-0.0679539061361045,-1.99808986049752E-06
-0.0659488310947276,-1.95103946287519E-06
-0.0639441430761478,-1.90488996907801E-06
-0.0619393647452481,-1.86133374333626E-06
-0.059934736524258,-1.81486149410488E-06
-0.0579280680918689,-1.76424722429441E-06
-0.0559233589547886,-1.7155323065982E-06
-0.0539270159851738,-1.67028080932457E-06
-0.0519239618202147,-1.61998566831435E-06
-0.0499236976173982,-1.56993138375295E-06
-0.0479197331546556,-1.52131829654267E-06
-0.0459164157719001,-1.47041237492913E-06
-0.0439158162343931,-1.41920948145035E-06
-0.0419121145320005,-1.36620360391318E-06
-0.039912795669141,-1.31531612268418E-06
-0.037911228167776,-1.26309592466771E-06
-0.0359059894418117,-1.20979071870255E-06
-0.0339060573323425,-1.15879733826402E-06
-0.0319027466662592,-1.10542181381503E-06
-0.0299015549574623,-1.05008314521043E-06
-0.0279015259795316,-9.96874153693724E-07
-0.0259996337737245,-9.44447473573845E-07
-0.0239976472414636,-8.90384593344875E-07
-0.0219939110170429,-8.31431579398828E-07
-0.0199933572494657,-7.77061019742853E-07
-0.0179897114270952,-7.18937354785641E-07
-0.0159871184454961,-6.61651000177918E-07
-0.0139878036176905,-6.01594009638946E-07
-0.01198422292448,-5.40207460631111E-07
-0.00998371684028367,-4.80894012472471E-07
-0.00798225968890578,-4.22968637846872E-07
-0.00598199496599071,-3.58605893385582E-07
-0.00398744768396968,-2.99304345119543E-07
-0.00197452814904558,-2.28284903766206E-07
1.09285392006478E-05,-1.65802180767202E-07
0.00200848134109957,-9.79159029272455E-08
0.00404122885892275,-2.48267795876258E-08
0.00603308738038428,4.93354585401185E-08
0.00803684972612123,1.26765011113246E-07
0.0100356926155483,2.1045104798344E-07
0.0120359947018849,2.92141142233696E-07
0.0140360706815275,3.78923081107831E-07
0.01603639238449,4.60647302433005E-07
0.018036743017123,5.38249884262356E-07
0.0200345360133503,6.16812019855838E-07
0.0220354151246622,6.87121791140221E-07
0.0240359058456179,7.57998023538106E-07
0.0260363798689782,8.28083331283566E-07
0.0280373091348389,8.91573215578468E-07
0.0300442087465553,9.5776578512312E-07
0.0320410697952211,1.01489124531517E-06
0.034040036924831,1.07718701542845E-06
0.0360435282301098,1.13364214403948E-06
0.0380442719575305,1.19214537295399E-06
0.0400458146581734,1.25106690487012E-06
0.0420473116449871,1.30894586569973E-06
0.0440517525604522,1.36313002461376E-06
0.0460495605568107,1.42005881859177E-06
0.0480509392065567,1.47339989751141E-06
0.0500512838644687,1.52803793265972E-06
0.0520550995535255,1.58242276282051E-06
0.0540533480337991,1.63225365722172E-06
0.0560555585480352,1.68633998693603E-06
0.0580575248488484,1.73838682960245E-06
0.0600595882020056,1.78866559830864E-06
0.0620590075449539,1.83959531783412E-06
0.0640609864641233,1.88863813119361E-06
0.0660601293689163,1.94183832587511E-06
0.0680602552542499,1.98787155008804E-06
0.0700602854351119,2.03771570717947E-06
0.0720622453262956,2.08593561931563E-06
0.0740658447288636,2.13102713257859E-06
0.0760669894654103,2.18050150788339E-06
0.0780657480774726,2.22560211770338E-06
0.0800672649464127,2.2701218966222E-06
0.0820695365448563,2.31680199543776E-06
0.0840698672496725,2.35912175630573E-06
0.0860688655208612,2.40452862936716E-06
0.0880726887543004,2.44459320089156E-06
0.0900721779948416,2.49009542295471E-06
0.0920741763517902,2.53359671718121E-06
0.0940793339649471,2.57474688111184E-06
0.0960785195123509,2.61364437336214E-06
0.0980769568326004,2.65329604062409E-06
0.100081326688317,2.69403631249648E-06
0.102082379167781,2.73447034360657E-06
0.104082875318224,2.77306252423218E-06
0.106083895469558,2.81403891694876E-06
0.108085190765768,2.8488779360753E-06
0.110083437203632,2.88741143116996E-06
0.112080846753906,2.92210393128827E-06
0.114083571933827,2.95983583538049E-06
0.116086280949929,2.99674768560659E-06
0.118087010522903,3.02860952300759E-06
0.12008813036642,3.06402180505952E-06
0.122091025850305,3.10254528944563E-06
0.124090838477139,3.13470058447361E-06
0.126091021147638,3.17009459848105E-06
0.128094935150194,3.19982378030863E-06
0.130094330542709,3.23360795848694E-06
0.132095073719659,3.26394693932891E-06
0.134096075414555,3.29532679408262E-06
0.136098953608404,3.32581786875853E-06
0.138001366042186,3.35637401304001E-06
0.140000753098709,3.38580103032195E-06
0.142001356272466,3.41311998420521E-06
0.144003430217498,3.4432354924635E-06
0.146001628802308,3.47055476105467E-06
0.148002749249978,3.49785177530124E-06
0.150004215340151,3.52604459810212E-06
0.152002485456968,3.55328153311129E-06
0.154003251252815,3.57583476030896E-06
0.156006213346096,3.6055680183532E-06
0.158006390709503,3.62954237652661E-06
0.1600080681328,3.65441769846952E-06
0.162007867117696,3.67855927144233E-06
0.164009321620929,3.7021335909121E-06
0.166011952497343,3.72568454706656E-06
0.168012012332106,3.75028524889842E-06

0.239781778816061,4.2944617908497E-06

-0.0900419088408397,-2.4732608575203E-06
-0.0879158500061945,-2.43281836676204E-06
-0.0859726392339101,-2.39274919450781E-06
-0.0839822702090501,-2.35057676189696E-06
-0.081975865225107,-2.30743885788944E-06
-0.07996578508708,-2.26672006108494E-06
-0.0779532653350867,-2.21969588912125E-06
-0.0759448772513508,-2.1777682767802E-06
-0.0739378875872388,-2.13591626926645E-06
-0.071934085635144,-2.08951546622222E-06
-0.0699292845884098,-2.0470082293603E-06
-0.0679260630374248,-1.99955620450873E-06
-0.0659196132474593,-1.95491220588456E-06
-0.0639165589757754,-1.9083276508899E-06
-0.0619134775792654,-1.86068507789579E-06
-0.0599091104518213,-1.81406191873163E-06
-0.0579039243811627,-1.76595228174348E-06
-0.0559050797248242,-1.71838394234938E-06
-0.0539000873499596,-1.6708200538242E-06
-0.0519964353633997,-1.62121640100846E-06
-0.0499957023736935,-1.57730947077347E-06
-0.0479972882552278,-1.52238556096004E-06
-0.0459916704970317,-1.47182392979295E-06
-0.0439889706089315,-1.4219798701111E-06
-0.0419857516878665,-1.37019907551188E-06
-0.0399855070982932,-1.31751644045685E-06
-0.037982568404123,-1.26707351786027E-06
-0.035982960822123,-1.21512963338309E-06
-0.0339811055929714,-1.16614578654376E-06
-0.0319802621185448,-1.1109186069605E-06
-0.0299767975931091,-1.05572279701148E-06
-0.0279757312305889,-1.0012291978048E-06
-0.0259729037795481,-9.45699471530581E-07
-0.0239717516086416,-8.92398289330757E-07
-0.0219691415242833,-8.34524079091878E-07
-0.0199671851721281,-7.77501977966998E-07
-0.0179645602764906,-7.20610371972921E-07
-0.0159635877438676,-6.60931150806894E-07
-0.0139625670399938,-6.0316656007455E-07
-0.0119603040451425,-5.43247282342287E-07
-0.00995778985589298,-4.8471232600062E-07
-0.00795843026976799,-4.23719373550713E-07
-0.00595546570641954,-3.57981129823061E-07
-0.00396323993600748,-2.97758234830987E-07
-0.00194872094994984,-2.31055564986483E-07
3.35815212972526E-05,-1.66585548215104E-07
0.00203838527909257,-9.56786631737537E-08
0.00406769708524601,-2.32173352920702E-08
0.00605951195697528,4.90142088275289E-08
0.00806134817486717,1.25389632203925E-07
0.0100613042210832,2.07932270164809E-07
0.0120571740524718,2.92378632431911E-07
0.0140563630081507,3.78247260871118E-07
0.016060251604595,4.60489013723843E-07
0.0180599330544641,5.42484919759558E-07
0.0200604727022908,6.18467574500995E-07
0.0220596423069342,6.88577787255844E-07
0.024060985423714,7.56153895167856E-07
0.0260660338118274,8.24700206334663E-07
0.0280643259417107,8.92356306252009E-07
0.0300632177602053,9.52464328176145E-07
0.0320631318142423,1.01721396947621E-06
0.0340672846665738,1.07719202827577E-06
0.0360668774748325,1.13358791687049E-06
0.0380690246343485,1.19301369327155E-06
0.040070891580914,1.25290968449221E-06
0.0420738540732358,1.30769021862993E-06
0.0440742905853882,1.36504747992553E-06
0.046074359138447,1.41770819782299E-06
0.0480730209795873,1.47368695607769E-06
0.0500753963261963,1.52921696334111E-06
0.0520804027579866,1.58229735172096E-06
0.0540812435554728,1.63552150166835E-06
0.0560824005966887,1.68602488190111E-06
0.0580839088780111,1.73775987151428E-06
0.0600825045493073,1.78986575937784E-06
0.0620813883057139,1.83847185557684E-06
0.0640841377696405,1.89075713443845E-06
0.0660855631708094,1.94087177547991E-06
0.0680852948663581,1.98751847029943E-06
0.0700878341546634,2.03939515339964E-06
0.0720889848362521,2.08547780173951E-06
0.0740903335136339,2.13257244579445E-06
0.0760893960608757,2.17958405941419E-06
0.0780911863152679,2.22573235432412E-06
0.0800932827935871,2.27063325200715E-06
0.0820925874673426,2.31692044549821E-06
0.0840943458924449,2.36064778242293E-06
0.0860956488024592,2.40467572533987E-06
0.0880964640769267,2.44667581041527E-06
0.0900978551713841,2.49197817048055E-06
0.0920978437174906,2.53323695359617E-06
0.0940023314341287,2.57456637365004E-06
0.0960025325842472,2.61208023012339E-06
0.0980043367580707,2.65306997544673E-06
0.100005453845118,2.69205188434562E-06
0.102007425861932,2.73049679665848E-06
0.104005991114702,2.77334054618581E-06
0.106006380253108,2.81266419789574E-06
0.10800537440352,2.84884944751699E-06
0.110009306877034,2.88535518967274E-06
0.11200838721721,2.92314657355872E-06
0.114010061762184,2.9586124308847E-06
0.116011067958003,2.99345726461441E-06
0.118012163062604,3.02819842456905E-06
0.120011559089433,3.06669132234415E-06
0.122015051346199,3.09799428346677E-06
0.124016201426013,3.13168893473958E-06
0.126019417278799,3.1697953112648E-06
0.128018912125835,3.19832184433214E-06
0.13001770983325,3.23317090413941E-06
0.132018662910158,3.26153690620377E-06
0.134020611454036,3.29364499504622E-06
0.136021594782833,3.32669191750923E-06
0.138025859732565,3.35541840998403E-06
0.140025883336056,3.38562617261631E-06
0.142026741613225,3.41129243045122E-06
0.144027686841232,3.44191685136167E-06
0.146030400014275,3.47320511112937E-06
0.148029600153825,3.49646232492112E-06
0.150029956778668,3.52427517539373E-06
0.152026740915042,3.55150120052891E-06
0.154027480293092,3.57787664513135E-06
0.156027004043776,3.60539248627349E-06
0.158029555181093,3.62851005967262E-06
0.160031872122435,3.65694068175984E-06
0.16203438477787,3.6790274968584E-06
0.164033418451338,3.70116694310731E-06
0.166038330325817,3.72526534115298E-06
0.168038059569688,3.74529004020679E-06
0.170036200112898,3.77047681807155E-06

0.239782328456823,4.29609049416694E-06

-0.0920419024833857,-2.5135075550043E-06
-0.0899209057617464,-2.47297824982294E-06
-0.0879803014626053,-2.43450604783902E-06
-0.0859886616936532,-2.39571494933924E-06
-0.0839819361276507,-2.35094898641637E-06
-0.0819739160891718,-2.30980947010314E-06
-0.0799629578492139,-2.26661617001156E-06
-0.0779556566697799,-2.22508244458394E-06
-0.0759487482740148,-2.18104443850714E-06
-0.0739407949672632,-2.13671425611409E-06
-0.0719358634600673,-2.09426046714446E-06
-0.0699330132125139,-2.04830845255673E-06
-0.0679295690673244,-2.00512773328824E-06
-0.0659263869054427,-1.95523356011928E-06
-0.0639201739857174,-1.90958783874517E-06
-0.061916997578604,-1.86346268985224E-06
-0.0599115782394082,-1.81415401575169E-06
-0.0579103882023208,-1.76625224333381E-06
-0.0559095840808278,-1.72226100135285E-06
-0.0539069614566405,-1.67317544766285E-06
-0.0519007873283236,-1.62364715240391E-06
-0.0499024562241035,-1.57284114305669E-06
-0.0479994879552669,-1.52703983608952E-06
-0.0459987059391847,-1.47437866860934E-06
-0.0439960216510252,-1.42386709847804E-06
-0.0419924449127544,-1.37401464658544E-06
-0.039990749737974,-1.32071636044763E-06
-0.0379921979399497,-1.26939678152058E-06
-0.03598900713592,-1.21689073131813E-06
-0.0339868696310519,-1.16396350078466E-06
-0.0319830181886332,-1.11107316600636E-06
-0.0299848467029023,-1.05727376747656E-06
-0.0279808721334091,-1.00271339024997E-06
-0.0259824329919885,-9.48037635111512E-07
-0.0239783288289711,-8.92332301827131E-07
-0.0219744023797106,-8.35234221222687E-07
-0.0199746554610834,-7.79834304465624E-07
-0.0179710757075841,-7.22537377170952E-07
-0.0159695443723054,-6.64062445742098E-07
-0.0139676568256657,-6.07039258125646E-07
-0.0119644239718018,-5.45726230878509E-07
-0.00996488549658066,-4.82827813862609E-07
-0.00796521765013855,-4.25319702578587E-07
-0.00596538762999535,-3.59577869682226E-07
-0.00397055039028662,-2.97827859271487E-07
-0.00195714027517924,-2.33157317367727E-07
2.35341456853997E-05,-1.68096806944922E-07
0.00203371486582638,-1.02022025965311E-07
0.00406066578296603,-3.00431679156E-08
0.00605253109859782,4.57306434156933E-08
0.00805563703296252,1.25917616529699E-07
0.010052742300719,2.06314106752439E-07
0.0120551382672346,2.93763226382031E-07
0.014054323860226,3.78836489602831E-07
0.016052864564981,4.60300363195036E-07
0.0180529825337165,5.37870992805873E-07
0.0200540539073238,6.13666355132969E-07
0.0220541290818398,6.87614721126718E-07
0.0240546537408361,7.55683215779442E-07
0.0260554285653085,8.26383530205783E-07
0.0280578045936638,8.88425889272799E-07
0.0300599556135952,9.52182525981159E-07
0.0320590779803175,1.017366119508E-06
0.0340586168264711,1.07499735651275E-06
0.0360604694973967,1.13341188275674E-06
0.0380609010274953,1.19197975042672E-06
0.0400634701123018,1.24937821223203E-06
0.0420650878175369,1.30692653494377E-06
0.0440672388595098,1.36386496497806E-06
0.0460670447505047,1.42072096402077E-06
0.0480674519175584,1.47604606646682E-06
0.0500702192419913,1.52530318092251E-06
0.0520728933575982,1.58184218668288E-06
0.0540717861756663,1.63281370241517E-06
0.0560713731441761,1.68500193135377E-06
0.0580757241182248,1.73581249647254E-06
0.0600770916095568,1.7878459865322E-06
0.0620781415762596,1.84114611595916E-06
0.0640798855449866,1.89119613697777E-06
0.0660781031020274,1.93950331311974E-06
0.0680790949913081,1.98947189222874E-06
0.0700785137557082,2.03584555546282E-06
0.0720815729074423,2.08378133881342E-06
0.074082712255572,2.13105849846631E-06
0.0760811663339729,2.17524577349897E-06
0.0780816149861255,2.22663676489447E-06
0.0800852436513758,2.27007448812445E-06
0.0820860767064318,2.31649696105576E-06
0.0840894288124374,2.35903263402467E-06
0.0860870195777623,2.4041193292595E-06
0.0880892691386089,2.4479426371087E-06
0.0900885339308921,2.49016921446504E-06
0.0920952780308572,2.53262370028789E-06
0.0940978820862948,2.57610616449149E-06
0.096096950541879,2.6160007113245E-06
0.0980969870373661,2.65291698244734E-06
0.100099793592986,2.69688188637399E-06
0.102000345785352,2.73508441365678E-06
0.104099980745243,2.77491434046693E-06
0.106000988098302,2.81019453511593E-06
0.108001130702538,2.84739390847713E-06
0.110000845935055,2.88423355571851E-06
0.112001601853586,2.92426600455762E-06
0.114003385709832,2.95851292324283E-06
0.116005264428992,2.99491695480138E-06
0.118003388453037,3.03009431489638E-06
0.120006277594582,3.06334828518772E-06
0.122006981100068,3.10018189303458E-06
0.124008389627735,3.13439746081816E-06
0.126009365579372,3.16878259621737E-06
0.128012778327285,3.19820851951469E-06
0.130009548347929,3.2296258544811E-06
0.132011875347689,3.26071782643355E-06
0.134013733692416,3.29405466980615E-06
0.136015805772829,3.32520603163582E-06
0.138018516194551,3.35379429241052E-06
0.140017630195714,3.38497396296541E-06
0.142016800709254,3.41456353437256E-06
0.144021902082392,3.44047496465039E-06
0.14602051512738,3.47097028038995E-06
0.148021679577392,3.49575857810449E-06
0.150024108878469,3.52452328511043E-06
0.152020829681953,3.54820761747161E-06
0.154021083496675,3.57556844249214E-06
0.156022561520885,3.60533053377477E-06
0.158023743485813,3.62635780229265E-06
0.160025017436875,3.65200463815407E-06
0.16202570329024,3.67569679325457E-06
0.164028256736058,3.69943459598717E-06
0.166030227324086,3.72769971168932E-06
0.168029364299526,3.74703425631072E-06
0.170029798340892,3.77020501534555E-06
0.172031030087554,3.79174398392845E-06

0.239780851415208,4.29609837685062E-06

-0.0940433723100778,-2.56051226752929E-06
-0.0919588482771234,-2.51490174848211E-06
-0.0899220524819152,-2.47431560105894E-06
-0.0879326612349014,-2.43430580369584E-06
-0.0859260890697214,-2.39161788703207E-06
-0.083913990821676,-2.35288104567347E-06
-0.0819054266280501,-2.30868755141319E-06
-0.079995196080913,-2.26764190797175E-06
-0.0779892654359244,-2.22840324238186E-06
-0.0759837851812039,-2.18552772234237E-06
-0.0739792207415773,-2.13998014487589E-06
-0.0719750710760175,-2.0946714831595E-06
-0.0699702077333072,-2.04810156957539E-06
-0.0679673043345963,-2.00303416893227E-06
-0.06596415285385,-1.95965710939721E-06
-0.0639587570188048,-1.91574418472596E-06
-0.0619593796843064,-1.86422253709919E-06
-0.0599556264907326,-1.81779983188348E-06
-0.0579510796715068,-1.77056966861084E-06
-0.0559502503174038,-1.71890035553991E-06
-0.053945838978256,-1.67509819306461E-06
-0.0519426937408982,-1.62533844512873E-06
-0.049944282006286,-1.57698566631293E-06
-0.0479414879894339,-1.52624869788531E-06
-0.0459379264970669,-1.47493706533281E-06
-0.0439370646294318,-1.42270572890448E-06
-0.0419341634389421,-1.37285173344453E-06
-0.0399326172069669,-1.32014568262288E-06
-0.0379304091027074,-1.27045007515495E-06
-0.0359277880556854,-1.21773975704398E-06
-0.0339269753375203,-1.16467441844566E-06
-0.0319259422570637,-1.11229841753781E-06
-0.0299266072487796,-1.05662340860785E-06
-0.0279234330152916,-1.00205572940859E-06
-0.0259207933632516,-9.47224838259793E-07
-0.0239192181481238,-8.92909348740411E-07
-0.0219164687374127,-8.37075798211004E-07
-0.0199132952516309,-7.78747539397802E-07
-0.0179082404005037,-7.22139058121211E-07
-0.0159086736518424,-6.64311821783454E-07
-0.0139091363582952,-6.03858151298405E-07
-0.0119057865189574,-5.44259557173303E-07
-0.00990596169782285,-4.82191245943815E-07
-0.00790850676020438,-4.22701662515316E-07
-0.00590854761254937,-3.58928926999082E-07
-0.00390605220728392,-2.95824281706681E-07
-0.00199758660737099,-2.3689371879768E-07
8.0478640606062E-05,-1.6660357835541E-07
0.00209365823639771,-1.00055466151814E-07
0.00401669088600325,-2.80086851193498E-08
0.00600925720052861,4.57848958444457E-08
0.00801449762025934,1.23453735805146E-07
0.0100122705205303,2.03748819601496E-07
0.0120109188940537,2.87374536988534E-07
0.0140103806278454,3.74632336691923E-07
0.0160122602608028,4.56287380349425E-07
0.0180093930965507,5.33527027162306E-07
0.0200140647005574,6.11668617460361E-07
0.0220135598977801,6.84120065944723E-07
0.0240134660059964,7.5626603233762E-07
0.0260161076326484,8.22631938499702E-07
0.028016486473468,8.88918845484955E-07
0.0300160904228231,9.51760068085914E-07
0.0320202990433843,1.01191623282624E-06
0.0340197868602825,1.07295614606444E-06
0.0360206592637153,1.13221537454714E-06
0.0380192277855202,1.18935443461644E-06
0.0400237206117012,1.2482420792351E-06
0.042023784091996,1.30451700385267E-06
0.0440243944875242,1.35936859828569E-06
0.046024071809998,1.41844122746074E-06
0.0480255584499099,1.47191780311893E-06
0.050030262319435,1.52459101941599E-06
0.0520313511515831,1.57812655784782E-06
0.0540282891764652,1.63101734970189E-06
0.0560294986451988,1.68569611704457E-06
0.058031544749392,1.73528820059833E-06
0.060035080692304,1.79087108628258E-06
0.0620348347489644,1.83592113303274E-06
0.0640370683347128,1.888639187713E-06
0.0660359517597765,1.93740925422278E-06
0.068037849253872,1.98429676053285E-06
0.0700397397749486,2.03464847403525E-06
0.0720389080366484,2.0799294864144E-06
0.0740404099540618,2.12943794758237E-06
0.0760432388004612,2.17815186121051E-06
0.0780431610890129,2.2250946736881E-06
0.0800450954497947,2.26851847483987E-06
0.0820439534372758,2.31272840884159E-06
0.0840449415401702,2.35871147460913E-06
0.0860461767445328,2.40450865290833E-06
0.0880470798231597,2.44422340411884E-06
0.0900499456332945,2.48845716600468E-06
0.0920519547441012,2.53353826393465E-06
0.0940554974596426,2.57214361733394E-06
0.0960557565717069,2.6137408687998E-06
0.0980572234505727,2.65379037181006E-06
0.100057035962799,2.69430015760835E-06
0.10205723314433,2.73448248233999E-06
0.104058081464013,2.77209816929926E-06
0.106059474084978,2.81093552236781E-06
0.108058837207415,2.84848001041044E-06
0.11006022477491,2.8837894129501E-06
0.112061580790656,2.92617505267254E-06
0.114060741177431,2.95742183094133E-06
0.11606308436789,2.99728316859747E-06
0.118064530995193,3.03304050538648E-06
0.120063960848713,3.06574973128292E-06
0.122063327393947,3.09965532676763E-06
0.124067190035285,3.13664332132029E-06
0.126067467206309,3.1673917970891E-06
0.128070246773162,3.19960588255067E-06
0.13007049396374,3.23279560747142E-06
0.132071164273462,3.26506950242076E-06
0.134071595221325,3.29361087171783E-06
0.136073556529202,3.32534310940694E-06
0.138075703182667,3.35383784198993E-06
0.140075693963368,3.38393968293355E-06
0.14207779252334,3.41545770944299E-06
0.144080610901388,3.44296857520304E-06
0.146080512407526,3.47058486811077E-06
0.148081836381142,3.49806946325393E-06
0.150080775218786,3.52352536133446E-06
0.152081143745537,3.55496213326044E-06
0.154080640732444,3.57718358339735E-06
0.156078845280787,3.60472545537894E-06
0.158080317313682,3.63572909931313E-06
0.160083936414825,3.65399498581073E-06
0.162085494327276,3.67583055909966E-06
0.164085499772234,3.70355680495444E-06
0.16608842299938,3.72066831288976E-06
0.168087238710964,3.7500378135558E-06
0.170089212308125,3.76876525665914E-06
0.17209122784833,3.79057079782241E-06
0.17408905706202,3.81047318040439E-06

0.239782532848198,4.29467005255137E-06

-0.0960444246808148,-2.59900828241125E-06
-0.093921654388583,-2.55440131441706E-06
-0.091976244706328,-2.51745949950272E-06
-0.0899861110471753,-2.48210676468196E-06
-0.0879822146234665,-2.43568706417742E-06
-0.0859727254032916,-2.39673012959858E-06
-0.0839651192179292,-2.35617564778494E-06
-0.0819555220040596,-2.31272749423587E-06
-0.0799477023777594,-2.26920014669079E-06
-0.077941649491199,-2.2294579859205E-06
-0.0759383220963746,-2.18451156798714E-06
-0.0739299004128028,-2.1420932585871E-06
-0.0719273341088661,-2.0957857889154E-06
-0.0699246044075889,-2.04973296289591E-06
-0.0679219494910075,-2.00585454369837E-06
-0.0659199061612366,-1.95806756473482E-06
-0.0639148709672035,-1.91356663831803E-06
-0.0619103954107696,-1.86495178274905E-06
-0.0599060736774448,-1.81742464761117E-06
-0.0579040364685043,-1.7687210444134E-06
-0.0559052805970994,-1.72115640658369E-06
-0.0539997149518101,-1.67588210797314E-06
-0.0519001876455543,-1.62471031063244E-06
-0.0499989583968442,-1.57595283993186E-06
-0.0479966063932603,-1.52864815083045E-06
-0.0459942489962955,-1.47782998027067E-06
-0.0439923421596732,-1.42652421477267E-06
-0.0419875545618699,-1.37295344404173E-06
-0.0399898595366035,-1.32214819898514E-06
-0.0379852841440428,-1.27336713268483E-06
-0.0359835445993847,-1.22112391228661E-06
-0.0339830628817633,-1.16903326902376E-06
-0.0319829565015913,-1.11276718994619E-06
-0.0299822064494597,-1.0597413359502E-06
-0.0279800168686943,-1.0065650965346E-06
-0.025975132574761,-9.50686273025355E-07
-0.0239751165208208,-8.93588492142724E-07
-0.0219733483749142,-8.37235115340638E-07
-0.0199716779655168,-7.79990564432766E-07
-0.0179667755264622,-7.23017482810381E-07
-0.0159676954165928,-6.68674928411296E-07
-0.0139651843612408,-6.07711481700605E-07
-0.01196370980834,-5.45702640898575E-07
-0.00996267768723105,-4.89789066518393E-07
-0.00796440923679956,-4.25458953332848E-07
-0.00596564510733842,-3.64168581308242E-07
-0.00396168503053314,-2.97694967302812E-07
-0.00195439039647067,-2.37533071319442E-07
2.33943383439966E-05,-1.70779677772947E-07
0.00204118380374081,-1.02145705234763E-07
0.00406228856722064,-3.07570772076449E-08
0.00605552733511475,4.13768186513948E-08
0.00805748462689261,1.21362339749168E-07
0.0100580775979257,2.04785787763369E-07
0.0120544742089283,2.89891405017238E-07
0.0140556110933635,3.73688885482189E-07
0.0160560002408346,4.57493221146978E-07
0.0180521303924749,5.38163601845475E-07
0.0200548642829957,6.10248424988546E-07
0.0220567137136095,6.84527814992002E-07
0.0240550055684219,7.55073394285924E-07
0.026057413347252,8.2105961660198E-07
0.0280592743092616,8.89641602157564E-07
0.0300597775167489,9.46420314184299E-07
0.0320622630402268,1.01392004548535E-06
0.034064165182552,1.07274335856339E-06
0.0360634585463625,1.13248939521456E-06
0.0380670726778963,1.19034962717739E-06
0.0400669011236306,1.24777588818084E-06
0.0420687412691578,1.3055391601372E-06
0.0440681752873229,1.36208865616102E-06
0.0460695944025621,1.41644842208521E-06
0.048068505382455,1.47123885078927E-06
0.050072332801953,1.5248541601816E-06
0.0520737417132104,1.57854081835148E-06
0.0540741818447814,1.63263568264441E-06
0.056075850249402,1.68770142081969E-06
0.0580771406984106,1.73755128011861E-06
0.060079179558639,1.78537812208327E-06
0.0620799974454648,1.83901380506583E-06
0.0640798750261404,1.88871659087118E-06
0.066083884069003,1.93597835980898E-06
0.0680805876597009,1.98422328373042E-06
0.0700796257631736,2.03521917433914E-06
0.0720800583433639,2.08468007714845E-06
0.0740839343688299,2.13520434799157E-06
0.0760850667275385,2.17713838187246E-06
0.078087142971773,2.2253546224164E-06
0.0800880184095431,2.26969892170683E-06
0.0820907455988174,2.31386938983884E-06
0.0840913594612097,2.36076172916314E-06
0.0860899851632537,2.4025179305994E-06
0.088092628461874,2.44646781846323E-06
0.0900932372723139,2.49019334956402E-06
0.0920934590947379,2.53162976281204E-06
0.0940996826714563,2.57510322037516E-06
0.0960993960453329,2.61456233135843E-06
0.0980996828529986,2.65869864618986E-06
0.100002067327453,2.69345644070511E-06
0.102002789860076,2.73173021186282E-06
0.104000530471623,2.77083951751828E-06
0.106001700842713,2.8072354266157E-06
0.108001994505997,2.84658500426245E-06
0.110002270174417,2.88356111484524E-06
0.112001822755331,2.91933785862163E-06
0.114004969779773,2.957630752031E-06
0.116005375526639,2.99150077053652E-06
0.118008728760117,3.02710079833204E-06
0.120009908730872,3.06179942776143E-06
0.122010655327614,3.09658072046681E-06
0.124009836342915,3.13447125232849E-06
0.126011882174159,3.16717743604853E-06
0.128011426713572,3.19689026805122E-06
0.130014490736448,3.2317894413456E-06
0.13201393487819,3.26107251722691E-06
0.134015265782754,3.29229345947543E-06
0.136016183656116,3.32382157162388E-06
0.138022499251635,3.34986538902646E-06
0.140021019106903,3.38258291721712E-06
0.142021904338009,3.4082152465428E-06
0.144021427459809,3.43827658008341E-06
0.146023791107437,3.46954255553432E-06
0.148021881900552,3.49553086445716E-06
0.150024886720399,3.52352832858041E-06
0.152021191540221,3.55176197349221E-06
0.154022725966246,3.57604321682982E-06
0.156022641035775,3.6033265937339E-06
0.158025651461633,3.62666584138583E-06
0.160025957746829,3.65147882119166E-06
0.162029758848807,3.67489296932463E-06
0.164030679434815,3.69979104015313E-06
0.166033725807016,3.72482383593653E-06
0.168031118547651,3.74540255577535E-06
0.17003159901352,3.76987975723422E-06
0.172031813203424,3.79081868274775E-06
0.174033135108968,3.81053934399458E-06
0.176030268687365,3.83186147883196E-06

0.239780515453585,4.2912625302469E-06

-0.0980430982707416,-2.64051338440573E-06
-0.0959200405278045,-2.59775965632491E-06
-0.0939797969045725,-2.55969482124295E-06
-0.0919866675786266,-2.51914457299992E-06
-0.0899840109810479,-2.48017554464593E-06
-0.087970054288518,-2.44071512987278E-06
-0.0859617763439039,-2.39959862470173E-06
-0.0839555730193687,-2.35699317649478E-06
-0.0819460267167126,-2.31726305704832E-06
-0.0799390141521004,-2.27573344530259E-06
-0.0779361160100379,-2.22992711050201E-06
-0.0759328209976885,-2.18833423497462E-06
-0.0739292093241809,-2.142638002982E-06
-0.0719241744425529,-2.09778162897428E-06
-0.069921686762018,-2.05392811665938E-06
-0.0679181896527466,-2.00806375571583E-06
-0.0659183482369763,-1.96183081936594E-06
-0.063914745223251,-1.91521394686681E-06
-0.0619116190920369,-1.86783774414085E-06
-0.0599059390283851,-1.8197295458174E-06
-0.0579059315799504,-1.77249003871724E-06
-0.05590223908339,-1.72228669500526E-06
-0.0539981179531894,-1.67935574141648E-06
-0.051994498301143,-1.62929448082989E-06
-0.049997041498676,-1.57883193769414E-06
-0.0479953127456056,-1.52908692108536E-06
-0.0459952586536474,-1.47794307280371E-06
-0.0439918836598826,-1.43143544141233E-06
-0.0419885189560822,-1.37749990174208E-06
-0.039986634527145,-1.32669315807642E-06
-0.0379875923047631,-1.27037568794751E-06
-0.0359836910358566,-1.21811500500717E-06
-0.0339837346455251,-1.16906301641369E-06
-0.0319813131603684,-1.11324022215084E-06
-0.0299805996837006,-1.06115839820233E-06
-0.0279771384413015,-1.00521731123299E-06
-0.0259765298950306,-9.53360046359729E-07
-0.0239730866158107,-8.97039298023496E-07
-0.0219721464957457,-8.38663495837727E-07
-0.0199696152284131,-7.82497385224324E-07
-0.01796529508007,-7.2538433726185E-07
-0.0159638939812759,-6.67800969577138E-07
-0.0139663307318171,-6.07368916527842E-07
-0.0119601679566518,-5.47102459780159E-07
-0.00995988812863064,-4.87890096549433E-07
-0.00796119727630372,-4.29871336099988E-07
-0.00596699063376964,-3.64840233538494E-07
-0.00396145586366596,-3.01849590247511E-07
-0.00195363016354363,-2.34682667237588E-07
2.61610674039576E-05,-1.73347488206903E-07
0.00204179793890228,-1.00904921556981E-07
0.00406196524994979,-3.03240924899398E-08
0.00605330441684281,4.33907265792351E-08
0.00806130880183334,1.24567712569527E-07
0.0100556379652442,2.03235674315351E-07
0.0120555228172926,2.8721278368254E-07
0.0140569316594291,3.72298955547168E-07
0.016057775955971,4.55404040222524E-07
0.0180550285875978,5.35417110379514E-07
0.0200552715381197,6.12976652156536E-07
0.0220535376709457,6.8297274208461E-07
0.0240564340273031,7.55690918630033E-07
0.0260566555158357,8.22745840281639E-07
0.0280593102784033,8.85313559235305E-07
0.0300604765012267,9.49915576302966E-07
0.0320648068635932,1.01118152474635E-06
0.0340645924722476,1.0717809593153E-06
0.0360667261669214,1.13330363822402E-06
0.038064322911489,1.19144871455824E-06
0.0400660626793932,1.24988446859963E-06
0.0420675511044512,1.30406733870986E-06
0.0440678485868885,1.36005175421378E-06
0.0460686795958022,1.41707033735388E-06
0.0480734043788821,1.46801142382911E-06
0.0500750463896228,1.52706975627368E-06
0.0520760332205325,1.5784180148317E-06
0.0540741825309125,1.63116873169653E-06
0.0560776972493223,1.6850818072169E-06
0.0580787769744559,1.73789593772428E-06
0.0600789673128046,1.78899035438594E-06
0.0620793724309624,1.83877790901301E-06
0.0640806837009625,1.88935582256758E-06
0.0660804736871887,1.93800271090531E-06
0.0680827819326892,1.98570192382901E-06
0.0700816849058805,2.03641125041244E-06
0.0720845932485036,2.08187635942211E-06
0.0740841467168693,2.12965063018079E-06
0.0760844558892479,2.17766276017017E-06
0.0780847157325407,2.22244745570634E-06
0.0800881182734995,2.27187812407778E-06
0.082088426634154,2.31349108845967E-06
0.0840916594178945,2.35766050007229E-06
0.086089753184225,2.40241355247807E-06
0.088092855145681,2.44573023305393E-06
0.0900954873694688,2.4904157806144E-06
0.0920981545972066,2.53172359821861E-06
0.0940996139072044,2.57214370725049E-06
0.096098725154935,2.61454093122099E-06
0.0980972896492672,2.65747082079733E-06
0.100002187487559,2.69294399133555E-06
0.102000550097415,2.73214027626111E-06
0.104003851193029,2.77111250414545E-06
0.106004793012051,2.81088217188512E-06
0.108002435062883,2.84965713785832E-06
0.110003466500108,2.88613584510655E-06
0.11200579109354,2.92294220824061E-06
0.114001497021505,2.95804092133192E-06
0.116007092279903,2.99627601338968E-06
0.118008261912698,3.02855124210108E-06
0.12001026598383,3.06524528448576E-06
0.122010692677481,3.098864285973E-06
0.124011672770577,3.13175574273167E-06
0.126012047433597,3.16432672194193E-06
0.128015369663551,3.19860662501264E-06
0.130014847640523,3.23101014964604E-06
0.132014790812613,3.26171874742764E-06
0.13401378599916,3.29259685288051E-06
0.136017712766463,3.32708303948894E-06
0.138019296563166,3.35495625393467E-06
0.14001997738253,3.38550288204859E-06
0.14202125495716,3.41523188404308E-06
0.144024945314631,3.43968975344502E-06
0.146021950653857,3.46858506423092E-06
0.148023798168999,3.49897693098676E-06
0.150024135862574,3.52498912773808E-06
0.15202525130703,3.5569414361683E-06
0.154025193721812,3.57657290020362E-06
0.156023756620622,3.60330396473703E-06
0.158023697949158,3.63070744017152E-06
0.160026655473998,3.65142797338611E-06
0.162026908351683,3.68012770070301E-06
0.164029152769338,3.69915607949256E-06
0.166032089341773,3.7233323602513E-06
0.168033310106714,3.74724927673928E-06
0.170029832997558,3.76758657065783E-06
0.172034097343897,3.79078201178394E-06
0.174032411322311,3.8098164599402E-06
0.176035939277298,3.83346506546129E-06
0.178037127235945,3.85284419370236E-06

0.23977944265731,4.29078655702197E-06

-0.100043546962007,-2.67872706133996E-06
-0.0979108036686729,-2.6396002968889E-06
-0.0959708362018934,-2.60272646637476E-06
-0.093975944928886,-2.56611985284289E-06
-0.0919693061112619,-2.52287882954565E-06
-0.0899603638711387,-2.48194646596339E-06
-0.0879515564296694,-2.44360364639303E-06
-0.0859434585545838,-2.39943993698791E-06
-0.0839379387928993,-2.35949503689034E-06
-0.0819295672438888,-2.31955614621512E-06
-0.0799252064301303,-2.27328405121038E-06
-0.0779223410420215,-2.23272557560358E-06
-0.0759173704436583,-2.18639674325966E-06
-0.0739130700090148,-2.14586386389569E-06
-0.0719111831975993,-2.10018527053175E-06
-0.0699084943353593,-2.05408331261409E-06
-0.067905205279294,-2.0094004250847E-06
-0.0659019020715701,-1.96401805428148E-06
-0.0639992215731933,-1.91765652228778E-06
-0.0619966129470259,-1.87264908848636E-06
-0.0599912690293275,-1.82584363102257E-06
-0.0579900521561836,-1.77990628032454E-06
-0.0559914493827024,-1.72823226162114E-06
-0.0539865424953885,-1.67944801826962E-06
-0.0519829079438619,-1.62831712546334E-06
-0.0499828011483008,-1.579666003555E-06
-0.0479821424607428,-1.53294561463475E-06
-0.0459805070900954,-1.48303991716208E-06
-0.0439792951850529,-1.42893250201824E-06
-0.0419749811461432,-1.37957592487895E-06
-0.0399748322917967,-1.32542111622345E-06
-0.0379720819085679,-1.27633311230762E-06
-0.0359724039741227,-1.2244417128664E-06
-0.0339696962376389,-1.16894732379392E-06
-0.0319678895648834,-1.11407422806734E-06
-0.0299672921351517,-1.06086985226655E-06
-0.0279660919535838,-1.00994346714624E-06
-0.0259630414026153,-9.54020048777767E-07
-0.0239617387783179,-8.97085942230625E-07
-0.0219591398842996,-8.41691431705761E-07
-0.0199595112302483,-7.83775065593901E-07
-0.0179539716985464,-7.24962763545953E-07
-0.0159527136278237,-6.67282862958359E-07
-0.0139502716524888,-6.07532607722682E-07
-0.0119499548574237,-5.50717024293179E-07
-0.00994733512915902,-4.89536968628323E-07
-0.007949207947502,-4.28513227255188E-07
-0.00595421120818374,-3.64808582915055E-07
-0.00394840124678441,-3.01147536859127E-07
-0.00194124961994289,-2.40202042548396E-07
3.42087091041668E-05,-1.70339449184091E-07
0.00205763731345246,-1.04062265595931E-07
0.00407288506837581,-3.21040565520568E-08
0.00606895639745026,4.55470317549776E-08
0.00806995978104081,1.23383099101055E-07
0.010070757082417,2.06135510017193E-07
0.0120660421389379,2.87204931907674E-07
0.0140687126923556,3.68612448432752E-07
0.0160692093589597,4.54807591941644E-07
0.0180686703942308,5.36954181245519E-07
0.0200681083476853,6.12397855617173E-07
0.0220702024771096,6.84789959182586E-07
0.0240687279376054,7.53963876585983E-07
0.0260715354159374,8.20845075728325E-07
0.0280709673383727,8.87133687381389E-07
0.0300757649700337,9.48517351566774E-07
0.0320749981213953,1.00846482750185E-06
0.0340759066613387,1.0716707665908E-06
0.036076570182166,1.13175872213956E-06
0.038079120886171,1.1909908108121E-06
0.0400785431843315,1.24669435700517E-06
0.0420808317502826,1.30638268971431E-06
0.0440821012066229,1.35985003394067E-06
0.0460818805239616,1.41339254839769E-06
0.0480831424171516,1.47134249459216E-06
0.0500861989568094,1.52309761052507E-06
0.0520871094548675,1.58052999709307E-06
0.0540893396680621,1.63320982974915E-06
0.0560894778549118,1.68344686968595E-06
0.0580911855458079,1.73662908105867E-06
0.0600912345059813,1.78596072883618E-06
0.0620916999892922,1.83948220282194E-06
0.0640912945027169,1.88838803581991E-06
0.0660938851197555,1.9379292191168E-06
0.0680920365746805,1.9873411174097E-06
0.0700963111819203,2.03422714758985E-06
0.0720947080937125,2.08201877224149E-06
0.0740991505772409,2.1313373746271E-06
0.0760989866463965,2.17607233132843E-06
0.0780992150938604,2.22296153855978E-06
0.0800000970175527,2.26723693929848E-06
0.0820015924680129,2.31030643180221E-06
0.0840013229636379,2.35656336088322E-06
0.0860043681410556,2.40056937914955E-06
0.0880042826989758,2.44806224859117E-06
0.0900061747027695,2.48471122030825E-06
0.09200620023012,2.52784049232756E-06
0.09401134699607,2.57221250839263E-06
0.0960114414054836,2.61203515196273E-06
0.0980119678312705,2.65521388557421E-06
0.100013952125835,2.69050873661986E-06
0.102015555940137,2.73509890520644E-06
0.104012697941998,2.77342198060236E-06
0.106015618529826,2.80858922508618E-06
0.108014709882747,2.84681321245078E-06
0.110016418259188,2.88494362666539E-06
0.112017563794424,2.92315841257033E-06
0.114019499914004,2.95913063491307E-06
0.116017177374106,2.99370095343437E-06
0.118018812714124,3.03289382153126E-06
0.120021446555129,3.06591486301572E-06
0.122021181427909,3.09967038778873E-06
0.124023072358682,3.13242239897396E-06
0.126024716282703,3.16310773834288E-06
0.128024680956261,3.19708093608248E-06
0.130026094546711,3.23072445481401E-06
0.132026181280443,3.26449385670695E-06
0.134029417916311,3.29511014017019E-06
0.136030810806298,3.32753127346009E-06
0.138032132010999,3.35559875259883E-06
0.140031437088394,3.38184766963796E-06
0.142033951537662,3.41519115184871E-06
0.144035656737624,3.44352178673916E-06
0.146036113654467,3.47153807339226E-06
0.148035924034804,3.49858481992507E-06
0.150038477114931,3.5249178239188E-06
0.152034224492031,3.55382507861894E-06
0.154035265308635,3.57897633944887E-06
0.156035089949489,3.60101268139415E-06
0.158039530188341,3.63055366789543E-06
0.160039578727929,3.65716829050453E-06
0.162040453543793,3.67547750179018E-06
0.164041522394372,3.70151730292047E-06
0.166049116651858,3.72448441596954E-06
0.168044650570466,3.74602426873179E-06
0.170044010588662,3.76755643362954E-06
0.172044995154267,3.78841551325213E-06
0.174046744692397,3.81101871906209E-06
0.176046480949338,3.83251578653556E-06
0.178046629363683,3.85580701875307E-06
0.180049107652112,3.8730373514011E-06

0.23977886557316,4.29108647365402E-06

-0.102043573967623,-2.72059863319505E-06
-0.0999242400347796,-2.68105972127911E-06
-0.0979846638671202,-2.64195339785568E-06
-0.0959931796055328,-2.60318979133919E-06
-0.0939815745425972,-2.56310387212867E-06
-0.0919718423143948,-2.52398543994401E-06
-0.0899635089113131,-2.48406295903804E-06
-0.087955026489836,-2.44348583324144E-06
-0.0859496467391558,-2.4053848592019E-06
-0.0839451117577217,-2.36344689896526E-06
-0.0819418856332038,-2.32103361739863E-06
-0.0799358856230509,-2.27704551500367E-06
-0.0779345902260925,-2.23576163018622E-06
-0.0759290953440463,-2.18966196514043E-06
-0.0739241695282235,-2.14586609682319E-06
-0.0719202268270496,-2.10162330581774E-06
-0.0699198745672061,-2.05585103440119E-06
-0.0679155223499818,-2.0133813152172E-06
-0.0659135780345418,-1.96353938356023E-06
-0.0639124639881794,-1.9187715099108E-06
-0.0619108643500184,-1.87274100567333E-06
-0.0599048401031103,-1.82446165120864E-06
-0.0579050403912362,-1.77466471528882E-06
-0.0559036596633336,-1.72524389277893E-06
-0.0539971964639662,-1.6823054236657E-06
-0.0519958577155053,-1.63019401342774E-06
-0.0499973508268032,-1.58320681214966E-06
-0.0479952720387973,-1.53193504259828E-06
-0.0459943211993849,-1.4813960629072E-06
-0.0439905588902177,-1.43117857232565E-06
-0.0419879867194478,-1.38102168549466E-06
-0.0399873985837295,-1.32560895937662E-06
-0.0379860101609964,-1.27668763825398E-06
-0.0359839186830448,-1.2225922531944E-06
-0.0339826189501168,-1.17165429506559E-06
-0.0319803055764927,-1.11755620127013E-06
-0.0299795059261395,-1.06156848882627E-06
-0.0279789677286438,-1.01172699551245E-06
-0.0259774570781108,-9.530934475537E-07
-0.0239735380849413,-8.99900157713466E-07
-0.0219742329221971,-8.43064820743234E-07
-0.0199709330861179,-7.85608205413185E-07
-0.0179664560069099,-7.28066442862622E-07
-0.0159663401507124,-6.70849114188405E-07
-0.0139647941897184,-6.11769786230845E-07
-0.0119611982024001,-5.51087390537347E-07
-0.00996251252463801,-4.88275100457637E-07
-0.00796398538057106,-4.30014914087922E-07
-0.00596903957956423,-3.66700417631607E-07
-0.00395701718752515,-3.02914337938285E-07
-0.00195609495816004,-2.37100527785193E-07
2.12685470365124E-05,-1.74391856219347E-07
0.00204587123318097,-1.06010734622287E-07
0.00406251112143941,-3.13851996729362E-08
0.00605473371446225,4.39428337253485E-08
0.00805734748448387,1.22281647196087E-07
0.0100545046928626,2.02739729314742E-07
0.012054768603851,2.84445068165705E-07
0.0140544790134911,3.70849435295965E-07
0.0160559278585377,4.54080118397005E-07
0.0180534874151013,5.32473478764396E-07
0.0200568639703759,6.11186134652303E-07
0.0220559309443835,6.82044413713597E-07
0.0240570197946761,7.52465720850856E-07
0.0260565504029435,8.19228709710201E-07
0.0280584017739071,8.85506246642279E-07
0.030060857851751,9.47959636710424E-07
0.0320624393618444,1.00948266029923E-06
0.034062590993274,1.07243149427058E-06
0.0360622769530685,1.13018994070576E-06
0.0380645135656141,1.18889059263189E-06
0.040069782785566,1.24923695708814E-06
0.0420686383253278,1.30291052490785E-06
0.0440689353707428,1.36002053069392E-06
0.0460693750459146,1.41514813145138E-06
0.0480702841089108,1.47043632315617E-06
0.0500702515732783,1.5221475148574E-06
0.0520725269349078,1.57900168559705E-06
0.0540707993589526,1.62876029459004E-06
0.0560763693515048,1.68364244566189E-06
0.0580769916996913,1.73442379539695E-06
0.0600776003192361,1.78768131936821E-06
0.062077669614058,1.83751286566437E-06
0.0640805675868564,1.88495642337473E-06
0.0660799638544885,1.9355208794199E-06
0.0680807559720836,1.98562965340688E-06
0.0700806307347626,2.03549971395599E-06
0.0720815812920506,2.08357962603335E-06
0.0740832970899641,2.13088146777754E-06
0.0760871209117282,2.18007361753029E-06
0.0780857132818521,2.22469236459172E-06
0.0800890861175603,2.26953959708415E-06
0.0820859602640467,2.3147960397677E-06
0.0840882410954185,2.35712018406718E-06
0.0860888179099182,2.40442762311622E-06
0.0880872507939028,2.44587483384255E-06
0.0900907295998142,2.4892462885797E-06
0.0920963005888259,2.53097768054291E-06
0.0940998062465211,2.5741626483681E-06
0.096001495637409,2.61512417488275E-06
0.0980983617105055,2.65545508670312E-06
0.100099987255183,2.69368291050692E-06
0.102001157240696,2.73526766357317E-06
0.104002343080413,2.77267798114627E-06
0.106001128388267,2.80929465034496E-06
0.108003879573299,2.84748187682921E-06
0.110003059889511,2.88584183299421E-06
0.112003973736613,2.9227668410079E-06
0.114003200923093,2.95991601096543E-06
0.116006841186736,2.9953159145065E-06
0.118003542486271,3.03079419530163E-06
0.120005683631098,3.06228121558953E-06
0.122006823306546,3.09901666454267E-06
0.124011098113896,3.13172278831835E-06
0.126011869397085,3.16598018228092E-06
0.128014301191283,3.1999013483138E-06
0.130013354926843,3.23185740326667E-06
0.132013281959454,3.26296726861135E-06
0.134012933981933,3.29771725537338E-06
0.136017015676058,3.32810630474418E-06
0.138017991715417,3.35606684314009E-06
0.14001886825107,3.38493723205724E-06
0.142020642891366,3.41595805005131E-06
0.144023577196915,3.44124217756089E-06
0.146019654580382,3.47113780989725E-06
0.148022541385026,3.50051646706468E-06
0.150022741973192,3.52470286343461E-06
0.152022792484158,3.55350603973523E-06
0.154023495733374,3.58053000741026E-06
0.15602413359725,3.60318199294528E-06
0.1580229292564,3.62649685822773E-06
0.160025206389005,3.65256766557956E-06
0.162026426604543,3.67960745856632E-06
0.164028596777023,3.70371760570705E-06
0.166030431317449,3.7240135679876E-06
0.168032522857643,3.74835390148062E-06
0.170030564255935,3.77069468585733E-06
0.172030810673397,3.79584261977514E-06
0.174032782534848,3.81434936272156E-06
0.176032247699642,3.83587695686167E-06
0.178032455731231,3.85316480612559E-06
0.180037229326703,3.87337602206355E-06
0.182036822323741,3.8950670844804E-06

0.239778144490441,4.2940655136548E-06

-0.104043783399942,-2.75783217484291E-06
-0.101925788231045,-2.71998210542597E-06
-0.0999830948720729,-2.68219329914758E-06
-0.097987646512588,-2.64363079098143E-06
-0.0959781379275653,-2.60692029386922E-06
-0.0939684954757641,-2.56611811445638E-06
-0.0919659125295557,-2.52773682559134E-06
-0.0899576167363004,-2.48709441289085E-06
-0.0879504342177446,-2.44548377135301E-06
-0.0859449602732311,-2.40712652017737E-06
-0.0839397095828949,-2.36121661650435E-06
-0.0819347882593314,-2.32089137691929E-06
-0.079929030315188,-2.28039786601543E-06
-0.0779247154514686,-2.23382997555357E-06
-0.0759230202137787,-2.19402581732628E-06
-0.0739204132494213,-2.14780188012382E-06
-0.0719187305665785,-2.10160492537757E-06
-0.0699162761764345,-2.05979407716177E-06
-0.0679135141436241,-2.01333093198046E-06
-0.0659101603308955,-1.96643348239925E-06
-0.0639084793027366,-1.92175300763045E-06
-0.0619042833863559,-1.87142992505423E-06
-0.0599007701373783,-1.8244506514181E-06
-0.0579989798104367,-1.78028261852583E-06
-0.055999174355578,-1.73235270222972E-06
-0.053993644296817,-1.68642181053675E-06
-0.0519936489505929,-1.63329022967127E-06
-0.0499919595593012,-1.58583481796321E-06
-0.0479910524537171,-1.53376333816377E-06
-0.045991049151166,-1.48192500446951E-06
-0.0439883038162867,-1.43360714324491E-06
-0.0419831848456992,-1.37869750768282E-06
-0.0399851138497935,-1.32945902843084E-06
-0.0379823334950921,-1.27855995920725E-06
-0.0359812702689091,-1.22498585032463E-06
-0.0339793139544185,-1.17252731726908E-06
-0.0319795961839457,-1.11866580514009E-06
-0.0299754369935092,-1.06339592269154E-06
-0.0279758133167764,-1.00978879945123E-06
-0.0259715741327802,-9.52435423299627E-07
-0.0239712439613791,-8.98079332714168E-07
-0.0219702945591093,-8.42164107990753E-07
-0.0199687079980349,-7.88123658192955E-07
-0.0179639223136422,-7.30940868711148E-07
-0.0159623795119594,-6.72289431106692E-07
-0.013961311236907,-6.11094428689681E-07
-0.0119598610688534,-5.54576216130082E-07
-0.00995733698064984,-4.91733286988051E-07
-0.00796092223024451,-4.28268526874113E-07
-0.00596394569880425,-3.63813101871867E-07
-0.00395531658520331,-3.03091036123173E-07
-0.00195254607756128,-2.36895494649421E-07
1.99322564001268E-05,-1.7115188777458E-07
0.00204894769368022,-1.04348202781147E-07
0.0040628632347685,-3.27298011327552E-08
0.00605803477658928,3.9649625765903E-08
0.00805968141398401,1.20763811445738E-07
0.0100601635889097,2.01550598944887E-07
0.0120559824881545,2.86028124787481E-07
0.0140595464976452,3.70500626543187E-07
0.0160556427692598,4.54104961588769E-07
0.0180588834447789,5.32491355297273E-07
0.0200581135904799,6.09753232102362E-07
0.0220597714856639,6.80207630401024E-07
0.0240576188108721,7.51772520495519E-07
0.0260602453345857,8.19669769090458E-07
0.0280624887849642,8.84476432465426E-07
0.0300635219468392,9.5089995639951E-07
0.0320633629815582,1.00934739209856E-06
0.0340662474762511,1.06966165634865E-06
0.0360659118202901,1.12836424148048E-06
0.0380682465185638,1.18731634876804E-06
0.0400688870030379,1.24729472227549E-06
0.0420700329466845,1.30112945800703E-06
0.0440687974434353,1.35757846480003E-06
0.0460718683092359,1.41591275926124E-06
0.0480725290897831,1.46913315519293E-06
0.0500757224353518,1.52693929486158E-06
0.0520772451266854,1.57692949140634E-06
0.054077418178138,1.63029534233381E-06
0.0560786171970375,1.68319093722993E-06
0.0580814172520234,1.73338630834169E-06
0.0600804369593564,1.78620101581356E-06
0.0620812984615925,1.83883052517726E-06
0.0640815426823032,1.8866513951848E-06
0.0660841214249678,1.93575299897788E-06
0.068082653738351,1.98488521935415E-06
0.070085177698165,2.03356510706348E-06
0.0720837856467967,2.08260607713382E-06
0.0740858056531013,2.12838856157114E-06
0.0760858330382332,2.17503599820214E-06
0.078086549394364,2.21904363496626E-06
0.0800901980444529,2.27005609269819E-06
0.0820947909192506,2.31103719854027E-06
0.0840909715549536,2.3583893410977E-06
0.0860931213861833,2.40199399439137E-06
0.0880938664322372,2.44411485986431E-06
0.0900966085010358,2.48925916912461E-06
0.0920964406937004,2.53056168914578E-06
0.0940014706017873,2.57160528698584E-06
0.096001230710972,2.61393231610777E-06
0.0980012958055742,2.65111563936588E-06
0.100001514768083,2.69611874968014E-06
0.102000927589664,2.73477331740111E-06
0.104002511990991,2.77274895527156E-06
0.106004659731285,2.81112987697737E-06
0.108003017000302,2.84733243553331E-06
0.110006353501095,2.888096730109E-06
0.112004957559456,2.92325949375172E-06
0.114008439464328,2.95973159213397E-06
0.11600760551501,2.99340905436081E-06
0.118010491539717,3.02913943117275E-06
0.120009174033749,3.06474840566438E-06
0.12201181891235,3.09960040274542E-06
0.1240115009408,3.1341118109444E-06
0.126014841087233,3.16740197264464E-06
0.128015304848461,3.19723662657818E-06
0.13001743588385,3.23295254181264E-06
0.132017343610962,3.25901243929048E-06
0.134015583141513,3.29660282972875E-06
0.136019149967298,3.32699745392528E-06
0.138023716345391,3.35773277190649E-06
0.140021983913761,3.38836033989598E-06
0.142022625891484,3.41460901715766E-06
0.144024082220395,3.44204104109484E-06
0.146022748529098,3.4756503915397E-06
0.148024650341883,3.49869796490943E-06
0.150026886969392,3.52234405276729E-06
0.152024046824405,3.55420713401381E-06
0.154025368240197,3.57790844561569E-06
0.156027623867453,3.60206248701592E-06
0.158027245203872,3.62808769169392E-06
0.160026779564006,3.65331401785189E-06
0.162029543514027,3.67694005432046E-06
0.164031068097784,3.702226324841E-06
0.166033993943946,3.7245413331418E-06
0.168032180939442,3.74515441608647E-06
0.170034301444566,3.76701462650841E-06
0.17203581505775,3.79286139180512E-06
0.174037432647616,3.81217197366758E-06
0.176036396937136,3.83429067916703E-06
0.178039236741409,3.85790758910641E-06
0.180038189009281,3.87190062645359E-06
0.182039666103495,3.8936601453325E-06
0.184040392456231,3.91236465971715E-06

0.239775256744361,4.29552409487106E-06

-0.106045151039791,-2.79812807915553E-06
-0.10391859520987,-2.76130935249669E-06
-0.101980038152008,-2.72287806254022E-06
-0.0999844831788692,-2.68637555738005E-06
-0.0979756624935711,-2.64851137106572E-06
-0.095964263945346,-2.6082707204693E-06
-0.0939548387845467,-2.56837903597961E-06
-0.0919501756766134,-2.52757974138921E-06
-0.0899432517155083,-2.49050841667953E-06
-0.0879356045432412,-2.44848890963065E-06
-0.0859309250566457,-2.40380713856502E-06
-0.0839280591913391,-2.36771872906151E-06
-0.0819230446870347,-2.32301911705497E-06
-0.0799200304219798,-2.2808766716115E-06
-0.0779171965566828,-2.23744886168048E-06
-0.0759124420529364,-2.19279810432943E-06
-0.0739124642712889,-2.14876272831153E-06
-0.0719075355862053,-2.1049692577688E-06
-0.0699074492188137,-2.05651419139131E-06
-0.0679035817687744,-2.01260115432438E-06
-0.0659029154945434,-1.96525425689868E-06
-0.0639979470247687,-1.9267967113114E-06
-0.0619966204814735,-1.87509553781176E-06
-0.0599910773301799,-1.82897254691588E-06
-0.0579898600654029,-1.78163031765741E-06
-0.0559899346683737,-1.73050364343565E-06
-0.0539862476842589,-1.68556901955563E-06
-0.0519860925802139,-1.63444559731553E-06
-0.0499856807078039,-1.58427889459517E-06
-0.0479836533566798,-1.53639005517352E-06
-0.0459813385751216,-1.48475983332003E-06
-0.0439796783525419,-1.43422760486279E-06
-0.0419790169216612,-1.38148326457953E-06
-0.0399782475422673,-1.32976095319904E-06
-0.0379759397515823,-1.27900924969779E-06
-0.0359739231592385,-1.22562003170849E-06
-0.0339752568724482,-1.17465723038791E-06
-0.0319699121834958,-1.11742697246399E-06
-0.029968540562593,-1.06346084618274E-06
-0.0279660462790841,-1.01288932419582E-06
-0.0259638456220447,-9.55960893630508E-07
-0.0239607458404849,-8.97424384355199E-07
-0.0219616352569046,-8.42470783349686E-07
-0.0199588394737279,-7.85637023665493E-07
-0.0179584477197703,-7.29429195522261E-07
-0.015957190605283,-6.70835330731535E-07
-0.0139553541202565,-6.11572913958059E-07
-0.0119500009092665,-5.54269982860823E-07
-0.00995071119567748,-4.91080429188727E-07
-0.00795237767911069,-4.33548759770212E-07
-0.00595984889520002,-3.69583361199402E-07
-0.00394566331437695,-3.0671334095201E-07
-0.00194336438919048,-2.38872287387094E-07
3.16734314525506E-05,-1.76642199435846E-07
0.00206279550611032,-1.05071989747487E-07
0.00407071721834497,-3.15769368534653E-08
0.00606437595155208,4.14324601912329E-08
0.00806677271711419,1.21150250037964E-07
0.0100633436918672,2.00736286156436E-07
0.0120643271785016,2.85755080089215E-07
0.0140655268499351,3.69636005916761E-07
0.0160674577986518,4.55339459538156E-07
0.0180654569798476,5.34703244205179E-07
0.0200673795949833,6.08784969546305E-07
0.0220677297540379,6.82879700940849E-07
0.0240662792480251,7.51101184846432E-07
0.0260666428991742,8.20634659776119E-07
0.0280687290580973,8.84100109250227E-07
0.0300711727138353,9.48110194470076E-07
0.0320722859001534,1.00687547765863E-06
0.0340704562540783,1.06936098291902E-06
0.0360735669242978,1.12764928506805E-06
0.0380749669607792,1.18726590558693E-06
0.0400775194388548,1.2488600306828E-06
0.042078060192753,1.30201343504278E-06
0.0440799414365044,1.36103404000415E-06
0.0460791232607959,1.41583692214954E-06
0.0480820147905807,1.46746442402757E-06
0.0500847845086307,1.52297213948116E-06
0.0520852737921713,1.57532151385245E-06
0.0540841477550264,1.63197807800087E-06
0.0560887453423311,1.68500822551184E-06
0.0580877492133055,1.73519780449956E-06
0.0600896134152371,1.78670626436657E-06
0.0620889330617494,1.8338565068178E-06
0.0640899876881258,1.88900541779615E-06
0.0660880689923175,1.93671124707887E-06
0.068089171478592,1.98546599031096E-06
0.0700898131574659,2.03428509880236E-06
0.0720907167738054,2.08305680628906E-06
0.0740931916253501,2.12786505246669E-06
0.0760951392600488,2.17745882944869E-06
0.0780953021694743,2.22464332261009E-06
0.0800972077680889,2.27189704401722E-06
0.0820948330415764,2.31088245966133E-06
0.0840986855722186,2.35729766433867E-06
0.0860006694183909,2.40099047331055E-06
0.0880017442095221,2.44261104313344E-06
0.0900027980449133,2.48423062387435E-06
0.0920047868729644,2.52878544776614E-06
0.0940083691878028,2.57124167946855E-06
0.096010495198496,2.61296394490255E-06
0.0980100917169765,2.65572793845547E-06
0.100009619625056,2.69535135693655E-06
0.102007673562358,2.73268050984272E-06
0.104009382706703,2.77364064265095E-06
0.106010390301952,2.81167270315266E-06
0.108012603975351,2.84991459889558E-06
0.11001334797376,2.88449546762469E-06
0.112014804152529,2.92470680542781E-06
0.114014964830998,2.95959025831311E-06
0.116017837318956,2.99871702276417E-06
0.118016905893788,3.02945337478564E-06
0.120015659866271,3.06750440767812E-06
0.122017170283713,3.10110966692024E-06
0.124021143093675,3.13115674868864E-06
0.126021538766796,3.16689198099395E-06
0.12802301731368,3.19983633865259E-06
0.130022529612067,3.23294804598545E-06
0.13202402940921,3.26739502898075E-06
0.134023539425056,3.29582996706207E-06
0.136025412494367,3.32534622651379E-06
0.138029417086132,3.35568907376714E-06
0.140028394789021,3.38360002318911E-06
0.142029514937051,3.41562925522259E-06
0.144033228620302,3.43962083241415E-06
0.146032396353248,3.47076756354181E-06
0.148032441197883,3.50265977774854E-06
0.150031766333647,3.52733617432424E-06
0.152032794343609,3.55142851798929E-06
0.154031931369643,3.57989723471893E-06
0.156033941207696,3.60690611140069E-06
0.158035902352975,3.62772658685377E-06
0.160037791364744,3.65435845845321E-06
0.162037391864619,3.68000923565647E-06
0.164038417716481,3.70033785262854E-06
0.166039670906091,3.72676796648964E-06
0.168041129747916,3.75261879301691E-06
0.170040052611074,3.76797626895893E-06
0.172042405608002,3.78963182932704E-06
0.174040862286488,3.81447714911648E-06
0.176044909652403,3.83211201629534E-06
0.178044537512157,3.85677925636967E-06
0.180046099240039,3.86977012887723E-06
0.182045262255623,3.89401134436673E-06
0.184047322961476,3.91224898208347E-06
0.186045759574245,3.93142581308694E-06

0.239778546019758,4.29514072070022E-06

-0.108043996155388,-2.83563624091444E-06
-0.10593603319634,-2.79349361563788E-06
-0.103997261101443,-2.76319736014034E-06
-0.10190495953193,-2.72206427286E-06
-0.0999927011992065,-2.68599227312575E-06
-0.0979824089094316,-2.65131237630966E-06
-0.0959747690428937,-2.61060215154901E-06
-0.0939626587953845,-2.57138439155556E-06
-0.0919616592026591,-2.53022761875896E-06
-0.0899564514553968,-2.48865678777091E-06
-0.0879493973940582,-2.44871309405364E-06
-0.0859457035866757,-2.40685656823356E-06
-0.0839438572071905,-2.36591121171071E-06
-0.0819397659603213,-2.32469872812213E-06
-0.0799358241330775,-2.28442187113071E-06
-0.0779326152022597,-2.24042890574934E-06
-0.0759279164108149,-2.19439953296171E-06
-0.0739257026600883,-2.14914651459987E-06
-0.0719249178164572,-2.10598171805269E-06
-0.0699221044867042,-2.06089001746359E-06
-0.0679222554002459,-2.01527056670638E-06
-0.0659170317379667,-1.97008557020998E-06
-0.0639170729809856,-1.92282922623698E-06
-0.0619112098602725,-1.87711002806045E-06
-0.0599086039503271,-1.82657183513913E-06
-0.0579082403494059,-1.77942970016293E-06
-0.0559057013346465,-1.72791818313343E-06
-0.0539005846050236,-1.6821245040864E-06
-0.0519016879754718,-1.63177868761067E-06
-0.0499035798947912,-1.58221420094283E-06
-0.047900574283289,-1.53471843169267E-06
-0.0459982663641893,-1.48558905867362E-06
-0.0439951736051558,-1.43502985525321E-06
-0.041993467673841,-1.38691557257696E-06
-0.0399931507767081,-1.33038633025465E-06
-0.0379926970318141,-1.280815924081E-06
-0.0359914286321054,-1.22803273610428E-06
-0.0339883805234699,-1.1750563849122E-06
-0.0319862182921985,-1.12058045055987E-06
-0.0299857664343367,-1.06563780813314E-06
-0.0279854412328031,-1.01127368125657E-06
-0.0259823105973996,-9.56631779696877E-07
-0.0239770538366789,-9.01326518834842E-07
-0.021976152614539,-8.45897225593594E-07
-0.0199766396833185,-7.88229984506071E-07
-0.0179725168157601,-7.30338450346408E-07
-0.0159738960871926,-6.73257708648839E-07
-0.0139730628182716,-6.13395364948192E-07
-0.0119678211375305,-5.53989019886913E-07
-0.00996695648075262,-4.93480745707342E-07
-0.00796916042446126,-4.34075230500832E-07
-0.0059771268663877,-3.73157590649454E-07
-0.00396293302589798,-3.02166939449505E-07
-0.00196152016810516,-2.44839869506765E-07
1.30765376269527E-05,-1.76145629234268E-07
0.00204385912924617,-1.08071781503135E-07
0.00405044543035585,-3.71331515898843E-08
0.00604831529672369,3.96888573315983E-08
0.0080531350231732,1.18742492222871E-07
0.0100476035815179,1.99279116910905E-07
0.0120473517117955,2.8386022848529E-07
0.0140509079979554,3.67679128756924E-07
0.0160455789377327,4.52319895275008E-07
0.0180482368711028,5.30613614998971E-07
0.0200487666650546,6.08505355320553E-07
0.0220485453690907,6.82460506266841E-07
0.0240495285300468,7.51884327971289E-07
0.0260517409033201,8.19836845268521E-07
0.0280516995322642,8.81649122885885E-07
0.0300539537079643,9.44588118488725E-07
0.0320549675075035,1.00922406781213E-06
0.0340558037712688,1.06720657128852E-06
0.0360573570224565,1.12996077340763E-06
0.0380568743988253,1.18605046619832E-06
0.040059007512376,1.24263683175165E-06
0.0420596923284544,1.3014933277809E-06
0.0440611917879966,1.35750013250424E-06
0.0460630265250856,1.41153660349497E-06
0.0480613206370107,1.46803327354927E-06
0.0500661211470831,1.52092305384222E-06
0.0520675062933112,1.57529056008223E-06
0.0540665414066526,1.62798900546289E-06
0.0560687650150847,1.67830029398577E-06
0.0580719337509692,1.73219408240749E-06
0.0600704191911221,1.78506832212444E-06
0.0620728754206993,1.83631927599592E-06
0.0640725139212642,1.88575872621647E-06
0.0660743241691294,1.93629004052219E-06
0.068072496813231,1.98437220800619E-06
0.0700745209174597,2.03177368477402E-06
0.0720740187878585,2.07952456224521E-06
0.0740770376759695,2.1305547710015E-06
0.0760771735075667,2.17778037100954E-06
0.0780795806130795,2.22225058343356E-06
0.0800794545697745,2.26922425976483E-06
0.0820815648648019,2.31399321241278E-06
0.0840820731457806,2.35859424591507E-06
0.086083364933147,2.39961001458481E-06
0.0880825561096967,2.44486860777237E-06
0.0900872419167813,2.48719302931452E-06
0.092088127620863,2.5279399774903E-06
0.0940925682322575,2.57133571718734E-06
0.0960892581742872,2.61353110848906E-06
0.0980903300021494,2.65723372585726E-06
0.100094073449791,2.69381170096991E-06
0.102094164052842,2.73404464871574E-06
0.104091789404908,2.77333123982352E-06
0.106094262974346,2.81291642878737E-06
0.108093516185193,2.85086904802258E-06
0.110095741527071,2.8878673679917E-06
0.112094916528839,2.92313274139705E-06
0.114097760008965,2.96042817559927E-06
0.116098425623995,2.99884202174623E-06
0.11809993516062,3.03421370647861E-06
0.120099760413873,3.06699981102005E-06
0.122001245312021,3.10068882752278E-06
0.124002419716453,3.13379010453655E-06
0.126004376434902,3.16462926113984E-06
0.128005199976069,3.19773178199914E-06
0.130005791069329,3.22874769954157E-06
0.132004489962331,3.26338089969921E-06
0.134009303809484,3.29369578290742E-06
0.136009500136109,3.32599431498977E-06
0.13801502417741,3.35397473992796E-06
0.140011534776847,3.38425365651862E-06
0.142013556448786,3.41203094499814E-06
0.144014629988901,3.44310512846099E-06
0.146016093914431,3.47101941978117E-06
0.148013553474863,3.49856388435644E-06
0.150015465940718,3.52363123806486E-06
0.152014674094117,3.55220891865956E-06
0.154015553035768,3.58224056475461E-06
0.156014164979171,3.60354101471883E-06
0.158016968200346,3.62894628978517E-06
0.160017843677325,3.65263856477439E-06
0.162019714025827,3.67822893304627E-06
0.164021438603626,3.70097649986741E-06
0.166023575355903,3.7230238715754E-06
0.168023414500976,3.75000031835701E-06
0.170023314096134,3.76907301101659E-06
0.172024483733658,3.7917017830972E-06
0.174026137876259,3.811398631446E-06
0.176026122177852,3.83534728847396E-06
0.178028519759042,3.85218504549148E-06
0.180027737901404,3.87137118285724E-06
0.182030564558939,3.88872778830503E-06
0.184029026578345,3.91127912725528E-06
0.18602997172862,3.92524454523741E-06
0.188030934915578,3.94766797790401E-06

0.23977704498627,4.29372309646969E-06

-0.110042321457345,-2.87322134126271E-06
-0.107925807358101,-2.83481909434991E-06
-0.10598612629598,-2.79903914355013E-06
-0.103993073650951,-2.76615727788947E-06
-0.101987818467788,-2.73046141404429E-06
-0.0999743785808418,-2.68809312821482E-06
-0.0979639382518138,-2.65137128663198E-06
-0.0959550751039294,-2.61293539594569E-06
-0.093947543503444,-2.57146468702923E-06
-0.0919420084400792,-2.53477714111484E-06
-0.0899392722542833,-2.4908714097671E-06
-0.0879380889387925,-2.45002503637295E-06
-0.0859352682447455,-2.40991853376692E-06
-0.0839278251646416,-2.37070371854029E-06
-0.0819263153548434,-2.32746979865001E-06
-0.079921009950172,-2.28451908590072E-06
-0.0779199551281156,-2.24009677651545E-06
-0.0759156596126569,-2.19385269800716E-06
-0.0739148389602827,-2.15053212104774E-06
-0.0719108682254211,-2.1076351484195E-06
-0.0699113974737107,-2.0642445414585E-06
-0.0679085319010613,-2.01381823468992E-06
-0.0659049959798086,-1.9723974444414E-06
-0.0639018055184483,-1.9218522455227E-06
-0.0619001797426505,-1.87474923922917E-06
-0.0599965230350187,-1.83359338058409E-06
-0.0579966328755028,-1.78327589531272E-06
-0.0559942994131373,-1.73186700303196E-06
-0.0539912744384462,-1.68439575851913E-06
-0.0519900284842809,-1.63530361094924E-06
-0.0499901464672134,-1.58851503531656E-06
-0.0479885364136774,-1.53775872733896E-06
-0.0459842229587556,-1.48600560455611E-06
-0.0439822614461217,-1.43464734278258E-06
-0.0419825652258065,-1.38569045966684E-06
-0.0399820114374588,-1.33215715416251E-06
-0.0379812413245282,-1.2794644859198E-06
-0.0359785141330314,-1.22804034154528E-06
-0.0339759955463321,-1.17378332025854E-06
-0.0319755572769467,-1.11977903564399E-06
-0.0299734287404019,-1.06450814163432E-06
-0.0279714153938506,-1.01218064695537E-06
-0.0259705825936126,-9.57699932040119E-07
-0.0239670660867517,-9.03902376799473E-07
-0.0219659303816549,-8.47477905983372E-07
-0.0199658957973102,-7.90359230743862E-07
-0.0179633560689297,-7.31971922987001E-07
-0.0159630642044805,-6.73004919525339E-07
-0.0139606741967596,-6.15446355693903E-07
-0.0119562986255083,-5.56740119575747E-07
-0.00995387235480626,-4.9277689398808E-07
-0.00795431527408358,-4.32900334107196E-07
-0.00596700508681877,-3.71169357904836E-07
-0.00394957502365124,-3.08405696752635E-07
-0.00195138299692165,-2.41632453660767E-07
2.30101115099356E-05,-1.75809270644608E-07
0.00205601177486851,-1.08505812875195E-07
0.00406445523761891,-3.57306220735441E-08
0.00606035763091301,3.9247278428654E-08
0.0080624389717001,1.1911309520044E-07
0.010058936994951,2.00160624051594E-07
0.0120590184342,2.83260962819369E-07
0.0140619304237625,3.68219509389552E-07
0.0160601618181741,4.4972338647747E-07
0.0180587343627199,5.30035790682238E-07
0.0200591480059228,6.06909344160046E-07
0.0220602844646345,6.81788945826394E-07
0.0240615085773593,7.53382375057258E-07
0.0260606102695802,8.1795604968099E-07
0.0280642999504109,8.84608493642701E-07
0.0300646947070848,9.45581557677063E-07
0.0320678449992261,1.00640402274002E-06
0.034069606149758,1.06787188627569E-06
0.0360690337625792,1.12914641425596E-06
0.03806853539341,1.18825022573911E-06
0.0400686018882869,1.2459578843131E-06
0.0420726863194179,1.29925612174611E-06
0.0440740887184493,1.35760957592421E-06
0.0460733110917524,1.41452552682254E-06
0.0480743495601304,1.46667809635845E-06
0.0500760322027465,1.52111189357042E-06
0.0520785894065521,1.57656771219211E-06
0.0540769792043206,1.62812558119997E-06
0.0560795448576151,1.68166259576173E-06
0.0580807727813694,1.73173682680977E-06
0.0600817469076174,1.78453916326381E-06
0.0620827767446201,1.83599612343032E-06
0.0640840361725219,1.88616837100422E-06
0.0660848996153443,1.93429046892674E-06
0.068086293405281,1.98220840384338E-06
0.0700843041858439,2.03046908563913E-06
0.0720877974359763,2.07866435314922E-06
0.0740890979837142,2.13011644283627E-06
0.0760884882064228,2.17523254078094E-06
0.0780897840907061,2.22282805745042E-06
0.0800905734459572,2.26818629315467E-06
0.0820906240575102,2.31434656195102E-06
0.0840913075753649,2.35544081277747E-06
0.0860931283929508,2.40153069190607E-06
0.0880947878275253,2.44192247722663E-06
0.0900954004229281,2.4892707234005E-06
0.0920995028957755,2.53108090473526E-06
0.0940030199449953,2.57175676639007E-06
0.0960043844435782,2.61153160433101E-06
0.0980043009866216,2.65239071590221E-06
0.100006018641163,2.69387118076367E-06
0.102004260398191,2.73356563331441E-06
0.104002450391133,2.76696376979774E-06
0.106002543683293,2.81263729786304E-06
0.108007283729495,2.84899676078801E-06
0.110007339902786,2.88525878415163E-06
0.112006760504604,2.92395941911523E-06
0.114007012262541,2.96192179429546E-06
0.116009278109055,2.99558609873471E-06
0.118011328494158,3.030444419946E-06
0.120014137121313,3.06718123263339E-06
0.122011656949568,3.10133678112394E-06
0.124013849451508,3.13186773378705E-06
0.126014542965039,3.16943219828851E-06
0.12801798747944,3.19702469328429E-06
0.130014170556113,3.23241118427423E-06
0.132017977324608,3.26307070260897E-06
0.134018532071749,3.29797159930378E-06
0.136022295543642,3.32885997022874E-06
0.138024529674809,3.35867819940693E-06
0.140021244772923,3.3846696554088E-06
0.142023341280382,3.4122781405633E-06
0.144025739258588,3.44056813317592E-06
0.146025481896593,3.47265474695048E-06
0.148025547854911,3.49692433110957E-06
0.15002750283192,3.52580254276604E-06
0.152027017455483,3.55514631231445E-06
0.154025073208809,3.58322536071517E-06
0.156027459313144,3.60366466495273E-06
0.158027420569991,3.63027080543453E-06
0.160028975625752,3.65815319136773E-06
0.162031061960924,3.67996198451267E-06
0.164034337656168,3.69829175671469E-06
0.166035919484007,3.72318943790484E-06
0.168035570136653,3.74739645513549E-06
0.170035251164646,3.7693718786223E-06
0.172035533381664,3.79203273592297E-06
0.174036357497447,3.81152857583797E-06
0.176037807243038,3.83179649914293E-06
0.178038237695208,3.85395150095393E-06
0.18004016768406,3.87390975168183E-06
0.182039419015799,3.8952597756339E-06
0.184040758513803,3.91228640235181E-06
0.186039892882588,3.92900806212512E-06
0.18804171758224,3.94805677703967E-06
0.190043325960952,3.96819673411663E-06

0.239776744460108,4.29436823268581E-06

-0.112041746550004,-2.910625904177E-06
-0.109934081336659,-2.87350995838242E-06
-0.107995497176758,-2.84066098719072E-06
-0.105900585206251,-2.80104639551703E-06
-0.103993955723633,-2.76730621650085E-06
-0.101982868222142,-2.72907448132739E-06
-0.0999724738808664,-2.69229880970697E-06
-0.0979627911650157,-2.65261860892844E-06
-0.0959546651465938,-2.61382254253961E-06
-0.0939470059020822,-2.57541328213639E-06
-0.0919459322167873,-2.53462389335192E-06
-0.0899420753622237,-2.49597318454929E-06
-0.0879387944220266,-2.45422724109207E-06
-0.0859342655392442,-2.41238437509361E-06
-0.0839304335855664,-2.37103927958893E-06
-0.0819273005373239,-2.32874239498834E-06
-0.0799245943945646,-2.28376600487369E-06
-0.0779228838153724,-2.24100733138296E-06
-0.0759193224822798,-2.19837963632444E-06
-0.0739171782706847,-2.15465503436127E-06
-0.0719150302482035,-2.10862838154909E-06
-0.0699128201286494,-2.06220240936562E-06
-0.0679114521594877,-2.01733687136347E-06
-0.0659083168262477,-1.96760161819274E-06
-0.0639073726129094,-1.92656015587059E-06
-0.0619040575368462,-1.87624679926719E-06
-0.0599017852625373,-1.83052114957864E-06
-0.0579013025757534,-1.78228607151875E-06
-0.0559001645487896,-1.73240680950999E-06
-0.0539953335872303,-1.68823952592224E-06
-0.0519948427801119,-1.64006704476297E-06
-0.0499939485581496,-1.58841496569629E-06
-0.0479922111162607,-1.53924139120288E-06
-0.0459891435664279,-1.4849779633624E-06
-0.0439874910547287,-1.43673498763274E-06
-0.0419845794822964,-1.38544007206437E-06
-0.0399844511059887,-1.33173231347886E-06
-0.037984321258031,-1.27924520194846E-06
-0.0359808114135542,-1.22788229823335E-06
-0.0339811270767535,-1.17501069232183E-06
-0.0319802818448207,-1.123718346868E-06
-0.0299798870554167,-1.06958252933587E-06
-0.0279785922246916,-1.01275118990531E-06
-0.0259746014360239,-9.58146869714431E-07
-0.0239745575785432,-9.02532936596885E-07
-0.0219720839515784,-8.4814608706038E-07
-0.0199717057325431,-7.87035671758746E-07
-0.0179656957758492,-7.31239331692407E-07
-0.0159667296198421,-6.73062807046973E-07
-0.0139649129817119,-6.15742523930033E-07
-0.0119616435973364,-5.54604833943427E-07
-0.00996329308558637,-4.94549703552956E-07
-0.00796183838483091,-4.35878607944098E-07
-0.00596870439027925,-3.72675903977462E-07
-0.00395356883669685,-3.07274339635472E-07
-0.00195823581762152,-2.42521451973517E-07
1.69857543296903E-05,-1.78263377862328E-07
0.00205533151353232,-1.08705262755572E-07
0.00405765846541971,-3.74645146672082E-08
0.0060549879285622,3.8226093635008E-08
0.00805702464521801,1.17079332136713E-07
0.0100546930499054,1.99308278438351E-07
0.0120529845302628,2.83031207317188E-07
0.0140556350332247,3.69395346160376E-07
0.0160544503061477,4.50227533552814E-07
0.0180558074555109,5.29899771303772E-07
0.0200563224323937,6.08161937813885E-07
0.0220562828167824,6.80060094211898E-07
0.0240546656603357,7.50919755740054E-07
0.0260577696674238,8.16868868749153E-07
0.0280588171818448,8.79883611547152E-07
0.0300584186145199,9.45091827220918E-07
0.0320607292193325,1.00995776433091E-06
0.034063313255465,1.06733648945483E-06
0.036065099525739,1.12906184774646E-06
0.0380631070629309,1.18542218933418E-06
0.0400658822431672,1.24187885776602E-06
0.0420687662541415,1.30150443996711E-06
0.044068644998979,1.35495031661862E-06
0.0460687491041182,1.41240042423881E-06
0.0480694920296057,1.46531679734961E-06
0.0500712374775312,1.52254978648855E-06
0.0520726004234736,1.57755097207838E-06
0.0540729532886982,1.6303815273411E-06
0.0560738604218274,1.68176527296177E-06
0.0580768400503852,1.73258223714125E-06
0.0600782278607362,1.78311831702379E-06
0.0620800915043225,1.83388318205915E-06
0.0640793832902826,1.88491587850649E-06
0.0660794015944756,1.93456923269185E-06
0.0680818249029156,1.98656366899929E-06
0.07008366917824,2.03420851987918E-06
0.0720840396942206,2.0825704776755E-06
0.0740830312614003,2.12810158542836E-06
0.0760825963611354,2.17463547245056E-06
0.0780849982234574,2.22051250413375E-06
0.0800860316726202,2.2658923497807E-06
0.08208781203691,2.31156918227898E-06
0.084088741820073,2.35476230253748E-06
0.0860907049622666,2.40100829926537E-06
0.0880914408914255,2.44439016933552E-06
0.0900899112288665,2.48669313079588E-06
0.0920924975747651,2.52910488378126E-06
0.0940975729806868,2.57150129850286E-06
0.0960968269522592,2.61176890907636E-06
0.0980987358697306,2.65445704303843E-06
0.100000521256859,2.69279405549866E-06
0.102001591640905,2.73022904017695E-06
0.104000072356772,2.76997684321038E-06
0.106000241828663,2.81050934792209E-06
0.108098822334673,2.8512945930525E-06
0.110099641078864,2.8839253967366E-06
0.11200188925703,2.92517760845148E-06
0.11400351963209,2.95587519145645E-06
0.116004607203706,2.99529267107991E-06
0.118007324107049,3.03062435793636E-06
0.120006984297943,3.06414714872167E-06
0.122007476481068,3.09965270420177E-06
0.124009740039217,3.1339708667619E-06
0.126011664088312,3.16821438360453E-06
0.128011376112873,3.19879302200807E-06
0.130010972041503,3.23127553832525E-06
0.132014270359688,3.26179171470299E-06
0.134012018936262,3.29650558498656E-06
0.13601476334398,3.32610028163671E-06
0.138016791085412,3.35406649976097E-06
0.140017834988123,3.38451895528129E-06
0.142019478895946,3.41500706271125E-06
0.14402048473618,3.4425097610519E-06
0.146020575223643,3.47292170916921E-06
0.148020500914677,3.49960005263573E-06
0.150022157844738,3.52708257969837E-06
0.15202394962144,3.55185268429887E-06
0.154022028448777,3.57950717675165E-06
0.156019340085102,3.60497581300923E-06
0.158023143089131,3.62528204076188E-06
0.160026637175692,3.64776120669959E-06
0.16202711574315,3.67492916073353E-06
0.164027520832284,3.697550469741E-06
0.166031844618401,3.72495037848592E-06
0.168031423384019,3.74861882559102E-06
0.170030974539147,3.76582045987547E-06
0.172029472527347,3.78895423323858E-06
0.174031362460006,3.81479795635889E-06
0.176031724276273,3.83413227618893E-06
0.178032724601021,3.85214954344275E-06
0.180032680462551,3.87187297711635E-06
0.182034949349307,3.89313245510875E-06
0.184035536571534,3.90729666358327E-06
0.186037554244131,3.93079504853174E-06
0.188038479437757,3.94801827777281E-06
0.190038632302065,3.96511662792054E-06
0.192039488476919,3.98321934586321E-06

0.23977624185288,4.29048099063374E-06

-0.114043784998711,-2.94830866887799E-06
-0.111937528513723,-2.90732691114097E-06
-0.109999676275312,-2.87738498677061E-06
-0.107910183098727,-2.83424221977667E-06
-0.105998961721462,-2.80021105583846E-06
-0.103987203584032,-2.76465561166261E-06
-0.101979510708285,-2.72635982593774E-06
-0.0999682008250244,-2.68493985992421E-06
-0.097960710544109,-2.65023668970935E-06
-0.0959530398858774,-2.61106660047024E-06
-0.0939476416569486,-2.57488331402687E-06
-0.0919465781241103,-2.53433640018901E-06
-0.0899440856094037,-2.49353022698301E-06
-0.0879403629306825,-2.45216990561023E-06
-0.0859372530111678,-2.40882095998122E-06
-0.0839345155522103,-2.3709942388935E-06
-0.0819322046679851,-2.3268613184116E-06
-0.0799279759345297,-2.28297612550109E-06
-0.0779262144022914,-2.2416959197689E-06
-0.0759225561562962,-2.19450561949737E-06
-0.0739216322935405,-2.15179707447984E-06
-0.0719195630177149,-2.11016292725882E-06
-0.0699185900277039,-2.06034448629893E-06
-0.067915345221773,-2.01785975854516E-06
-0.0659115247174373,-1.97061663230412E-06
-0.0639096206986369,-1.92542669789085E-06
-0.0619074494831742,-1.87731556229363E-06
-0.0599049762184544,-1.82676585256165E-06
-0.0579025131472465,-1.77975772320798E-06
-0.0559019912032272,-1.72922769021302E-06
-0.0539006896039611,-1.68324500659079E-06
-0.0519001614773516,-1.63570677425279E-06
-0.0499992592669079,-1.58805597389492E-06
-0.0479993682442887,-1.53733652420726E-06
-0.0459938459433063,-1.48872144384692E-06
-0.0439937827815877,-1.43767267481736E-06
-0.0419906572150559,-1.38746770511455E-06
-0.0399908806001325,-1.33571622330862E-06
-0.0379892176533508,-1.28333894483655E-06
-0.0359867290405642,-1.22801062787406E-06
-0.0339850987744005,-1.17422381391388E-06
-0.0319819224885638,-1.11969123963196E-06
-0.0299824283042125,-1.06205500101945E-06
-0.0279811893539,-1.01107982493453E-06
-0.0259819543799321,-9.53864451945137E-07
-0.0239774297109124,-9.0102701057376E-07
-0.0219748612854179,-8.45957001362649E-07
-0.0199744230820529,-7.85245437116974E-07
-0.0179719932399066,-7.33656475717554E-07
-0.0159694827940612,-6.71912991749291E-07
-0.0139693642273371,-6.13133990668014E-07
-0.0119677763754031,-5.52493271292596E-07
-0.0099657522727957,-4.93877569894541E-07
-0.00796485959791688,-4.31924518561455E-07
-0.00597659633949771,-3.72001303233875E-07
-0.0039614748482796,-3.06890147786055E-07
-0.00196242859795288,-2.45091276163403E-07
1.56462015406012E-05,-1.78192244978141E-07
0.00205232875278475,-1.09576403736374E-07
0.0040524665838441,-3.70513420408542E-08
0.00605078781735054,3.79056099207458E-08
0.00805178184057047,1.18187008420766E-07
0.010051195817442,1.97459201379982E-07
0.0120496355667497,2.83077086297063E-07
0.0140510864893068,3.67782773496446E-07
0.0160495397106137,4.484696801064E-07
0.0180496773693562,5.26600901902991E-07
0.0200490814356501,6.04551878494365E-07
0.0220521100922681,6.77527714642747E-07
0.0240527718870268,7.46211159778512E-07
0.0260522186463227,8.13589964567632E-07
0.0280569426170753,8.82230474553702E-07
0.0300551881296407,9.44699319027824E-07
0.0320552056401666,1.0036306293681E-06
0.0340568198069997,1.06359677797211E-06
0.0360594711485426,1.12605591145949E-06
0.0380638799759648,1.18451527983321E-06
0.0400606778032554,1.24318498173564E-06
0.0420598968151598,1.30206885360598E-06
0.044062185780503,1.35671893757117E-06
0.0460639059213546,1.41157312459787E-06
0.0480637439257696,1.46546082866678E-06
0.0500668525739371,1.5177316909092E-06
0.0520695848405253,1.57510037160587E-06
0.0540675397280361,1.62481139976107E-06
0.0560698551096895,1.67774888078054E-06
0.0580713961654206,1.73167564609472E-06
0.060070998723562,1.78396242356539E-06
0.0620738087431317,1.83482917903103E-06
0.0640754788181459,1.88465095439609E-06
0.0660739900319713,1.93277107415465E-06
0.0680749998981564,1.98398591904072E-06
0.0700763211763001,2.03223518892844E-06
0.0720779111065388,2.07963148800195E-06
0.0740800627932863,2.12592737342559E-06
0.0760782897344893,2.17436960421645E-06
0.0780813164546364,2.21985947024786E-06
0.0800811264198946,2.26539927742634E-06
0.0820812077368022,2.31063336835569E-06
0.0840847769447495,2.35404160645234E-06
0.0860853304350651,2.40036991428308E-06
0.0880856881105535,2.44131825303797E-06
0.0900863184367315,2.48105686959783E-06
0.0920899059249499,2.52446495783357E-06
0.094092740988763,2.56585080801175E-06
0.0960929457414148,2.60817752242578E-06
0.098091220603087,2.65013094830796E-06
0.100097291111808,2.69055917980097E-06
0.102093211423264,2.73000484826092E-06
0.104095106084089,2.76979919809189E-06
0.106094795842048,2.80903651493362E-06
0.10809679156535,2.85165463388021E-06
0.110095164542985,2.88472697275295E-06
0.112096931230001,2.9252594175203E-06
0.114097162072796,2.96255748927447E-06
0.116001681574936,2.9930512464606E-06
0.118100240370901,3.03162037847881E-06
0.120001604460934,3.06442825780996E-06
0.122001302481209,3.10134601255578E-06
0.124003352497967,3.13342998877838E-06
0.126007519720485,3.16095630519789E-06
0.128008047815274,3.19036373565935E-06
0.130008480587825,3.22130181544698E-06
0.132006516352795,3.25639051782973E-06
0.134008034886291,3.28590048312338E-06
0.136012197300915,3.3197877955775E-06
0.138014551612705,3.3479608966831E-06
0.140013748156628,3.3798236931939E-06
0.142012477894783,3.4062964125107E-06
0.144016324765761,3.43567384081869E-06
0.146015669250679,3.46168594765347E-06
0.14801619679142,3.4881810412036E-06
0.150017581521569,3.51377232362701E-06
0.152015355802861,3.5448574918943E-06
0.154014117771458,3.56989283531311E-06
0.156016186249942,3.59496257180993E-06
0.158017451082814,3.6207112081851E-06
0.160019823826269,3.64814171852712E-06
0.162021190984031,3.67009758516565E-06
0.164023130799411,3.69271104146161E-06
0.166025017916601,3.71724995564175E-06
0.1680255677787,3.73945638971584E-06
0.170025617163814,3.76256661993055E-06
0.172026428199478,3.78377911652878E-06
0.174024722942339,3.80582155781295E-06
0.176028211986497,3.82848362898697E-06
0.178029226233166,3.84659145718655E-06
0.18002892877998,3.87002141564515E-06
0.182031780172196,3.89168674694436E-06
0.184032486036895,3.90843625087409E-06
0.186035811392043,3.92563869440743E-06
0.188034730875547,3.9487869443341E-06
0.190031769573803,3.96258688590334E-06
0.192033580451389,3.98090276599933E-06
0.194034781160604,3.99567235259149E-06

0.239773702717404,4.29328626691351E-06

-0.116044391434344,-2.98327214748733E-06
-0.11394079955683,-2.94643952872246E-06
-0.111999471576701,-2.91339903529234E-06
-0.109907990864639,-2.87779665468059E-06
-0.107901553952067,-2.84368389147882E-06
-0.105991754682174,-2.80913797031309E-06
-0.103982012524036,-2.76950962140819E-06
-0.101972037176245,-2.73229205493295E-06
-0.0999653687073272,-2.69202814592385E-06
-0.0979595795339838,-2.65260127002156E-06
-0.0959493057068663,-2.61625526460598E-06
-0.0939453225389371,-2.57735027931036E-06
-0.0919434429076135,-2.53882153480644E-06
-0.0899407939729591,-2.49685063514257E-06
-0.0879398698987893,-2.45672255256602E-06
-0.0859363563150306,-2.41651881271085E-06
-0.0839330298276904,-2.37191923285935E-06
-0.0819311610313666,-2.32917187386705E-06
-0.0799292729514128,-2.28779129129972E-06
-0.0779247131440659,-2.24294383401593E-06
-0.0759222425363864,-2.19848223110099E-06
-0.0739216024900299,-2.15463841478674E-06
-0.0719197104818914,-2.11210959046125E-06
-0.0699187540654578,-2.06401046621569E-06
-0.0679158438233866,-2.02234330463698E-06
-0.0659123808871212,-1.97295206467003E-06
-0.0639106679827424,-1.92478276056198E-06
-0.0619076321062467,-1.88040770981355E-06
-0.0599042086583079,-1.82955568567501E-06
-0.0579064985950259,-1.78489187543901E-06
-0.0559013718205322,-1.7373101759451E-06
-0.0539991825593665,-1.69072413732747E-06
-0.0519991116296976,-1.64321033981026E-06
-0.0499004074787735,-1.58670710584826E-06
-0.0479978151852292,-1.54006521407079E-06
-0.045997478696964,-1.48954696763612E-06
-0.0439919324867728,-1.43692328036864E-06
-0.0419916354949076,-1.38818072082824E-06
-0.0399886584643371,-1.33374016488939E-06
-0.0379901448743905,-1.28389473398025E-06
-0.0359871735573574,-1.23194144573119E-06
-0.0339855614879666,-1.17952199265353E-06
-0.0319829810910537,-1.12426795050279E-06
-0.0299808386772527,-1.0708337330298E-06
-0.0279821965456608,-1.01891452315086E-06
-0.0259808815897564,-9.60654361133545E-07
-0.0239793660807977,-9.03294417327717E-07
-0.0219777115886194,-8.48529498696453E-07
-0.0199752901202337,-7.90557534188305E-07
-0.0179719506961288,-7.32015806006929E-07
-0.0159727603928393,-6.77121486229479E-07
-0.013970000238087,-6.1562878324857E-07
-0.0119653685174239,-5.58446546378856E-07
-0.0099672864920255,-4.95355739804533E-07
-0.007966697192163,-4.34694961546788E-07
-0.00597314809962006,-3.71749596855424E-07
-0.00395719080509385,-3.06990653876218E-07
-0.00196117958258209,-2.42952462243367E-07
1.49660085305584E-05,-1.76501032335244E-07
0.00205163756113692,-1.11424800566722E-07
0.00405110212051331,-4.01730408262769E-08
0.00605078748265934,3.50628226997816E-08
0.00805195413159555,1.13171475312021E-07
0.0100503084126018,1.97567218779765E-07
0.0120491123792775,2.82520801675738E-07
0.0140512971961291,3.65182799165447E-07
0.0160490151374871,4.5059968501503E-07
0.0180481731301669,5.29432529349899E-07
0.02004965794403,6.04958923195383E-07
0.0220505586156533,6.77393487975374E-07
0.024053344758436,7.46096534917701E-07
0.0260521790919642,8.15523144035009E-07
0.0280521767223352,8.82504708772914E-07
0.0300576394821923,9.46489932068385E-07
0.0320560893693921,1.00617536122246E-06
0.0340562475801038,1.06804947894286E-06
0.0360551964354774,1.12603750479366E-06
0.0380577969582077,1.18388367980347E-06
0.0400602640990924,1.24067940104308E-06
0.0420618717010218,1.29834232238998E-06
0.0440642051429344,1.35344822328818E-06
0.0460619805002757,1.41041088583105E-06
0.0480633345555979,1.46520013812699E-06
0.0500676152543095,1.51881865454272E-06
0.0520705208038027,1.57524401328469E-06
0.0540666002877743,1.62715495458811E-06
0.0560698790229033,1.6788664535042E-06
0.0580711742201171,1.73236646740816E-06
0.0600722803392034,1.78316427187075E-06
0.0620752643834612,1.83590321716137E-06
0.0640728967179631,1.88333626212915E-06
0.0660729445820568,1.93427495082988E-06
0.0680721685157256,1.98392357690364E-06
0.0700753473462423,2.03008930813004E-06
0.0720760665641554,2.07736390516143E-06
0.0740770548582484,2.13014795109185E-06
0.0760792891761929,2.17384042287668E-06
0.0780792388953785,2.21966142906E-06
0.08008133302221,2.26566292022599E-06
0.0820844550147325,2.31101738692844E-06
0.084082248800049,2.35856330713094E-06
0.0860859380708181,2.39832937820886E-06
0.0880849856104357,2.44622755396498E-06
0.0900861212583027,2.48609083231986E-06
0.0920875831202632,2.53045743840621E-06
0.0940919928071418,2.57378709693656E-06
0.0960907343663455,2.613714118628E-06
0.0980928895528606,2.65437160733567E-06
0.100094526752411,2.69437603218528E-06
0.102093646986467,2.73584841954389E-06
0.104094200426366,2.77260781626987E-06
0.106092994715967,2.81356949264544E-06
0.10809426346401,2.85134989172698E-06
0.110094576932443,2.88730377109477E-06
0.112097882623656,2.92581710989751E-06
0.114098036544574,2.9579425975912E-06
0.116001266100751,2.99434874218853E-06
0.118000358240877,3.03201532191164E-06
0.120000455294041,3.06331092486375E-06
0.122006086599554,3.1017484939922E-06
0.124004807795842,3.13440105747991E-06
0.126005375392165,3.16804649443105E-06
0.128006312348371,3.20107129742426E-06
0.130004931396256,3.23139042169613E-06
0.132005579081108,3.26320219056828E-06
0.134006948073954,3.29382184590191E-06
0.13601043322866,3.3261329663004E-06
0.138012871695702,3.35852050077509E-06
0.140012038528536,3.38523885710363E-06
0.142010276228397,3.41475213432331E-06
0.144015501218834,3.44373535351692E-06
0.146014489682391,3.47354337716738E-06
0.148015322534671,3.49687808403384E-06
0.150017057649523,3.52392105407182E-06
0.152016531829515,3.55272174268139E-06
0.15401827628498,3.58321023974971E-06
0.156015927716185,3.5988667931027E-06
0.158018439856363,3.62975528391639E-06
0.16002202263024,3.65240977212854E-06
0.162020184771964,3.67542139386681E-06
0.164019716159337,3.7035965930251E-06
0.166022820451158,3.72531470533556E-06
0.168022386286286,3.75131969377728E-06
0.170022592352268,3.77198230575152E-06
0.172025244701753,3.79104501767474E-06
0.174026553699885,3.81195482521415E-06
0.176026086481737,3.83131084490344E-06
0.178027556820855,3.85329152850807E-06
0.18003196088511,3.87459121418167E-06
0.182032070905714,3.8929372912503E-06
0.184029987824703,3.91320678809478E-06
0.186032156629844,3.92999724901024E-06
0.188031263269567,3.94756770597152E-06
0.190033408658072,3.96789492923715E-06
0.192036098906641,3.98166226107315E-06
0.194035916678726,3.99774251616691E-06
0.196036788829465,4.01752276211015E-06

0.239774335580742,4.29055647557231E-06

-0.118043291043536,-3.02140266660458E-06
-0.11597418989603,-2.98406038588301E-06
-0.113937909882969,-2.94950868008629E-06
-0.11194543295583,-2.91572880291599E-06
-0.109935209236721,-2.88273941205496E-06
-0.107925640792231,-2.84416215757563E-06
-0.105915773844756,-2.8079874581622E-06
-0.103909643471491,-2.77100085731596E-06
-0.101999099907762,-2.73374545096185E-06
-0.0999936148361144,-2.69383795614653E-06
-0.0979879072540056,-2.65725107929603E-06
-0.0959837198012861,-2.6167397499304E-06
-0.0939782965160442,-2.57734215684923E-06
-0.091974924713328,-2.53928133054652E-06
-0.0899729769672473,-2.49935805537775E-06
-0.0879707932375989,-2.4557135765482E-06
-0.0859688830618344,-2.41724304551339E-06
-0.0839668424954396,-2.37328401613427E-06
-0.0819632157127088,-2.33040020129361E-06
-0.0799610359866568,-2.2880362239652E-06
-0.0779589283836656,-2.24578878597068E-06
-0.0759564166923041,-2.20206359954997E-06
-0.0739523718675191,-2.15564310478263E-06
-0.0719523011284938,-2.11405692803777E-06
-0.0699513374557499,-2.06865424358867E-06
-0.0679507880126443,-2.02309592858825E-06
-0.0659472734608215,-1.97586116458578E-06
-0.0639470692797105,-1.93105775891544E-06
-0.0619417769305082,-1.88152642897315E-06
-0.0599390509718083,-1.83264197363349E-06
-0.0579395850111198,-1.78408760192635E-06
-0.0559366496149523,-1.73713633729363E-06
-0.0539318013848713,-1.68840974543282E-06
-0.0519345290865287,-1.63966244279473E-06
-0.0499327594507662,-1.58969794739543E-06
-0.0479332044024294,-1.53792635425586E-06
-0.0459285604242279,-1.48700876597075E-06
-0.0439267970002674,-1.43769135497935E-06
-0.0419265215831575,-1.38444423884805E-06
-0.0399243202411141,-1.33450803718788E-06
-0.0379229751035928,-1.2840231048327E-06
-0.0359228201042986,-1.23133729272646E-06
-0.033921030556185,-1.17761919748493E-06
-0.0319198737983362,-1.12372748463677E-06
-0.0299168883498186,-1.06937133410695E-06
-0.027916889568771,-1.0136978987165E-06
-0.0259156493613821,-9.60654510994452E-07
-0.0239129527223725,-9.03065542258361E-07
-0.0219118691073403,-8.47100713574916E-07
-0.0199098157741061,-7.90547126348353E-07
-0.0179056055751809,-7.31832128986954E-07
-0.0159078507130339,-6.73719385143299E-07
-0.0139023034237422,-6.15122931505415E-07
-0.0119002441566471,-5.56430180995577E-07
-0.00999961648074441,-4.99185690032068E-07
-0.00790312580101335,-4.31879155665077E-07
-0.00591091150023443,-3.72394729325021E-07
-0.00399452108738653,-3.081621521738E-07
-0.00199751710256753,-2.45454466880045E-07
8.07611034106855E-05,-1.77200887919772E-07
0.00201905974820013,-1.11798784780993E-07
0.0040157330809396,-4.01747751003976E-08
0.00601493866697948,3.35599885967976E-08
0.00801659366455929,1.12494903429199E-07
0.0100136306824587,1.95875061076526E-07
0.012013411601325,2.79034289560747E-07
0.0140146924219545,3.65374036668151E-07
0.0160154694664527,4.46603259926319E-07
0.0180172601468993,5.29092427515786E-07
0.0200149646316749,6.04269193993292E-07
0.0220166376245023,6.76190033712756E-07
0.0240168588567238,7.42488918330956E-07
0.0260185997379065,8.13447203321638E-07
0.0280189829626328,8.78546455130333E-07
0.0300197074459084,9.43334835474717E-07
0.0320180164552542,1.00524820551304E-06
0.0340218888535089,1.0651613745401E-06
0.036022242554104,1.12437586204918E-06
0.0380264450232623,1.18509458215314E-06
0.0400264298777312,1.23920607726015E-06
0.0420267324576152,1.29907347127335E-06
0.0440275840851049,1.35200910900367E-06
0.0460269208526255,1.40970311524908E-06
0.0480284554708844,1.46474281509186E-06
0.0500348679855357,1.51974584397084E-06
0.0520327896277536,1.57472131342913E-06
0.0540321057776501,1.62681388615115E-06
0.0560326877611182,1.6808728437709E-06
0.0580365007489419,1.728574439483E-06
0.0600362450164211,1.78134017990369E-06
0.0620392245873703,1.83183945394762E-06
0.0640379008956704,1.88245504253407E-06
0.0660392656371097,1.93089405880848E-06
0.0680396006278926,1.98316422419768E-06
0.0700410677710906,2.02826912753264E-06
0.0720387097102334,2.07964626428733E-06
0.074043506612565,2.12699508742568E-06
0.0760432451106849,2.17268665874412E-06
0.0780438927826239,2.21766166264537E-06
0.080045872292199,2.26575136063993E-06
0.0820470318795135,2.30688170546568E-06
0.0840469715994281,2.35502228873101E-06
0.0860493880235293,2.39788453858723E-06
0.0880495420600173,2.44049777206828E-06
0.0900530107673378,2.48592788106325E-06
0.0920539581803764,2.52602824686515E-06
0.0940563109183183,2.57024254181925E-06
0.0960549048814922,2.61136557343277E-06
0.0980592534117158,2.64961876868803E-06
0.10006070893191,2.6937258606427E-06
0.102060334523507,2.73057357040085E-06
0.104059307154792,2.77313196977623E-06
0.106058816560748,2.81004539354185E-06
0.108058445349652,2.84887131222324E-06
0.110061192106776,2.88742917470128E-06
0.112060945559787,2.91992577794367E-06
0.114064675681123,2.96139657677667E-06
0.116065930548092,2.99882153576032E-06
0.118066674310909,3.03286891464861E-06
0.120066210372978,3.06992400192909E-06
0.12206736450935,3.09645025156166E-06
0.124067935285834,3.14004885047471E-06
0.126069718056173,3.16839677931375E-06
0.128069670972113,3.19906281659793E-06
0.130071231284338,3.2358904599807E-06
0.132071456723415,3.26432298530143E-06
0.134073029046225,3.29496802707261E-06
0.136076409681498,3.32695066735028E-06
0.138076639087168,3.35332399891394E-06
0.140076004044553,3.38718617969405E-06
0.142078697556988,3.41731845738777E-06
0.14407933530735,3.44597853150883E-06
0.146080494960351,3.47553718661098E-06
0.148079945499286,3.49900245229913E-06
0.150082535636291,3.52631828907554E-06
0.152079026508871,3.55314983534672E-06
0.154082213528578,3.57563540034513E-06
0.156081992205014,3.60695289797568E-06
0.158085018663597,3.62690976998324E-06
0.160082889412253,3.65305050243401E-06
0.16208533144825,3.678911864183E-06
0.164087989610271,3.69856012762593E-06
0.166090514496315,3.72534380832359E-06
0.168088679277391,3.7478372260335E-06
0.170089580629797,3.76998863118274E-06
0.172089747006371,3.79095676458694E-06
0.1740903376762,3.81373978849854E-06
0.176092141629891,3.83357181138495E-06
0.178091969655687,3.85293595353537E-06
0.180092780912605,3.87434364396423E-06
0.182094045213676,3.89393653380224E-06
0.184095474061344,3.91320600881807E-06
0.18609675445514,3.93252408372585E-06
0.188097085321748,3.94955018593059E-06
0.190098873418403,3.96607795566315E-06
0.192099190797385,3.98267547066157E-06
0.194000507419474,4.00033220254669E-06
0.196000558430834,4.01517668961988E-06
0.198003329768454,4.03358395489661E-06

0.239774279276462,4.29342861978854E-06

-0.120042164021161,-3.05541310477943E-06
-0.117925599532099,-3.01676947690463E-06
-0.115984846796484,-2.9860324205369E-06
-0.113994199686341,-2.95274554079051E-06
-0.111984876008287,-2.91641643968517E-06
-0.109977681881754,-2.880052480933E-06
-0.107967550350663,-2.84754370898501E-06
-0.105958695798171,-2.81161073521366E-06
-0.103949993992475,-2.77327232904701E-06
-0.101942320158155,-2.73124172479801E-06
-0.0999376796246455,-2.69640044277178E-06
-0.0979327510634354,-2.65652224576367E-06
-0.0959239895134986,-2.61830040141004E-06
-0.0939232627296238,-2.58033814611854E-06
-0.0919218422175032,-2.53996947684279E-06
-0.0899197323486011,-2.50041025128098E-06
-0.0879185801681765,-2.45813797384122E-06
-0.0859163275755644,-2.41549905420082E-06
-0.0839117060077632,-2.37336105213322E-06
-0.0819106601839696,-2.33034930852979E-06
-0.0799072314035191,-2.2884987172016E-06
-0.0779029543220704,-2.24578138284191E-06
-0.0759004693637996,-2.20223969360808E-06
-0.0739008905773677,-2.15701992938139E-06
-0.0719995541558713,-2.11410952172288E-06
-0.0699988050305466,-2.0702293266736E-06
-0.0679958878202783,-2.0229905239197E-06
-0.0659933384612214,-1.97815473330748E-06
-0.0639908256474724,-1.93165419783001E-06
-0.0619889240202119,-1.88042018573401E-06
-0.0599881729305382,-1.83474244657724E-06
-0.0579872939370596,-1.78644657744066E-06
-0.055984402181504,-1.73939642708884E-06
-0.0539806570961724,-1.69330211957045E-06
-0.0519797922259256,-1.6430135874262E-06
-0.0499812961705524,-1.5936630272023E-06
-0.047979161534094,-1.53831668197276E-06
-0.0459764907376776,-1.48996373081692E-06
-0.0439761515829519,-1.44062180258123E-06
-0.0419735374866539,-1.38883793583342E-06
-0.0399717613208962,-1.33551672846997E-06
-0.0379689658608514,-1.28573746115102E-06
-0.0359687081666182,-1.23067564183845E-06
-0.033968409609901,-1.17835463988327E-06
-0.0319667396969345,-1.12434887913879E-06
-0.029966928565556,-1.06962619131096E-06
-0.0279651482166257,-1.01746971415191E-06
-0.0259638408347411,-9.62080632338377E-07
-0.0239590934764288,-9.04701229093848E-07
-0.0219582528918667,-8.50064366607134E-07
-0.0199554518858015,-7.91047987723323E-07
-0.0179552674550009,-7.37101654321289E-07
-0.0159526182210234,-6.76216277649806E-07
-0.0139526638919586,-6.17553849621124E-07
-0.0119496319935258,-5.55446259848059E-07
-0.00995170417094192,-4.99485616030426E-07
-0.00795113087384649,-4.34917853419454E-07
-0.00595867850227825,-3.74910852732347E-07
-0.00394059304167086,-3.08833534654421E-07
-0.00194680943163434,-2.44159826939013E-07
3.32329020829514E-05,-1.78973315339337E-07
0.00207277707786518,-1.11794270221186E-07
0.00406818464684674,-3.67619106181973E-08
0.00606793504780953,3.61276100728339E-08
0.0080696228299946,1.12304727597354E-07
0.010068137135162,2.00189249357985E-07
0.0120653099338231,2.81486562855623E-07
0.0140665584493528,3.65618131985816E-07
0.0160674767703086,4.46327871778128E-07
0.0180670203706278,5.29529641090532E-07
0.0200668884936136,6.05247604005975E-07
0.0220697153973315,6.77167190513609E-07
0.0240673483147028,7.48710037942029E-07
0.0260677050916067,8.14187298901121E-07
0.0280713970526825,8.81332185801384E-07
0.0300738400284907,9.43372986314973E-07
0.0320724918488119,1.00463696783396E-06
0.0340726546131838,1.06849987465759E-06
0.0360743877137791,1.12619729023863E-06
0.038078241689998,1.18334686679704E-06
0.040080312447149,1.24099797161147E-06
0.0420794369139519,1.29897242006414E-06
0.044078918262682,1.35698867970971E-06
0.0460800173963383,1.4106910133304E-06
0.0480816625442719,1.46589391919334E-06
0.0500857645911335,1.52219786812196E-06
0.0520852371668418,1.5714748616269E-06
0.0540856417355693,1.62642228461654E-06
0.0560887942007885,1.6809469125239E-06
0.0580895885814492,1.72927646289921E-06
0.0600905397596327,1.78366916825063E-06
0.0620901198058492,1.83471168058734E-06
0.064091212783469,1.88449338314602E-06
0.0660895755302805,1.93273002725238E-06
0.0680917088969352,1.98224063143131E-06
0.070092963699263,2.03175295151762E-06
0.0720946665282778,2.07813906069998E-06
0.0740936982666973,2.12548693222158E-06
0.0760951451530191,2.17492812832169E-06
0.0780954626408419,2.21967335798816E-06
0.0800967513563723,2.2663433187134E-06
0.082099831546796,2.30836736654773E-06
0.0840995836037264,2.35527840102011E-06
0.0860995914590627,2.40230588490984E-06
0.0880029896432023,2.44081589680046E-06
0.0900020480777823,2.48632180544191E-06
0.0920067368429875,2.52661474250859E-06
0.0940099488144067,2.56825689979505E-06
0.0960091779579528,2.61237445204099E-06
0.0980068243688919,2.64809369418758E-06
0.10001173983213,2.6921951214E-06
0.102013221016119,2.73062163079355E-06
0.104011284656693,2.77469280108895E-06
0.106011645253673,2.80973777405921E-06
0.108012303051513,2.84735329617148E-06
0.110011775615806,2.88578263793617E-06
0.112014715194711,2.92212997711381E-06
0.11401676766002,2.96093028456629E-06
0.116016109881512,2.99732331633431E-06
0.118017333441134,3.028904374341E-06
0.120017758621036,3.06448481531605E-06
0.122019700222791,3.10074483054352E-06
0.124021712705518,3.13515457310357E-06
0.126021118856792,3.1714159220931E-06
0.128023237709859,3.1984867213014E-06
0.130023907373069,3.23073476524437E-06
0.132023604660202,3.26657404597702E-06
0.134024121315509,3.2957179610206E-06
0.136029114886061,3.32192430257621E-06
0.138029116675652,3.35474767752509E-06
0.140027266615445,3.38844821833152E-06
0.142029949169336,3.41686998363916E-06
0.144033382679853,3.43938692951139E-06
0.146030978456099,3.47280994290519E-06
0.148032943058673,3.49815338536153E-06
0.150032912583063,3.52566141875045E-06
0.152032602204905,3.55188198210608E-06
0.154033680225387,3.57704536668334E-06
0.156034261186832,3.60508164478136E-06
0.158033529484845,3.63310179784585E-06
0.160036352566887,3.65542350492916E-06
0.16203590404297,3.68085230815781E-06
0.164041571156176,3.70315047209273E-06
0.166043160099154,3.72243739091806E-06
0.168041363895726,3.74904997541884E-06
0.170038249892025,3.76675797472005E-06
0.172043520588802,3.78837620473637E-06
0.174041977557462,3.80788037691776E-06
0.176044489061741,3.83189693592243E-06
0.178047236513249,3.85219787358508E-06
0.180047789381119,3.87298074893674E-06
0.182046396075529,3.89373610982597E-06
0.184047268578524,3.91033011807918E-06
0.186048187788491,3.93063582131865E-06
0.188048644744689,3.94916456384614E-06
0.190051487353995,3.96706559898093E-06
0.192052673515552,3.97993557869528E-06
0.194051064831685,3.99715479166405E-06
0.196052515476518,4.01382098791589E-06
0.198055325668053,4.03423787296185E-06
0.200056865878751,4.04775952282783E-06

0.239774944641209,4.29244229524673E-06

-0.122045200840831,-3.0892617381336E-06
-0.119934299464163,-3.05250457433512E-06
-0.11799550863512,-3.02193067153623E-06
-0.115900130631296,-2.98831935791349E-06
-0.113994630826453,-2.95474251229923E-06
-0.111984686530284,-2.92223766670699E-06
-0.109973564226576,-2.88378708965186E-06
-0.107965737727906,-2.84649513222267E-06
-0.105960237189295,-2.81005135755173E-06
-0.10395198771056,-2.77417079013937E-06
-0.101946205138918,-2.73691264133067E-06
-0.099943972903285,-2.69864435508213E-06
-0.0979392934633616,-2.65758005395784E-06
-0.0959332551097021,-2.6215560996302E-06
-0.0939299519102897,-2.57947734507196E-06
-0.0919261741779866,-2.54195089278943E-06
-0.0899268780715163,-2.50075583053122E-06
-0.0879237242851798,-2.4559924377229E-06
-0.0859209183239417,-2.41567227842257E-06
-0.0839178230713582,-2.37465892251342E-06
-0.0819172455379523,-2.33395562881969E-06
-0.0799140639675927,-2.29282984725854E-06
-0.0779125637321711,-2.24642795022968E-06
-0.075909191887062,-2.20309121826455E-06
-0.0739107370834036,-2.1586529262136E-06
-0.071906060862095,-2.11166564251203E-06
-0.0699061170951009,-2.06865637161355E-06
-0.0679032779346075,-2.02257118313131E-06
-0.0659010305397527,-1.97639835599099E-06
-0.0639993276808201,-1.93102063836891E-06
-0.0619984932822045,-1.88461069380939E-06
-0.0599916960352472,-1.83591914692154E-06
-0.0579937590783595,-1.79017020135508E-06
-0.0559897539710175,-1.73934929583376E-06
-0.0539871413607936,-1.69050364697582E-06
-0.0519870646007565,-1.64144210100303E-06
-0.0499886023254315,-1.59076616342955E-06
-0.0479885426891678,-1.54025175343408E-06
-0.0459842807327674,-1.49057885738652E-06
-0.0439809260702058,-1.43809315454864E-06
-0.0419808205437964,-1.38956422173037E-06
-0.0399789438447844,-1.33647774899772E-06
-0.0379787287598476,-1.28200822494566E-06
-0.0359764939515119,-1.23277143162888E-06
-0.0339746295383574,-1.18040824757506E-06
-0.0319720123692392,-1.12470049029051E-06
-0.0299723759161436,-1.07214653704932E-06
-0.0279718438686029,-1.01746364853172E-06
-0.025969207028188,-9.59547589634715E-07
-0.0239665167858776,-9.06931215579468E-07
-0.021966777450465,-8.48253844545153E-07
-0.0199639425095262,-7.92280882161011E-07
-0.0179614948642649,-7.36028313044162E-07
-0.0159617897799528,-6.76301968116107E-07
-0.0139593659609896,-6.14976461201986E-07
-0.0119574626117594,-5.59015912920681E-07
-0.00995712801441301,-4.95567231008742E-07
-0.00795758615790086,-4.33855800415104E-07
-0.00596401302624788,-3.73047034512253E-07
-0.00394632262828096,-3.09938245565789E-07
-0.00195543063823977,-2.43208950121364E-07
2.71872229229102E-05,-1.8103026586597E-07
0.0020643326300318,-1.10039454502178E-07
0.00405992903760203,-3.97518196054764E-08
0.00606083170391857,3.61337352358407E-08
0.00806126058735486,1.1381311578834E-07
0.0100590395039595,1.96774114587783E-07
0.0120595482026345,2.8127892307671E-07
0.0140602782980026,3.64810589632129E-07
0.0160591868059072,4.47184605974352E-07
0.0180599566861408,5.29720961016734E-07
0.0200606979832104,6.03554730248593E-07
0.0220590671023787,6.78965277866879E-07
0.0240607372186757,7.48413219684218E-07
0.0260611930924005,8.1542393986147E-07
0.0280636451407947,8.79766382853092E-07
0.0300631120176152,9.440736909552E-07
0.0320634716561357,1.00375697335179E-06
0.0340645269971468,1.06416946393301E-06
0.0360678029577169,1.12387032126741E-06
0.038070893111875,1.18427312708755E-06
0.0400713441855473,1.24218230736895E-06
0.0420736451522683,1.29732726201937E-06
0.0440722152037689,1.35657357249192E-06
0.0460725617456249,1.40883279803495E-06
0.0480754461922623,1.46585054195397E-06
0.0500742457365451,1.52116949260981E-06
0.0520764801380042,1.57366474158743E-06
0.0540785030358015,1.62522750355388E-06
0.056082988733952,1.67906461458078E-06
0.0580805365021227,1.72910582377809E-06
0.0600832034874648,1.78464325664942E-06
0.0620832747159737,1.83407976210317E-06
0.0640827391578086,1.88368808308614E-06
0.0660834160938543,1.93225270527928E-06
0.0680890689344054,1.9829157698009E-06
0.0700895411119676,2.03128548289912E-06
0.0720847121684452,2.07764004636068E-06
0.0740875041971988,2.12655107953209E-06
0.0760882907114162,2.17228508396618E-06
0.0780876332767703,2.21993078905323E-06
0.0800893363183862,2.26629796331006E-06
0.0820903965393956,2.31006945675086E-06
0.0840931568986334,2.35652482415113E-06
0.0860940208555554,2.39840401643331E-06
0.0880945137786868,2.43947893520282E-06
0.0900917386355167,2.48392439809814E-06
0.0920969002893582,2.5251599602663E-06
0.0940012557786472,2.56722097129322E-06
0.0960007950069766,2.61225829485242E-06
0.0980014376059308,2.65124732214437E-06
0.100002906800854,2.68914083623809E-06
0.102002790663936,2.72884401069357E-06
0.10400377722189,2.76839065543229E-06
0.106004430687773,2.80923795796406E-06
0.108004601916243,2.84386952463782E-06
0.110005519825872,2.88550866222702E-06
0.112007067205534,2.91959584417206E-06
0.114007270553912,2.95782305354614E-06
0.11600886197146,2.99793955936767E-06
0.118008166533753,3.03138650554823E-06
0.12001121545618,3.06481507878166E-06
0.122013160118532,3.10174765477112E-06
0.124013540666023,3.133143904308E-06
0.126014547402525,3.16793579217946E-06
0.128015714338692,3.19734287796084E-06
0.130014890209511,3.23288816156724E-06
0.132017637425714,3.26518951103463E-06
0.134017472712077,3.29748093971002E-06
0.136022408124311,3.3232720017078E-06
0.138021593370551,3.35681614767227E-06
0.140021730466929,3.38501950569488E-06
0.142022713913142,3.41177459293159E-06
0.144022797992241,3.4461775168204E-06
0.146023943018146,3.47279240917913E-06
0.148027183697603,3.49785394828438E-06
0.150025102944266,3.52339327393153E-06
0.152023800216843,3.55238467553063E-06
0.154025418909608,3.57703393229618E-06
0.156028557257627,3.60751796350949E-06
0.158026543244347,3.62881048583176E-06
0.16002762808125,3.65526078595695E-06
0.162028649557985,3.68100429708912E-06
0.164032761712392,3.70006083474299E-06
0.166033439683908,3.72399834211951E-06
0.16803370763888,3.74634669447199E-06
0.170032685120364,3.77070150452857E-06
0.172036433013473,3.79218291153731E-06
0.174033912951489,3.81327145817983E-06
0.17603674785542,3.83346530523874E-06
0.178037390708062,3.85324092047997E-06
0.180039269622337,3.87525430373438E-06
0.182041087347058,3.89308336067581E-06
0.1840410053705,3.91023471662614E-06
0.186038794893862,3.92875097574013E-06
0.188042684815676,3.94470510789503E-06
0.19004170118074,3.96567466497784E-06
0.192042751447435,3.98450581182843E-06
0.194042810960482,4.00087089256096E-06
0.196045751785477,4.01901960281582E-06
0.198049242154558,4.03088975552069E-06
0.200048762047178,4.04526550765073E-06
0.202048235503623,4.06151078957466E-06

0.239773724762842,4.29150302702955E-06

-0.124044507021987,-3.12730785558835E-06
-0.121943122553083,-3.0897336051697E-06
-0.119902989496607,-3.0532281027914E-06
-0.117906883428768,-3.0217003952674E-06
-0.115899455226949,-2.98842487497771E-06
-0.113987891746952,-2.95372593084042E-06
-0.111979633485926,-2.91943510290962E-06
-0.109970715787093,-2.88493291115639E-06
-0.107962774509745,-2.8493788007426E-06
-0.105954488025789,-2.81458848641065E-06
-0.103952175126726,-2.7740003083722E-06
-0.101947290931132,-2.73789007912072E-06
-0.0999422749671617,-2.698641357864E-06
-0.0979388015156911,-2.66226535029496E-06
-0.0959342385312208,-2.61981084948601E-06
-0.0939301160927808,-2.58268526763515E-06
-0.0919291062595213,-2.54251427238804E-06
-0.0899278617162036,-2.50110914260424E-06
-0.0879256396749728,-2.45833710901369E-06
-0.0859250877263617,-2.42037389461239E-06
-0.0839224367909632,-2.37855559830955E-06
-0.0819194081630649,-2.33656581617146E-06
-0.0799176011863842,-2.28790935172181E-06
-0.0779144072722221,-2.24683006450688E-06
-0.0759121127772371,-2.20167029709408E-06
-0.0739104631886928,-2.15968601485126E-06
-0.0719093235602556,-2.11364854208164E-06
-0.0699098910416638,-2.06837607177415E-06
-0.0679066565950183,-2.02448737211842E-06
-0.0659018302478057,-1.97662202339385E-06
-0.0639027226659375,-1.92912518263821E-06
-0.0619995547745839,-1.88147011873755E-06
-0.0599985879775437,-1.83680563412748E-06
-0.0579961145510762,-1.78690512184218E-06
-0.0559929692048592,-1.73911372198189E-06
-0.0539900378677767,-1.69310780242611E-06
-0.0519928568122056,-1.6430447360156E-06
-0.0499925223587974,-1.5953542674758E-06
-0.0479903145677429,-1.54402949961486E-06
-0.0459852727502218,-1.49119897432431E-06
-0.0439861570455793,-1.43827774572015E-06
-0.0419836367665037,-1.3902718049862E-06
-0.0399843021679363,-1.33488693801067E-06
-0.0379831787610643,-1.28518493148204E-06
-0.03598161261476,-1.23284367207883E-06
-0.0339789139556297,-1.17864770412537E-06
-0.0319784971818364,-1.126950790422E-06
-0.029976573427314,-1.07038136664415E-06
-0.0279740664051146,-1.0156656848137E-06
-0.0259712189210811,-9.61712832462232E-07
-0.0239710043545364,-9.07845681816636E-07
-0.0219697844361406,-8.51728886681019E-07
-0.019967672237914,-7.91918173809162E-07
-0.0179658877304342,-7.35819777846332E-07
-0.0159644728965678,-6.77332183170884E-07
-0.0139611987741461,-6.18790779063718E-07
-0.0119612593018296,-5.57191058536261E-07
-0.00996144416857511,-4.99179590693176E-07
-0.00796275322623086,-4.36850236750765E-07
-0.00596733927251969,-3.71892296283794E-07
-0.00395312735360934,-3.0981876708487E-07
-0.00196048740572484,-2.44291662388297E-07
2.54034182954759E-05,-1.78044730799836E-07
0.00206374618719834,-1.1153737982616E-07
0.00405531112135981,-4.2098704154532E-08
0.00605626614147668,3.67205799708506E-08
0.0080575681613256,1.11824983731519E-07
0.0100563565773272,1.96265265158184E-07
0.0120565193727141,2.80530388454932E-07
0.014056108055094,3.63856376536051E-07
0.0160561793873192,4.49203910504658E-07
0.0180560505780664,5.26220110959519E-07
0.0200568557557291,6.05092898845738E-07
0.0220553276447463,6.76821892252566E-07
0.0240566623076248,7.48289442068546E-07
0.02605964189598,8.15395204032661E-07
0.0280595223553149,8.80387196644097E-07
0.0300630701912711,9.44394082333593E-07
0.0320641037807673,1.00782792239601E-06
0.0340638209179176,1.06547670436638E-06
0.0360605988624616,1.12385017246853E-06
0.0380655903979704,1.18438121801284E-06
0.0400664854981748,1.24093172185125E-06
0.0420682558752518,1.29678083168927E-06
0.0440675044430739,1.35507790819436E-06
0.0460690912657484,1.40900635944374E-06
0.0480698471116196,1.46662774309389E-06
0.0500730020824875,1.52078177996572E-06
0.0520739819604364,1.57325084074994E-06
0.0540746810448978,1.62692864214026E-06
0.0560765297182423,1.68117678416829E-06
0.0580792359189576,1.73300032659107E-06
0.0600775917327326,1.78053883617175E-06
0.0620759025891674,1.83384394847384E-06
0.0640766534691432,1.88250840800285E-06
0.0660783580771755,1.93511123463216E-06
0.0680807065166379,1.98222200372064E-06
0.070081577030962,2.03111705422638E-06
0.0720826891356864,2.07827208473358E-06
0.0740826211426816,2.12454162460986E-06
0.076082511687626,2.1744516830349E-06
0.0780845739638162,2.21938339961334E-06
0.0800858960712915,2.26585179741942E-06
0.0820888023485562,2.31114984149059E-06
0.0840890953426114,2.35440441970682E-06
0.0860906225021041,2.3968251493605E-06
0.0880902334217736,2.4441058157586E-06
0.0900925616505908,2.48730386644092E-06
0.0920949376401268,2.52923981104837E-06
0.0940984626626386,2.56903266976331E-06
0.0960951224872762,2.61088279652269E-06
0.0980982804235738,2.65136572724654E-06
0.100099633417751,2.68923999919988E-06
0.102000072360467,2.72986628686683E-06
0.104098866045227,2.77395274297469E-06
0.106000403265826,2.81065225528246E-06
0.108099160314004,2.85160312668667E-06
0.110001514067894,2.88762179092432E-06
0.112003251193645,2.91992018813186E-06
0.114004000673102,2.95861362977195E-06
0.116005042495121,2.99321448994599E-06
0.118006462207041,3.02856493938792E-06
0.120006015393747,3.06500098123609E-06
0.122007962279349,3.10005599488708E-06
0.124010881686733,3.13361206977971E-06
0.126012087847547,3.16997644814241E-06
0.128014096011782,3.20500598543931E-06
0.130012604275569,3.23364846588995E-06
0.132012153120561,3.26086140816801E-06
0.134014344231053,3.29515219114053E-06
0.136016583795519,3.32757495791432E-06
0.138018466764287,3.35179535772392E-06
0.140017253624247,3.38492738619569E-06
0.142019532224692,3.41445233757998E-06
0.144019051055661,3.445014026715E-06
0.146017967980004,3.47013518048883E-06
0.148020888341559,3.501273729211E-06
0.150022758814404,3.52855156126154E-06
0.152020752058806,3.55245076419037E-06
0.154022269170358,3.58113538552791E-06
0.15602338786184,3.6042283517662E-06
0.158024462231297,3.6290985634522E-06
0.16002398383012,3.65267868253905E-06
0.162024298440653,3.68034027839879E-06
0.164026420259344,3.70229028547587E-06
0.166030742437489,3.72504736846457E-06
0.168030192417329,3.74894866944609E-06
0.170030697079444,3.77065672608973E-06
0.17203041165438,3.78702469913776E-06
0.174031076458796,3.81015992615167E-06
0.1760324878953,3.83087806159174E-06
0.178033266085587,3.85032715989003E-06
0.180034167457604,3.87242939567586E-06
0.182035835897411,3.8928341419884E-06
0.184034922187894,3.91276793541637E-06
0.186036406716179,3.92889001668912E-06
0.188036729576581,3.94928857374622E-06
0.190040273565501,3.96276511547937E-06
0.192040712803111,3.98096594735748E-06
0.194041227333912,3.99660663044048E-06
0.196042561582814,4.01080280424634E-06
0.198045229465671,4.03367417116228E-06
0.20004474200579,4.05149167382782E-06
0.202044687763748,4.06387829217455E-06
0.204044699043865,4.08072710892697E-06

0.239769977937513,4.29193948193346E-06

-0.126045638496463,-3.15702001321696E-06
-0.123924055521961,-3.12232168350938E-06
-0.121984569355446,-3.09363719704666E-06
-0.119994272914357,-3.05804305878476E-06
-0.117985387797241,-3.02300328598796E-06
-0.115975999243163,-2.98999176067105E-06
-0.113964766511566,-2.95401729041471E-06
-0.111956016230449,-2.92018987736489E-06
-0.109947110124137,-2.88530462614872E-06
-0.107943015766342,-2.84856585028346E-06
-0.105937335785598,-2.81437515941034E-06
-0.103932349013332,-2.77597784292136E-06
-0.101927131713418,-2.73592793528665E-06
-0.0999226804600145,-2.70124327289374E-06
-0.097919632200636,-2.66189819107419E-06
-0.0959148865080517,-2.62272780211326E-06
-0.0939144539680723,-2.5815329121951E-06
-0.0919127078570353,-2.54350582707548E-06
-0.089909371487987,-2.50190505387833E-06
-0.0879077066121509,-2.46026276921009E-06
-0.0859059970803921,-2.41917308914129E-06
-0.0839032569391256,-2.3771043602777E-06
-0.0819996458478627,-2.33830119048191E-06
-0.079999926056275,-2.29344988926587E-06
-0.0779982234880965,-2.24639935676873E-06
-0.0759942669428511,-2.20489421730902E-06
-0.0739937663267697,-2.16108198418081E-06
-0.0719923971383173,-2.11657231338013E-06
-0.0699927440995382,-2.07306163036785E-06
-0.0679885229402831,-2.02740885054505E-06
-0.0659854419802548,-1.98076569244292E-06
-0.0639848110433125,-1.93259267178439E-06
-0.0619807862625236,-1.88562790468401E-06
-0.059980737915183,-1.83506096094778E-06
-0.0579814478401317,-1.78846313576986E-06
-0.0559789623300573,-1.74242984411952E-06
-0.0539728684198692,-1.69332023775403E-06
-0.0519736545275671,-1.64291444694355E-06
-0.049974138517544,-1.59515223249479E-06
-0.0479727392791826,-1.545797723436E-06
-0.0459705521853154,-1.49404530499941E-06
-0.0439664494593546,-1.44346198895915E-06
-0.0419678374452076,-1.388743628365E-06
-0.0399654522246244,-1.33858868223275E-06
-0.0379660247736063,-1.28657673093186E-06
-0.0359642201511165,-1.23295171804584E-06
-0.0339613541013297,-1.17839986790483E-06
-0.031960676142197,-1.12713952524757E-06
-0.0299586290648103,-1.07040258320198E-06
-0.0279578548619279,-1.01622190106098E-06
-0.0259557435652735,-9.63236775512833E-07
-0.0239530936203865,-9.08003919947743E-07
-0.021953803141103,-8.48644771705684E-07
-0.0199496084128331,-7.9446945833166E-07
-0.017948525043341,-7.34928637459251E-07
-0.01594862435698,-6.77884679121168E-07
-0.0139446162286566,-6.20064422555128E-07
-0.0119445492262009,-5.57806544772042E-07
-0.00994486104247935,-4.99101479442218E-07
-0.00794396665433405,-4.36268941280788E-07
-0.00595204293641469,-3.75064190411813E-07
-0.00393607009990539,-3.0962753426532E-07
-0.0019446949027871,-2.46793431930678E-07
4.36369357695732E-05,-1.80585340074327E-07
0.00207928651157263,-1.08898145450039E-07
0.00407135376205764,-4.06994735209103E-08
0.00607306663912267,3.5220208130983E-08
0.00807423505387957,1.13309940233154E-07
0.0100705794974511,1.96549587826291E-07
0.0120715119428715,2.7915661914541E-07
0.014072786671564,3.64990900401493E-07
0.0160721514127711,4.47482387088488E-07
0.0180740740682737,5.27707911306011E-07
0.0200724085842478,6.05193706530975E-07
0.0220730963850099,6.77700968836679E-07
0.024075033131983,7.47997044707474E-07
0.0260758655994871,8.13457952095152E-07
0.0280758022612067,8.7955524007549E-07
0.0300758721966107,9.43201369351444E-07
0.0320785181385442,1.0053308313238E-06
0.0340806590291936,1.06421048460963E-06
0.0360801458744232,1.12716317375279E-06
0.0380818689763198,1.18590485759511E-06
0.0400847777054779,1.23962231218126E-06
0.0420844416752941,1.29825329002547E-06
0.0440836663740966,1.35440943114207E-06
0.0460854122383403,1.40889391880564E-06
0.0480911518115352,1.46470149094691E-06
0.0500901687096061,1.51758986254734E-06
0.0520885231336703,1.57350939577182E-06
0.0540908718160233,1.62845994336136E-06
0.0560944065395289,1.67819626054453E-06
0.0580939929025781,1.73405197550199E-06
0.0600936964736172,1.78096011016583E-06
0.0620944705218987,1.83255288927185E-06
0.0640967400769737,1.88446594361405E-06
0.0660974783955181,1.9308256323186E-06
0.068094917955832,1.98251346070452E-06
0.070097281870523,2.03130332384004E-06
0.0720971982893058,2.07943663135836E-06
0.0740999707072444,2.12602951861942E-06
0.0760005909488934,2.17219988054783E-06
0.0780003880117074,2.21506598182934E-06
0.080004393490855,2.26442343565494E-06
0.082005189115858,2.30674497986769E-06
0.0840049022118237,2.35281139077835E-06
0.0860046076167135,2.39873308101166E-06
0.0880068279791626,2.44176198368889E-06
0.0900100989374256,2.48338358755203E-06
0.0920114906848678,2.52703974054619E-06
0.0940139714463474,2.56969962572741E-06
0.0960141894852279,2.61083980142863E-06
0.0980133744380235,2.6515017859635E-06
0.100016641849366,2.6935641007803E-06
0.102016803275765,2.73089824405465E-06
0.104016314414317,2.77269347676399E-06
0.106016808346017,2.80584861378754E-06
0.108017972865151,2.84521460120354E-06
0.110016729463917,2.88607186948559E-06
0.112018103444772,2.92048171694828E-06
0.114021763797798,2.96250607199747E-06
0.116023493345985,2.99546769363254E-06
0.118022786010953,3.02903662659093E-06
0.120022638782486,3.06364420053357E-06
0.122023421480602,3.09845669427968E-06
0.124025333641611,3.13172681957673E-06
0.126029114459199,3.16683746159619E-06
0.12802790973984,3.20213490523552E-06
0.130028473422445,3.23096979210394E-06
0.13202690162214,3.26378159779084E-06
0.134030102974543,3.29340930879867E-06
0.136033725219713,3.32289274871188E-06
0.138035359567048,3.35654512422298E-06
0.140035859464173,3.38306567914112E-06
0.142036016047405,3.41325610286653E-06
0.144036511585547,3.44193885094274E-06
0.146034996134533,3.46930820304884E-06
0.1480382436432,3.4987590482149E-06
0.15003930249099,3.52568897817114E-06
0.152039065547394,3.55080535138206E-06
0.154038814134475,3.57577444129412E-06
0.156039764397669,3.60411216460544E-06
0.158042250391574,3.62793179139295E-06
0.160041981857972,3.65613098328236E-06
0.162041672538405,3.67920404799228E-06
0.164045913219827,3.70078980315017E-06
0.166047527093739,3.72674034712458E-06
0.168045419860549,3.74706268492467E-06
0.170044766062762,3.77045741108417E-06
0.172048723958275,3.79325153968893E-06
0.174046590390558,3.80873714670595E-06
0.176046733404193,3.83269855689705E-06
0.178049547081019,3.85149017044052E-06
0.180053358869652,3.87039705699322E-06
0.182053438889764,3.89080453077426E-06
0.18405269512925,3.9119950577636E-06
0.186051700500509,3.93186369166945E-06
0.188052199546809,3.94870760797024E-06
0.190052534308042,3.96767977393378E-06
0.192057202114948,3.97948281892475E-06
0.194056827363627,4.00097311268524E-06
0.19605898216067,4.01560449754948E-06
0.198062576802941,4.02949293198397E-06
0.200062219974729,4.04737754236341E-06
0.202062151439186,4.06031747714888E-06
0.204061164046586,4.07594405832059E-06
0.206063662089036,4.09323046891981E-06

0.239769587550875,4.2926364700232E-06

-0.128043892683702,-3.18897849591651E-06
-0.12592838399111,-3.1542975201019E-06
-0.123986965150137,-3.12677193800084E-06
-0.121995078347536,-3.09287017895533E-06
-0.119989024235688,-3.05942240853979E-06
-0.117978797533938,-3.02799690615398E-06
-0.115968053773912,-2.99453473410532E-06
-0.113960660104385,-2.95741815889494E-06
-0.111953228002166,-2.92433601911892E-06
-0.109948125182433,-2.88656101503001E-06
-0.107939054494256,-2.84942241026638E-06
-0.105938013371564,-2.81492089288722E-06
-0.103933944309555,-2.77631508990521E-06
-0.101929590409347,-2.74082673845717E-06
-0.0999214085340035,-2.70206334174595E-06
-0.0979215370666626,-2.66191675884049E-06
-0.0959141312706688,-2.61987427062162E-06
-0.0939148817506078,-2.58272982128263E-06
-0.0919134728239142,-2.54130954056119E-06
-0.0899136529942592,-2.50245838530316E-06
-0.0879100351105074,-2.46161742188774E-06
-0.0859091316306897,-2.41861563654153E-06
-0.0839049924789976,-2.3784205661398E-06
-0.081904712946531,-2.33352438158228E-06
-0.079902025623929,-2.29232255310416E-06
-0.0779006803966408,-2.25028586450236E-06
-0.0759972492492592,-2.20584651593202E-06
-0.0739990368279156,-2.16010924453017E-06
-0.0719940202753741,-2.11639003755963E-06
-0.069993236021816,-2.07084105889367E-06
-0.0679911364960373,-2.02669052975527E-06
-0.065990019520014,-1.97848179724273E-06
-0.063986572973329,-1.93458666855412E-06
-0.0619844149504211,-1.88779127425019E-06
-0.0599815856661292,-1.8387805011525E-06
-0.0579813254777075,-1.78789482574742E-06
-0.0559768004400267,-1.74109854726414E-06
-0.0539772078314756,-1.69201729458215E-06
-0.0519773587569581,-1.64232955481181E-06
-0.0499790732173141,-1.59067593967083E-06
-0.0479742099485465,-1.54389827391214E-06
-0.0459723078964895,-1.49088354708845E-06
-0.0439714632132205,-1.44131563609889E-06
-0.0419704476701303,-1.39037616812145E-06
-0.0399684007651551,-1.33809975353245E-06
-0.0379660148620474,-1.28722417875247E-06
-0.0359685950288407,-1.22961065905338E-06
-0.0339668540824874,-1.18134535404867E-06
-0.0319625868066627,-1.12692826258124E-06
-0.0299633988046891,-1.07477553194485E-06
-0.0279607746495336,-1.01900671008746E-06
-0.0259600569077784,-9.64520030708129E-07
-0.0239560886085146,-9.07741165073965E-07
-0.0219568899015833,-8.49316433302244E-07
-0.0199528619070945,-7.92738002883916E-07
-0.0179526541275922,-7.34314694790806E-07
-0.0159514222989362,-6.78054670093861E-07
-0.0139496313067516,-6.18728135331566E-07
-0.0119450578773564,-5.58936052043641E-07
-0.00994713165764658,-4.98659652024816E-07
-0.00794650856821922,-4.40624524891127E-07
-0.00595270866141095,-3.73205727845863E-07
-0.00393894456389021,-3.12041803770955E-07
-0.00195263153648386,-2.47411243820401E-07
4.38124257306625E-05,-1.81699560128523E-07
0.00207528069876798,-1.09685077245938E-07
0.00406990862205022,-3.95682989461131E-08
0.00607149971160413,3.57104737983789E-08
0.00807098878868946,1.1322821546109E-07
0.0100687411767725,1.95728557522709E-07
0.012067228712416,2.80982073910086E-07
0.0140677393022775,3.67240655413933E-07
0.016068907766158,4.48050882563795E-07
0.0180699894039549,5.26605875411823E-07
0.0200712803647874,6.06608781252835E-07
0.0220699598954019,6.76444032963076E-07
0.0240718534983173,7.484622204541E-07
0.0260714642387613,8.15797352028561E-07
0.0280729511441302,8.75564121936128E-07
0.0300734734046579,9.42233934776896E-07
0.0320744757999772,1.00418191893808E-06
0.0340759425150827,1.06512289775238E-06
0.0360768506881575,1.12344834292706E-06
0.038079083476133,1.18139961913708E-06
0.0400825082701935,1.24066900818922E-06
0.0420810445253793,1.29611148544371E-06
0.0440822403552403,1.35384886143545E-06
0.0460821332675496,1.40783446963454E-06
0.0480845684713788,1.46234390913903E-06
0.0500859636704358,1.51757507127588E-06
0.0520864702432785,1.57093519751673E-06
0.0540858180396318,1.62791828610114E-06
0.0560908842881513,1.67909843818737E-06
0.0580928742530151,1.73081844920294E-06
0.0600910889095887,1.78152594748331E-06
0.0620903024596387,1.83296197957424E-06
0.0640939808551954,1.88098002906942E-06
0.0660921378525795,1.93346029944944E-06
0.0680949251111195,1.9799404313645E-06
0.0700950026915665,2.02812804847532E-06
0.0720955988746279,2.08063172712892E-06
0.0740964692880096,2.12633793236487E-06
0.0760979462209825,2.17586782364246E-06
0.0780979277216278,2.21814593067148E-06
0.0800998349287058,2.26453703771507E-06
0.0820007890395856,2.30741837235772E-06
0.0840027496285069,2.35322147016273E-06
0.0860015363706124,2.39509323683699E-06
0.0880069032823749,2.44094536913058E-06
0.0900047386512572,2.48281502276606E-06
0.0920075646590592,2.52607640466744E-06
0.0940105967098303,2.56865139364516E-06
0.0960109957436408,2.61150349042497E-06
0.0980110244332984,2.65070271262429E-06
0.100013888763488,2.69048233112815E-06
0.10201232258773,2.72974939535981E-06
0.10401441687471,2.76853303827949E-06
0.106013182341067,2.81051230018194E-06
0.108015219697121,2.84719862472995E-06
0.110012337215171,2.88410756765447E-06
0.11201597596255,2.92256559279664E-06
0.114017185628955,2.9579024048961E-06
0.116019189725676,2.99603070607193E-06
0.118019897360297,3.03301631783618E-06
0.120019869090135,3.06361082650971E-06
0.122019768633337,3.10175754559094E-06
0.12402131251806,3.13388745418137E-06
0.126023148336209,3.16784884288155E-06
0.128024989483034,3.20065029317981E-06
0.130025088070049,3.23566434984507E-06
0.132027680329631,3.26345600998551E-06
0.134025727308111,3.29668904470822E-06
0.136032267227032,3.32659892881679E-06
0.138032309547823,3.3584698627748E-06
0.140031450809044,3.38396850118585E-06
0.142030970501991,3.41382008940181E-06
0.144034500202466,3.44116374036246E-06
0.146034551034951,3.47225954875412E-06
0.148034743899728,3.49978656951988E-06
0.150036530442584,3.52823459045833E-06
0.152034783148496,3.55527307965521E-06
0.154035228574195,3.57832748668227E-06
0.156037415179907,3.60277898699569E-06
0.158036520773565,3.63128530382674E-06
0.160038806185901,3.65608028533771E-06
0.162038770424657,3.6789792866048E-06
0.164040243144289,3.70420676669175E-06
0.16604114053401,3.72566145350087E-06
0.168042525222322,3.74923294059951E-06
0.170044143922861,3.77083180858672E-06
0.17204490214508,3.79388855344392E-06
0.174044619965297,3.81315555575479E-06
0.176043456732772,3.83351594323903E-06
0.178045255138399,3.85299405460879E-06
0.180049607421245,3.87141742993297E-06
0.182045591639571,3.89359294770205E-06
0.184048070196583,3.91169001588855E-06
0.18605154166496,3.93005376155805E-06
0.188051614883316,3.95225943134152E-06
0.190052554037245,3.96687638460047E-06
0.192053017879962,3.98504459175925E-06
0.194050775935831,3.99914172249204E-06
0.196055337041761,4.01539165010407E-06
0.198056591316046,4.03159606495882E-06
0.200059020387165,4.04864569532586E-06
0.202056615752775,4.06548605992316E-06
0.204059838017904,4.07863472097912E-06
0.206056876212376,4.09413916551208E-06
0.208062163549854,4.10552243511802E-06

0.239770757084346,4.29576098000587E-06

-0.130045473605734,-3.22160315530345E-06
-0.127968012261266,-3.18871486060991E-06
-0.125926713461666,-3.15610767500466E-06
-0.123937562221535,-3.12811286341945E-06
-0.121929184672842,-3.09215982327273E-06
-0.119918497521548,-3.0600238303295E-06
-0.117908899379472,-3.02685493607475E-06
-0.115900340905448,-2.9898489731994E-06
-0.113993029829666,-2.96091813039259E-06
-0.111988712472759,-2.92558950069863E-06
-0.109982542262459,-2.88944496828566E-06
-0.107977455368611,-2.85734615583332E-06
-0.105972652354183,-2.81789263466186E-06
-0.103968953920546,-2.77847359648498E-06
-0.101963127640144,-2.74234787161577E-06
-0.0999605035592998,-2.69955068387208E-06
-0.0979576645285346,-2.66365584970142E-06
-0.0959545223484653,-2.62246304284986E-06
-0.0939526838704469,-2.58167378144715E-06
-0.091952499822339,-2.54386222628317E-06
-0.0899500316303606,-2.50397392864996E-06
-0.0879476480213464,-2.46383349753472E-06
-0.0859455806931322,-2.42120993863722E-06
-0.0839438881739622,-2.37772321089083E-06
-0.0819413374889699,-2.33358511271462E-06
-0.0799418464967077,-2.29259135111899E-06
-0.0779379360279378,-2.25018832003836E-06
-0.075936589878642,-2.20430225174251E-06
-0.0739372383177355,-2.15999879704213E-06
-0.0719345151646101,-2.11682203410157E-06
-0.0699333262246977,-2.07092308526081E-06
-0.0679317556160989,-2.0259874048614E-06
-0.0659282393198092,-1.97927756614896E-06
-0.0639274264783342,-1.93110710061888E-06
-0.0619231979286764,-1.88481669261137E-06
-0.0599232342639146,-1.83672452940491E-06
-0.0579194113239232,-1.7877000140621E-06
-0.0559170297711906,-1.7421573445403E-06
-0.0539161723708823,-1.69160026165172E-06
-0.051916933870542,-1.64482341263497E-06
-0.0499178968559253,-1.59145224913836E-06
-0.0479146929380021,-1.54363018773661E-06
-0.0459113165824585,-1.49176526122451E-06
-0.0439074717297904,-1.44005511105658E-06
-0.0419074859115686,-1.39046294507932E-06
-0.0399084540049345,-1.33845009835952E-06
-0.0379076606217892,-1.2872764951949E-06
-0.0359074716398674,-1.23333464263397E-06
-0.0339039057491211,-1.17992655341002E-06
-0.0319025755559612,-1.12676588454259E-06
-0.0299031947860364,-1.07300245263034E-06
-0.0279002835939064,-1.01811397368172E-06
-0.0259986831462074,-9.63128931858039E-07
-0.0239962461641103,-9.06823401896855E-07
-0.0219945206831448,-8.53524703641556E-07
-0.0199927105777157,-7.93821171289982E-07
-0.0179904806582754,-7.35786636106874E-07
-0.0159907752403896,-6.79741466991488E-07
-0.013986373238184,-6.18829870281162E-07
-0.0119854861816275,-5.61945096071157E-07
-0.00998619048966812,-4.98694453473813E-07
-0.00798811554322518,-4.38238042407437E-07
-0.00599155581577586,-3.78615794611516E-07
-0.00397840133392149,-3.10787058676477E-07
-0.00198840303973727,-2.48676812618846E-07
3.82533563757351E-06,-1.83050665317524E-07
0.00203673413764307,-1.12598427357491E-07
0.00402906350802106,-4.21743396857534E-08
0.00603157230185008,3.23691333630331E-08
0.008032597695916,1.10967562282544E-07
0.0100290070695936,1.90852609077057E-07
0.0120300108525278,2.78963305132521E-07
0.0140295351869646,3.62398808754172E-07
0.0160300919853865,4.45775023654714E-07
0.0180316027282632,5.24916937376496E-07
0.0200289092079395,6.01782630649761E-07
0.0220291509059204,6.74334231177895E-07
0.0240304070852483,7.43893141249928E-07
0.0260336321660709,8.12475876110044E-07
0.0280343180491585,8.75364436024824E-07
0.0300350270118744,9.39387802667505E-07
0.0320380577024311,1.00366140330523E-06
0.0340384325298884,1.06290701692457E-06
0.0360388337751848,1.12172062276241E-06
0.0380390809407477,1.18234895426065E-06
0.040043553290436,1.23787319937221E-06
0.0420425924618089,1.29705149547239E-06
0.044040604854672,1.35430491814592E-06
0.0460439916724674,1.40550584844682E-06
0.0480461769185848,1.46299584154726E-06
0.0500480206901942,1.51588142573483E-06
0.0520507311138422,1.57526852303594E-06
0.0540478604603081,1.62421236825282E-06
0.0560507609176514,1.67740258969099E-06
0.0580512328877865,1.72948497187138E-06
0.0600519748425514,1.77911166580148E-06
0.0620524843347093,1.82982710670989E-06
0.0640534636093064,1.8806096703183E-06
0.0660542610829544,1.93152204344386E-06
0.068054006037829,1.9803519868788E-06
0.070055877226949,2.02708084294027E-06
0.0720579039443177,2.07950475812643E-06
0.0740578320453292,2.124538837197E-06
0.0760583156958673,2.17113950223911E-06
0.0780588729234075,2.21887488409257E-06
0.0800616329082104,2.26257744900945E-06
0.0820609732143546,2.31338671783139E-06
0.0840591632945439,2.3548724652898E-06
0.0860635630102679,2.39618746872447E-06
0.0880650070106985,2.44586031981376E-06
0.0900649142861681,2.48414177883597E-06
0.0920680014068051,2.52797758508477E-06
0.0940711406044125,2.56933901542825E-06
0.0960711337964872,2.60950181328378E-06
0.0980714382374078,2.65163027670468E-06
0.100075710844572,2.69156528598242E-06
0.102072943738679,2.73502659731908E-06
0.104072408128654,2.76913709762116E-06
0.106074705546709,2.81301809442629E-06
0.108074093862104,2.84940156506848E-06
0.110075427729739,2.88847372020523E-06
0.112077850677709,2.9241898002867E-06
0.114078790116123,2.96150267829843E-06
0.116079972677882,2.99705924643108E-06
0.118081145435886,3.02821952498468E-06
0.12008079364619,3.06825047521472E-06
0.122081015076078,3.10069546636094E-06
0.124083759533735,3.13634365945178E-06
0.126086967819581,3.16787725650941E-06
0.128086979909849,3.20518318097508E-06
0.130086063511125,3.23586024802197E-06
0.13208550200697,3.26596477147581E-06
0.134086318593069,3.29682847529557E-06
0.136089475007713,3.32552546015789E-06
0.138091502248164,3.35992607618874E-06
0.140092301284807,3.38873028652961E-06
0.142093437425352,3.41628837346128E-06
0.14409317664859,3.44385272457884E-06
0.146092377376038,3.47256201302158E-06
0.148094013078668,3.50077691033398E-06
0.150096089098011,3.5269334231382E-06
0.152095172058641,3.55296047110534E-06
0.154095091377151,3.57976931344919E-06
0.156096479915951,3.60311449559302E-06
0.158098379345953,3.63226767204062E-06
0.160099709561618,3.65418369066412E-06
0.162000134772737,3.68054088220815E-06
0.164099533151163,3.70455237591417E-06
0.166003337433232,3.72665786368168E-06
0.168003384937154,3.74730412583103E-06
0.170002419538341,3.76878614726949E-06
0.172004511028708,3.78767698371911E-06
0.174006382122216,3.80893395903438E-06
0.176005829871306,3.83068124926332E-06
0.178006535483639,3.85218215317599E-06
0.180009412141562,3.87566612150527E-06
0.182009111859291,3.89052601427964E-06
0.184009571529417,3.91300048957098E-06
0.186008892737038,3.93163068793213E-06
0.188009628617091,3.94746651988749E-06
0.190012542079681,3.96703508730038E-06
0.192015896136233,3.98213096604412E-06
0.194016690321868,4.0024262539506E-06
0.196013478823795,4.01719074527194E-06
0.198018090605948,4.03085423848586E-06
0.20001941465035,4.04872549625854E-06
0.202019704819831,4.06173958222052E-06
0.20401820295337,4.07828295247344E-06
0.20602024126773,4.0915329944326E-06
0.2080209313107,4.10596687760824E-06
0.210022329027495,4.12118514775427E-06

0.239768686618962,4.29639630033262E-06

-0.132045910317142,-3.25796276808934E-06
-0.129928854268448,-3.22272760664272E-06
-0.127986693539243,-3.19114067408849E-06
-0.125992181399082,-3.16272929414166E-06
-0.123986480614005,-3.12941956060704E-06
-0.121977897517844,-3.09506913299375E-06
-0.119968709669877,-3.06429095479329E-06
-0.117961159965141,-3.02779535822091E-06
-0.115954668393608,-2.99556453329609E-06
-0.113946973729381,-2.96034536200819E-06
-0.111942638225807,-2.92658923779156E-06
-0.109936128671928,-2.88962041044883E-06
-0.10793381320875,-2.85324850906862E-06
-0.105929244426083,-2.81487209817609E-06
-0.103924625355956,-2.7789228495103E-06
-0.101920611246399,-2.738536564085E-06
-0.0999172964595894,-2.70463479005341E-06
-0.0979130064758436,-2.66524945559438E-06
-0.0959105691072414,-2.6265127491106E-06
-0.0939096873734361,-2.58664408325613E-06
-0.0919088322589617,-2.54308432829003E-06
-0.0899054036880608,-2.50365596127173E-06
-0.0879059937482982,-2.46279925496808E-06
-0.0859038241716487,-2.42153662042716E-06
-0.083901985878991,-2.38073965617387E-06
-0.0819994693129755,-2.33866556228982E-06
-0.0799979005524136,-2.29638415832086E-06
-0.0779962508183483,-2.25403109835948E-06
-0.0759958675841534,-2.2087126507259E-06
-0.0739909170183615,-2.16552210058195E-06
-0.0719900943365077,-2.11840263206785E-06
-0.0699883298659032,-2.07240530703506E-06
-0.0679887026514912,-2.03069430364818E-06
-0.0659838663040138,-1.9782829168338E-06
-0.0639832285637995,-1.93528046460656E-06
-0.0619803204411465,-1.88772024018054E-06
-0.05998050339618,-1.84045091076001E-06
-0.0579780154930718,-1.79416538072501E-06
-0.05597543469827,-1.7435615712058E-06
-0.053975613156918,-1.69452314877087E-06
-0.0519756080778949,-1.64411155085025E-06
-0.0499729645580537,-1.59486825357013E-06
-0.0479730272125692,-1.54320907858952E-06
-0.0459690746504439,-1.49451672245278E-06
-0.0439672713575965,-1.44510278605155E-06
-0.0419656957394435,-1.3920047065917E-06
-0.0399663010253926,-1.33898367811689E-06
-0.0379628467909873,-1.28936330831704E-06
-0.035965735078285,-1.23749442547701E-06
-0.0339618211660435,-1.18225179898082E-06
-0.0319592543756399,-1.12715194871671E-06
-0.0299582909446329,-1.07149011630695E-06
-0.0279580421302168,-1.01926089291739E-06
-0.0259558447948305,-9.65293650172383E-07
-0.0239545616544928,-9.09262223302117E-07
-0.0219533415554309,-8.54591020188694E-07
-0.0199486795417972,-7.97560245863854E-07
-0.0179458958719149,-7.38626691356508E-07
-0.0159471423086063,-6.81542899989493E-07
-0.0139450946054204,-6.22348634336481E-07
-0.0119468542034038,-5.6072301597113E-07
-0.00994536198549662,-5.00054469298648E-07
-0.00794534103348465,-4.39611661856053E-07
-0.00595144695700553,-3.76052611133046E-07
-0.00393835419011718,-3.13494137660677E-07
-0.00195069220762499,-2.49629068156834E-07
5.08015349560327E-05,-1.81436384707576E-07
0.002081931539094,-1.12818845354413E-07
0.00407020676169419,-3.94397084446215E-08
0.0060740581518938,3.48971585728088E-08
0.00807130903623834,1.11952753969559E-07
0.0100708666293514,1.95543796821055E-07
0.0120718607975567,2.77349085871882E-07
0.0140748935408011,3.63446859130077E-07
0.0160718520384376,4.48709869674192E-07
0.0180729596852841,5.25083120008905E-07
0.0200723906970267,6.02251067744363E-07
0.0220724605352115,6.77188661834979E-07
0.0240745378315051,7.47267682915414E-07
0.0260756073319485,8.17654604467692E-07
0.0280748008445125,8.78158600118384E-07
0.0300773753888469,9.41562082107681E-07
0.0320785726908487,1.00418481874662E-06
0.0340803583887999,1.06290298941271E-06
0.0360784613783965,1.12552577850297E-06
0.0380820746865895,1.18059537559659E-06
0.0400848141958707,1.23866507938792E-06
0.0420851287845372,1.29661413390999E-06
0.0440844810257098,1.35475674877883E-06
0.0460864592366588,1.4091083772558E-06
0.0480874944813938,1.4628765297866E-06
0.0500904192800089,1.51692166273772E-06
0.0520888838967811,1.57541180504858E-06
0.0540905600325203,1.62497490550304E-06
0.0560935971149512,1.67541953276743E-06
0.0580926575733479,1.72896485711645E-06
0.0600927914916101,1.78397991233317E-06
0.0620944738245509,1.83228304972372E-06
0.0640932137037998,1.88269087114949E-06
0.0660951908676891,1.93231749764218E-06
0.0680960553165239,1.9812214723649E-06
0.0700986440876525,2.02799651555774E-06
0.0720970135320886,2.07942941555572E-06
0.0740993672343865,2.12476265446077E-06
0.0760007447356497,2.17011891200105E-06
0.0780032300388438,2.21720206921751E-06
0.0800031506878069,2.26298602229172E-06
0.0820049144378292,2.30904092388476E-06
0.0840054767054557,2.35290005598364E-06
0.0860048152512028,2.3975047535851E-06
0.0880075076142945,2.44121687213477E-06
0.0900074026943777,2.48299996611069E-06
0.0920092758682777,2.52566517135408E-06
0.0940142079770361,2.56736761019016E-06
0.0960126541886618,2.60955032325919E-06
0.0980151502189389,2.65017175543278E-06
0.100013595147954,2.68931813667649E-06
0.102014646543784,2.72918741696067E-06
0.104015049377194,2.77077675577067E-06
0.10601647039055,2.81121038225631E-06
0.10801610417853,2.84914468848876E-06
0.110017205306896,2.88606317755302E-06
0.112017535532113,2.92360417383652E-06
0.114020201321127,2.96172693015882E-06
0.116021644211983,2.9968455447785E-06
0.118023123865272,3.03198699820032E-06
0.12002218487521,3.06549313943892E-06
0.122022200004164,3.10049958317013E-06
0.124025580711345,3.13401548035374E-06
0.12602559750326,3.1672931286683E-06
0.128025256883098,3.2010074866503E-06
0.13003157625965,3.2324480650433E-06
0.132029514149028,3.26440319085856E-06
0.134029725437027,3.29650501551512E-06
0.136032410379655,3.32842786129112E-06
0.138036071276959,3.35906509530908E-06
0.140031487427599,3.38816035051634E-06
0.142035347246751,3.41602527765394E-06
0.144036093307752,3.44477471383351E-06
0.146036736481619,3.47662321361383E-06
0.148037086473621,3.5039314374562E-06
0.150036508232746,3.52562808968486E-06
0.152036307117616,3.55518400233242E-06
0.154035669373921,3.58180935498243E-06
0.156035278754652,3.60524779556833E-06
0.158041618173891,3.63298832316749E-06
0.160043530309296,3.65282379285475E-06
0.162041898360471,3.67864121538597E-06
0.16404392239634,3.70237603588653E-06
0.166043189598265,3.72571798103478E-06
0.168043611160185,3.74845667609026E-06
0.170044443341443,3.76997611779705E-06
0.172046160071691,3.79270654053049E-06
0.174045240088891,3.81254054158087E-06
0.176048452945259,3.83292615065565E-06
0.178051213097982,3.85407563074273E-06
0.180049950997759,3.87646540464975E-06
0.182050270671682,3.89281765728869E-06
0.18404931576004,3.91166648772624E-06
0.186051514220066,3.9300562492491E-06
0.18805339656737,3.94971425365096E-06
0.190053069610459,3.96597227375193E-06
0.192056743590242,3.98157111566986E-06
0.194056575832024,4.00095584870882E-06
0.196058178521939,4.01493199673185E-06
0.198060931656474,4.03159242333879E-06
0.20006243548552,4.04930118693062E-06
0.202059527945523,4.061342870429E-06
0.204060853440322,4.07878040076626E-06
0.206062955258708,4.09394789803719E-06
0.208061322699902,4.10897918673026E-06
0.21006383024362,4.11931873506723E-06
0.212066926814409,4.1347067226898E-06

0.239768294815417,4.29688205947474E-06

-0.134043867840926,-3.28578724776829E-06
-0.131925368753917,-3.25516786218429E-06
-0.129985159578155,-3.22716975365914E-06
-0.127993006425725,-3.19527953260247E-06
-0.12598386338792,-3.16726907553863E-06
-0.123974618675766,-3.13076304864715E-06
-0.121965792378147,-3.10035937285188E-06
-0.119959284407489,-3.06719462974423E-06
-0.117949487075136,-3.03013134507217E-06
-0.115945103361073,-2.99752826565576E-06
-0.113937774960373,-2.9626715029979E-06
-0.11193490214882,-2.92656067430279E-06
-0.109931279852821,-2.89138476785858E-06
-0.107927606196277,-2.85424536883214E-06
-0.105921987834622,-2.81998368884765E-06
-0.103921183155957,-2.78281665547007E-06
-0.101915341957307,-2.73997996439144E-06
-0.0999143724582201,-2.70369980785815E-06
-0.0979066978855298,-2.6658316502298E-06
-0.095904937026924,-2.6271963546214E-06
-0.0939047463007221,-2.58514878611779E-06
-0.0919042715904563,-2.54587180109412E-06
-0.0899007097896233,-2.50584108314848E-06
-0.087999845182292,-2.46736039903725E-06
-0.0859982935059662,-2.42615905011403E-06
-0.083997929003834,-2.38243302447224E-06
-0.0819954469331297,-2.34117541027169E-06
-0.0799938393334051,-2.29951173295906E-06
-0.0779914313159437,-2.25304078751757E-06
-0.0759899224621703,-2.20918182775873E-06
-0.0739877996586393,-2.166940803811E-06
-0.071988147037189,-2.12173768913101E-06
-0.069984744779987,-2.07327787965583E-06
-0.067982102782354,-2.02495964377897E-06
-0.0659797034341269,-1.98247482610865E-06
-0.0639793970578484,-1.93390495129074E-06
-0.0619784541770624,-1.8889732496984E-06
-0.0599757560197146,-1.8420879538367E-06
-0.0579746758868533,-1.79095608693452E-06
-0.0559712937684081,-1.74400559408548E-06
-0.0539693927527572,-1.69593504831477E-06
-0.0519697442383839,-1.64692464986934E-06
-0.0499698162531089,-1.59772245943586E-06
-0.047968492599318,-1.54317752537567E-06
-0.0459667871661707,-1.49488399406923E-06
-0.043964859121209,-1.44242347535668E-06
-0.0419627369134619,-1.38927589683943E-06
-0.0399631012565663,-1.34013772698518E-06
-0.0379591534258895,-1.28752937048843E-06
-0.0359595404906399,-1.23507103225206E-06
-0.0339565559755154,-1.18312161041439E-06
-0.0319570820424364,-1.12872748513088E-06
-0.0299551377507614,-1.0752108029476E-06
-0.02795480706121,-1.01854202888182E-06
-0.0259510285841037,-9.65880321902379E-07
-0.0239503486859174,-9.08973917143791E-07
-0.0219497709030602,-8.52405677267101E-07
-0.0199478305275681,-7.96065701776572E-07
-0.0179447411845954,-7.39397995469757E-07
-0.0159442920220262,-6.80324137435282E-07
-0.0139409279498045,-6.21114512912621E-07
-0.011941135543978,-5.62232060974371E-07
-0.00994007842483298,-5.02032809350179E-07
-0.0079393332787366,-4.37119092836697E-07
-0.00594522703956225,-3.75950722576021E-07
-0.00393346080511993,-3.09233179973184E-07
-0.00194807413331448,-2.46287220521348E-07
5.54042287927661E-05,-1.81299475998294E-07
0.00208285535066533,-1.14025876375384E-07
0.00407340393679583,-4.05946742194509E-08
0.00607833598779985,3.28671641815939E-08
0.0080766678070026,1.13737990047628E-07
0.010075057847301,1.95744623080194E-07
0.012074325209079,2.79008889073736E-07
0.0140750693098048,3.63822078994352E-07
0.0160750304094868,4.46659034409172E-07
0.0180778149705853,5.26950094674341E-07
0.0200786728804965,6.03989295031817E-07
0.022077699168109,6.72960609856018E-07
0.0240771518269187,7.43159336081992E-07
0.0260773761717127,8.13685819349912E-07
0.0280795859411639,8.77198992029674E-07
0.0300812476109114,9.43534513892976E-07
0.0320813870255264,1.00386023875589E-06
0.0340833408156754,1.06438389990403E-06
0.0360832302784813,1.12254900140187E-06
0.0380858160819195,1.18283518546463E-06
0.0400876557562599,1.23871544389205E-06
0.0420894747790145,1.29606683438664E-06
0.0440874618749679,1.35375558051424E-06
0.046089305725182,1.4080693466332E-06
0.0480906618522833,1.46520584033448E-06
0.0500937701723465,1.51772452755787E-06
0.0520942941952745,1.57292381427992E-06
0.0540958749124804,1.62441271729863E-06
0.056096570950281,1.67561921493221E-06
0.0580987678196477,1.72752804319685E-06
0.0600971668785736,1.78189319662063E-06
0.0620979489742026,1.83299022086206E-06
0.0640962978001477,1.88249525021527E-06
0.0661003052778073,1.93091605838955E-06
0.0680018185829469,1.97519476356123E-06
0.0700015246219029,2.02784115475603E-06
0.0720005666328536,2.07375624361642E-06
0.0740022595040752,2.12131403280271E-06
0.0760021298220171,2.17261332430955E-06
0.0780041503238734,2.21603322158471E-06
0.080006099329968,2.26319752098897E-06
0.082008373183193,2.31057115360039E-06
0.0840090586705677,2.35453160665811E-06
0.0860099210867033,2.39986537007634E-06
0.0880107455178398,2.44126015945759E-06
0.0900104603623444,2.48577410129411E-06
0.0920157814703516,2.52646206421711E-06
0.0940179071785151,2.56987754059553E-06
0.0960155517130972,2.61042425212117E-06
0.0980194382413453,2.64896909168644E-06
0.100019043472967,2.69065248320132E-06
0.102020658964773,2.73129669423268E-06
0.104018673458639,2.77113481843441E-06
0.106018977721797,2.8110306840434E-06
0.108018524758989,2.84740364943605E-06
0.110022123970681,2.8866077870731E-06
0.112021307051206,2.92349636390043E-06
0.114024795122555,2.95853417351936E-06
0.116024836233895,2.99497925198019E-06
0.118026652241304,3.02767569474131E-06
0.120026359944892,3.06329120316846E-06
0.122028565387096,3.09985146472197E-06
0.124027295782114,3.13405796592072E-06
0.126028877976616,3.16888213383143E-06
0.128030335079503,3.20214542547115E-06
0.130031195270627,3.23278736512157E-06
0.132032130986295,3.26630577996841E-06
0.134034620725772,3.29448126386241E-06
0.136037089041638,3.32523760732881E-06
0.13803873424779,3.35632803571392E-06
0.140037059515691,3.38697731854875E-06
0.142037645362457,3.41850214874335E-06
0.144039267182786,3.44286337284673E-06
0.146040580358643,3.47390166462249E-06
0.148041234262494,3.50394946572325E-06
0.150042735865549,3.53027028602528E-06
0.152041249245767,3.55391986564226E-06
0.154039406948815,3.57611123869525E-06
0.156041262894598,3.60637373053057E-06
0.158045684137322,3.63083347319384E-06
0.160043165412297,3.65868725068E-06
0.162044730079072,3.68318892442489E-06
0.164045507405845,3.7050051356847E-06
0.166049115196218,3.72541236968829E-06
0.168046173655783,3.74890335150798E-06
0.170051235818452,3.76833325262415E-06
0.172050103824104,3.79463496566062E-06
0.17405258219793,3.81292640344276E-06
0.176050668889247,3.83367013512566E-06
0.178050719420716,3.85313137215736E-06
0.180053468106131,3.87563830732103E-06
0.182053987561878,3.89151085519847E-06
0.184053763117193,3.90842553581928E-06
0.18605639134483,3.93013772862393E-06
0.188056538483035,3.94877694861165E-06
0.190056929056632,3.96391832512658E-06
0.192057691998229,3.98490636005915E-06
0.194060148620196,3.99762297212185E-06
0.196060416101766,4.01514925008791E-06
0.198065327987255,4.03410268343815E-06
0.200065151119276,4.04782258429726E-06
0.202066111096437,4.0633177674262E-06
0.204065258579957,4.07860900484757E-06
0.206064883323865,4.09088078478169E-06
0.208066335534895,4.1084771377076E-06
0.210067237939856,4.12162128795027E-06
0.212068985595618,4.13336883944759E-06
0.214073007775077,4.14819302036796E-06

0.239769789956176,4.29121568372755E-06

-0.136044702903347,-3.31656551588529E-06
-0.133931451683159,-3.28482127433758E-06
-0.131992087221345,-3.25719135907345E-06
-0.129901841171597,-3.22548985785625E-06
-0.127993985289986,-3.19510726749052E-06
-0.125982328375169,-3.16750732440768E-06
-0.123974451697898,-3.13278552648215E-06
-0.121966316994681,-3.09805508158233E-06
-0.11995920974706,-3.06610172412577E-06
-0.117953595791891,-3.02939746122726E-06
-0.11594812701452,-2.99705969555961E-06
-0.113943150559531,-2.96512271790012E-06
-0.111940978813813,-2.92643823794223E-06
-0.109936829670138,-2.89132004293309E-06
-0.10793187419129,-2.85506895941565E-06
-0.105929506694003,-2.82038011590345E-06
-0.103923983355651,-2.78211695489791E-06
-0.101921179675327,-2.74402352635501E-06
-0.0999184695671095,-2.70731058651002E-06
-0.097915018218355,-2.66680268895915E-06
-0.0959125780263772,-2.62627399071446E-06
-0.093913518964159,-2.58466011967408E-06
-0.0919093144095206,-2.5471757857993E-06
-0.0899107413810423,-2.50711633202485E-06
-0.0879100811667997,-2.4652745749971E-06
-0.0859066587963265,-2.42197277560926E-06
-0.0839052399054247,-2.37846405577485E-06
-0.0819046924958644,-2.34028382030189E-06
-0.0799991924585802,-2.29797650538221E-06
-0.0779968967344898,-2.25313077149884E-06
-0.0759952019882934,-2.21039307104196E-06
-0.0739946489024862,-2.1651123059333E-06
-0.0719938289217027,-2.12219953796551E-06
-0.0699939080283775,-2.07708484871337E-06
-0.067990351858893,-2.02922006946024E-06
-0.0659894109843387,-1.98217848365922E-06
-0.0639858249429331,-1.93655863577061E-06
-0.0619831161734789,-1.88710464154908E-06
-0.0599835238577557,-1.84277082502906E-06
-0.0579839294235439,-1.79368424479184E-06
-0.055977793218028,-1.74447265058648E-06
-0.0539780157133421,-1.6963874109539E-06
-0.0519776467422438,-1.6479709487459E-06
-0.0499791239019718,-1.59744517929372E-06
-0.0479791264937038,-1.54424791439295E-06
-0.0459757465943484,-1.49391327004779E-06
-0.0439722224168022,-1.44376673111239E-06
-0.0419702044880812,-1.39061487406626E-06
-0.0399693421514704,-1.3409456795831E-06
-0.0379695497991218,-1.2878506348066E-06
-0.0359666916344025,-1.23601385591925E-06
-0.0339649669677943,-1.18244914706198E-06
-0.0319628528598127,-1.1303499842066E-06
-0.0299631403409211,-1.07640150030055E-06
-0.0279626100334269,-1.01899044268606E-06
-0.0259606621771471,-9.64892809712891E-07
-0.0239598060575162,-9.10323088658784E-07
-0.021957235587306,-8.52096394328396E-07
-0.0199546580859399,-7.94986174990532E-07
-0.0179508877338429,-7.37474781752658E-07
-0.0159522965420931,-6.82158663467952E-07
-0.0139496186776785,-6.23430860492098E-07
-0.0119472993889503,-5.61445156340761E-07
-0.00994704171043946,-5.02212634944858E-07
-0.00794826177836959,-4.36343615097204E-07
-0.00595493359606746,-3.79050468043897E-07
-0.00393979664249749,-3.12754043954454E-07
-0.00195748421302891,-2.46435341168009E-07
5.10658664576009E-05,-1.82490615440926E-07
0.00207657456300539,-1.12340190321727E-07
0.0040662241821988,-3.9285517421445E-08
0.00606865381557815,3.09552758283958E-08
0.00807047743090973,1.09804666937622E-07
0.0100679413981954,1.9414014009532E-07
0.0120674661811993,2.76853955739952E-07
0.0140686718490864,3.65360345001086E-07
0.0160688630636496,4.46242941855927E-07
0.0180673169748282,5.25867053650045E-07
0.0200668361294641,6.00055905186876E-07
0.0220677536744344,6.76386347753666E-07
0.0240685321520047,7.44682762112466E-07
0.0260705666376561,8.13237338108263E-07
0.0280713093587357,8.79045180987387E-07
0.0300738723730693,9.39476078234442E-07
0.0320734144647807,1.00603297088221E-06
0.0340748185451481,1.06128249847314E-06
0.0360770930975671,1.12228287091118E-06
0.0380785143402916,1.17870497767148E-06
0.0400791035080136,1.23708693164746E-06
0.0420800904832841,1.29591060439168E-06
0.0440802648966021,1.35225579504175E-06
0.046080593687937,1.40621098896988E-06
0.0480830795554125,1.46342016521079E-06
0.0500871788927397,1.51822160119843E-06
0.0520842329792878,1.5731927696487E-06
0.0540842101185737,1.62488456934864E-06
0.0560873724113236,1.6778973404875E-06
0.0580903059762047,1.73007985972557E-06
0.0600915505035925,1.78014437978687E-06
0.0620905469129293,1.82949465527505E-06
0.0640891180108861,1.88125309062704E-06
0.0660904751417046,1.93131460597717E-06
0.0680925643690081,1.98073254366461E-06
0.0700941333518508,2.02776922901399E-06
0.0720932675093917,2.07815708896702E-06
0.0740957552882801,2.12454937241872E-06
0.0760945869086187,2.17146233260375E-06
0.0780942577357854,2.2212180567743E-06
0.0800989339541221,2.26386672486667E-06
0.0820011119710717,2.30377479664648E-06
0.0840016605958082,2.35148127782414E-06
0.0860020971230456,2.39763732054293E-06
0.0880016691835394,2.44008268732963E-06
0.0900021671819509,2.48422220918445E-06
0.092006158673572,2.52647082358709E-06
0.0940082840343314,2.56707132019205E-06
0.0960103789456957,2.60934900011749E-06
0.0980090761543005,2.65102584271075E-06
0.100009721749447,2.69012693598853E-06
0.102009273186376,2.72944298975051E-06
0.104012362640452,2.77102522515354E-06
0.106013060801075,2.81134488241983E-06
0.108013613900574,2.84653414147081E-06
0.110011485867193,2.88622060643523E-06
0.112015478669872,2.92333536832865E-06
0.114016253827366,2.95956747945533E-06
0.116017518737391,2.99716302510878E-06
0.118014524899519,3.02874604629335E-06
0.120017357924528,3.06762768325975E-06
0.12201678341887,3.09998989124125E-06
0.124022692828622,3.1322837776355E-06
0.126023178833554,3.16780877007517E-06
0.128024167079725,3.2049273534217E-06
0.130022026577334,3.23375468730044E-06
0.13202450343169,3.26299476808768E-06
0.134027834543723,3.29767361587742E-06
0.136028187421626,3.32532377735001E-06
0.138030267835461,3.35525038593573E-06
0.140028732766188,3.3877361242624E-06
0.142029341220058,3.41545776938736E-06
0.14403094362431,3.44353765700915E-06
0.146030181909972,3.47547752698412E-06
0.148034827103236,3.49952005688387E-06
0.150032257127219,3.526426158956E-06
0.152033067234635,3.55602548630815E-06
0.154033398243303,3.57509626074813E-06
0.156035816376569,3.60663071201293E-06
0.158035601625178,3.6271825917634E-06
0.16003412023618,3.65388656144493E-06
0.162035775867532,3.68012489830406E-06
0.164038907724552,3.70223455220477E-06
0.166041650590414,3.72714344299072E-06
0.168041737937311,3.74869915103687E-06
0.170038383449255,3.76906535312428E-06
0.172040536102768,3.79332552601844E-06
0.174043713345698,3.81511303891467E-06
0.176043170019869,3.83604961161197E-06
0.178044159529228,3.85476488600971E-06
0.180046337298406,3.87294226465596E-06
0.182047412265438,3.89535439781022E-06
0.184046679072539,3.9112340940529E-06
0.186047192298974,3.93388570493564E-06
0.188048486845797,3.9458165812798E-06
0.190049416194599,3.9673587568861E-06
0.192050482049787,3.98378805301705E-06
0.194049769996526,4.00016519755255E-06
0.196053731836929,4.01669305720166E-06
0.19805781927954,4.03324206222466E-06
0.200057016342688,4.04713774992702E-06
0.20205753562389,4.06970361039911E-06
0.204058539642872,4.07877947162864E-06
0.206058516814455,4.09774843056879E-06
0.208058102359936,4.10999966457264E-06
0.21005808995474,4.12044129815908E-06
0.212063258760338,4.13373719755561E-06
0.214063784192932,4.14789329855508E-06
0.216061886355068,4.16182215047604E-06

0.239770001661594,4.29324601427405E-06

-0.138045203819316,-3.34587994266822E-06
-0.135938240879664,-3.31302923309001E-06
-0.133996660746739,-3.28867326910445E-06
-0.131906400059051,-3.25583595709128E-06
-0.129999767099787,-3.2289610111016E-06
-0.127987418559523,-3.19653788466164E-06
-0.125978440010142,-3.16262098966458E-06
-0.123969943058982,-3.13481260504698E-06
-0.121967994777601,-3.09703297025606E-06
-0.119960312115533,-3.06735562531602E-06
-0.117954566842456,-3.03304504571776E-06
-0.115949445337887,-2.99754686339425E-06
-0.113947993997654,-2.96274331634426E-06
-0.11194022882025,-2.93063895903838E-06
-0.109939670974123,-2.89044383618534E-06
-0.107933560185767,-2.85809475601924E-06
-0.105933495227457,-2.81692297465286E-06
-0.103927727108258,-2.78179300057647E-06
-0.101927022835808,-2.74424568016271E-06
-0.099923707699906,-2.70588518449844E-06
-0.0979188767938323,-2.66535737043311E-06
-0.095915115449718,-2.62700946308498E-06
-0.0939170356777489,-2.58851229427404E-06
-0.0919148849050038,-2.54963378940059E-06
-0.0899125380631398,-2.50825502015023E-06
-0.0879112103506623,-2.46591281011848E-06
-0.0859108478912609,-2.42432115595749E-06
-0.0839071672858842,-2.38172951743306E-06
-0.0819076860941388,-2.34189218000109E-06
-0.079906459083823,-2.29281157172099E-06
-0.0779053059260683,-2.25209057196117E-06
-0.075900845556047,-2.20715454688168E-06
-0.073900958995016,-2.16653848722158E-06
-0.071999391049823,-2.12130670415019E-06
-0.0699996189050188,-2.07677763385517E-06
-0.0679924999209668,-2.03125524800706E-06
-0.0659897863244012,-1.98314301093218E-06
-0.0639909148955372,-1.93411185675121E-06
-0.0619905993558156,-1.88857181728832E-06
-0.0599898992103659,-1.84069666766047E-06
-0.0579878981424812,-1.79179174881404E-06
-0.0559824432455069,-1.74404631129376E-06
-0.0539829132072486,-1.69636143256576E-06
-0.0519837706549217,-1.64767435902597E-06
-0.0499826716352882,-1.59500228167181E-06
-0.0479798641277757,-1.54417272168314E-06
-0.0459767214746167,-1.49471485355718E-06
-0.0439757180533969,-1.44154716370629E-06
-0.0419759647909453,-1.3960046440454E-06
-0.039975011455888,-1.34189072493822E-06
-0.0379742181853533,-1.28865275781526E-06
-0.0359704024138986,-1.23464227645222E-06
-0.0339714443860048,-1.18313502296552E-06
-0.0319679607804326,-1.13151980593529E-06
-0.0299688362953438,-1.07660133607277E-06
-0.0279651030098641,-1.01844850443664E-06
-0.0259642148688425,-9.68215761761337E-07
-0.0239598941499637,-9.09620604420293E-07
-0.0219587605305819,-8.53251810677457E-07
-0.0199595760167972,-7.95810675979044E-07
-0.0179587660498895,-7.38152872382104E-07
-0.0159583906643423,-6.82746181912069E-07
-0.013955042375826,-6.19128196514345E-07
-0.0119526700010246,-5.60131990781802E-07
-0.00995452904436635,-5.03637418780193E-07
-0.00795320354730444,-4.35969457372103E-07
-0.005956603866307,-3.75190470704622E-07
-0.00394512900827055,-3.1391086150299E-07
-0.00196322780894509,-2.46546369367065E-07
4.63693503568326E-05,-1.8118745216084E-07
0.00207034590391728,-1.13040535998251E-07
0.00406340426800877,-4.3169484793182E-08
0.00606520392942903,3.39084911298866E-08
0.00806223450470304,1.09114716690693E-07
0.0100596801448077,1.93973205816802E-07
0.01206164041685,2.81076213721618E-07
0.0140622460702214,3.63279713641344E-07
0.0160625905808405,4.48681624639851E-07
0.0180647258769524,5.2545174973982E-07
0.0200632531085094,6.00620715957146E-07
0.0220624432182978,6.75679453858003E-07
0.0240647214100785,7.43454603279422E-07
0.0260643106545478,8.11879152459749E-07
0.0280675587237673,8.75825824037039E-07
0.0300674631245368,9.39100380688528E-07
0.0320685798850911,1.00539131518564E-06
0.0340675126515808,1.06386054815353E-06
0.036070775014939,1.12364305720279E-06
0.0380742651461747,1.18013786898185E-06
0.0400766033913287,1.23943006686396E-06
0.0420756634582753,1.29384329566652E-06
0.0440765398260273,1.35163141456118E-06
0.0460763201633047,1.40732991793475E-06
0.0480780013922754,1.46212031666663E-06
0.0500790246327362,1.51631644946708E-06
0.0520806743635774,1.57170224558023E-06
0.0540798782142725,1.62198871713702E-06
0.0560861833915456,1.67919007813165E-06
0.0580837357248296,1.73024014345805E-06
0.0600869200638482,1.7796066338963E-06
0.0620879493176783,1.82846666190821E-06
0.0640859562538193,1.88060178763462E-06
0.0660861997601945,1.93030243792205E-06
0.0680881304466701,1.98208915952013E-06
0.070086523445635,2.03055323253809E-06
0.0720872954974497,2.07606309001442E-06
0.0740882776263095,2.12308470684966E-06
0.0760899910880143,2.17155704469662E-06
0.0780907421766778,2.21907337486314E-06
0.0800932626284281,2.26553669987754E-06
0.082094442680175,2.30827069877004E-06
0.0840961109105138,2.35340717030494E-06
0.086095318650563,2.39830818787669E-06
0.0880980615893713,2.44304725076685E-06
0.0900978849088871,2.48587841197803E-06
0.0920015888744162,2.52895487301391E-06
0.0940036773798173,2.56649732294821E-06
0.0960042932251724,2.61038723647728E-06
0.0980056474813259,2.64989178528738E-06
0.100007868861252,2.68829761387584E-06
0.102005865422051,2.72954218268448E-06
0.104007344997985,2.77243379778532E-06
0.106002429926266,2.80859641840969E-06
0.108007515152584,2.85004963855837E-06
0.110008533888794,2.87767378417759E-06
0.112010991470893,2.9210892081047E-06
0.114010528460316,2.96011192412842E-06
0.116014088368902,2.99497974652118E-06
0.118012420068819,3.03183199706479E-06
0.120012080971691,3.06431608692149E-06
0.122015222258436,3.10078034757834E-06
0.124016415650801,3.13538126769674E-06
0.126018044238578,3.17012608425749E-06
0.128017858604227,3.20124762376678E-06
0.130018039373444,3.23325054022509E-06
0.132019906717319,3.26811927676938E-06
0.134020504000713,3.29492155520553E-06
0.136023345237804,3.32729978331792E-06
0.138023354260708,3.35891171267134E-06
0.140024107559092,3.38580101533585E-06
0.142024807407883,3.41607594562641E-06
0.144027225088287,3.44561213657868E-06
0.146026390322963,3.47471359602747E-06
0.148028392423128,3.49754060411511E-06
0.150027268099084,3.52680924839112E-06
0.152027822211953,3.55218022029598E-06
0.154027158245552,3.58180130745175E-06
0.156030050921462,3.60405001728754E-06
0.158031928228136,3.63000152037175E-06
0.160032598972436,3.65327249139471E-06
0.162030138403274,3.67644402970625E-06
0.164033055752481,3.7028485922828E-06
0.166034881868934,3.72718505936444E-06
0.168036760324464,3.7498451224023E-06
0.170034307760691,3.77235668826798E-06
0.172036977860978,3.79306401873671E-06
0.174035321406716,3.81408619198377E-06
0.176039442429636,3.83057445838139E-06
0.1780395848943,3.85300138280712E-06
0.180040283214762,3.87503922336146E-06
0.182039544787661,3.89207965226885E-06
0.184042187963878,3.9125981130372E-06
0.186043723157213,3.93100166176345E-06
0.188044208780078,3.94667759213164E-06
0.190044242463313,3.96809884497254E-06
0.192047678325717,3.98199552175689E-06
0.194047269685453,4.00070799375567E-06
0.196049095896046,4.01554560221325E-06
0.198049447662882,4.03346863692911E-06
0.200050205411763,4.05093823750035E-06
0.202050435681423,4.06441770152118E-06
0.204052065254234,4.08169823757286E-06
0.206053712723761,4.09591148053596E-06
0.208054596793861,4.10836184971228E-06
0.210052652506821,4.12338383204306E-06
0.212057894360683,4.13667363210069E-06
0.214057295277041,4.14577624350203E-06
0.216058173303485,4.1618093973129E-06
0.218056922669295,4.1756859627636E-06

0.239768678716621,4.29497980005889E-06

-0.140043748776246,-3.37545271466775E-06
-0.13793928005729,-3.34689764808383E-06
-0.135997376156362,-3.31884782255987E-06
-0.133908655519378,-3.28927295250765E-06
-0.131900119489127,-3.26087254237917E-06
-0.129992003268783,-3.22945336412361E-06
-0.12797991505116,-3.20053992016803E-06
-0.125972058368588,-3.16595392619592E-06
-0.123962852845226,-3.13392548842524E-06
-0.121958441866181,-3.10012636911455E-06
-0.119952280688558,-3.066632966053E-06
-0.117951227536614,-3.03134797585499E-06
-0.115946812512903,-3.00030088724402E-06
-0.113944264343097,-2.96382032172055E-06
-0.111940728488618,-2.9286436809579E-06
-0.109934719115409,-2.89509968485433E-06
-0.107933124957502,-2.85530798756141E-06
-0.105930462344652,-2.82069365489189E-06
-0.103925770423162,-2.78043443652916E-06
-0.101923227902295,-2.74598661431279E-06
-0.0999216453705308,-2.70704530273344E-06
-0.097916550644822,-2.66852207311088E-06
-0.0959152593165273,-2.62787841656486E-06
-0.0939153694441434,-2.5879237305501E-06
-0.0919127006440013,-2.55306412053502E-06
-0.0899132046537296,-2.50782034109807E-06
-0.0879109794196392,-2.46339757463703E-06
-0.0859098029160747,-2.42459458467432E-06
-0.0839068571477784,-2.38177649882723E-06
-0.0819053748355927,-2.34068472070574E-06
-0.0799029321276581,-2.29694874429977E-06
-0.077902114128257,-2.25267628832789E-06
-0.0759000642794258,-2.21023717074099E-06
-0.0739996659587427,-2.16677295959579E-06
-0.0719976972944465,-2.12113236346469E-06
-0.0699977073022976,-2.07508445288293E-06
-0.0679933943049083,-2.02876508425525E-06
-0.0659915671469983,-1.98346262678038E-06
-0.0639896993340987,-1.93787018095852E-06
-0.0619861577968669,-1.88965039620413E-06
-0.0599853159864802,-1.84107655756525E-06
-0.0579849103996108,-1.79564221499967E-06
-0.0559841243983328,-1.74918806147274E-06
-0.053985002766164,-1.69663458403993E-06
-0.0519827551142776,-1.64708290298654E-06
-0.0499826508710955,-1.59591644069412E-06
-0.0479798295417961,-1.54336748906067E-06
-0.0459773517536131,-1.493205694285E-06
-0.0439764270118269,-1.44220751829746E-06
-0.0419765984786469,-1.39512696116772E-06
-0.039976910135607,-1.34189429912084E-06
-0.0379729896440349,-1.28807068306857E-06
-0.0359685451479323,-1.23687014989906E-06
-0.0339690431460444,-1.1819596751159E-06
-0.0319666310960963,-1.12823829792052E-06
-0.0299688184805105,-1.0746895679824E-06
-0.0279670139966947,-1.01926156354494E-06
-0.0259634533733582,-9.6591443773773E-07
-0.0239601327116136,-9.09396476195149E-07
-0.021959192606863,-8.55113420322442E-07
-0.0199567259192076,-7.97346132093782E-07
-0.0179576928619682,-7.40321899197508E-07
-0.015957026457729,-6.79418958827791E-07
-0.0139529903271691,-6.20512126393324E-07
-0.0119511509086736,-5.58843591610892E-07
-0.0099526738487936,-5.02446906880107E-07
-0.00795181648526093,-4.38228314561348E-07
-0.00595623417415046,-3.75937991892019E-07
-0.00394462556294872,-3.12393197624368E-07
-0.00196474251899596,-2.48895169325831E-07
4.92742005643036E-05,-1.83207643680386E-07
0.00206901959854996,-1.13537875173605E-07
0.0040613838534842,-4.23033334854087E-08
0.00606581947661814,3.18901906676538E-08
0.00806495274970684,1.14067017629071E-07
0.0100622876936096,1.92156714139277E-07
0.0120630080109913,2.77368710157579E-07
0.0140647359731189,3.62372779787985E-07
0.0160647196871691,4.42945998167794E-07
0.0180629158842006,5.2429127933169E-07
0.020063998393822,6.01566840310799E-07
0.0220657989884162,6.7579835350117E-07
0.0240654571712077,7.44809409564496E-07
0.0260650475049678,8.12706740582933E-07
0.0280682913763507,8.7880665862218E-07
0.0300699858682771,9.41105418460541E-07
0.0320702519791556,1.00314131852249E-06
0.0340710527628973,1.06043902509387E-06
0.0360760649144241,1.12204857087701E-06
0.0380729898223006,1.18193993139567E-06
0.0400725346030163,1.23944281253405E-06
0.042073526824905,1.29558741436086E-06
0.0440768583669405,1.35233399246273E-06
0.046075029079505,1.40694296208824E-06
0.0480786981312267,1.46295260667575E-06
0.0500799580316417,1.51703267220417E-06
0.0520807895061066,1.56973093025869E-06
0.0540837185932216,1.62493726044334E-06
0.056083472385154,1.67568589554253E-06
0.0580837843219222,1.7280890475001E-06
0.0600842636647292,1.78032278170294E-06
0.0620853870855033,1.83216201456263E-06
0.0640859908609378,1.88198313803275E-06
0.0660870127285588,1.93092679592349E-06
0.06808774311692,1.97999220081463E-06
0.0700877921212718,2.02637803275431E-06
0.072090024800709,2.07502815059457E-06
0.0740889830911657,2.12635557099355E-06
0.0760914312945921,2.16989609131231E-06
0.0780917934314669,2.2189008624807E-06
0.0800947637266606,2.26279741484792E-06
0.0820958522386691,2.30788327086167E-06
0.0840977903080852,2.35730804220644E-06
0.0860954857985726,2.39866424989734E-06
0.088096111070179,2.44107723174215E-06
0.0900982435658836,2.48587520495463E-06
0.0920042552803081,2.522939366313E-06
0.0940049876032234,2.56936317300637E-06
0.0960069360910381,2.60924856333799E-06
0.0980082250495263,2.64831154698727E-06
0.10000600718681,2.68813645345706E-06
0.102005076368527,2.72985377348115E-06
0.104007340453141,2.77148568777466E-06
0.106009838132125,2.80917855310075E-06
0.108006115236099,2.84314184503443E-06
0.110005961672701,2.8832363512749E-06
0.112008923716495,2.92045502672084E-06
0.114010823968287,2.95770292504354E-06
0.116011063630095,2.99468855179388E-06
0.118010762724954,3.03119182124467E-06
0.120014164975684,3.0661831889687E-06
0.122013694066126,3.0969604979759E-06
0.12401625062961,3.13693998597068E-06
0.126018504143514,3.16994175534257E-06
0.12802057628649,3.2002988993264E-06
0.130017675331501,3.23249236392725E-06
0.132017827584416,3.26192621486651E-06
0.134021102459461,3.29550431931239E-06
0.136024924454131,3.32642691846838E-06
0.138024664714124,3.35837001045284E-06
0.140024380804147,3.3910949118001E-06
0.142025511651771,3.41623494804814E-06
0.144027065946246,3.44288379888827E-06
0.146025129143514,3.47295942915936E-06
0.14803025278246,3.49741858736509E-06
0.15002867436615,3.52658337803294E-06
0.152026703828351,3.55288567552694E-06
0.154026308451027,3.58116014254965E-06
0.156029474686599,3.60203966319987E-06
0.158030516130268,3.62653355916372E-06
0.160031413341437,3.65307834659042E-06
0.162031524141332,3.67680709772427E-06
0.16403412964912,3.69920346551118E-06
0.166037072856388,3.72452038258708E-06
0.168036729324661,3.74626497531971E-06
0.170037648760609,3.76906484359719E-06
0.172037393491304,3.79108697872854E-06
0.17403671834398,3.81134815829271E-06
0.1760387235348,3.83312558554994E-06
0.178038114980675,3.851961108339E-06
0.180042106420266,3.87533059792185E-06
0.182040238506044,3.89417208517498E-06
0.184042068858705,3.91009640999559E-06
0.186042100368261,3.93045829608889E-06
0.188044679761407,3.94940639439086E-06
0.190046084349557,3.96628870505587E-06
0.192049597915574,3.98498783943398E-06
0.19404550891729,3.99983009357967E-06
0.196048754671779,4.01602055638402E-06
0.198050326493791,4.03380150797448E-06
0.20005051125242,4.05010694406626E-06
0.202051247702245,4.06538013823449E-06
0.204051951285379,4.07635000154394E-06
0.206052857521141,4.0916736239072E-06
0.208055268344586,4.10760337369262E-06
0.210055369613112,4.12097723073268E-06
0.212059636232847,4.13676486742053E-06
0.214059686516778,4.14979461384723E-06
0.21605831737016,4.1617688749238E-06
0.218058132377184,4.17202643435886E-06
0.220059614577734,4.1851057697595E-06

0.239769521052637,4.2935938114657E-06

-0.142046495320099,-3.40419329406775E-06
-0.139925857057189,-3.37755704652985E-06
-0.137984768446806,-3.34792813663476E-06
-0.135992793689495,-3.31630331924339E-06
-0.133988007301899,-3.28850882673182E-06
-0.131979548003563,-3.25938523282714E-06
-0.129967047947981,-3.22781012429844E-06
-0.127955927447358,-3.19722229942133E-06
-0.125951529273903,-3.1692116775105E-06
-0.12394381514062,-3.13548807311056E-06
-0.121941054970625,-3.10081584917289E-06
-0.119936385882173,-3.06897205502503E-06
-0.117930163597264,-3.032014916833E-06
-0.115926408298891,-2.99936496092505E-06
-0.113925966843132,-2.96575258328988E-06
-0.111925471604643,-2.92958732511355E-06
-0.109920488624922,-2.895308605944E-06
-0.107917260065285,-2.85685807384714E-06
-0.105914519994536,-2.81930215141736E-06
-0.103909641427427,-2.78351836417837E-06
-0.101911093281322,-2.74471544914612E-06
-0.0999059485842125,-2.70534445637584E-06
-0.0979007548089251,-2.66717774584968E-06
-0.0959012943901466,-2.62760079923569E-06
-0.0939013865150516,-2.58773403661474E-06
-0.0919999514726537,-2.55259514581441E-06
-0.0899968993324132,-2.5092987414192E-06
-0.0879964510849413,-2.46745697689841E-06
-0.085994641473701,-2.42646376978813E-06
-0.0839923330987232,-2.38418582011306E-06
-0.0819921341515234,-2.34014668258641E-06
-0.0799930145346818,-2.29957032857348E-06
-0.0779868284278594,-2.25426410958986E-06
-0.0759844684223888,-2.20828501513634E-06
-0.0739835748326374,-2.16854322901831E-06
-0.0719833974340995,-2.12099060254024E-06
-0.069984950290331,-2.07765548157985E-06
-0.0679817179152458,-2.02842970303969E-06
-0.0659777447079733,-1.98433286906406E-06
-0.0639749636533291,-1.93720132925395E-06
-0.0619730730300473,-1.88738718930208E-06
-0.059972257524133,-1.84055848091865E-06
-0.0579728193910037,-1.79384655913961E-06
-0.0559679574360729,-1.74316206450837E-06
-0.0539676066573404,-1.69796622557539E-06
-0.0519669011303766,-1.64779614349159E-06
-0.0499675614071156,-1.59517281589028E-06
-0.0479654944593028,-1.54568697622614E-06
-0.0459619769214271,-1.49696600414932E-06
-0.0439593309555048,-1.44679838727743E-06
-0.0419611434946473,-1.39490446267993E-06
-0.0399606262270196,-1.34268423094476E-06
-0.0379582127705497,-1.28891840875105E-06
-0.0359549794037582,-1.23472203991967E-06
-0.0339547107307959,-1.18348397783268E-06
-0.0319533406431674,-1.12948361208083E-06
-0.0299537092035431,-1.07481650391667E-06
-0.0279526266135481,-1.02027931017231E-06
-0.0259516846903112,-9.64103203836443E-07
-0.0239481338172518,-9.09306735737852E-07
-0.0219461999592005,-8.53211104708746E-07
-0.0199428469357272,-7.95910584498842E-07
-0.0179423495365705,-7.3875375092603E-07
-0.0159423650881598,-6.82191542950824E-07
-0.0139371251641083,-6.20362527743473E-07
-0.0119373255422671,-5.61853261307693E-07
-0.0099380306138768,-5.01651941602992E-07
-0.00794247742903902,-4.4003934427715E-07
-0.00594019944985144,-3.73916688591874E-07
-0.00393231768532957,-3.14768478005301E-07
-0.00195193057381878,-2.48476888803353E-07
6.65694948152433E-05,-1.81684256520084E-07
0.00208457081830594,-1.17049638148858E-07
0.00407563141910477,-4.22045969100949E-08
0.00607740365587934,3.29495445146319E-08
0.00808091873028991,1.0877649116196E-07
0.0100766984280186,1.94677613426364E-07
0.0120764273367289,2.79791462727149E-07
0.014077320786314,3.63164260799025E-07
0.0160770135274596,4.44881646593604E-07
0.0180785082220178,5.24696840409735E-07
0.0200790544413368,5.99450669437095E-07
0.0220780479857127,6.7647538011818E-07
0.0240780840459379,7.44102122283954E-07
0.0260789443928469,8.12923147224873E-07
0.0280812026153653,8.75924616093085E-07
0.0300833972972162,9.40566983209804E-07
0.0320845847887645,1.00240649055387E-06
0.0340834502153679,1.06335390214757E-06
0.036086932126597,1.12405839295846E-06
0.0380884112321317,1.18326662752121E-06
0.0400891145240016,1.23890735202231E-06
0.0420889325392656,1.29796581934169E-06
0.0440900361654153,1.34992730123581E-06
0.0460912081743357,1.40868457810544E-06
0.0480933433184488,1.4654978817759E-06
0.0500947421860008,1.51858694710223E-06
0.0520949989040512,1.57166340163328E-06
0.0540931646900845,1.62642869117029E-06
0.0560979848240735,1.67839492365514E-06
0.0580999322863279,1.72930152713581E-06
0.0600003653898542,1.77763875038952E-06
0.0620974766560385,1.82834815939645E-06
0.0640002042361056,1.87778816410236E-06
0.0660002992207116,1.92762356931686E-06
0.0680011518895183,1.9761768170672E-06
0.0700021650136127,2.02921548417069E-06
0.0720048027407124,2.07399461237419E-06
0.0740048393688431,2.12263295114721E-06
0.0760050831213058,2.16953043819365E-06
0.0780065282508801,2.21364108934485E-06
0.0800071979471998,2.2608800494527E-06
0.082007367789946,2.30619260005961E-06
0.0840109957414718,2.35075908312993E-06
0.0860122537250973,2.39571541436224E-06
0.088012261690859,2.43836338560139E-06
0.0900122899709959,2.47871101440588E-06
0.0920161178969084,2.52600215608134E-06
0.0940184644762033,2.56801542891651E-06
0.0960182058012324,2.60981903885052E-06
0.0980192350421359,2.65058758947596E-06
0.100021212985346,2.68869684333059E-06
0.102018425306412,2.73013786480148E-06
0.104020683644748,2.76413447081466E-06
0.10602030832096,2.81267497289491E-06
0.108020612906265,2.85047274085551E-06
0.1100205685593,2.88458670294453E-06
0.112023812904874,2.9241065075949E-06
0.114027038424626,2.95677212396757E-06
0.116028372758144,2.99525105470619E-06
0.118028021052275,3.03093373079161E-06
0.120028322328103,3.06593020877254E-06
0.122026966422238,3.10144523546193E-06
0.124029184548376,3.13510207682804E-06
0.126031747711078,3.17037402912719E-06
0.128032194741234,3.20082864264456E-06
0.130032102639819,3.22917878942502E-06
0.132033875556253,3.26605759532126E-06
0.134033063063762,3.29602270317384E-06
0.136036131634588,3.32583225540555E-06
0.138038158807878,3.35736604728235E-06
0.140037206553668,3.38754734447856E-06
0.142039881279659,3.41637112665382E-06
0.144042831801354,3.44651854029908E-06
0.1460409131118,3.47536363269523E-06
0.148041473790692,3.50319578525259E-06
0.150041977948117,3.5274900065447E-06
0.152038250514346,3.55235438864144E-06
0.154041768634898,3.57768076194054E-06
0.156044884810176,3.60568547933167E-06
0.158044781961009,3.63279666605425E-06
0.16004668298337,3.65441897228723E-06
0.162046353771904,3.67834077424075E-06
0.16404903846694,3.70608113699292E-06
0.166052452360888,3.72561707968648E-06
0.1680498018711,3.75025145526402E-06
0.170051091822419,3.76759058693012E-06
0.172052691084021,3.79127021365884E-06
0.174051279489904,3.81230458558368E-06
0.176052403269735,3.83345491987793E-06
0.178051410100291,3.85418649784131E-06
0.180052351874346,3.87087202615008E-06
0.182057735595295,3.89206701899444E-06
0.184059358902006,3.91092553044655E-06
0.186055059366535,3.93054815268839E-06
0.188055564560788,3.95091543377432E-06
0.190059745736428,3.9641229901665E-06
0.19205980710106,3.98147599895254E-06
0.194059693781423,3.9991597207869E-06
0.196061110787781,4.01734896841695E-06
0.19806694928841,4.0348528421775E-06
0.200065910001723,4.04912815752805E-06
0.202066394274553,4.06456558426365E-06
0.204065139251165,4.07889918052071E-06
0.206066406480285,4.09468413469833E-06
0.208066473407091,4.10738267353571E-06
0.210068278495002,4.12290352783793E-06
0.212071991885069,4.13424186914412E-06
0.214074198112114,4.14956556643783E-06
0.216075098922447,4.15771471779414E-06
0.21807330176465,4.17085049081214E-06
0.220072629263369,4.18856186198375E-06
0.222073811948318,4.20282060271804E-06

0.239766762792703,4.29885533797416E-06

-0.144047680144294,-3.43378541311031E-06
-0.141934850553252,-3.40677311959988E-06
-0.139994115579289,-3.37992535837863E-06
-0.137999510558528,-3.35191466153734E-06
-0.135993770848062,-3.32181607257539E-06
-0.133983067601289,-3.29190669799391E-06
-0.131976812967153,-3.26148509883423E-06
-0.129967062980514,-3.22973889410864E-06
-0.127959172077851,-3.19900511969476E-06
-0.125952605638383,-3.16795761147325E-06
-0.123949656638874,-3.13500549101966E-06
-0.121943582325853,-3.10210012716887E-06
-0.119940715707893,-3.07074966013891E-06
-0.117934496172805,-3.0352080780969E-06
-0.115932801894709,-3.00008041187847E-06
-0.113931085460625,-2.96452444318945E-06
-0.111928721749344,-2.92923657566204E-06
-0.109924637418456,-2.89436545632934E-06
-0.107922618800459,-2.85916814974769E-06
-0.105920253181015,-2.82094811871102E-06
-0.103917046683639,-2.78497039647301E-06
-0.101912922243131,-2.74494732892665E-06
-0.0999102320978964,-2.7074063925875E-06
-0.0979039170707478,-2.66873880195377E-06
-0.0959070524819694,-2.62959087714272E-06
-0.0939062550211896,-2.58952869589977E-06
-0.0919040487852723,-2.54910347661098E-06
-0.089902823665245,-2.50898341908597E-06
-0.0879030443398763,-2.46652253420241E-06
-0.0859006920697938,-2.42602691025978E-06
-0.0839994256671914,-2.38686112952173E-06
-0.0819985120193473,-2.3421511546335E-06
-0.0799948167124405,-2.29887354279595E-06
-0.0779913922994086,-2.25540380178331E-06
-0.0759911071183881,-2.21110102145701E-06
-0.0739898128339723,-2.16529876287308E-06
-0.071990234799849,-2.12219520698532E-06
-0.0699897485818805,-2.07853851449189E-06
-0.0679883415038935,-2.03219950659243E-06
-0.0659845972868016,-1.98173590693728E-06
-0.063982457510229,-1.93793150404143E-06
-0.0619768145179058,-1.89227770516447E-06
-0.0599787981848893,-1.84582231528506E-06
-0.0579765599870334,-1.79664931775615E-06
-0.0559758998172699,-1.74441099031653E-06
-0.053972031106524,-1.69733776887816E-06
-0.0519741152950126,-1.64865045556091E-06
-0.0499728827414856,-1.59916996593113E-06
-0.0479727177637041,-1.54892957660308E-06
-0.0459690577825478,-1.49998728993963E-06
-0.0439697522831714,-1.4467048890579E-06
-0.0419665730682117,-1.39311087490038E-06
-0.0399665579316891,-1.34538487433966E-06
-0.0379631985519473,-1.28692952598475E-06
-0.0359617200938703,-1.23905128922223E-06
-0.0339598971337727,-1.18366198636386E-06
-0.0319624191098993,-1.12972413508913E-06
-0.0299601096999949,-1.07689145180154E-06
-0.0279574276542279,-1.02183292193586E-06
-0.0259542734454914,-9.66914882923443E-07
-0.0239565209351084,-9.11859590053345E-07
-0.021953065939079,-8.53997630943566E-07
-0.0199505116524644,-7.97543453949287E-07
-0.0179488331109287,-7.40106653977593E-07
-0.0159489110487551,-6.80032699184012E-07
-0.0139418161737492,-6.21393686921961E-07
-0.011943370239438,-5.62406658296676E-07
-0.00994258048270534,-5.02412251545493E-07
-0.00794998551163974,-4.42785837616372E-07
-0.00594505994958451,-3.79321349125327E-07
-0.00393817350865368,-3.18180443685647E-07
-0.00195830846683131,-2.47099510655877E-07
6.15579029189086E-05,-1.82989146010486E-07
0.0020786184951912,-1.14866433555075E-07
0.00406992915985986,-4.16525190922293E-08
0.00607243743602989,3.22966970109277E-08
0.00807029330238398,1.09223897854078E-07
0.0100683269549109,1.91754986690545E-07
0.0120698439518769,2.75410244472134E-07
0.0140719837124922,3.62149517009575E-07
0.016071806335927,4.44887391886105E-07
0.0180713843926282,5.25022158465428E-07
0.020071721856612,6.00946966896981E-07
0.0220732378724651,6.72965352953706E-07
0.0240726256047223,7.45102308959604E-07
0.0260743405048391,8.10103495537651E-07
0.0280746057038885,8.75848276947346E-07
0.0300765971991248,9.39892421804705E-07
0.0320760828847901,1.00129653451077E-06
0.0340781703758183,1.06281638479488E-06
0.0360786599630012,1.12547980117688E-06
0.0380791805230254,1.18291924244705E-06
0.040081867838642,1.23940281840465E-06
0.0420843775789703,1.29693742884345E-06
0.0440831447758659,1.34970487018543E-06
0.0460825216908875,1.40778185347029E-06
0.0480860507011421,1.46140838744451E-06
0.0500894787946591,1.51634559741338E-06
0.0520873530940627,1.56922900112476E-06
0.0540907680150308,1.62466285013757E-06
0.0560910828168199,1.67485783161097E-06
0.0580910070338876,1.72755856237045E-06
0.0600932458593302,1.78006139430993E-06
0.0620971274481465,1.83262599891505E-06
0.0640959038785265,1.88100378202309E-06
0.0660943580733492,1.92954215607847E-06
0.0680912636320475,1.97976244905897E-06
0.0700947060109433,2.02857548818366E-06
0.0720960299550714,2.07800586432634E-06
0.074098155156202,2.12347279414602E-06
0.0760970025678818,2.1747758771338E-06
0.078099233735418,2.21941346920421E-06
0.0800990834661102,2.26345666796143E-06
0.0820019043096724,2.30508190595156E-06
0.0840028549704747,2.35254226306953E-06
0.0860059087552773,2.39690838210793E-06
0.0880078690477573,2.43911390400692E-06
0.0900083361792161,2.48024837750065E-06
0.0920101442823132,2.52388706420617E-06
0.0940123915422257,2.56720313784535E-06
0.0960090909585182,2.60914794672541E-06
0.0980126905809641,2.64896744321647E-06
0.100014211448906,2.69254912283318E-06
0.102014144298538,2.7278060590695E-06
0.104013788577442,2.76764722544764E-06
0.106015265118922,2.80505638909175E-06
0.108014772596934,2.8469638975922E-06
0.110016197358008,2.8831355997875E-06
0.112016326837327,2.92103176641926E-06
0.114018295640563,2.95651485774949E-06
0.116018507353471,2.99527025188831E-06
0.118018931322877,3.02937469780977E-06
0.120019950294014,3.06347620645746E-06
0.122022982813028,3.10105312440024E-06
0.124024733118251,3.13379460036375E-06
0.126024993313317,3.16553257772557E-06
0.128025216349124,3.20447095203115E-06
0.130025734274708,3.2329575771391E-06
0.13202766434283,3.26213817813258E-06
0.134026570723604,3.2971040844886E-06
0.136031603688146,3.32546529100395E-06
0.138034521455814,3.35741067586029E-06
0.140029794771174,3.38869019873714E-06
0.142036143229181,3.41397153883386E-06
0.144034373351401,3.44402445019153E-06
0.146035587608582,3.46993601534417E-06
0.148033436531561,3.49767429502974E-06
0.150033896043326,3.52562393853775E-06
0.152034751645689,3.55703503929046E-06
0.154036340560238,3.57843655544998E-06
0.156035869189923,3.60525768638815E-06
0.158036527364718,3.63238763569622E-06
0.160036908227514,3.65600463555214E-06
0.162038913609666,3.68026901953778E-06
0.164040269197271,3.70338110802773E-06
0.166043672518663,3.72473132679898E-06
0.168043687154126,3.74868623302674E-06
0.170045546977085,3.76899601248287E-06
0.172042134478459,3.79083560204408E-06
0.174046180931333,3.81397827714504E-06
0.176046056391243,3.83456452000137E-06
0.178047272221456,3.85289561097936E-06
0.180047839558785,3.87504491807591E-06
0.182049396556093,3.89191009963931E-06
0.184048556958872,3.91323114049208E-06
0.186051423451905,3.93110890222809E-06
0.188049723346148,3.94830245900969E-06
0.190051432530394,3.96746787061208E-06
0.192054051510994,3.9827029701379E-06
0.194055652773448,4.00158584897339E-06
0.196055809497057,4.01889156165736E-06
0.198060425013713,4.03268606327569E-06
0.200057474687678,4.05051762289426E-06
0.202056485012136,4.06357780607105E-06
0.204056458349249,4.07748491317448E-06
0.206060064568429,4.09272821009188E-06
0.208061284496172,4.10976215002203E-06
0.210062888619833,4.12194796974021E-06
0.212067265686898,4.13438738408427E-06
0.214068325852891,4.14801910678604E-06
0.216064621771604,4.16217087680532E-06
0.218068394909829,4.17299541999379E-06
0.220069241678017,4.18703756676001E-06
0.222069976597681,4.19835665093973E-06
0.224068221849513,4.2084285626839E-06

0.239765488549495,4.29204694718946E-06

-0.146045545634991,-3.46376955329801E-06
-0.143923376053456,-3.43410935244566E-06
-0.141982657744338,-3.40623817610827E-06
-0.139990472096175,-3.37892248919276E-06
-0.137980632112884,-3.35191325284482E-06
-0.13597138954473,-3.32108365736736E-06
-0.133962787082672,-3.29055845936306E-06
-0.131956076121022,-3.25826174059768E-06
-0.129943692586885,-3.22976786222185E-06
-0.127941011230518,-3.19883836946417E-06
-0.12593548706109,-3.16869781944841E-06
-0.123930710431602,-3.13626565639579E-06
-0.121926125475714,-3.10124307264496E-06
-0.119924290336998,-3.07054995549499E-06
-0.117921056048488,-3.03481992336314E-06
-0.115919302884119,-3.00201869785624E-06
-0.113916857736498,-2.9677618883512E-06
-0.111912821592934,-2.93019015559579E-06
-0.109906993201587,-2.89509208690638E-06
-0.107905627604889,-2.86215919360708E-06
-0.105904327215834,-2.82114647460678E-06
-0.10399916950063,-2.78694999910268E-06
-0.101999109407587,-2.74787366284664E-06
-0.0999986165550104,-2.70803670755998E-06
-0.0979919848390226,-2.66922859235427E-06
-0.0959917868549783,-2.63074008550373E-06
-0.0939890776772164,-2.59313844051139E-06
-0.0919902636279575,-2.55286679867951E-06
-0.0899883375047144,-2.50998234693E-06
-0.0879866292829775,-2.46991782785692E-06
-0.0859844549664281,-2.42722176625289E-06
-0.0839861839080767,-2.38621595584038E-06
-0.0819842122086022,-2.34434641460058E-06
-0.0799817851234467,-2.30121425775882E-06
-0.0779772077914892,-2.25894995291928E-06
-0.0759768208869576,-2.2141963385351E-06
-0.0739746830953997,-2.16585673249298E-06
-0.0719759245533466,-2.12146922830322E-06
-0.0699720482770809,-2.07688198949737E-06
-0.0679742352087715,-2.03199992933028E-06
-0.0659703518206219,-1.98386220091522E-06
-0.063967719308132,-1.93882454766202E-06
-0.061965613469226,-1.89220267730166E-06
-0.0599653029667511,-1.84198208459935E-06
-0.0579634056583288,-1.79514834088946E-06
-0.0559594585874279,-1.74362425802296E-06
-0.0539603634865591,-1.69530653916622E-06
-0.0519619393275785,-1.64695190956822E-06
-0.0499582167594284,-1.59616829693347E-06
-0.0479567240619307,-1.54852128056349E-06
-0.045954008118228,-1.49457017783811E-06
-0.0439540725698092,-1.44447572306074E-06
-0.0419530013589507,-1.39486937274869E-06
-0.0399533921267213,-1.34325391968753E-06
-0.0379503832351104,-1.29037985231062E-06
-0.0359481797180865,-1.23940273178044E-06
-0.0339473065806331,-1.182761127497E-06
-0.0319463160734304,-1.13400287002665E-06
-0.0299440343213016,-1.07781981014473E-06
-0.0279442392121089,-1.02192857440592E-06
-0.0259418969609452,-9.69348807623588E-07
-0.023941207126906,-9.10542413841877E-07
-0.0219388223767055,-8.53920553732863E-07
-0.0199365953811247,-7.955859857755E-07
-0.0179372860791014,-7.38765129115352E-07
-0.0159358824498316,-6.81855434909867E-07
-0.0139310787170283,-6.19507531933763E-07
-0.0119293831541409,-5.6108818953489E-07
-0.00993091881733231,-5.0149438533901E-07
-0.00793583470038489,-4.42484722097069E-07
-0.0059290041444091,-3.78377208555423E-07
-0.00392544476957685,-3.15035996582643E-07
-0.00194669178879528,-2.4811797755222E-07
7.9015420168206E-05,-1.84159275422351E-07
0.00209460635399309,-1.1171693145637E-07
0.00408305866465143,-4.23293775218365E-08
0.00608794069907576,3.2624765102063E-08
0.00808500406559765,1.13375208638587E-07
0.0100829652545256,1.93060338876495E-07
0.0120833252093511,2.7631086730807E-07
0.0140836919541733,3.61222513034322E-07
0.016084979690351,4.44255460289103E-07
0.0180858521168867,5.24516299229228E-07
0.020086283400758,6.03126843642012E-07
0.0220871049588676,6.74050859189914E-07
0.0240884835149793,7.45598007626348E-07
0.0260884924718276,8.12653240239335E-07
0.0280899861554039,8.78511488834339E-07
0.0300906878736606,9.39312632436837E-07
0.0320919230891218,1.00086142086198E-06
0.0340911546189601,1.06120455956223E-06
0.0360917125542914,1.12281180872697E-06
0.0380943977681625,1.18232887289919E-06
0.0400945704842667,1.24068967400822E-06
0.0421002579518475,1.29661230560694E-06
0.0440972495097283,1.35195059581275E-06
0.0460985879153993,1.40930010929949E-06
0.0480998915456201,1.46186316284423E-06
0.0500034047071029,1.51390141098767E-06
0.0520016398165084,1.56693927633531E-06
0.0540021865322318,1.62062653394882E-06
0.0560040393165183,1.67334466355954E-06
0.0580069784846649,1.72697385756485E-06
0.0600064063299147,1.77523585813658E-06
0.0620076526236377,1.83031836574728E-06
0.0640078149877992,1.87795634550461E-06
0.0660060345002964,1.92628591835905E-06
0.0680078945557395,1.97772589179181E-06
0.0700114920966599,2.02680168204376E-06
0.0720127036153064,2.07522974348591E-06
0.0740104246493793,2.11860237463118E-06
0.076012303231094,2.16880523878826E-06
0.078015521153229,2.21989004936582E-06
0.0800140639292254,2.26194535818524E-06
0.0820146422356558,2.30650478280686E-06
0.0840192010123977,2.3519076246099E-06
0.0860179872216283,2.39773230987848E-06
0.0880199021217406,2.44009249572595E-06
0.0900216035847419,2.47947001493871E-06
0.0920237160379314,2.52540827978827E-06
0.09402468434175,2.56820384903417E-06
0.0960233276785694,2.6085284217382E-06
0.0980276064526054,2.65178879957151E-06
0.100027974950733,2.69012131620454E-06
0.102029412742327,2.73110550168825E-06
0.104028529969072,2.77183420429867E-06
0.106027769458216,2.80704685663713E-06
0.108030174011843,2.84540633324724E-06
0.110031360230574,2.8835345894648E-06
0.112030526780748,2.92314886643059E-06
0.114033192907514,2.96171705432508E-06
0.116032993042323,2.9939136210467E-06
0.118032782145843,3.03053035018975E-06
0.120034567302953,3.0661131889393E-06
0.122035103029008,3.10241134376746E-06
0.124036160766943,3.13440006839793E-06
0.126039195648735,3.1689802028086E-06
0.128040529535391,3.20158663910932E-06
0.130040731871085,3.23464949178668E-06
0.132040691608347,3.2642013132315E-06
0.134042149629516,3.2959202582582E-06
0.136044968929813,3.32812460276086E-06
0.138047127279121,3.36157581997725E-06
0.140044206254277,3.38529634374734E-06
0.142046914373867,3.4171164298998E-06
0.14404806491795,3.447092882223E-06
0.146048713666418,3.47226299555496E-06
0.14805018314534,3.50122144274074E-06
0.150050651056196,3.52964698454323E-06
0.152049056062226,3.55367019737214E-06
0.154050671112458,3.58017122541416E-06
0.156051157456656,3.60682415247095E-06
0.158053756248091,3.63102394640592E-06
0.160052774793086,3.65616516655512E-06
0.162053625860559,3.67766911264419E-06
0.164055732423514,3.70121633726207E-06
0.166057565498145,3.72445534295369E-06
0.168055010217998,3.74911976564297E-06
0.170056629535769,3.76880104344359E-06
0.172059039148653,3.79454404504868E-06
0.174059027399552,3.8153780829138E-06
0.176058807361406,3.83611871247593E-06
0.1780603944186,3.85954750201946E-06
0.180061770223331,3.87274235020678E-06
0.182061673505014,3.89271680089866E-06
0.184062907889995,3.91246533627409E-06
0.186064718844665,3.92762304762783E-06
0.188063254188017,3.9499669341253E-06
0.190066195022773,3.96991809643232E-06
0.192068696955593,3.98492927379175E-06
0.194070993972626,4.00291078423329E-06
0.196069612156094,4.01843514528072E-06
0.198071224195628,4.03225654693175E-06
0.200071951755206,4.04871746371396E-06
0.202072036099149,4.0613608087795E-06
0.204072536565293,4.07925731811491E-06
0.206072456194285,4.0944312743909E-06
0.208073694092465,4.10745538604752E-06
0.210077186725565,4.12365726825294E-06
0.212080600308813,4.13576040970905E-06
0.214082572789982,4.15031100455863E-06
0.216077887755485,4.16597260822417E-06
0.218079187949837,4.17730122355754E-06
0.220080235364301,4.18731858593176E-06
0.222081838555733,4.19826177399987E-06
0.22408209633103,4.20992263096281E-06
0.226082559079893,4.22188776551017E-06

0.239767382567474,4.29162191168663E-06

-0.148048055328112,-3.48875316473191E-06
-0.145932991240602,-3.4631409017816E-06
-0.143993574787855,-3.44006825668222E-06
-0.14190193321391,-3.40731552616464E-06
-0.139997652389352,-3.38170916773404E-06
-0.137983857025579,-3.35089418369496E-06
-0.135973110209708,-3.32087863266127E-06
-0.133967184325192,-3.29354965308336E-06
-0.131963164125944,-3.26326036611797E-06
-0.129953831239793,-3.23149351055947E-06
-0.12795029679224,-3.19958965216031E-06
-0.125945101760044,-3.16658924652267E-06
-0.123939327670326,-3.13533848195376E-06
-0.121936184676082,-3.10597698386012E-06
-0.11993377553829,-3.07089360153954E-06
-0.117931258977954,-3.03552456934521E-06
-0.115929538151344,-3.00043748546024E-06
-0.113924813768746,-2.96810916102969E-06
-0.111922973457838,-2.93092090734775E-06
-0.109921052857975,-2.89382227048787E-06
-0.107918543713753,-2.85804972281686E-06
-0.10591604545369,-2.82227354851191E-06
-0.103912017006478,-2.78309181508037E-06
-0.101908815863192,-2.74761624676765E-06
-0.0999083190426892,-2.70667658495924E-06
-0.0979031014324297,-2.67156943469891E-06
-0.0959051773392246,-2.63004672404792E-06
-0.0939050306421347,-2.58890391079474E-06
-0.0919021511589255,-2.54967270827799E-06
-0.0899011127939646,-2.50855991965742E-06
-0.0879005462430076,-2.46628103335169E-06
-0.0859984185456813,-2.42956054801006E-06
-0.0839969652345528,-2.38568051780777E-06
-0.081993162758057,-2.34411656543533E-06
-0.0799936089357257,-2.29854566211876E-06
-0.0779892186018581,-2.25474287022765E-06
-0.0759903676159245,-2.21486399135241E-06
-0.0739872942085614,-2.16754252532253E-06
-0.0719880725008433,-2.1221113822873E-06
-0.0699881702476505,-2.0769174091226E-06
-0.0679873351473504,-2.03076312726946E-06
-0.065981702301567,-1.98386721376254E-06
-0.0639823502869346,-1.93840388809765E-06
-0.0619776585725688,-1.89075373214168E-06
-0.059977835182062,-1.84393573132002E-06
-0.0579742034715753,-1.79255352177364E-06
-0.0559721132644439,-1.74672924862256E-06
-0.0539726572971931,-1.69715667695882E-06
-0.0519728061936619,-1.64886402233868E-06
-0.0499692822457239,-1.59674801137089E-06
-0.0479699616177321,-1.54735960377506E-06
-0.0459660395928066,-1.49879967972134E-06
-0.0439664464075673,-1.44607064023663E-06
-0.0419651459857902,-1.39539951319826E-06
-0.039967260179657,-1.34273585802703E-06
-0.0379661435999866,-1.28931942904363E-06
-0.0359637421273732,-1.2372021704838E-06
-0.0339587349890467,-1.18322634445537E-06
-0.0319582087602579,-1.13046531341367E-06
-0.0299578500056757,-1.07983877374148E-06
-0.027955843833616,-1.02132073856941E-06
-0.0259534369774404,-9.67755917316458E-07
-0.0239559560715902,-9.0984399083395E-07
-0.0219517031580577,-8.53825822907382E-07
-0.0199475193758111,-7.99209259080445E-07
-0.0179480668914381,-7.38400480064764E-07
-0.0159466630625566,-6.82424100851955E-07
-0.0139422251773159,-6.21401402885381E-07
-0.0119426621703747,-5.6238440395207E-07
-0.00994186434972105,-5.04942690415906E-07
-0.00795046168977162,-4.44061612879176E-07
-0.0059407610580991,-3.78994530587308E-07
-0.00393921369365291,-3.12739250809728E-07
-0.00195875949199006,-2.51640632371322E-07
6.70851884656079E-05,-1.83477543641194E-07
0.00207690348180735,-1.13541460595791E-07
0.00406983309950933,-4.28381668643831E-08
0.00607536790554706,3.25771639876789E-08
0.00807208282610143,1.12010555321172E-07
0.0100704471252678,1.93393392096537E-07
0.0120704604323198,2.76401734532057E-07
0.0140728066475296,3.60200092619941E-07
0.0160720369909192,4.43978586644677E-07
0.0180734662473103,5.2530157412548E-07
0.0200725315191739,5.99840624374995E-07
0.0220746461824393,6.7216057178722E-07
0.0240745323715777,7.44461057887484E-07
0.0260756001671128,8.09877291738952E-07
0.0280751808069809,8.73802979042818E-07
0.0300786502066616,9.39349288414551E-07
0.0320756832808512,1.00253487639241E-06
0.0340804525086041,1.06108356935941E-06
0.0360800625280523,1.12173225571527E-06
0.0380827078811317,1.1816855612396E-06
0.0400839688175217,1.23917386840484E-06
0.042085706643016,1.29449566267138E-06
0.044084716606017,1.35262147063955E-06
0.0460854136156003,1.40638872400492E-06
0.048086747751896,1.46048722242482E-06
0.0500902509422089,1.51553480495128E-06
0.0520882335572141,1.5683149994564E-06
0.0540888166857086,1.62668266044843E-06
0.0560913203039777,1.67489624096129E-06
0.0580935218202815,1.72992384702892E-06
0.0600936726131381,1.77754487002468E-06
0.0620960573982181,1.83041264324352E-06
0.0640932734307079,1.87968077247584E-06
0.0660946734346217,1.93068790265254E-06
0.068094286713306,1.98147859621512E-06
0.0700990414420092,2.0298220461895E-06
0.072098719221468,2.07237768063115E-06
0.0740001416408013,2.12154546300052E-06
0.0760989941847832,2.1713216281987E-06
0.0780004998931986,2.21755703725354E-06
0.0801002662887091,2.26309927217871E-06
0.0820026040975366,2.30612511769344E-06
0.0840050901845105,2.3508506556368E-06
0.0860074150070138,2.39460887140129E-06
0.0880030526100415,2.44013524354951E-06
0.090005604129503,2.48052981628294E-06
0.092012377137669,2.52543548703583E-06
0.0940131210878248,2.56398952056772E-06
0.0960121974415607,2.60826570058313E-06
0.0980142113944223,2.65430312090143E-06
0.100014267400717,2.68900252960754E-06
0.102015075189827,2.7294040858592E-06
0.104014658450294,2.7685544833752E-06
0.106015076018025,2.8061084725993E-06
0.108015250719108,2.84578191465095E-06
0.110015908210067,2.8823448437286E-06
0.112017080571022,2.92242704638864E-06
0.114022887755785,2.96174845018498E-06
0.116022636800251,2.9934215677465E-06
0.118024020223039,3.02667750121571E-06
0.120021982864254,3.06107089395087E-06
0.122020747555754,3.0967383441682E-06
0.124020475486867,3.13399650796299E-06
0.12602579435548,3.17022517228883E-06
0.128027897606624,3.2007999143088E-06
0.130026947341904,3.23563487220477E-06
0.132025016902927,3.26795236169179E-06
0.134029440732929,3.29639957338135E-06
0.136033664597343,3.32778339944908E-06
0.13803252988494,3.35678671499025E-06
0.140031978050495,3.38724925614957E-06
0.142036753279606,3.41740515192214E-06
0.144035351002119,3.44365816016401E-06
0.146033963042653,3.47160260349857E-06
0.148034421897743,3.50024740679326E-06
0.150036652097594,3.52668907493025E-06
0.152036421595882,3.55315800276612E-06
0.15403536650582,3.58075091737244E-06
0.156035564651191,3.6062572286619E-06
0.158040060967813,3.6288014492191E-06
0.160038277446644,3.65453340607538E-06
0.162041297071262,3.67720727130273E-06
0.164041139847439,3.7037622043128E-06
0.166045233237973,3.72732983998614E-06
0.168042438359623,3.74534358550866E-06
0.17004551523204,3.77086116633829E-06
0.172043499339265,3.79104320435777E-06
0.174045635118289,3.81423260608936E-06
0.176045809313696,3.8347156697116E-06
0.178049498088682,3.85356054382122E-06
0.180050382992442,3.87267662121321E-06
0.182051123503688,3.89423690001701E-06
0.18405236717589,3.91183939724009E-06
0.18605379460168,3.9302201071642E-06
0.188048651444627,3.95022346602494E-06
0.19005056706497,3.96769771228428E-06
0.192055035625825,3.98314556933897E-06
0.194054632622889,4.00128994861363E-06
0.196056109363422,4.01647464991662E-06
0.198060385848448,4.03253836036631E-06
0.200058850735319,4.04932167291653E-06
0.202061328379768,4.06311310238628E-06
0.204058505984653,4.08024070538295E-06
0.206060044972275,4.09673217880397E-06
0.208060740657974,4.10790947958011E-06
0.210063742177374,4.1220940691379E-06
0.212067417903707,4.13579024701552E-06
0.214071087426882,4.14828915613944E-06
0.21606760333535,4.16003883566162E-06
0.218066605432648,4.17171814050214E-06
0.220065803232384,4.18451368430426E-06
0.222065724748324,4.19757119995692E-06
0.224067961143618,4.20988778830206E-06
0.226070214731811,4.22338085969319E-06
0.228068879409707,4.23473174435725E-06

0.239766828137829,4.2940008187015E-06

-0.150046002827497,-3.51487273682269E-06
-0.147917250440652,-3.4885745904758E-06
-0.145977450720747,-3.46679266739138E-06
-0.143984707420818,-3.43437076981085E-06
-0.1419774078074,-3.40854069901912E-06
-0.139966225954116,-3.37861325121232E-06
-0.137952168350369,-3.35108061066257E-06
-0.135947570836815,-3.32242131581822E-06
-0.133941448845381,-3.28904063813049E-06
-0.131936116152631,-3.26058591840952E-06
-0.129927887428469,-3.23075857768822E-06
-0.127926366821303,-3.19742811839023E-06
-0.12592109493746,-3.16734668850207E-06
-0.123919841461678,-3.13490108292614E-06
-0.121916663114815,-3.09964125437433E-06
-0.119913086866855,-3.06651625437907E-06
-0.117906106500374,-3.0350685725791E-06
-0.115905193058632,-2.99789678861078E-06
-0.113904860470838,-2.96643837676991E-06
-0.111903205583574,-2.93075932731843E-06
-0.109997849817956,-2.89674415353894E-06
-0.10799808285219,-2.86045690858477E-06
-0.105994249805126,-2.82272056860972E-06
-0.103992078359818,-2.7869606991714E-06
-0.101990207167284,-2.74735181719824E-06
-0.0999890231697161,-2.70930165349903E-06
-0.0979827711863917,-2.66917907831079E-06
-0.0959832343963729,-2.633455340337E-06
-0.09398418234694,-2.59044410626065E-06
-0.0919799821961818,-2.5504777161091E-06
-0.0899811952667364,-2.51038882215958E-06
-0.087978526578579,-2.46827885906758E-06
-0.0859768865710074,-2.4279120031088E-06
-0.0839775996690757,-2.38517206223137E-06
-0.0819733378516245,-2.34011404288099E-06
-0.0799703639201366,-2.30063870196156E-06
-0.0779688984719352,-2.25557206560906E-06
-0.0759677726785331,-2.21249301947254E-06
-0.0739703260538654,-2.16720625992762E-06
-0.0719697181554329,-2.1208095930444E-06
-0.0699657216775864,-2.07686190813591E-06
-0.0679633419007738,-2.03221442524567E-06
-0.0659591620437966,-1.98149720848551E-06
-0.0639587257604378,-1.93509709480145E-06
-0.0619552401492102,-1.89092472343593E-06
-0.0599569914398489,-1.84295269622511E-06
-0.0579532941119012,-1.795951767688E-06
-0.0559536178332673,-1.74654637335844E-06
-0.0539505782912983,-1.6969174914591E-06
-0.0519527669104256,-1.64698445186406E-06
-0.0499518336225643,-1.59928067567576E-06
-0.0479507977773794,-1.54837715183673E-06
-0.0459453582098213,-1.49446001508579E-06
-0.0439462824636915,-1.44488576497989E-06
-0.0419453808384269,-1.39448404289301E-06
-0.0399444832671595,-1.34257340880445E-06
-0.0379407980479968,-1.28839830148917E-06
-0.0359408924775165,-1.23675759311876E-06
-0.0339396331413801,-1.18540063888164E-06
-0.0319413074055954,-1.13161037437409E-06
-0.0299365943560637,-1.07786602724828E-06
-0.027936437509762,-1.020740529591E-06
-0.0259318441113625,-9.66324730673895E-07
-0.0239338745009161,-9.10905792821282E-07
-0.0219301955155898,-8.53788293989887E-07
-0.0199277886587863,-7.99435013296424E-07
-0.0179268184636157,-7.41793109941657E-07
-0.0159285327260952,-6.81381627175032E-07
-0.0139235508656572,-6.22884624981181E-07
-0.0119209785978147,-5.6256817276185E-07
-0.00992333464321981,-5.00080385869154E-07
-0.00793120494575531,-4.4163337540043E-07
-0.00591936945403354,-3.77386309509449E-07
-0.00391875677468727,-3.14671844882939E-07
-0.00193968218318964,-2.50715972782624E-07
8.83278079867453E-05,-1.81928818748136E-07
0.00200026476968331,-1.17069509236737E-07
0.00409129582974634,-4.22361924625782E-08
0.00609484142098165,3.28914856554431E-08
0.00809130599346632,1.09864113715156E-07
0.0100928874392052,1.91909439428818E-07
0.0120913852042544,2.76769369561205E-07
0.0140923793489121,3.61971557183182E-07
0.0160898742198224,4.45023443110013E-07
0.0180916577836201,5.24236400267753E-07
0.0200932061234472,6.01186296637822E-07
0.0220945582471656,6.71410812052533E-07
0.0240949343646203,7.44553885479453E-07
0.0260959333264522,8.12789227772359E-07
0.0280954197125416,8.78208368925412E-07
0.0300973152324477,9.39616160716734E-07
0.0320984453791265,1.00182995691419E-06
0.0340008295720925,1.06056326727836E-06
0.0360007053075426,1.12108653878814E-06
0.0380030195776886,1.17679880688597E-06
0.0400052072950474,1.23697483568944E-06
0.042004264063657,1.29285122395895E-06
0.044004787383787,1.35204631946674E-06
0.046005888664688,1.405906636455E-06
0.0480061321920479,1.45907569004014E-06
0.0500112454040522,1.5152390994107E-06
0.0520101522240824,1.56593122196208E-06
0.0540110948155827,1.61965073713569E-06
0.056012257870566,1.6730057306405E-06
0.0580127726821515,1.72423633340088E-06
0.0600124313552767,1.77739916026535E-06
0.0620164099872944,1.82817644127681E-06
0.064013924140084,1.87859659625518E-06
0.066015252312057,1.92839337482104E-06
0.068015197010854,1.97537395224705E-06
0.0700184908554942,2.02591686578693E-06
0.0720185861175646,2.0731750905143E-06
0.0740214022867877,2.12384008074856E-06
0.0760193805792072,2.16666099896678E-06
0.0780204928602851,2.21120647153801E-06
0.0800213308561419,2.25855047664823E-06
0.0820237632079176,2.30557702390729E-06
0.0840232200188973,2.35199165162014E-06
0.0860263677758018,2.39596080410349E-06
0.0880263266639394,2.43956139616659E-06
0.0900298031574479,2.4830045968127E-06
0.0920307305764434,2.52301450657148E-06
0.0940328964237083,2.56496087400497E-06
0.0960310143532565,2.61056308326489E-06
0.0980344307569341,2.65058328846795E-06
0.1000345161223,2.69231536979132E-06
0.102037397365863,2.73104320450944E-06
0.104036059946695,2.769982897591E-06
0.106036911593351,2.80925980768422E-06
0.108034944920123,2.84768296019346E-06
0.110036670999431,2.88199623728804E-06
0.11203630695463,2.92073205959248E-06
0.114040221911222,2.95896057275645E-06
0.116039623948282,2.99544280173598E-06
0.118040835527325,3.03162457458419E-06
0.120043329280735,3.06709456807119E-06
0.122042889202732,3.10021793458257E-06
0.1240436515969,3.13321513319683E-06
0.126045954661642,3.1681562825311E-06
0.128047035024567,3.2013869344654E-06
0.130048341606513,3.23265734579914E-06
0.132045591174161,3.26654776037403E-06
0.134050754461321,3.29228042157657E-06
0.136053625739288,3.32645560184587E-06
0.138052555093328,3.35745632349239E-06
0.140052975893025,3.38676820263991E-06
0.142055833973617,3.42013455362498E-06
0.14405454570143,3.44663087603455E-06
0.146055348381638,3.47525207623648E-06
0.148056149659383,3.4994099840481E-06
0.150057670312878,3.52471653074928E-06
0.152054853770052,3.55409226562903E-06
0.154055528316016,3.58010432750553E-06
0.156056680093572,3.6051957788477E-06
0.158059894601396,3.63037344516935E-06
0.16006054914467,3.65506553218196E-06
0.162061062230749,3.67859433889444E-06
0.164064616249598,3.70273101141561E-06
0.166063105148379,3.72135870709962E-06
0.16806335114803,3.74714398446641E-06
0.170063507260697,3.7693757300476E-06
0.172065229402097,3.79088163931454E-06
0.174066120625457,3.81308576553067E-06
0.176065933696166,3.83449390554225E-06
0.178067175948731,3.85401646565687E-06
0.180070240238626,3.87292690391305E-06
0.182072114427714,3.89648392943422E-06
0.184069821049725,3.91121013129396E-06
0.186072014368001,3.93048744403519E-06
0.188069835040572,3.94828742796077E-06
0.190074099564127,3.96384529790687E-06
0.192075174556595,3.98458687159272E-06
0.194076305377494,4.00079097173956E-06
0.196076943437514,4.01561387884223E-06
0.198079760016053,4.03531390424225E-06
0.200080291426354,4.04740552139465E-06
0.202080053062959,4.06585515234963E-06
0.204078451901662,4.0806524182512E-06
0.206080429355989,4.09145795907674E-06
0.208080855247027,4.10847848645576E-06
0.210082753950241,4.12174592726616E-06
0.212086747447666,4.13323423438142E-06
0.214090454535852,4.14875756138859E-06
0.216088604749784,4.16212038866594E-06
0.218088301898613,4.17297151717922E-06
0.220087019387052,4.18212839321477E-06
0.222088039528787,4.20189082069623E-06
0.224089727429839,4.20726995804406E-06
0.226091423864807,4.22091097212202E-06
0.228090164621547,4.23196011185097E-06
0.230090830527859,4.24098286237527E-06

0.23976716826784,4.29085895482587E-06

-0.152047832257486,-3.54277309107857E-06
-0.149914456264065,-3.51294738384116E-06
-0.147972641587551,-3.48776312363963E-06
-0.145978966888298,-3.46506841276019E-06
-0.143972393138656,-3.43331732256905E-06
-0.141963858109426,-3.40842998178145E-06
-0.139952443471933,-3.37898641985544E-06
-0.1379406753764,-3.35225279270054E-06
-0.13593733202788,-3.32456342761483E-06
-0.133931956104745,-3.29154703181846E-06
-0.131927755105698,-3.26216674116716E-06
-0.129920558496875,-3.23410381779997E-06
-0.127918449230711,-3.2004574816834E-06
-0.125913778989466,-3.16546560443229E-06
-0.123911817839957,-3.13567438018945E-06
-0.121907609642825,-3.10342937842287E-06
-0.119905725968108,-3.07051255021275E-06
-0.117901415518194,-3.03484279213746E-06
-0.115902293775039,-2.99990167277537E-06
-0.113997654677621,-2.96654675617745E-06
-0.111997380731426,-2.93146247469143E-06
-0.109990626328154,-2.89661244078827E-06
-0.107991521889332,-2.85835827143712E-06
-0.105987998901924,-2.82267366214601E-06
-0.103987164758125,-2.78631418423494E-06
-0.101983264277265,-2.75047547297374E-06
-0.0999836964962681,-2.70821758967404E-06
-0.0979766452062504,-2.67109725295491E-06
-0.0959766944245874,-2.63099550843266E-06
-0.0939777550233049,-2.59196547919671E-06
-0.09197529608173,-2.55097762212079E-06
-0.0899729096074119,-2.51023391843364E-06
-0.0879741941029588,-2.47162566522581E-06
-0.0859723400577937,-2.42996184554532E-06
-0.0839719360235904,-2.38632183257078E-06
-0.0819687552195377,-2.34341114017655E-06
-0.0799678898962329,-2.29795471560641E-06
-0.077966140136286,-2.25500270656028E-06
-0.0759638581510331,-2.21012214500226E-06
-0.0739621293588642,-2.1648034051399E-06
-0.071962027595742,-2.12110429451691E-06
-0.0699578691960502,-2.07592306702231E-06
-0.067959722414023,-2.03112040316345E-06
-0.0659553118026394,-1.98645201467676E-06
-0.0639535668066289,-1.93556361180318E-06
-0.0619506855215904,-1.8911161707439E-06
-0.0599526133547357,-1.8439668424442E-06
-0.0579502903804927,-1.7922488620439E-06
-0.055945975882967,-1.74699211963854E-06
-0.0539452559196094,-1.69528031350759E-06
-0.0519484238987838,-1.64934001804275E-06
-0.0499464543771428,-1.60016870644903E-06
-0.0479447490550458,-1.54522372619216E-06
-0.0459406857408073,-1.49826359728683E-06
-0.0439398956839375,-1.44690744855209E-06
-0.0419390132308288,-1.39250366098663E-06
-0.0399392786700809,-1.34222727506885E-06
-0.0379363778751903,-1.28830001521369E-06
-0.035936612702763,-1.23783081825368E-06
-0.0339365572684687,-1.18348939155792E-06
-0.0319356783831901,-1.13074526857298E-06
-0.0299328437085176,-1.07609757488926E-06
-0.0279317153168913,-1.02138121868472E-06
-0.0259265235634093,-9.6700943766236E-07
-0.0239273102327547,-9.10674194029952E-07
-0.0219245294147954,-8.52103921092422E-07
-0.0199236792863735,-7.95916859924299E-07
-0.0179240904147495,-7.3750885637626E-07
-0.0159228023018983,-6.81798690077645E-07
-0.0139174113741007,-6.22306064472746E-07
-0.0119168257581392,-5.62724324079834E-07
-0.0099167819155071,-5.03299267011125E-07
-0.00792488470626438,-4.40929733486437E-07
-0.00591351801500524,-3.79544711186587E-07
-0.00391419549605207,-3.14012404443299E-07
-0.00193525815578033,-2.50500570208757E-07
9.42072811219058E-05,-1.82083264929995E-07
0.00200543802285352,-1.12953629082874E-07
0.00409506989014459,-4.13063645312346E-08
0.00600010837650235,2.68666560109447E-08
0.00809547000466041,1.11405176501056E-07
0.010093868348313,1.91620397078789E-07
0.0120955245015736,2.77667108511323E-07
0.0140999395656772,3.61252417778202E-07
0.0160972604238024,4.45104800722857E-07
0.018097068932096,5.22669360966983E-07
0.0200966425496783,6.00561918030505E-07
0.022000441042271,6.72708536318346E-07
0.0240974847053171,7.44578312807203E-07
0.0260005986333603,8.0613929991013E-07
0.0280020014116424,8.74332557513985E-07
0.0300050182631029,9.37419192335324E-07
0.0320031598842219,9.97088608851547E-07
0.0340043680165465,1.06105736617992E-06
0.0360046583803284,1.1203207757819E-06
0.0380086468624739,1.18024274164418E-06
0.0400089545218677,1.23459653935777E-06
0.0420110600909064,1.29312577663259E-06
0.0440089414659073,1.34950788551697E-06
0.0460114920582788,1.40295953930642E-06
0.0480141825018486,1.46116105700453E-06
0.0500137133777457,1.51401822007119E-06
0.0520118732523695,1.56511463737595E-06
0.0540152766856545,1.62264949133872E-06
0.0560166932411011,1.67173065410417E-06
0.0580194299816332,1.72821672149934E-06
0.0600190371734003,1.77726881874198E-06
0.062022062285896,1.82683296822278E-06
0.0640193245347471,1.87846596999608E-06
0.0660203311520129,1.92906250376828E-06
0.0680215577842989,1.97736613569982E-06
0.0700240595314628,2.02502998144959E-06
0.072022176917139,2.07694521626798E-06
0.0740236690612915,2.12444445479813E-06
0.076024559662301,2.17115851209509E-06
0.0780263028481431,2.21857541704324E-06
0.0800265571288207,2.26188981973331E-06
0.082029341240534,2.30693033532982E-06
0.0840291968463483,2.35170648130128E-06
0.0860303227018903,2.39326871776635E-06
0.0880306693297496,2.4395821968604E-06
0.0900317487483601,2.48188530068861E-06
0.0920340166447358,2.52463674339062E-06
0.0940375853869934,2.56932338493571E-06
0.0960379460358574,2.60738306480248E-06
0.0980386618352352,2.64898448240153E-06
0.100038410905796,2.68765372150524E-06
0.102042301109958,2.72940254229186E-06
0.104041847872503,2.77019962643389E-06
0.106040602118963,2.80994225926604E-06
0.108040481810464,2.8472799092856E-06
0.110041857185748,2.88672386933122E-06
0.112040948397922,2.92159943953285E-06
0.114042689102512,2.95756307484565E-06
0.116045192525337,2.9990813645999E-06
0.118046117556001,3.03010140331726E-06
0.120046857567285,3.06418597768252E-06
0.122048588499189,3.09905958470627E-06
0.124049380043801,3.13473897883784E-06
0.126051486549669,3.16623206849245E-06
0.128050614141076,3.19974693163581E-06
0.130052856637364,3.23351565915467E-06
0.132051853807719,3.26460969918763E-06
0.134055433329124,3.29582903792445E-06
0.136058159155163,3.32784418303273E-06
0.138058325406385,3.35549434450532E-06
0.140058107495264,3.38560423297961E-06
0.142058473927431,3.41538198472697E-06
0.144059350381549,3.44762601239765E-06
0.146059659922095,3.47310005863396E-06
0.148060455579952,3.50389018074866E-06
0.150063001362148,3.52979882361363E-06
0.152063194108574,3.55378472107684E-06
0.154060847850839,3.58382783153122E-06
0.156059893915083,3.60878664098511E-06
0.158062272529912,3.63053620909983E-06
0.1600632885483,3.65563449409933E-06
0.162065541969461,3.68005746089616E-06
0.164067900029486,3.70603219242087E-06
0.166070523684507,3.72832499133534E-06
0.168067538570379,3.74908200069455E-06
0.170069790609707,3.77239969834813E-06
0.172070215793353,3.79052320199853E-06
0.174071463560609,3.81165684178779E-06
0.176070196784458,3.83552306033112E-06
0.178073740831589,3.85228347413483E-06
0.180075856293364,3.87299254299007E-06
0.182076622745232,3.89038166825456E-06
0.184074358876784,3.91261143567178E-06
0.18607622835589,3.9346827851248E-06
0.188075761409641,3.95075439324426E-06
0.190079164077364,3.96891428312274E-06
0.192078511971013,3.98185842899968E-06
0.194078844515778,3.99963488476294E-06
0.196082024369153,4.02060952213048E-06
0.198082143879968,4.03343302997774E-06
0.200083987818784,4.04592372672398E-06
0.202084242451915,4.06343816567843E-06
0.204086437822251,4.07964277535236E-06
0.206086770751162,4.09618143997282E-06
0.208085911405138,4.10857922295707E-06
0.210088626518875,4.12251396441165E-06
0.212092948746907,4.13510019748574E-06
0.214094330582521,4.14481792796364E-06
0.216089576922365,4.16163391019146E-06
0.21809152452587,4.17344175073143E-06
0.220092124461188,4.18803713900595E-06
0.22209344077202,4.19860646907076E-06
0.224094062883112,4.20969159040335E-06
0.22609528913206,4.2217094610037E-06
0.228093649962154,4.23384716038483E-06
0.230097115052672,4.24504115566594E-06
0.232097154700763,4.25508420419953E-06

0.239765817892396,4.29586609244564E-06

-0.154046766547589,-3.57078692001281E-06
-0.151932639436964,-3.54065802917558E-06
-0.149988463327316,-3.5185896469685E-06
-0.147994152437822,-3.49128326641529E-06
-0.145982995975632,-3.46531466420165E-06
-0.143973709036845,-3.43642396913167E-06
-0.141964500298917,-3.40920181040787E-06
-0.139955612524996,-3.38374041243207E-06
-0.13795093276573,-3.35251942522527E-06
-0.135946212815788,-3.32019402308239E-06
-0.133940737474776,-3.29339971724647E-06
-0.131934905824477,-3.26279555753057E-06
-0.129928656858336,-3.23337015874642E-06
-0.127926887181695,-3.20038407981143E-06
-0.125926405143352,-3.16987361313423E-06
-0.123923927916777,-3.13504662783847E-06
-0.121918718392179,-3.10357224082498E-06
-0.119916083635067,-3.07254300064797E-06
-0.117912753948963,-3.03643684761314E-06
-0.115911724530136,-3.00367806271494E-06
-0.113907685660661,-2.96870858966935E-06
-0.111907891837723,-2.93038494480197E-06
-0.109905190051606,-2.89488724203337E-06
-0.107904532028477,-2.85821791171215E-06
-0.105998241127024,-2.82552454109961E-06
-0.103996694894345,-2.78651021728665E-06
-0.101997646131686,-2.74925121427079E-06
-0.0999930622868404,-2.71093022194146E-06
-0.0979893032335992,-2.67276884646357E-06
-0.0959892002515656,-2.63431414823352E-06
-0.0939878439092528,-2.59219142448534E-06
-0.0919892992747882,-2.55077123368044E-06
-0.089986111965297,-2.5126590500451E-06
-0.0879854874684195,-2.4696036819318E-06
-0.0859815882287875,-2.42759024424963E-06
-0.0839829140405766,-2.38499803625377E-06
-0.0819818133553396,-2.34381659635196E-06
-0.0799807262542145,-2.30341079903664E-06
-0.0779769234274422,-2.25564328700484E-06
-0.0759753268188346,-2.21139767861435E-06
-0.0739729337747356,-2.16722256479424E-06
-0.0719732767766339,-2.12115616886967E-06
-0.0699723117269118,-2.07963021373006E-06
-0.0679720392362325,-2.02990661973785E-06
-0.0659690340824342,-1.98398854864543E-06
-0.0639656161742087,-1.93908457132078E-06
-0.0619621519445316,-1.89261179757623E-06
-0.0599641669503121,-1.842830664489E-06
-0.0579616892546503,-1.79646822583681E-06
-0.0559611410658946,-1.74542413996058E-06
-0.0539599140099278,-1.69665798482047E-06
-0.0519587922236909,-1.64790845674792E-06
-0.0499577310510005,-1.59885863739105E-06
-0.0479559562221962,-1.54851739916601E-06
-0.0459526812998991,-1.49645044516595E-06
-0.0439522520863725,-1.44962144455375E-06
-0.0419522593103603,-1.39620057219448E-06
-0.0399508699868896,-1.34052525230313E-06
-0.0379471325630903,-1.29006512942102E-06
-0.0359487673573352,-1.23481905612398E-06
-0.0339453925459881,-1.18405896041197E-06
-0.0319468047945849,-1.13024981717673E-06
-0.0299460427346575,-1.07616008936638E-06
-0.0279455854379348,-1.02307250016997E-06
-0.0259410472714609,-9.69534061929603E-07
-0.0239395679237257,-9.10269592061708E-07
-0.0219360203888312,-8.55122228397218E-07
-0.0199342586858275,-7.99233086964568E-07
-0.0179363551576676,-7.38950016262145E-07
-0.0159336571671075,-6.78832864062284E-07
-0.0139329544693325,-6.23581086684495E-07
-0.0119295478965726,-5.63040253349739E-07
-0.00992841701306285,-5.03312235599316E-07
-0.00794010849107061,-4.41463438752315E-07
-0.00592568704859513,-3.79890076885039E-07
-0.00392480732619067,-3.15442600130618E-07
-0.0019461509030395,-2.50715719892344E-07
8.58905582988758E-05,-1.83290835216072E-07
0.00208924176322353,-1.15443000679297E-07
0.00408286687575386,-4.2017177450584E-08
0.00608576026502149,3.32466913834584E-08
0.0080831982671072,1.11791953685268E-07
0.0100840736035862,1.91151957642611E-07
0.0120848413753933,2.76318535503326E-07
0.0140850761154528,3.58802961868366E-07
0.0160843358397518,4.43828924303941E-07
0.0180874368314225,5.26116796850622E-07
0.0200855343371731,6.01257476821857E-07
0.0220858881771852,6.74032673568918E-07
0.0240868854533104,7.42638524473852E-07
0.0260885637536306,8.12099845123613E-07
0.0280882217031458,8.74342017483704E-07
0.0300903723750615,9.38538623334226E-07
0.0320932081334047,1.0016974798729E-06
0.0340945667550743,1.06088725157198E-06
0.0360911034760383,1.12006921926436E-06
0.0380952160413922,1.17853458582086E-06
0.0400982394523796,1.24172911674831E-06
0.0420981723018788,1.29401065283378E-06
0.0440961295460726,1.3501113604011E-06
0.0460993664303206,1.40893907938979E-06
0.0480988761444054,1.46101044679356E-06
0.050002383267516,1.51202556455657E-06
0.0520010691587052,1.56424639573537E-06
0.0540028011752696,1.62065024194422E-06
0.0560057932344999,1.67319897627935E-06
0.0580059170311123,1.72623842265956E-06
0.0600062328829282,1.77836735163748E-06
0.062006306951693,1.8289603337062E-06
0.0640063288088717,1.87737652616456E-06
0.066007492091476,1.92966283157338E-06
0.0680091240835533,1.97730175545441E-06
0.0700108079467508,2.02254939380971E-06
0.0720110166707698,2.07349314031603E-06
0.0740128616060546,2.12098994360644E-06
0.0760117018745241,2.16703418259599E-06
0.0780131813473079,2.21798840437968E-06
0.0800117455906403,2.26174803632973E-06
0.0820152455492884,2.3049678692948E-06
0.084016416502984,2.34971253698287E-06
0.0860179361028097,2.39669609664092E-06
0.0880205843716698,2.44020864542149E-06
0.0900210084079094,2.48226935672659E-06
0.0920236549587584,2.5213895497769E-06
0.0940242075851878,2.56734439673576E-06
0.0960234141324103,2.61068727299806E-06
0.0980272327149157,2.64997629185252E-06
0.100027930695691,2.68911717320096E-06
0.102027680065046,2.73091730636195E-06
0.104028418377146,2.77096910224408E-06
0.106029389725613,2.80743618028597E-06
0.108027643384281,2.84885812446347E-06
0.110029808870136,2.88468943259589E-06
0.11202965036946,2.9229071407885E-06
0.114031001647456,2.95901273933798E-06
0.116032240445712,2.99111732143522E-06
0.118032661918091,3.03080311202556E-06
0.120034147934647,3.0666654563517E-06
0.122035176438384,3.10032466552014E-06
0.124036027984674,3.13577441279868E-06
0.126039694569073,3.16787586280298E-06
0.128040313681075,3.20044886513547E-06
0.130041330088748,3.23260995978053E-06
0.132040390314927,3.26392461005385E-06
0.134038967870458,3.29616962680651E-06
0.136045725287707,3.32608649443332E-06
0.138048259888607,3.35819946874132E-06
0.140045026581433,3.38683393163347E-06
0.14204628764615,3.4155719034537E-06
0.144047972292816,3.44587340408296E-06
0.146047459419228,3.47017180649436E-06
0.148047475304181,3.50214558999247E-06
0.150048329670105,3.52584460872248E-06
0.152046513332512,3.55336906686674E-06
0.154048823847627,3.58194369029896E-06
0.156051822384034,3.60519084842388E-06
0.15805318817018,3.63194873805954E-06
0.160050746876968,3.65689020860655E-06
0.162052410106127,3.67767191504314E-06
0.16405531284001,3.70326859245918E-06
0.166059249368555,3.72631089072501E-06
0.168055101409274,3.74877635937587E-06
0.170055777022631,3.77117582928353E-06
0.172059274180536,3.79395543636647E-06
0.174058713711117,3.81517425709495E-06
0.176057571508752,3.83558086168273E-06
0.178060326434726,3.85331514658692E-06
0.180063613319932,3.87407513817817E-06
0.18206550032113,3.89203533839882E-06
0.184063281076379,3.91117567827157E-06
0.186063048735553,3.93149636760169E-06
0.188062669036984,3.95126709737736E-06
0.190065789030816,3.96580688725559E-06
0.192066493350432,3.98262262970596E-06
0.194069619953339,4.0026282214942E-06
0.196069595977166,4.01667561339215E-06
0.198072151576146,4.0336853507859E-06
0.200070937580837,4.04888542781789E-06
0.202072757690768,4.06203420876257E-06
0.204071033045225,4.08005396370744E-06
0.206072255187039,4.09475059801034E-06
0.208072179801674,4.10606382262862E-06
0.210076103676494,4.12479032160824E-06
0.212080205881857,4.13433942859421E-06
0.214081596257523,4.14775413771737E-06
0.216078511092743,4.16110852782567E-06
0.218079000621485,4.1747029951061E-06
0.220080359312801,4.18518960195056E-06
0.222081035697792,4.20023307433532E-06
0.224079974028464,4.20877898244142E-06
0.226080806818005,4.2215441644239E-06
0.228083350813138,4.23276616870843E-06
0.230083848145801,4.24427779418073E-06
0.232082815022259,4.25531839183802E-06
0.23408668734133,4.26290944619267E-06

0.239768531845954,4.29550858426725E-06

-0.156046715505941,-3.59428524501692E-06
-0.153927487115821,-3.56962551297401E-06
-0.151986722890815,-3.54745937649767E-06
-0.149991946971258,-3.51961046949097E-06
-0.147985136132658,-3.49027001186859E-06
-0.145972496512625,-3.46677435438861E-06
-0.143961173785899,-3.43777659868708E-06
-0.141955181741683,-3.4120539182209E-06
-0.139945827991503,-3.38376663809069E-06
-0.137942106905415,-3.35503600945488E-06
-0.135937256939992,-3.32630236861485E-06
-0.133933539011886,-3.29434421560929E-06
-0.131929931102796,-3.26185435610769E-06
-0.129924911780926,-3.23363764547832E-06
-0.127921824743844,-3.20049245921896E-06
-0.125919144983114,-3.17408193217833E-06
-0.123916175307593,-3.13723593083452E-06
-0.121913389611171,-3.10258831405768E-06
-0.119910885650593,-3.07263489535579E-06
-0.117908120142047,-3.03697432375408E-06
-0.115907120666048,-3.00335111117537E-06
-0.113903793838909,-2.96843292053195E-06
-0.111903712469748,-2.93146055647183E-06
-0.109902102332709,-2.89951470704669E-06
-0.107900412447703,-2.85989455553337E-06
-0.10599326477888,-2.82413390681833E-06
-0.103991683787576,-2.78809193920973E-06
-0.101993377888365,-2.75069038849966E-06
-0.0999903506478264,-2.71394878026327E-06
-0.0979838063448518,-2.67128156688373E-06
-0.0959836166692783,-2.63381809364713E-06
-0.0939848272707092,-2.59429542665344E-06
-0.0919840670701641,-2.55127843791828E-06
-0.0899824461748564,-2.51172576877113E-06
-0.0879814723434385,-2.46888288094402E-06
-0.0859795621916687,-2.43118537742287E-06
-0.0839795073355114,-2.38624637011134E-06
-0.0819756810247471,-2.3446931477798E-06
-0.0799716815649054,-2.30207161200454E-06
-0.0779715425800938,-2.2540341105637E-06
-0.0759722242605598,-2.21489337907617E-06
-0.0739701685890094,-2.16864499955987E-06
-0.0719696152438405,-2.12228075508376E-06
-0.0699689575357511,-2.07914741434084E-06
-0.0679681471225765,-2.03329155051068E-06
-0.0659658458178513,-1.98449343753227E-06
-0.0639636621945986,-1.93770116033519E-06
-0.0619596163121875,-1.8905414017164E-06
-0.0599595658964512,-1.84372220950053E-06
-0.0579546782737773,-1.79305358513929E-06
-0.0559536096996039,-1.7458323086184E-06
-0.0539516391493157,-1.69827870804445E-06
-0.0519564814015981,-1.64603949642547E-06
-0.0499559559020168,-1.5971038860654E-06
-0.0479534784819999,-1.55025726181061E-06
-0.0459506315818017,-1.49682162065901E-06
-0.0439510249396611,-1.44790206040202E-06
-0.041946854572602,-1.39823774389135E-06
-0.0399476997951675,-1.34230916656118E-06
-0.0379469089119369,-1.28995712466575E-06
-0.0359427801327278,-1.23733951425802E-06
-0.0339414012291106,-1.18446475752094E-06
-0.0319412166099132,-1.13148479468102E-06
-0.0299409848424595,-1.07784729088845E-06
-0.0279421680430514,-1.02269785914345E-06
-0.0259379312742051,-9.6576724810195E-07
-0.0239351013368523,-9.09640715753937E-07
-0.0219329671817665,-8.54258890954803E-07
-0.0199313599441027,-7.96494663635157E-07
-0.0179308122199796,-7.37551810258567E-07
-0.0159304516288455,-6.80633810012344E-07
-0.0139256624605774,-6.21007647100241E-07
-0.0119265757832609,-5.63390794869247E-07
-0.00992402794304125,-4.99962449082311E-07
-0.00793593341948405,-4.41812107010492E-07
-0.00592065549315934,-3.80677213803053E-07
-0.00392068282743878,-3.15085067599825E-07
-0.00194659193844263,-2.49756617584194E-07
8.96547701888133E-05,-1.83998329491991E-07
0.00209192783839868,-1.14284530914268E-07
0.00408599475680241,-4.50449990167483E-08
0.00608974430145959,3.16153698981231E-08
0.0080877773037946,1.10904136463786E-07
0.0100873617782398,1.91829086820678E-07
0.0120915816903548,2.75416844908431E-07
0.0140898142574388,3.6118110084609E-07
0.016087054900962,4.445267740939E-07
0.0180888607727315,5.2489935681891E-07
0.0200870414637191,6.01364747258685E-07
0.0220890744949502,6.73406037681697E-07
0.0240902690085381,7.43708415203609E-07
0.0260916260534709,8.1259212696169E-07
0.0280932645288013,8.77889753398759E-07
0.0300956468862602,9.3949382925881E-07
0.0320951981901982,1.00483713330016E-06
0.0340985507566464,1.0625530829288E-06
0.0360969706504998,1.1222519583527E-06
0.0380974212328835,1.17959543993796E-06
0.0400984053774571,1.23949288106289E-06
0.0421001161315536,1.29550280289309E-06
0.0440021522370383,1.35046345860077E-06
0.0460036392598368,1.40429360858857E-06
0.0480037747139246,1.45854880906529E-06
0.0500075154064197,1.51038644590633E-06
0.0520032209818068,1.56737425510929E-06
0.0540073461264058,1.6206863958879E-06
0.0560100101386989,1.67358742324188E-06
0.0580113517052168,1.72437368841467E-06
0.0600110964224481,1.77805839839277E-06
0.0620113332485519,1.82931097076203E-06
0.0640107968599577,1.87686015793229E-06
0.0660109553583784,1.92864291570939E-06
0.068010362722822,1.97791942216638E-06
0.0700148368190253,2.02544711928266E-06
0.0720152951714976,2.07392864360318E-06
0.0740146365637733,2.12146356401515E-06
0.0760150488001252,2.16789178411222E-06
0.0780170282453369,2.21627416795008E-06
0.0800187873211935,2.26194921710358E-06
0.0820194420249464,2.30661190338278E-06
0.0840207376292196,2.34948157135387E-06
0.0860228026982294,2.39831235400989E-06
0.0880230177961359,2.43820442813794E-06
0.090023753841109,2.48304645296387E-06
0.0920276175096973,2.52163418272056E-06
0.0940294474329137,2.56936035562133E-06
0.0960281538399459,2.61103677860405E-06
0.0980300442345272,2.6502061634969E-06
0.100030930707815,2.69078034452669E-06
0.102032501219381,2.72582952858842E-06
0.10403089363361,2.7701095900013E-06
0.106031145106694,2.80908234239881E-06
0.108031581755065,2.84583755800551E-06
0.110032258988867,2.88688401069584E-06
0.112033284482492,2.92123545736329E-06
0.114037077549498,2.95968425107363E-06
0.116036165846858,2.99339558186532E-06
0.118038169307547,3.02698389183892E-06
0.120036539739053,3.06610403243792E-06
0.122036580240868,3.10143909116477E-06
0.124042005279154,3.13080069416104E-06
0.126043857145233,3.1654032777355E-06
0.128043242186669,3.19919310566998E-06
0.130042679848997,3.23221171940776E-06
0.132041626507512,3.26474337511617E-06
0.134043456618771,3.2949278493636E-06
0.136048019357078,3.32907302747943E-06
0.138048513489106,3.35954955066132E-06
0.140048685696877,3.38461425183169E-06
0.142054698375446,3.40830765077771E-06
0.144054200656227,3.4416526765558E-06
0.146053078781353,3.475197272103E-06
0.148052371441842,3.49999079996317E-06
0.150051535068541,3.52742163999919E-06
0.152051605969599,3.55458012282384E-06
0.154052497952939,3.58181080863322E-06
0.156050784654447,3.60848399688456E-06
0.158052846073098,3.6322029920734E-06
0.160053391561518,3.65463866837606E-06
0.162056929564261,3.6786046493248E-06
0.164059152997891,3.70326778321029E-06
0.166062134226238,3.72541592139177E-06
0.168061385701009,3.74803150571261E-06
0.170061593949511,3.77096082384107E-06
0.172059523861874,3.79351854686593E-06
0.174060806783301,3.81391825785201E-06
0.176060344941326,3.83183203116385E-06
0.178064912207799,3.85170988151545E-06
0.180066613595485,3.87437937080433E-06
0.182066313620148,3.89287361535116E-06
0.184065223870906,3.90885229472254E-06
0.186067004886967,3.93270911698703E-06
0.18806616499062,3.94940891205409E-06
0.190068832431833,3.96654667562021E-06
0.192068774047856,3.98299620297353E-06
0.194070352553565,4.00057551671438E-06
0.196073530164129,4.01499523803436E-06
0.198076605431905,4.03416495064477E-06
0.200075701653022,4.04813798156095E-06
0.202075845545842,4.06197095247396E-06
0.204075019448379,4.07873470817589E-06
0.206079052435102,4.0952992537749E-06
0.208077371573532,4.10687881119609E-06
0.210079742392954,4.12258421920458E-06
0.212082541037391,4.13564720478033E-06
0.214084914566066,4.15063997922044E-06
0.216084307371082,4.15970328210602E-06
0.218083146596299,4.17301188970741E-06
0.220081984284686,4.18679029626439E-06
0.222084419211627,4.1990592138552E-06
0.22408423892532,4.21059288386684E-06
0.226084904338466,4.22167779539417E-06
0.228086255145517,4.23482642647794E-06
0.23008677861465,4.24107337836276E-06
0.232086531024278,4.25513190492605E-06
0.234088209469651,4.26407302621461E-06
0.236090398499957,4.27106005119978E-06

0.239764013478703,4.29274051845054E-06

-0.158046946393977,-3.62051739262062E-06
-0.155937041182017,-3.59335267558226E-06
-0.15399828705991,-3.57175527623193E-06
-0.151905048868601,-3.54490241973986E-06
-0.149996731531869,-3.52015167716848E-06
-0.147985604209998,-3.49590957749963E-06
-0.145974749559563,-3.46532319128722E-06
-0.14396498963834,-3.44076296688619E-06
-0.141958398300766,-3.40927013199511E-06
-0.139950257484958,-3.38307520984058E-06
-0.137945128082336,-3.35383186208557E-06
-0.135941951651174,-3.32299077227659E-06
-0.133940132901129,-3.29490196793086E-06
-0.13193688141193,-3.2663086868158E-06
-0.129932936577924,-3.23218179173056E-06
-0.127930579573507,-3.2034225696338E-06
-0.125926299097582,-3.17307399769382E-06
-0.123923907131966,-3.13855343299346E-06
-0.121921157739566,-3.10718920873229E-06
-0.119917630374766,-3.07338163726648E-06
-0.11791807869241,-3.04006689837758E-06
-0.115917847565953,-3.00297794253225E-06
-0.113915240827946,-2.96891533777587E-06
-0.111912751648968,-2.93408812768875E-06
-0.10990909102286,-2.89756690490137E-06
-0.107905690677024,-2.86442868717416E-06
-0.105904232277014,-2.82345464727381E-06
-0.103900467922464,-2.78539929838724E-06
-0.101901126116445,-2.74771400103692E-06
-0.099997342168911,-2.71130249141914E-06
-0.0979930440955204,-2.67328949322472E-06
-0.0959946076936594,-2.63389608126284E-06
-0.0939941133087693,-2.59219031551463E-06
-0.0919936764338193,-2.55569761125774E-06
-0.0899914421857162,-2.51294251944267E-06
-0.0879908798535766,-2.47273820262301E-06
-0.0859898694333849,-2.42895281707619E-06
-0.083987009343389,-2.38720211553519E-06
-0.0819852322788307,-2.34404418261752E-06
-0.0799842942298748,-2.29965449795158E-06
-0.0779820797476228,-2.25916785067724E-06
-0.0759804523606262,-2.21304058874552E-06
-0.073978284530276,-2.16756839131498E-06
-0.0719785990669542,-2.12498597672935E-06
-0.069978638711814,-2.079068909705E-06
-0.067976367300462,-2.03588834029742E-06
-0.0659731727172697,-1.98445945657173E-06
-0.0639748035497689,-1.93540087035184E-06
-0.0619705018291188,-1.89120024271241E-06
-0.0599689407904871,-1.84310389838666E-06
-0.0579672744279166,-1.79550878634162E-06
-0.0559633157578794,-1.74876224669319E-06
-0.0539632157452611,-1.6983623079511E-06
-0.0519640265524351,-1.65100318187543E-06
-0.0499635177782896,-1.59810593850934E-06
-0.0479607999153485,-1.55088140251374E-06
-0.0459609848704712,-1.49787727085613E-06
-0.0439578201770881,-1.44674371052571E-06
-0.0419567866774584,-1.39524681242764E-06
-0.0399573937243964,-1.34148739678768E-06
-0.0379541243372656,-1.28972075280455E-06
-0.0359531857491739,-1.23862169420131E-06
-0.0339526463313342,-1.18408009829282E-06
-0.0319505328959402,-1.13413051030719E-06
-0.0299498949249317,-1.07620729180538E-06
-0.0279503048427085,-1.02123764444331E-06
-0.0259471988204845,-9.66796859966579E-07
-0.0239462780944226,-9.09709284611677E-07
-0.0219439914188063,-8.5500000558845E-07
-0.0199416461277493,-7.96753233643123E-07
-0.017939919067451,-7.39611033987825E-07
-0.0159371217040662,-6.84461699652415E-07
-0.0139348987828732,-6.24923947182065E-07
-0.0119371706477066,-5.6327702046908E-07
-0.0099377789664647,-5.01404592430396E-07
-0.00794523670618009,-4.42767374752699E-07
-0.00593115755119766,-3.78193569000675E-07
-0.00393365960749891,-3.13663245390653E-07
-0.00195296156805432,-2.51480391723853E-07
8.18718316798687E-05,-1.82608058623408E-07
0.00208311775783812,-1.15037267729525E-07
0.00407963130066353,-4.65980866805638E-08
0.00608060658350717,3.29173377447827E-08
0.00807899483027766,1.06356743069407E-07
0.0100754283406111,1.93243437995349E-07
0.0120792011340094,2.77689530512818E-07
0.0140770582132514,3.60988355368015E-07
0.0160754835978246,4.44366276809629E-07
0.0180792737356703,5.2466971558567E-07
0.020081736378009,5.99609698084483E-07
0.0220811630862124,6.73290262638429E-07
0.0240812976425096,7.427882879707E-07
0.0260823297497308,8.10739587648067E-07
0.0280812150188121,8.74719622009653E-07
0.0300835756509101,9.40738809978602E-07
0.0320860404223241,1.00172536149454E-06
0.0340866617712467,1.06274890242872E-06
0.0360901287077532,1.12342244696243E-06
0.0380933548919878,1.17978618289967E-06
0.0400916838512973,1.23712148582596E-06
0.0420916671022057,1.29523608794485E-06
0.0440905896452511,1.34957664170084E-06
0.0460920173186836,1.40492904880404E-06
0.048092656800848,1.45943935000874E-06
0.0500941627733141,1.51236235446465E-06
0.0520930978330703,1.57105955958993E-06
0.0540969467940399,1.62522295527537E-06
0.0560980201782301,1.67767103553269E-06
0.0580000814061701,1.72386337456303E-06
0.0600987352327697,1.7788070660161E-06
0.062003133888717,1.82803025196258E-06
0.0640038367880198,1.87645607298418E-06
0.0660026105330464,1.92863408890201E-06
0.0680024442660894,1.97862497480693E-06
0.0700043855891042,2.02356026556798E-06
0.0720055788698317,2.07653433512776E-06
0.0740097339345494,2.12181562474959E-06
0.0760084893121454,2.16790566123215E-06
0.0780049240777876,2.2165464352449E-06
0.0800061526394749,2.25902929723038E-06
0.0820077406935865,2.30490990309619E-06
0.0840097772840416,2.35011472619052E-06
0.0860116479366755,2.3927958841274E-06
0.0880120989909341,2.43788165771765E-06
0.0900134742354141,2.48247684664459E-06
0.0920157391639987,2.52522045162119E-06
0.0940199941089209,2.56406614444918E-06
0.0960180939505854,2.60772614137559E-06
0.0980204118338864,2.64856559119586E-06
0.100022171428861,2.68782839937778E-06
0.102021332724328,2.73079513975102E-06
0.104021219447665,2.76895260385924E-06
0.106022357750241,2.80867771795143E-06
0.108023456814153,2.84965593897107E-06
0.11002295619788,2.88197825397927E-06
0.112023487705228,2.92052450223706E-06
0.114026851407199,2.95910920480345E-06
0.116024768808742,2.99207945842672E-06
0.118027585030647,3.03023642799396E-06
0.12002905397981,3.06281209785058E-06
0.122031250561795,3.10243316351543E-06
0.124029862334652,3.1356255859325E-06
0.126032120478351,3.16758423347905E-06
0.128033896380901,3.20096657462285E-06
0.13003274771606,3.22916846400857E-06
0.132033787447551,3.26396150580901E-06
0.134037016937046,3.29751606710649E-06
0.136040527313952,3.32667603225315E-06
0.138039582762984,3.35877060364184E-06
0.140034500219284,3.38497679533654E-06
0.142041441790748,3.41373173141138E-06
0.144040125782988,3.44347528489989E-06
0.146041123379195,3.47319590966971E-06
0.148042553219019,3.50060614383109E-06
0.150043971855169,3.52723146650892E-06
0.152042046578625,3.55090354024795E-06
0.154043053457218,3.57766474180965E-06
0.156044472806975,3.60258661055009E-06
0.158043354860163,3.63146548159455E-06
0.16004616556589,3.65278577314279E-06
0.162048695117155,3.67981509085218E-06
0.16404993941778,3.70153868807182E-06
0.166051854141131,3.72361092170419E-06
0.168052161567359,3.7488479029726E-06
0.170050427730627,3.76935247163492E-06
0.172051912137709,3.79270875847191E-06
0.174051830896061,3.81170652067828E-06
0.176052277797721,3.83340551073707E-06
0.178054537452089,3.8536573090085E-06
0.180054652172617,3.87331718667169E-06
0.182055814163641,3.89206100957209E-06
0.184055371136482,3.91673583260828E-06
0.186056649369085,3.93331579889456E-06
0.188057465616208,3.94575874995601E-06
0.190060672164003,3.96737867340057E-06
0.192060062289062,3.98289873343998E-06
0.194059872177405,4.00183283473329E-06
0.196063123056212,4.01596428361366E-06
0.198065831549114,4.03236040053992E-06
0.200066436970184,4.04918684305901E-06
0.202065523805424,4.06170704741773E-06
0.204064976171335,4.08031389744965E-06
0.20606808437302,4.09436698406204E-06
0.208067783343947,4.1082980689105E-06
0.21006881802241,4.11913466091586E-06
0.212071058733941,4.13406771578475E-06
0.214073480675204,4.14883743725173E-06
0.216073851275208,4.15776451657335E-06
0.21807288218307,4.17298801686501E-06
0.220073739927746,4.18689056819689E-06
0.222075651773213,4.20084524115202E-06
0.22407816677554,4.20924389593146E-06
0.226076599446022,4.2189276079836E-06
0.228074781612981,4.22993827841787E-06
0.230076610690223,4.24376296202276E-06
0.232079382722765,4.25368056199157E-06
0.234078485826354,4.26459879821876E-06
0.236079798093062,4.27207471443899E-06
0.238081252026004,4.28242427348452E-06

0.239765401110336,4.29438861376908E-06

-0.160044768073348,-3.64189331253732E-06
-0.157924113920019,-3.61963941751417E-06
-0.155983918483873,-3.59596173897723E-06
-0.153991810772219,-3.57133113989453E-06
-0.15198241419368,-3.54663090044862E-06
-0.149973226183034,-3.52308590875824E-06
-0.147960964091575,-3.49368607624473E-06
-0.145951221103743,-3.46803321597487E-06
-0.143942684963207,-3.43950203721943E-06
-0.141938871164638,-3.41184878861217E-06
-0.139932639538947,-3.38439038915547E-06
-0.13792718169086,-3.35409823984676E-06
-0.135925783070476,-3.32480912457093E-06
-0.133923309771637,-3.29610926237921E-06
-0.131918400020611,-3.26691367529509E-06
-0.129912842317773,-3.23476555860453E-06
-0.127912927050581,-3.20354268315031E-06
-0.125910144108562,-3.16903091528515E-06
-0.123906335543354,-3.13923720335126E-06
-0.121906909717771,-3.10744854303088E-06
-0.119904272759073,-3.07320033554187E-06
-0.117900100142267,-3.03702987719209E-06
-0.115999915104189,-3.00556388238936E-06
-0.113999909405974,-2.97079564256893E-06
-0.111996890150717,-2.93544441385028E-06
-0.109994578990346,-2.89975178700067E-06
-0.107991385166886,-2.86241758378196E-06
-0.105990249387942,-2.82547988254949E-06
-0.103984806642561,-2.78734148074857E-06
-0.10198428768396,-2.75130947889024E-06
-0.0999816783144468,-2.71255624274848E-06
-0.0979777754875444,-2.66982268594566E-06
-0.0959789999797107,-2.63313328924907E-06
-0.0939792391309527,-2.59152767554464E-06
-0.0919757270637752,-2.55094117594834E-06
-0.0899757700148954,-2.50891535226226E-06
-0.0879752532276789,-2.46699275276854E-06
-0.0859732057800608,-2.42802406160159E-06
-0.0839701265633972,-2.38306115147548E-06
-0.0819692816986583,-2.34233409733503E-06
-0.0799689710090779,-2.29967798115562E-06
-0.0779670628545934,-2.25690338494357E-06
-0.0759651650231231,-2.21291111641541E-06
-0.0739657792400434,-2.16485259698244E-06
-0.0719639579965266,-2.12094128331594E-06
-0.0699630145891993,-2.07450896452308E-06
-0.0679592740610578,-2.02793053883949E-06
-0.0659594081547793,-1.98467772148891E-06
-0.063955120024301,-1.93762164413824E-06
-0.0619551297597845,-1.8879334922504E-06
-0.0599541983852814,-1.84154237771377E-06
-0.0579507366843591,-1.79103634494297E-06
-0.0559485295434027,-1.7432843135428E-06
-0.0539508005256626,-1.69480131309235E-06
-0.0519514415184876,-1.64663068271528E-06
-0.0499523117089843,-1.59535775174187E-06
-0.0479467580724085,-1.54539350361307E-06
-0.0459412190195752,-1.49678883858573E-06
-0.0439437367777113,-1.44415933671507E-06
-0.0419428692077633,-1.3926717299932E-06
-0.0399413666926428,-1.34181386127931E-06
-0.0379424094295697,-1.28670706121567E-06
-0.0359394444727717,-1.23502772619662E-06
-0.033938059910358,-1.18372039839867E-06
-0.0319342030689715,-1.12801790872499E-06
-0.0299354628971759,-1.07792428567565E-06
-0.0279331921323077,-1.02080262820411E-06
-0.0259320234656912,-9.64560365771097E-07
-0.0239316276879012,-9.10414975873566E-07
-0.0219287509579698,-8.52918205313638E-07
-0.0199256060871738,-7.98500402006908E-07
-0.0179256455486558,-7.40733376034835E-07
-0.0159248768880062,-6.78887578279224E-07
-0.0139212548761648,-6.21182828880082E-07
-0.0119202425834332,-5.60552107100384E-07
-0.00992118906570987,-5.01612425155226E-07
-0.00792736857745638,-4.40639207513435E-07
-0.00591345947888496,-3.77330111669535E-07
-0.0039150164121393,-3.15003274453722E-07
-0.00193874346570953,-2.50865315732303E-07
9.95346532944867E-05,-1.83534175609421E-07
0.00209662557114198,-1.13297264590329E-07
0.00409332243662731,-4.07040946663595E-08
0.00609543718427087,3.1754148832004E-08
0.00809250166001458,1.10078606820647E-07
0.0100925533511458,1.92397940557215E-07
0.0120956146352513,2.77865586169069E-07
0.01409506916852,3.62096612363081E-07
0.0160937025313091,4.42223481272635E-07
0.0180941015436764,5.25166877269513E-07
0.0200948853097922,6.00711951276984E-07
0.0220950707693202,6.74758779632785E-07
0.024096197924673,7.46502335773196E-07
0.0260968356785356,8.0959158192083E-07
0.0280977061960771,8.77267182488626E-07
0.0300977809042225,9.36888621035653E-07
0.0320001904123586,9.96999666403577E-07
0.0340996099545358,1.06117314496971E-06
0.0360011527288189,1.11794525937004E-06
0.0380028997340531,1.17754684884001E-06
0.040006658268776,1.23357079390452E-06
0.0420067402329529,1.291704173595E-06
0.0440080598436679,1.34828218065626E-06
0.0460067337120602,1.40423103416708E-06
0.0480107740240304,1.45903802999435E-06
0.0500122213271756,1.51106557057603E-06
0.0520112636999747,1.56596090940764E-06
0.0540104101148448,1.61882772351668E-06
0.0560154341651597,1.67306927915787E-06
0.0580152529779912,1.72461374310765E-06
0.0600184949071104,1.77696114680802E-06
0.0620152104509957,1.82562394288097E-06
0.0640160084569677,1.88138840753251E-06
0.0660169458691507,1.92881786333157E-06
0.0680164028726045,1.97742152429084E-06
0.0700176654379907,2.02486576386832E-06
0.0720200619995594,2.07214071307284E-06
0.0740203262638535,2.12146256744012E-06
0.0760223949742298,2.16897937716154E-06
0.0780220812856331,2.21197611968825E-06
0.0800215442143357,2.26132094773248E-06
0.0820240972213625,2.30793336186965E-06
0.0840255902094148,2.35040653534753E-06
0.0860281693323026,2.39424694232616E-06
0.0880262992446628,2.43702797506414E-06
0.0900287873144433,2.48142549745548E-06
0.0920354062615957,2.52295387284874E-06
0.0940359469977861,2.56894591528458E-06
0.0960339584869082,2.60941006843686E-06
0.0980354257270011,2.65206467851417E-06
0.100036681673518,2.69100621488487E-06
0.102035488389345,2.73017197314378E-06
0.104036486540511,2.7706674622116E-06
0.106036931123816,2.80832229283964E-06
0.108038275060578,2.84376315336643E-06
0.110037748736624,2.88595533764474E-06
0.112037741304518,2.92127359696398E-06
0.114040751431457,2.95595022681231E-06
0.116041120676399,2.99403745111368E-06
0.118042060509321,3.03162393018229E-06
0.120044356500251,3.06646231989303E-06
0.122044027004247,3.10105129609718E-06
0.124044356401072,3.13421759775825E-06
0.126047299187516,3.16943910687629E-06
0.128048962950743,3.1993341847273E-06
0.130048180771061,3.23457214857287E-06
0.132048208357751,3.26525888164822E-06
0.134049634492347,3.29860522620229E-06
0.136053231109962,3.32855582751913E-06
0.138054527628202,3.35515377060935E-06
0.140055059337309,3.38938955462921E-06
0.142057049408539,3.41486376571251E-06
0.144057420922943,3.44503860390366E-06
0.146054983498679,3.47244748931688E-06
0.148057109637121,3.49904306460477E-06
0.15005610866257,3.52711319628156E-06
0.152055758913572,3.55631936354568E-06
0.154056990090332,3.57814489615387E-06
0.15606063537755,3.60624240741826E-06
0.158061569174872,3.63101323135111E-06
0.160059764491249,3.65475705849215E-06
0.162060113622508,3.68049052894359E-06
0.1640655778534,3.69905822032066E-06
0.166066554532565,3.72533292842178E-06
0.168063366166464,3.74766206860606E-06
0.170064329857499,3.76933445835396E-06
0.17206682162545,3.7888545757358E-06
0.17406632344774,3.81083332613474E-06
0.17606907914299,3.83312784844963E-06
0.178068543850657,3.8518411296973E-06
0.180071790164283,3.87173846196674E-06
0.182071883412221,3.8932180706446E-06
0.18407231538745,3.90970423898954E-06
0.186071495870872,3.92571479377572E-06
0.18807318545015,3.94556851652138E-06
0.190073297678313,3.96527912210139E-06
0.192075607592861,3.97970880917166E-06
0.194074135399436,3.99688652565544E-06
0.196078029406749,4.01743323520464E-06
0.198078639405186,4.03052571340677E-06
0.200078823703524,4.04331154622215E-06
0.202082131925638,4.06198265661076E-06
0.204082846711303,4.07531194501724E-06
0.206081304428916,4.09101086404848E-06
0.208083087541921,4.10628348874527E-06
0.210083033887015,4.11932395022678E-06
0.212088369409586,4.13462791083911E-06
0.214089632104064,4.14704396186785E-06
0.216087651691053,4.15775613934868E-06
0.218087791306495,4.17209901199585E-06
0.220087357901098,4.18252645375445E-06
0.2220892725721,4.19621395468559E-06
0.224092339697329,4.20670373858127E-06
0.226091838248532,4.21691299784619E-06
0.228092973172496,4.2300509888056E-06
0.230091177545719,4.2400645596989E-06
0.232091956997627,4.25087423668546E-06
0.234093803024221,4.26159224375555E-06
0.236094841090678,4.27093157544469E-06

0.239763672581036,4.28940334085555E-06

-0.162049055003122,-3.66651548943708E-06
-0.159922015265784,-3.64305659283745E-06
-0.157982033794585,-3.61508776713342E-06
-0.15598899926906,-3.59387204852569E-06
-0.153983959325758,-3.56860545474217E-06
-0.151971591717522,-3.54093261931444E-06
-0.14996160207879,-3.51718485083156E-06
-0.147951149336119,-3.49114409059148E-06
-0.14594207885572,-3.46275075389778E-06
-0.143937094296649,-3.43887567857489E-06
-0.141933353751966,-3.40929743665227E-06
-0.139925823713808,-3.38305623744982E-06
-0.137922400815969,-3.35116726023867E-06
-0.135921885492458,-3.3233758099035E-06
-0.1339211046256,-3.28989310691066E-06
-0.131915222533462,-3.26253580362144E-06
-0.129911216243825,-3.23112623144998E-06
-0.127907559961609,-3.19747406574415E-06
-0.125908405762583,-3.16710099154597E-06
-0.123903770051336,-3.13747453936975E-06
-0.12190392954022,-3.10369891824919E-06
-0.119998905181104,-3.07153641491161E-06
-0.117998765668249,-3.03763165864798E-06
-0.115996343920897,-3.00154975310781E-06
-0.113995769380062,-2.96778202965703E-06
-0.111992876878158,-2.92983784759084E-06
-0.109991360747579,-2.89537289627286E-06
-0.107988090821429,-2.86253182275093E-06
-0.105987421144823,-2.8213059715695E-06
-0.103982547303843,-2.78536638893218E-06
-0.101983421683265,-2.74775846476786E-06
-0.0999792654676974,-2.70862656008771E-06
-0.097977003441086,-2.66886209252149E-06
-0.095976189856658,-2.63041526198903E-06
-0.0939763056538652,-2.58776216550687E-06
-0.0919754021735832,-2.55026975412923E-06
-0.0899746576244057,-2.51170316974644E-06
-0.0879722915046817,-2.4693601354797E-06
-0.0859715071556709,-2.42547419326466E-06
-0.0839709065582712,-2.38276334788221E-06
-0.0819708072566968,-2.34239531551531E-06
-0.0799664459883612,-2.29733842012173E-06
-0.0779652789393674,-2.25514888838146E-06
-0.0759617420809185,-2.20996504581404E-06
-0.073963926047515,-2.16490778326124E-06
-0.0719635253807926,-2.12166788392079E-06
-0.0699617695504876,-2.07472665996881E-06
-0.0679565583181217,-2.0314807811782E-06
-0.0659591457048516,-1.98318543655479E-06
-0.0639544428319625,-1.93719038191474E-06
-0.0619530032244345,-1.89005687143371E-06
-0.0599527688210756,-1.83825327549757E-06
-0.0579482315772619,-1.79218934478491E-06
-0.0559457060469548,-1.74416655219204E-06
-0.0539476000310005,-1.69437604530511E-06
-0.0519461892771793,-1.64836843232109E-06
-0.0499472804727855,-1.59632367272127E-06
-0.0479451572663398,-1.54559212925846E-06
-0.0459424193796191,-1.49592254513693E-06
-0.0439402859370111,-1.44341655862537E-06
-0.0419396881688994,-1.39370202372495E-06
-0.0399398081193552,-1.34001001552071E-06
-0.0379391454239891,-1.28921481114485E-06
-0.0359362230302779,-1.23897018449967E-06
-0.0339383900448568,-1.18253205386194E-06
-0.0319353392711753,-1.13233239298174E-06
-0.0299332185997346,-1.07744585473185E-06
-0.0279298817233578,-1.022571968489E-06
-0.0259285583519593,-9.62931767356485E-07
-0.0239304359219765,-9.06553689730495E-07
-0.0219280502574385,-8.5409858848971E-07
-0.0199226150807421,-7.94402526704323E-07
-0.0179269819602091,-7.37207995620497E-07
-0.0159229330574671,-6.82165976680186E-07
-0.0139201068538917,-6.21241879697002E-07
-0.0119184860034155,-5.59240037399303E-07
-0.00991934890934354,-5.02095016612441E-07
-0.00792871172466534,-4.42384881014678E-07
-0.00591148268262145,-3.77470445168845E-07
-0.00391449908307932,-3.15684413815983E-07
-0.00193746146001478,-2.47019997268813E-07
9.98090621923427E-05,-1.80190346063448E-07
0.00209672196776613,-1.14632675361746E-07
0.00409523851507148,-4.43440759110775E-08
0.00609890557984841,3.17249421596911E-08
0.00809735899660475,1.09656858188973E-07
0.0100949048631538,1.94022991483182E-07
0.012094869883252,2.78571416988927E-07
0.0140951215381237,3.62392479004136E-07
0.0160952230956633,4.45679725231049E-07
0.0180954592883248,5.23303047809851E-07
0.0200966459632569,6.00949123020773E-07
0.0220952404977305,6.7423141348325E-07
0.0240986556460802,7.41224017350176E-07
0.0260987692769405,8.09916469126417E-07
0.0280005487919629,8.7067605629956E-07
0.0300013638554627,9.37069982704623E-07
0.0320006377822985,9.95524510571066E-07
0.0340998634464551,1.06064705825767E-06
0.0360032331145865,1.11863501292453E-06
0.0380058096109889,1.17641088443661E-06
0.0400101126957861,1.2358632836277E-06
0.0420078308419875,1.2927308556789E-06
0.0440065466687841,1.34630346220594E-06
0.0460092558222463,1.40328681304694E-06
0.0480117103297496,1.46187567622991E-06
0.0500134287402946,1.5112924150301E-06
0.0520126448016169,1.56803305864008E-06
0.0540108139416907,1.62157025303493E-06
0.0560173319102139,1.67331977166298E-06
0.0580161881508609,1.72282749851251E-06
0.0600172514169307,1.77581581984449E-06
0.0620183366901116,1.82658294777953E-06
0.0640185969251695,1.87955425989863E-06
0.066015094543852,1.92717567253274E-06
0.0680190982592507,1.9783001962505E-06
0.0700211443968575,2.02311882778894E-06
0.0720231743502125,2.07495070247812E-06
0.0740216807959374,2.1199389016322E-06
0.0760231012405468,2.16995653021588E-06
0.0780256790419585,2.21329129151009E-06
0.0800245053984398,2.25986587326143E-06
0.0820257457993723,2.30622801968485E-06
0.0840270470146949,2.34947160560359E-06
0.0860284036706506,2.39498105845547E-06
0.0880290960760445,2.43945722035748E-06
0.0900289495520609,2.48436129509172E-06
0.0920354370603303,2.52860951855503E-06
0.0940377557491971,2.56876836008263E-06
0.0960371901810705,2.61218439843945E-06
0.0980361423148949,2.65017948825555E-06
0.100036766157482,2.68811102206123E-06
0.10203577968758,2.72917641717014E-06
0.104037245268571,2.76903640607812E-06
0.106037459781334,2.80744296898503E-06
0.108038651293383,2.84645300677606E-06
0.110039143950583,2.88512377446102E-06
0.112041724748775,2.92169629463668E-06
0.114041155376292,2.95885769324418E-06
0.116042525975524,2.9952356639911E-06
0.118045967151803,3.0297403134632E-06
0.120046929179221,3.06511908661645E-06
0.122045269776999,3.09976112856757E-06
0.124048004121459,3.13335601743497E-06
0.126049551119799,3.16712757732496E-06
0.128050480157121,3.20193419652353E-06
0.130049765053568,3.23043589763867E-06
0.132048910154612,3.26079443532892E-06
0.134049693750003,3.29087782839496E-06
0.136056249809323,3.32501184187326E-06
0.13805402598034,3.35397536934376E-06
0.140053901396144,3.3837464372947E-06
0.142057532680529,3.41438765761276E-06
0.144057570509266,3.44416527448531E-06
0.146057196826296,3.47153605027002E-06
0.148060682580467,3.50249948652302E-06
0.150058516468377,3.52280608892793E-06
0.152058974691081,3.55069455921393E-06
0.154059274108981,3.57774207003737E-06
0.156061591514937,3.60045358032442E-06
0.158061890300217,3.62721121519653E-06
0.160062935755817,3.65156146948156E-06
0.162064074361971,3.67557636503016E-06
0.164063846107578,3.700070920382E-06
0.166064361049022,3.72062025249706E-06
0.168065732382677,3.74747403812675E-06
0.170067165131079,3.7660771716082E-06
0.172067609205336,3.78737792129423E-06
0.174067889457921,3.81077287224508E-06
0.176069096489322,3.83038259146288E-06
0.178071098795794,3.85046994736168E-06
0.180072368549813,3.87185301564362E-06
0.182073711264174,3.89060347738218E-06
0.184074587135157,3.91014202765551E-06
0.186074989687995,3.9300906872854E-06
0.188073977197228,3.94617522840109E-06
0.190074702906823,3.96252226588049E-06
0.192076822606379,3.98177820845646E-06
0.194075864250282,3.99690792579287E-06
0.196081527099528,4.01067435846343E-06
0.198081936701062,4.02811846769449E-06
0.20008425320134,4.04216070437726E-06
0.202081379511851,4.05865211785392E-06
0.204081654478593,4.07403490530304E-06
0.206079942230752,4.08734177451791E-06
0.208085767660241,4.1068626262182E-06
0.210085391892245,4.12070643207475E-06
0.212089202296171,4.13157897571156E-06
0.214089194685917,4.14621894760574E-06
0.216089047244032,4.16029244527358E-06
0.218090973767784,4.17446567537466E-06
0.220091217670661,4.18883107211607E-06
0.222090726722982,4.19744302392364E-06
0.224092523676149,4.2105658939176E-06
0.22609135487192,4.22089811405625E-06
0.228095672457056,4.23104969185828E-06
0.230097653594745,4.2422638584174E-06
0.232096284454597,4.25278192106613E-06
0.234096270609807,4.26235741855772E-06

0.23976597750824,4.29481316971702E-06

-0.164049067023138,-3.6881417220258E-06
-0.16191931981339,-3.66716065562538E-06
-0.159975044418865,-3.64391196891921E-06
-0.157985044204501,-3.61885318725464E-06
-0.155976533561868,-3.59433260106336E-06
-0.15396777951042,-3.57026099814776E-06
-0.151956493923829,-3.5427712927477E-06
-0.149950329999702,-3.51823177912393E-06
-0.147938874162125,-3.49345668415525E-06
-0.145929454892876,-3.46501026672849E-06
-0.143926063508079,-3.43704739050245E-06
-0.141922803739281,-3.41136473788438E-06
-0.139916968163525,-3.37962416792888E-06
-0.137917189882974,-3.35308562970197E-06
-0.135913081157625,-3.3232260538997E-06
-0.133911445278933,-3.2921293613287E-06
-0.131905580016139,-3.26235271855204E-06
-0.129903003147064,-3.22946848508907E-06
-0.127998324013397,-3.20085336923993E-06
-0.125998228326519,-3.17181687449408E-06
-0.123997452280412,-3.13910346747835E-06
-0.12199532698184,-3.10337826086769E-06
-0.119991542639751,-3.07192993466582E-06
-0.117991297552725,-3.03824905561032E-06
-0.115990849077475,-3.00360502050914E-06
-0.113987810088725,-2.9706292669906E-06
-0.111984921918475,-2.93253945009554E-06
-0.109983588906662,-2.89700891280234E-06
-0.107979432256698,-2.85671757924736E-06
-0.105978277951229,-2.82379598546041E-06
-0.103975033385672,-2.78385259895799E-06
-0.101974039968065,-2.74850120539234E-06
-0.0999705317795403,-2.70888286719599E-06
-0.097969979256827,-2.67068780298634E-06
-0.0959679474532775,-2.63126624714623E-06
-0.0939695503294377,-2.59031643975446E-06
-0.0919667494217637,-2.54928058223021E-06
-0.0899692480265946,-2.510200417028E-06
-0.0879662682793703,-2.46914524992596E-06
-0.0859645998695936,-2.42507855297862E-06
-0.0839616889653035,-2.38217571329589E-06
-0.0819621094309519,-2.34240426221143E-06
-0.0799584162183944,-2.29811655789232E-06
-0.0779572771049873,-2.2542086310823E-06
-0.0759552531763286,-2.21126966742807E-06
-0.0739566289667942,-2.16461066902813E-06
-0.0719549479931121,-2.11921490065987E-06
-0.0699552069347973,-2.07759096645963E-06
-0.067951189463526,-2.02677839320471E-06
-0.0659498906848625,-1.98227265625282E-06
-0.0639465717404784,-1.93850786908759E-06
-0.0619466800113144,-1.88857254411372E-06
-0.0599447719751901,-1.84471684382959E-06
-0.0579424163362276,-1.79184304620232E-06
-0.0559398292610959,-1.74551828258201E-06
-0.0539432518802511,-1.69264114305651E-06
-0.0519403759943045,-1.64588362609669E-06
-0.0499400410356647,-1.59422463094917E-06
-0.0479344201143919,-1.54587120023842E-06
-0.0459337764667755,-1.49472232412337E-06
-0.0439338839791028,-1.44452209751824E-06
-0.0419355070943914,-1.39280121730941E-06
-0.0399334617840985,-1.34064338765568E-06
-0.0379303411626153,-1.29004344829438E-06
-0.0359278585236463,-1.23646115325974E-06
-0.0339295980880906,-1.18319106345148E-06
-0.0319275560507689,-1.12741297644354E-06
-0.0299267564570039,-1.07597814698639E-06
-0.0279255653761483,-1.02114267384038E-06
-0.0259247358772106,-9.68127130274747E-07
-0.0239201089307298,-9.11032754981215E-07
-0.0219196736248619,-8.51620983081862E-07
-0.0199170410242057,-7.97395009228416E-07
-0.0179173764208229,-7.39570908730127E-07
-0.0159155860697802,-6.79142780163318E-07
-0.0139124835991961,-6.20964003857764E-07
-0.0119132952604255,-5.61560789016168E-07
-0.00991228793729538,-5.03719244708369E-07
-0.00791837780986743,-4.37598327409608E-07
-0.00590540909452087,-3.76646442467848E-07
-0.00390720111129006,-3.13542768461446E-07
-0.00193194207946114,-2.49429505880777E-07
7.4682080013512E-06,-1.89724068422431E-07
0.00200585913796811,-1.16319108846674E-07
0.00400301326079353,-4.56648094458121E-08
0.00600348426194645,2.87388286143596E-08
0.00800128099515999,1.10005345677431E-07
0.0100003191124519,1.88164365735536E-07
0.0120036717651274,2.72267874815944E-07
0.0140020131562025,3.57384038531104E-07
0.0160058680706463,4.38962817036689E-07
0.0180019715400381,5.21769219559209E-07
0.0200037285660921,5.96681934866095E-07
0.0220015166924913,6.69804490461663E-07
0.0240043682649145,7.41440783658291E-07
0.0260023417814731,8.05583136114161E-07
0.0280054913974627,8.74111572621353E-07
0.0300068578135428,9.3496403609126E-07
0.0320089343393951,9.95345936314956E-07
0.0340088231563808,1.05854373795669E-06
0.0360119278208177,1.11809324326863E-06
0.0380141992248299,1.17876379807726E-06
0.0400146620659297,1.23652471721739E-06
0.042013218838707,1.29345488616922E-06
0.0440157419166975,1.34969049103146E-06
0.046015298106813,1.4061435215898E-06
0.0480195857991853,1.4592470634797E-06
0.0500204641641306,1.51410628583286E-06
0.0520211149819393,1.56678646316902E-06
0.0540192855864115,1.62114065426749E-06
0.0560229854030079,1.66899593233915E-06
0.058022927947642,1.72343361844164E-06
0.060024173559051,1.77663733485444E-06
0.0620228725774331,1.82774564362212E-06
0.0640255308791279,1.88019280972791E-06
0.0660248437535324,1.92584065163384E-06
0.0680267750641113,1.97407507030574E-06
0.0700254853479909,2.0252185739073E-06
0.07202718760145,2.07191502254775E-06
0.074028898176076,2.12082074315003E-06
0.0760323278876163,2.17077525781297E-06
0.0780311596375152,2.21267875753417E-06
0.0800341268236381,2.26138457118031E-06
0.0820337387176025,2.30772618665954E-06
0.084035872555749,2.35290556337196E-06
0.0860349728864239,2.39212053595254E-06
0.0880356539849609,2.43814210847999E-06
0.0900376721438552,2.48146225084279E-06
0.0920421250518176,2.5244431230995E-06
0.0940425513143515,2.56584090220584E-06
0.0960439183205524,2.61088667792016E-06
0.0980439297155349,2.65028410615434E-06
0.100046038808794,2.69283218011326E-06
0.102043063112966,2.72515998003064E-06
0.104045415266692,2.76686014098094E-06
0.106044960334107,2.80328758081308E-06
0.108045972555506,2.84414041321229E-06
0.110047065264705,2.88206106711617E-06
0.112047370356269,2.91882100334142E-06
0.114048872790637,2.95521150246012E-06
0.116048326350213,2.99129863814592E-06
0.1180488623561,3.02632420412879E-06
0.120052203320007,3.06524281178081E-06
0.122050145985369,3.10072975453633E-06
0.124054280178684,3.13321793559578E-06
0.126054776595695,3.16576292892485E-06
0.128055968884888,3.19850271146012E-06
0.130056091021189,3.23151067008745E-06
0.132057343680588,3.26452920889478E-06
0.134058197401907,3.29504370683036E-06
0.136063298116664,3.32772332021169E-06
0.13806279687459,3.35384903659964E-06
0.140063174303523,3.38864192853918E-06
0.142064632398473,3.41494253260494E-06
0.144064705546422,3.44294521188773E-06
0.146063508255642,3.47510990319454E-06
0.148066121730546,3.4976248709028E-06
0.150066018652131,3.52891420966903E-06
0.152065866978734,3.55466311579383E-06
0.154065034151354,3.58101741502236E-06
0.156067127419626,3.60630398526471E-06
0.158066046835482,3.62932828523568E-06
0.160068163855723,3.65406386188333E-06
0.162068680587536,3.67939586995252E-06
0.164072877325576,3.70026206796816E-06
0.166075633354842,3.72571225634816E-06
0.168074818145075,3.74634927207958E-06
0.1700744723,3.76646704974238E-06
0.172075063406179,3.79206775841681E-06
0.174076829854828,3.8123108048113E-06
0.176077109770626,3.83541677897627E-06
0.17807524619623,3.85131126649041E-06
0.180078718446819,3.86780557228257E-06
0.182079588603676,3.89231847060935E-06
0.184080007716723,3.91167150806661E-06
0.186080624574788,3.92911704097628E-06
0.18808310257192,3.9469659694739E-06
0.190082840653686,3.96696601640861E-06
0.19208545374754,3.98647678246989E-06
0.194082771164597,4.00316517312197E-06
0.196084617037884,4.01865100493035E-06
0.198087056851228,4.03344121238323E-06
0.200088444582507,4.04805545315977E-06
0.202087229271502,4.06264229936262E-06
0.204089735618965,4.07709013458865E-06
0.206091118929162,4.09449788756381E-06
0.208092327269003,4.10888481931747E-06
0.210092047046412,4.11904519395471E-06
0.212097498457536,4.1386291520827E-06
0.214097678586445,4.14816733420859E-06
0.216097080924788,4.16207958154111E-06
0.218097589091595,4.1740120164387E-06
0.220097670988096,4.18402807502304E-06
0.222096251159875,4.19757568079802E-06
0.224097374489006,4.20998145136858E-06
0.226098307779155,4.22078282606093E-06
0.228097520240578,4.23638265706083E-06
0.230097568410185,4.24388661225666E-06
0.232001271859215,4.25211998544239E-06

0.239765674103941,4.29512093906057E-06

-0.166046539558312,-3.71432753263723E-06
-0.163913406158184,-3.68982657822469E-06
-0.16197604829742,-3.66791857715968E-06
-0.159982004994995,-3.64795768887983E-06
-0.157976373408373,-3.62234166442077E-06
-0.155964935505471,-3.60025185210407E-06
-0.153954632163747,-3.57137657772137E-06
-0.151943185487348,-3.54713070155767E-06
-0.149938055946622,-3.52485438734292E-06
-0.147929348821604,-3.4947632764402E-06
-0.145923866069296,-3.47216336757017E-06
-0.143920897538336,-3.44100884367538E-06
-0.141916129052637,-3.412525785257E-06
-0.139909443153038,-3.3839037308479E-06
-0.137908316093024,-3.35780268156516E-06
-0.135906416675434,-3.32476499053399E-06
-0.133907044422038,-3.29798074036488E-06
-0.131901263061035,-3.26596926684881E-06
-0.12999895667582,-3.23942693714097E-06
-0.127995343938545,-3.20483617759204E-06
-0.125994100524712,-3.17361141389039E-06
-0.123995159425364,-3.14137098288147E-06
-0.121992022894213,-3.10955456832121E-06
-0.119988875594656,-3.07404445706956E-06
-0.11798637882055,-3.04013536982573E-06
-0.115981826796717,-3.00478094906977E-06
-0.113983346415188,-2.97098941272095E-06
-0.111981430856938,-2.93547868703958E-06
-0.109981858751547,-2.90186930662253E-06
-0.107977589494918,-2.86108460099138E-06
-0.105973180585028,-2.82829689293824E-06
-0.103969598094998,-2.78797594686815E-06
-0.101972074761352,-2.75056556935069E-06
-0.0999685950516348,-2.71154691455754E-06
-0.0979672984279704,-2.67222636496836E-06
-0.0959645222400899,-2.63121102340221E-06
-0.0939644935857176,-2.59561261410448E-06
-0.0919645165031449,-2.55468092489629E-06
-0.0899652207283435,-2.51598739333965E-06
-0.0879613769854396,-2.47010071810713E-06
-0.0859600991831362,-2.42993259269638E-06
-0.0839582124078643,-2.38795234171195E-06
-0.0819567905943794,-2.34466198420431E-06
-0.079955032354648,-2.30308069292499E-06
-0.0779535989435654,-2.25751195509852E-06
-0.0759530971817939,-2.21577967146292E-06
-0.0739541420082196,-2.16967807321144E-06
-0.0719524535503792,-2.12197808101103E-06
-0.069949413831963,-2.07813354536443E-06
-0.0679478318980772,-2.03563845472898E-06
-0.065949608032927,-1.98536934455821E-06
-0.0639436214415179,-1.94018919606213E-06
-0.0619433155778858,-1.89051230622141E-06
-0.0599410210464592,-1.84281298839508E-06
-0.0579391245982555,-1.79258751772027E-06
-0.0559370006483131,-1.74253937745604E-06
-0.05393888912475,-1.69757933716629E-06
-0.0519361239804686,-1.64951871968063E-06
-0.0499357709001014,-1.5978642203603E-06
-0.0479312633878483,-1.5487425426988E-06
-0.0459341079590044,-1.49388632505681E-06
-0.0439317141073195,-1.44649404225559E-06
-0.0419307648889024,-1.39382317877476E-06
-0.0399283207104091,-1.34277196701243E-06
-0.0379310528220124,-1.28934533250131E-06
-0.0359247953870512,-1.23854616805099E-06
-0.03392350189748,-1.18363088647926E-06
-0.0319220685282832,-1.13203226654442E-06
-0.0299221457114802,-1.07578743774338E-06
-0.0279221375244557,-1.0215701370899E-06
-0.0259211975127495,-9.66911672153523E-07
-0.0239215081235525,-9.09910768853859E-07
-0.0219188919664648,-8.55466784846775E-07
-0.0199137712807144,-7.97994445361119E-07
-0.0179154062495012,-7.41306964907699E-07
-0.0159130979586131,-6.78896644864063E-07
-0.0139084540491179,-6.2338927034404E-07
-0.0119092499524662,-5.63592826103737E-07
-0.00990959476581036,-5.01111771712263E-07
-0.00791625353347511,-4.45447674529549E-07
-0.00590312295884087,-3.79325369144142E-07
-0.00390308339619308,-3.14750614585254E-07
-0.00192772130668297,-2.4900886223913E-07
1.32745676672236E-05,-1.83560648070228E-07
0.00200871070270539,-1.18247796701696E-07
0.0040031320970713,-4.6188792748812E-08
0.00600729896820781,2.7793603122472E-08
0.00800478984894938,1.06473129264184E-07
0.0100058564412402,1.86917546409748E-07
0.0120072217605938,2.71863359017722E-07
0.0140034181089102,3.56373621975328E-07
0.016004903640867,4.42043706256012E-07
0.0180061603443121,5.20274210903117E-07
0.0200064379545194,5.98231875037441E-07
0.0220035207226007,6.69978381564447E-07
0.0240074588343426,7.37814640516988E-07
0.0260094517777159,8.08090882296817E-07
0.0280126612871998,8.70948953010182E-07
0.0300108170619564,9.36362691677558E-07
0.0320123646825354,9.99092043111861E-07
0.0340105667514141,1.0573958558647E-06
0.0360157569944371,1.11734211792643E-06
0.0380168149685852,1.17753208379421E-06
0.0400183539184674,1.23727756596001E-06
0.0420152195535306,1.29138174036175E-06
0.0440161260902629,1.34497682602476E-06
0.0460183135232693,1.40386872294664E-06
0.0480216593811077,1.45665202706556E-06
0.0500242159916851,1.51437115749194E-06
0.0520236085508164,1.56993011788248E-06
0.0540246897841842,1.62228375579656E-06
0.0560270989135724,1.67328618783385E-06
0.0580261156669715,1.725689766895E-06
0.0600274590101467,1.77710056240928E-06
0.0620289774695423,1.8282894588794E-06
0.0640292251878399,1.87706785016252E-06
0.0660280287802365,1.92994209737252E-06
0.0680300707456685,1.97710747577531E-06
0.0700311708712437,2.02453278792031E-06
0.072033680761478,2.07648560785403E-06
0.0740315710688064,2.12065615840954E-06
0.076032899195592,2.16841355483016E-06
0.0780343350363942,2.212108341966E-06
0.0800338440966725,2.2585902347467E-06
0.0820347166203886,2.30735571551274E-06
0.0840368085226435,2.35110311131979E-06
0.086038528754489,2.39652129887965E-06
0.0880385376356071,2.44091300666783E-06
0.0900405643074816,2.48661161395582E-06
0.0920459502757078,2.52490317360312E-06
0.0940446581315069,2.56946705658671E-06
0.0960450847321709,2.60533496075248E-06
0.0980476931467556,2.65075411491519E-06
0.100049663691574,2.68796475781655E-06
0.102048642135744,2.72986017254185E-06
0.104047514778807,2.76969446030438E-06
0.106048976229273,2.81027199821847E-06
0.108050613282809,2.84707239688846E-06
0.110049315531198,2.88663417757872E-06
0.112050608449502,2.92240458223877E-06
0.114053124359537,2.95894212487886E-06
0.116053501087343,2.99755957205331E-06
0.118051616734904,3.03049526775156E-06
0.120052280262859,3.06593038860563E-06
0.122053176213655,3.09926378517738E-06
0.124055949211465,3.13392907055509E-06
0.126058907060411,3.16843559328852E-06
0.128061334557075,3.20048183453489E-06
0.130058859126093,3.23370409425842E-06
0.132058966760185,3.26507907853268E-06
0.134060569671907,3.29541321886736E-06
0.136067720197313,3.32667633197496E-06
0.138064309834375,3.35757495338592E-06
0.140065447252267,3.38442807962762E-06
0.14206778345011,3.4156758469784E-06
0.144069743711588,3.44595665181649E-06
0.146068799030514,3.47355683467678E-06
0.148071131132662,3.50066130763075E-06
0.150068952772511,3.53164990552994E-06
0.152068954074627,3.55309673962757E-06
0.154068855943922,3.57852768586718E-06
0.156070364029095,3.60477462474234E-06
0.158071574899966,3.63211563815104E-06
0.160072859797574,3.65352872357254E-06
0.162069928602957,3.68435884356317E-06
0.164073565599277,3.703740744231E-06
0.166078443607558,3.72465573695778E-06
0.168075745579254,3.74973328120783E-06
0.170076774688355,3.77103809212443E-06
0.172077702175616,3.79580755232303E-06
0.17407822143736,3.81248960385877E-06
0.17608104571418,3.83162898462172E-06
0.178080914292052,3.85541675098052E-06
0.180083255191002,3.87277217252716E-06
0.182080318069788,3.89206396183195E-06
0.184081911721334,3.91144730116449E-06
0.186083748665799,3.92982540350883E-06
0.188084182166043,3.9485303524901E-06
0.19008603066395,3.96704088691746E-06
0.192087473103383,3.98260331263512E-06
0.194087961547643,4.00209572073536E-06
0.196089102484407,4.01793408534004E-06
0.198091367665212,4.03082600469109E-06
0.200093590795109,4.0491331928545E-06
0.202092650531701,4.06389909286836E-06
0.204095351923678,4.07875234680458E-06
0.206093083275391,4.09181717566947E-06
0.208093542512209,4.10929455402176E-06
0.210093880853347,4.12047877837178E-06
0.212000438578747,4.13388236781567E-06
0.214001565738926,4.14906894237999E-06
0.216097857565323,4.1590054398091E-06
0.218096569639547,4.17473035970761E-06
0.220098783579329,4.18747788807531E-06
0.222000731416367,4.19805286789629E-06
0.224002079750171,4.21040752091167E-06
0.226004582952938,4.21885801257865E-06
0.22800406874331,4.23161192502096E-06
0.230002532339725,4.24340467456765E-06

0.239763061064706,4.29011024973731E-06

-0.16804877671607,-3.74064650965012E-06
-0.16592558649344,-3.71765460960712E-06
-0.163984786159068,-3.6943395345194E-06
-0.161992641187958,-3.67055603919643E-06
-0.15998577322513,-3.64846272013452E-06
-0.157976640419326,-3.62386491061815E-06
-0.155965633261376,-3.60162601667173E-06
-0.153957342079262,-3.57643484788242E-06
-0.151952018701026,-3.55014949965694E-06
-0.149945563717992,-3.52183635353428E-06
-0.14793839535466,-3.49731795531223E-06
-0.145933135892676,-3.46969282061102E-06
-0.143929401397694,-3.44329777420202E-06
-0.141923395766712,-3.41385746425769E-06
-0.139919635707506,-3.38868501309559E-06
-0.137918168435178,-3.35732864154592E-06
-0.135917143010437,-3.3308758087714E-06
-0.133916065148342,-3.29737224514039E-06
-0.131913588871483,-3.26344610372541E-06
-0.129909742262068,-3.23765526651899E-06
-0.127908703510486,-3.20452803359622E-06
-0.125905685202771,-3.17385595691752E-06
-0.123902347897229,-3.13991661275668E-06
-0.12190003546573,-3.10751969698925E-06
-0.119997515747389,-3.07589096822822E-06
-0.117997279532728,-3.04372477831234E-06
-0.115994439719319,-3.00523895397202E-06
-0.113994422410845,-2.97410741874028E-06
-0.111993320150604,-2.93455988982221E-06
-0.109990510224853,-2.90152733902014E-06
-0.107988027082587,-2.86386071433876E-06
-0.105983868299171,-2.82357236301582E-06
-0.10398142510517,-2.78955933224729E-06
-0.10198146156189,-2.75088839971534E-06
-0.0999782850613791,-2.71403545981156E-06
-0.0979778073583412,-2.67697177051505E-06
-0.0959757347857896,-2.63532440556209E-06
-0.0939748389943818,-2.59266441547824E-06
-0.0919778623288754,-2.55444980940639E-06
-0.0899753903403808,-2.51122557802371E-06
-0.0879744046879866,-2.47225508103284E-06
-0.0859714448969895,-2.42917726375576E-06
-0.0839714833643295,-2.38952002166809E-06
-0.0819708487192749,-2.34497388970887E-06
-0.0799671267601842,-2.30171868207684E-06
-0.0779634509118955,-2.25904350359012E-06
-0.0759637828389682,-2.21595306802472E-06
-0.0739652491835061,-2.17238878725925E-06
-0.0719625315926749,-2.12499804802536E-06
-0.0699592763306485,-2.07555567551713E-06
-0.0679589340596927,-2.03070870528129E-06
-0.0659556550211578,-1.98649739255923E-06
-0.0639534474199429,-1.94145801590561E-06
-0.0619530296279621,-1.89398309980058E-06
-0.0599515789393188,-1.84429068436996E-06
-0.0579508695188011,-1.79519365882757E-06
-0.0559501627334991,-1.74789793890141E-06
-0.0539502850493517,-1.69566019591932E-06
-0.05194818995932,-1.65043508915131E-06
-0.0499454595286066,-1.59843158625903E-06
-0.0479437232742929,-1.54822601711258E-06
-0.0459435494661948,-1.49789808653604E-06
-0.0439428709309908,-1.44492915720535E-06
-0.0419427554483169,-1.39675101879687E-06
-0.0399393510191836,-1.34271576917252E-06
-0.0379398485721113,-1.29250294675821E-06
-0.035936880471356,-1.2394393465464E-06
-0.0339361976151686,-1.1853967799633E-06
-0.0319363377915422,-1.13199571921586E-06
-0.0299347887199236,-1.07730198451515E-06
-0.0279312041448247,-1.02068465020551E-06
-0.0259302597258349,-9.70281275902142E-07
-0.023928314336063,-9.12038265465567E-07
-0.021925742727811,-8.60022665051612E-07
-0.0199241894226603,-7.97807793602151E-07
-0.0179244297156107,-7.4218063151309E-07
-0.0159220742301348,-6.81372054809633E-07
-0.0139211381628377,-6.22255145483261E-07
-0.01192031374953,-5.64555890359601E-07
-0.00992082197917763,-5.02601529616845E-07
-0.00792942703472918,-4.4001034057197E-07
-0.00591562266798518,-3.7778574127642E-07
-0.0039187914163795,-3.14806931377262E-07
-0.00193801983159547,-2.51329430276385E-07
6.28236629999208E-07,-1.87679169522567E-07
0.00209638695854099,-1.13457739395464E-07
0.00409263271474312,-4.38428206243728E-08
0.00609503279876998,3.58949639930476E-08
0.00809402266117499,1.11748071367813E-07
0.0100914268977529,1.94017585719298E-07
0.0120958674434878,2.76223578949854E-07
0.0140944952737287,3.59706971560788E-07
0.0160917104982293,4.42857981110921E-07
0.0180931166489502,5.23114798158969E-07
0.0200948043642829,5.99649261363782E-07
0.0220968790680672,6.72603266524619E-07
0.0240971367977794,7.42300483227202E-07
0.026098872117633,8.10914939894689E-07
0.0280997517725623,8.77325778103043E-07
0.0300991407521023,9.3936031068422E-07
0.0320033164937211,9.97512748935467E-07
0.0340045231614841,1.05713918534372E-06
0.0360026780169939,1.11902700784402E-06
0.0380050051469216,1.1768716243004E-06
0.0400080300933464,1.23245121679124E-06
0.0420048368260208,1.29500476264968E-06
0.044004834849541,1.34905795062452E-06
0.046004636455128,1.40472325980732E-06
0.0480092651404526,1.46032951629993E-06
0.0500105817992544,1.51147376171298E-06
0.0520093761490577,1.56671725740243E-06
0.0540112622616273,1.61635075501768E-06
0.0560145816375731,1.67089861885859E-06
0.0580134234920289,1.72382050685074E-06
0.0600166004591956,1.77569037127971E-06
0.0620150629754995,1.82895674453749E-06
0.0640154105663028,1.8790049147739E-06
0.0660174421583015,1.92553519014825E-06
0.0680169169097248,1.97217338785437E-06
0.0700212144172807,2.02461366035847E-06
0.07202140061403,2.07296312724823E-06
0.0740193929043366,2.1207024279644E-06
0.0760237974635216,2.1658034199297E-06
0.0780238991952158,2.21753787753666E-06
0.0800236252801117,2.26080880557778E-06
0.0820229106813329,2.30827687303938E-06
0.0840245480646604,2.35403038936349E-06
0.086025830897369,2.39521785367374E-06
0.0880293837539742,2.43678735089971E-06
0.0900305115362312,2.47997949706232E-06
0.0920346702999064,2.52364924993374E-06
0.0940346221779677,2.56669041872616E-06
0.0960344001431146,2.6072935079248E-06
0.0980367015573986,2.65161731373627E-06
0.100037596274264,2.69075840488998E-06
0.102036085600777,2.72984755425353E-06
0.104034511314042,2.76731967446444E-06
0.106036502170882,2.80696930361805E-06
0.108039024372757,2.847113818443E-06
0.110038388966218,2.88100616622358E-06
0.112039206496218,2.92106259280772E-06
0.114040142249151,2.95884603406566E-06
0.116042049698818,2.99342828151511E-06
0.118042046798953,3.02977048046366E-06
0.120043736273569,3.06561578560475E-06
0.122044611865928,3.10047716397853E-06
0.124046465230013,3.13473138088988E-06
0.126048982618852,3.16529762579646E-06
0.128049109139772,3.19935993083103E-06
0.130049100995968,3.23240288198001E-06
0.132048031820989,3.26102899761968E-06
0.134052298396439,3.29618495757724E-06
0.136054509805458,3.325652617137E-06
0.13805205555783,3.35684812798971E-06
0.140053919364996,3.38822934647767E-06
0.14205679632552,3.41693926433621E-06
0.14405783723704,3.44412740463425E-06
0.14605699292457,3.4719033593517E-06
0.148056240597467,3.49811314770815E-06
0.150056875523292,3.52559302223275E-06
0.152057180259559,3.55043354647319E-06
0.154055646283453,3.58195229231499E-06
0.156057436970467,3.60694494036154E-06
0.158058860924217,3.63308899972444E-06
0.160059376240686,3.65363095868291E-06
0.162060809023244,3.67802886873618E-06
0.164066237462434,3.70562047955262E-06
0.166063926833217,3.72406813234364E-06
0.168065144890701,3.74858371318064E-06
0.170066135956131,3.77202201889173E-06
0.172066723793385,3.79134409508572E-06
0.174066760850971,3.81581657592603E-06
0.176069062611443,3.83342046685554E-06
0.178067082540997,3.85328560900227E-06
0.180069713155839,3.87434259493789E-06
0.182071753211641,3.89330527470606E-06
0.184071467423032,3.9125362804272E-06
0.18607383660168,3.92979793400468E-06
0.188073771158988,3.94873386360105E-06
0.19007299987009,3.96618443183717E-06
0.192074375545766,3.98461192833628E-06
0.194077685223899,3.99947559760549E-06
0.196079806341471,4.01742470811907E-06
0.198082171783636,4.03538768076648E-06
0.200079401191386,4.04777931945357E-06
0.202080038736356,4.06292228449411E-06
0.204080263290801,4.07846170656264E-06
0.206079762585699,4.09203420423417E-06
0.208080669694414,4.10694145305498E-06
0.210083659513003,4.12476033444086E-06
0.212087569339514,4.13376781413879E-06
0.214088522412551,4.14661619889652E-06
0.216088663151728,4.16061293780809E-06
0.218086254562004,4.17140227866964E-06
0.22008811691301,4.18582630099765E-06
0.222089360768162,4.19880917093281E-06
0.22409116655023,4.20852711121598E-06
0.226093038789066,4.22066133382408E-06
0.22809221825376,4.23143062329635E-06

0.239763242362066,4.29072210184611E-06

-0.170047494211119,-3.76054971646708E-06
-0.16792054014621,-3.73789086730255E-06
-0.165976908051161,-3.7184172217878E-06
-0.163986914056746,-3.6954367111737E-06
-0.161977766730073,-3.67272397202721E-06
-0.159968687705178,-3.64883154281135E-06
-0.157958348237432,-3.62290094532359E-06
-0.155953761389014,-3.60031194632755E-06
-0.153946235054074,-3.57750776205596E-06
-0.15193822515598,-3.55136491656641E-06
-0.149932512725522,-3.52363326073291E-06
-0.147928946352297,-3.49811257778252E-06
-0.14592025368865,-3.46992981064846E-06
-0.1439183271409,-3.44248564797786E-06
-0.141913340676898,-3.4175958344853E-06
-0.139910663715847,-3.38690809734188E-06
-0.137908397671011,-3.35680489266401E-06
-0.135906848470204,-3.32780739172601E-06
-0.133905662974772,-3.29587284181322E-06
-0.131903844680326,-3.26840227365091E-06
-0.129999376322022,-3.23800669034458E-06
-0.127998921545776,-3.20676601141468E-06
-0.125997350117006,-3.17497065231178E-06
-0.123994321518231,-3.14325684751416E-06
-0.121992197218531,-3.1126071300827E-06
-0.119991197240571,-3.0769109665157E-06
-0.117986978841193,-3.04034318194469E-06
-0.115987286283389,-3.00706018359577E-06
-0.11398300410212,-2.97057958810012E-06
-0.111984607665028,-2.93592958853487E-06
-0.10998304519682,-2.89916313336019E-06
-0.107981154990519,-2.86546295221993E-06
-0.105976802354441,-2.82704389091343E-06
-0.10397561247692,-2.78911294156528E-06
-0.101975380079837,-2.75189476066033E-06
-0.0999709495881079,-2.71236142357011E-06
-0.0979669266091324,-2.67319873745978E-06
-0.0959657434466521,-2.63440087274008E-06
-0.0939671802817846,-2.59401142524965E-06
-0.0919682596121915,-2.55471417903143E-06
-0.0899681230896983,-2.51090824755433E-06
-0.0879650694266594,-2.47339753066697E-06
-0.0859656933823516,-2.43121376107855E-06
-0.0839628914256824,-2.38975698922639E-06
-0.0819581999071776,-2.34476292301784E-06
-0.0799574411250416,-2.30133034001694E-06
-0.0779558204929147,-2.25645122461667E-06
-0.075958407026906,-2.21365258322219E-06
-0.0739567932647083,-2.16749887833353E-06
-0.0719526191206275,-2.12674114766554E-06
-0.0699521057415066,-2.07835677817066E-06
-0.0679525101679004,-2.03514443825091E-06
-0.0659483007863534,-1.98841869929629E-06
-0.0639488270105594,-1.9396734947109E-06
-0.0619461676704884,-1.88974576019194E-06
-0.0599452086960842,-1.84636645274329E-06
-0.0579403912282755,-1.79410425995431E-06
-0.0559408869844923,-1.74612629075856E-06
-0.0539411653291038,-1.69891831439312E-06
-0.0519420390060452,-1.6477001051297E-06
-0.0499382219969319,-1.60159078904153E-06
-0.0479380555835902,-1.5488775673755E-06
-0.0459352285169877,-1.49733885808453E-06
-0.0439348930001482,-1.44674897813658E-06
-0.0419351954407316,-1.39467788797549E-06
-0.0399351870042641,-1.34322570087885E-06
-0.0379311156254795,-1.29175466128019E-06
-0.0359311384287506,-1.23837340839805E-06
-0.0339281080389108,-1.18605463562385E-06
-0.031928595099234,-1.13313593592248E-06
-0.0299254847028155,-1.07739949900697E-06
-0.0279257061044318,-1.0224368613888E-06
-0.0259226239442424,-9.65648340965738E-07
-0.0239230609775357,-9.13120276196131E-07
-0.0219181501408469,-8.51482159431184E-07
-0.0199168109972801,-7.987351853425E-07
-0.0179166592707437,-7.41114663392559E-07
-0.0159148406329896,-6.81665193982191E-07
-0.0139107405361414,-6.23132489300644E-07
-0.0119159302742999,-5.64397817075492E-07
-0.00991435967765713,-5.03516218772112E-07
-0.00792168735512046,-4.42026636644579E-07
-0.00590461461541754,-3.7759884599348E-07
-0.00391306309030584,-3.13794904753373E-07
-0.00193002849995984,-2.51314370191918E-07
8.36381027602548E-06,-1.87842627496371E-07
0.00200487415450186,-1.18368726960145E-07
0.00400102872573745,-4.64298179375056E-08
0.00600388517120895,2.58592180559337E-08
0.00800148779605156,1.05696690073312E-07
0.0100004104169261,1.88623461344198E-07
0.0120012055244329,2.71667750259703E-07
0.0140039351328487,3.56714618291726E-07
0.0160026741616655,4.38983775084454E-07
0.0180025378406433,5.19870371352235E-07
0.0200009391203178,5.96775075292707E-07
0.0220037924047155,6.6856111325357E-07
0.0240058857234613,7.38966006875052E-07
0.0260045607615432,8.05170542813082E-07
0.0280048435646615,8.73806901652044E-07
0.0300060692685705,9.36095216185227E-07
0.032005499640989,9.98861534558626E-07
0.0340086811402211,1.05946863076642E-06
0.0360090828022137,1.11741771151416E-06
0.0380132180794977,1.17792385392234E-06
0.04001332590106,1.23563466332188E-06
0.0420142216936453,1.29138266949937E-06
0.0440134943232606,1.34786707343848E-06
0.0460162121700115,1.40123970557197E-06
0.0480189422615801,1.45857866135785E-06
0.0500217067213146,1.5145994555968E-06
0.0520173088844386,1.56893761907133E-06
0.0540181489644908,1.61995205496722E-06
0.0560209616540045,1.67290425982075E-06
0.058023394484858,1.72551716459601E-06
0.0600230205122382,1.77554044293586E-06
0.0620256767063768,1.82578524566761E-06
0.0640249361249949,1.87780310523473E-06
0.0660248386711725,1.92524185990304E-06
0.0680237538177218,1.97389998780875E-06
0.0700278342702426,2.02671114357714E-06
0.0720263169304073,2.07594557658464E-06
0.0740272907771867,2.12328609742878E-06
0.0760276196333495,2.16739937863889E-06
0.0780314597676385,2.21743451097644E-06
0.0800324371167245,2.25810718059394E-06
0.0820339402266339,2.30949918355055E-06
0.0840324658927788,2.35167380413063E-06
0.0860361203586976,2.39527951394369E-06
0.0880336691684739,2.44142954724014E-06
0.0900352587042181,2.48488601806952E-06
0.0920392019633963,2.5216731240771E-06
0.0940418173791377,2.56633665707042E-06
0.0960436782995075,2.60470494550182E-06
0.0980449660792885,2.64621275997871E-06
0.100043116594667,2.68831334927101E-06
0.102044569951521,2.72783562662634E-06
0.104042347468052,2.76890968369564E-06
0.106047186266959,2.80941260586442E-06
0.108044912124006,2.84481372327882E-06
0.110045428136652,2.88555213687598E-06
0.112045803530134,2.92084444028622E-06
0.114047492808261,2.95772150779594E-06
0.116048152075465,2.99382974389736E-06
0.118049047842466,3.02907233844494E-06
0.120050534218055,3.0632184307123E-06
0.122052737807461,3.09730066724742E-06
0.124054199115309,3.13557078179902E-06
0.126057588585091,3.16853376716833E-06
0.128054862235195,3.19793368959838E-06
0.130057641131089,3.23256137487466E-06
0.132055685403401,3.26341957879916E-06
0.1340571195638,3.29715727012429E-06
0.136060193124553,3.32744607753478E-06
0.138060392708566,3.35774949638365E-06
0.140059254993659,3.38413983716018E-06
0.142064816397696,3.41472397545899E-06
0.144062112883434,3.442986423637E-06
0.146061715435714,3.47568512929781E-06
0.148063834012939,3.50253405943413E-06
0.150067018800169,3.52497977641752E-06
0.152064723740048,3.55257384495283E-06
0.154067044018646,3.57955913352791E-06
0.156064614900987,3.60437443617779E-06
0.15806823335333,3.63259315494331E-06
0.160067586452937,3.65555274497487E-06
0.162068350948631,3.6778476869003E-06
0.164071458995494,3.70445597039306E-06
0.166075480312308,3.72639430330553E-06
0.168075126465609,3.74550904693546E-06
0.170074587642689,3.76811480038084E-06
0.172072801101464,3.79059045957333E-06
0.174071497562677,3.81175140401975E-06
0.176072401838567,3.83332851220335E-06
0.17807771505524,3.85575605105879E-06
0.180076817269477,3.8760238844472E-06
0.182080512469553,3.89469562425162E-06
0.184079285679771,3.91179238587374E-06
0.186080865225163,3.9304464271051E-06
0.188079592865331,3.94875998435704E-06
0.190079976926963,3.96556627058421E-06
0.192083067342725,3.98412892663483E-06
0.194083419870514,4.00048108935723E-06
0.196085136980858,4.01477236489431E-06
0.198088174451614,4.03418287400918E-06
0.200087261206712,4.0501797464946E-06
0.202089161227735,4.0639435565993E-06
0.204088023062536,4.07996060036273E-06
0.206089559504719,4.09267881593712E-06
0.208088956585714,4.10796925909569E-06
0.210093500474108,4.12162368572478E-06
0.212094879087069,4.13839238683662E-06
0.214095078895633,4.14615506190132E-06
0.216093995085604,4.16199306683983E-06
0.218095589046027,4.17300670452005E-06
0.220095913009545,4.18564404016324E-06
0.222096494101414,4.19962944959028E-06
0.224098050028242,4.20829170970414E-06
0.226098150662854,4.22099697729622E-06

0.239767358101085,4.29578722065059E-06

-0.172049742355241,-3.78020428905418E-06
-0.169917585173869,-3.75989513901385E-06
-0.167972414099204,-3.73624602396568E-06
-0.165977816926437,-3.71725719346934E-06
-0.163973420957098,-3.69448283151814E-06
-0.16196455431621,-3.67149571203806E-06
-0.15995175811765,-3.64976115998616E-06
-0.15794486859316,-3.6246163581613E-06
-0.155937693799992,-3.60023022717527E-06
-0.153931630192791,-3.57355321747082E-06
-0.15192406343072,-3.55193900372679E-06
-0.149920541624438,-3.52295758286406E-06
-0.147916382291551,-3.49683739634356E-06
-0.145911856523375,-3.46859120807389E-06
-0.143909524156119,-3.43989269463033E-06
-0.141904721527035,-3.4161680796575E-06
-0.139901535371437,-3.38693243475308E-06
-0.137901324672013,-3.36070305957615E-06
-0.135998137302861,-3.3295475166272E-06
-0.133995076665748,-3.29997236183925E-06
-0.13199392045887,-3.26848737965967E-06
-0.12998997413383,-3.23889834775179E-06
-0.127989209899086,-3.20726450873385E-06
-0.125987947840156,-3.17506164785416E-06
-0.123985740193857,-3.13984300107944E-06
-0.12198333349712,-3.10953138483899E-06
-0.119983309444237,-3.07949443366786E-06
-0.117978333714112,-3.04509186944522E-06
-0.11597877016203,-3.0087058961259E-06
-0.113976415549007,-2.97228980076438E-06
-0.111974170187717,-2.9359165656221E-06
-0.109972493063533,-2.90416301771209E-06
-0.107971348673609,-2.86273190204712E-06
-0.10596894990114,-2.82555443835045E-06
-0.103968497269149,-2.79023761769591E-06
-0.101967207481547,-2.75146458492841E-06
-0.0999618226298097,-2.71274595166994E-06
-0.0979592976541633,-2.67421281624146E-06
-0.0959588901011028,-2.63545655290938E-06
-0.0939607345393638,-2.59497709895855E-06
-0.0919596759218084,-2.55590969441253E-06
-0.089958291986404,-2.51169623118647E-06
-0.087956521592624,-2.47019624694194E-06
-0.0859541866390909,-2.42945511336934E-06
-0.0839548286313139,-2.38678583940233E-06
-0.0819524437916768,-2.34526669544092E-06
-0.0799503140232816,-2.30518106096611E-06
-0.077949504371689,-2.25821871411937E-06
-0.0759489970323768,-2.21456908007464E-06
-0.0739475083823467,-2.16891274854835E-06
-0.0719454603275556,-2.12313457261209E-06
-0.0699462573449229,-2.08082018425762E-06
-0.0679446932586908,-2.03133306328273E-06
-0.065941633408526,-1.98703195390554E-06
-0.063937542212198,-1.94227197043283E-06
-0.0619360997875483,-1.89292184480556E-06
-0.0599382834949931,-1.84446845687022E-06
-0.0579341827008076,-1.79636996204046E-06
-0.0559333046687213,-1.7471939972656E-06
-0.0539332533585336,-1.69999794233527E-06
-0.0519343924831116,-1.64823128711257E-06
-0.0499344415712131,-1.59818319180661E-06
-0.0479322291110536,-1.54943695318096E-06
-0.045927895390425,-1.50096123597056E-06
-0.043927426489183,-1.4473104919669E-06
-0.0419258557848622,-1.39380225069918E-06
-0.0399232853668816,-1.34297681188544E-06
-0.0379226680543222,-1.29125193788345E-06
-0.0359222370614088,-1.23825247439308E-06
-0.0339196598105134,-1.18569103934613E-06
-0.0319189768028855,-1.12929503086269E-06
-0.0299155260977108,-1.07660579818125E-06
-0.0279168853430612,-1.02211468666562E-06
-0.0259150148563082,-9.68026247659057E-07
-0.0239156079383494,-9.13367097109033E-07
-0.0219114035501908,-8.55766708971872E-07
-0.0199066471589881,-7.99257533024931E-07
-0.0179076143227545,-7.38790912684304E-07
-0.015908380357829,-6.8116669666302E-07
-0.0139064097378129,-6.22682144163972E-07
-0.0119056320039376,-5.63348058285254E-07
-0.00990243229865539,-5.02835719128596E-07
-0.00791155197766897,-4.41386850462819E-07
-0.00590158943686813,-3.7652251499127E-07
-0.00390513084558254,-3.18173132346675E-07
-0.00191903052162818,-2.4774660911324E-07
1.88738913315258E-05,-1.84030691486421E-07
0.00201076604441857,-1.16887559363709E-07
0.00400866738578951,-4.76520894028856E-08
0.00601014767057882,2.831910370861E-08
0.00800943750248838,1.08030166520237E-07
0.0100090576414517,1.88856377974874E-07
0.0120105534843621,2.72131179190138E-07
0.0140088600927592,3.5753560223209E-07
0.0160098559948491,4.38415234650875E-07
0.0180108899895242,5.22047595559222E-07
0.0200094275684523,5.96122788838089E-07
0.0220119942890514,6.70351449051454E-07
0.0240121299346574,7.3875351160277E-07
0.0260141105149531,8.100314199347E-07
0.0280146089839441,8.72348459057124E-07
0.0300145245615604,9.3621304057639E-07
0.0320164413225759,9.9591061221041E-07
0.0340158958394603,1.0570192516603E-06
0.0360198316784253,1.1167933347801E-06
0.0380228895647329,1.17526914664178E-06
0.0400214513118661,1.23402647970925E-06
0.0420187591835184,1.29087876969452E-06
0.0440194865521344,1.3488528884532E-06
0.0460214035216742,1.40358711182431E-06
0.0480231786155349,1.46054992422808E-06
0.0500274564543234,1.51290591495839E-06
0.0520289727427,1.56377927179696E-06
0.0540290087258713,1.61900378760261E-06
0.0560298059449229,1.67264162858222E-06
0.0580313210373201,1.72196800125582E-06
0.0600285303983795,1.77902775118692E-06
0.0620295604188258,1.82576203970625E-06
0.0640320473607519,1.87602170863992E-06
0.0660333642646646,1.92555095551561E-06
0.0680330339845695,1.97657454791288E-06
0.0700335978817411,2.0266029290166E-06
0.0720353848846328,2.07158357518098E-06
0.074037927762643,2.11860314641485E-06
0.0760373501582996,2.16495558934458E-06
0.0780377603524137,2.21476921227633E-06
0.0800393102606771,2.25878276854625E-06
0.0820396638593607,2.30708652785955E-06
0.0840407777324656,2.35023115312873E-06
0.0860424649038963,2.39599879384327E-06
0.0880444635700365,2.43618192033076E-06
0.0900458301024094,2.48048874690153E-06
0.0920495099475557,2.52523172116135E-06
0.0940509753064375,2.56833328389906E-06
0.0960485487719614,2.60909303768929E-06
0.0980524334350801,2.64891499189922E-06
0.100050210569384,2.69030144901408E-06
0.102051896400685,2.72908542162775E-06
0.10405367515578,2.76852611470562E-06
0.106052535362957,2.80954452842036E-06
0.10805140026661,2.84595621787123E-06
0.110053779618491,2.88454496668209E-06
0.112054020624973,2.92478711588757E-06
0.114056423021074,2.9569738817059E-06
0.116056977979649,2.99748829820621E-06
0.118056824281438,3.0286777396922E-06
0.120057693015722,3.06576080600391E-06
0.122058669413255,3.10028637605855E-06
0.124060184885178,3.13086552398917E-06
0.126062963250362,3.16415791861692E-06
0.128063150204215,3.19818554583774E-06
0.130064501554778,3.23257243460956E-06
0.13206289827545,3.26283567574941E-06
0.134065748134201,3.29716098667477E-06
0.136068560322538,3.33049000730806E-06
0.13806959585525,3.35813315529022E-06
0.140068058053912,3.38590378994549E-06
0.142071169587239,3.41715728198289E-06
0.144071336093634,3.44394899522514E-06
0.146071812774588,3.47363822413506E-06
0.148074249215454,3.4982032440851E-06
0.150073388225645,3.52935692875882E-06
0.152071025458116,3.55486228093848E-06
0.154072747970037,3.57747783528714E-06
0.156072845587813,3.60555334697046E-06
0.15807509002346,3.6315733664611E-06
0.160075718361287,3.65307839154869E-06
0.162078111568675,3.67817738089446E-06
0.164079462605149,3.69948770669242E-06
0.166080295936823,3.72569256462505E-06
0.168079851963518,3.74849718349327E-06
0.170082133060825,3.77072315942955E-06
0.172081810957812,3.79276053541508E-06
0.174080944819004,3.81356900700956E-06
0.176083849405924,3.83552533821689E-06
0.178085635995495,3.85251980478428E-06
0.180084804791488,3.87631504920232E-06
0.182086104300116,3.89135876136453E-06
0.184086574097821,3.91004857439426E-06
0.186086534817404,3.93266531264408E-06
0.188092271416569,3.94719877839205E-06
0.190090020138334,3.96606231018452E-06
0.192090575188855,3.98777585173733E-06
0.19409212326304,4.00352167723229E-06
0.19609299654413,4.01842945056627E-06
0.198094823659581,4.03261375538834E-06
0.200094127593726,4.04583484422037E-06
0.202094148127851,4.06527866741475E-06
0.204096423872926,4.07800139380242E-06
0.206098683425632,4.09271126082337E-06
0.208097272448368,4.10795272943771E-06
0.210098686863138,4.12095681967722E-06
0.212002257348286,4.13649435349832E-06
0.214005509645332,4.14801955636876E-06
0.216002877048787,4.15906178750992E-06
0.218003386180228,4.17350358334143E-06
0.220004954946221,4.18414845828918E-06
0.222004040776213,4.19821449288389E-06
0.224005844239697,4.20988365214104E-06

0.239766104064115,4.29515272455882E-06

-0.174050072200497,-3.80356259901341E-06
-0.171927578518829,-3.78197218318132E-06
-0.169989722166115,-3.76551568729586E-06
-0.167994862711621,-3.74195445068322E-06
-0.165987305464343,-3.71760680397797E-06
-0.163979761711379,-3.6971564549916E-06
-0.161969779582234,-3.67146653411958E-06
-0.159958659885096,-3.65005918837079E-06
-0.15795284469206,-3.62705033905928E-06
-0.155946671461569,-3.5976573551892E-06
-0.153943388374588,-3.57533375985847E-06
-0.151937251258636,-3.55131478809321E-06
-0.149933898262708,-3.52267630892876E-06
-0.147926410916791,-3.49358578932614E-06
-0.145923509156099,-3.4708814723626E-06
-0.143922026747198,-3.44332791123031E-06
-0.141916228561659,-3.41423631262916E-06
-0.139913478780699,-3.38635431633432E-06
-0.137912518520341,-3.35698520530663E-06
-0.135911110341468,-3.32918545267724E-06
-0.133910925378024,-3.29891121174686E-06
-0.131905307231603,-3.26500237926657E-06
-0.129903714889677,-3.2365345317302E-06
-0.127899850746112,-3.2067584434389E-06
-0.125999436645335,-3.17511360463043E-06
-0.123998670269684,-3.14225262958013E-06
-0.121998774210732,-3.10582253720995E-06
-0.119996777422994,-3.07541827695714E-06
-0.117993297307608,-3.04255114262358E-06
-0.115990051079672,-3.0051199793984E-06
-0.113992693906655,-2.97441421398793E-06
-0.111988049175769,-2.93517557837022E-06
-0.10998769282993,-2.90013941722126E-06
-0.1079854055535,-2.86521580161304E-06
-0.105981597163297,-2.8262208248431E-06
-0.103980222845192,-2.79061510233314E-06
-0.101981958988879,-2.75485751078059E-06
-0.0999767751975689,-2.71146910677491E-06
-0.0979769056861837,-2.67485273729803E-06
-0.0959743034243301,-2.63372086389103E-06
-0.0939765923234599,-2.59497242329827E-06
-0.0919709103701986,-2.55564727297927E-06
-0.0899724379110094,-2.51583713530181E-06
-0.087970802956023,-2.47226156251704E-06
-0.0859704205634852,-2.43176940036135E-06
-0.0839667101836064,-2.38755691872422E-06
-0.0819668526621267,-2.34616650528143E-06
-0.0799644491233103,-2.30036103967411E-06
-0.0779626725229804,-2.25857661942916E-06
-0.0759617889896866,-2.21439883059188E-06
-0.0739616787810781,-2.16993646338631E-06
-0.0719605313481151,-2.12380848961529E-06
-0.0699611525507225,-2.07931201406742E-06
-0.0679565296569524,-2.03446518619944E-06
-0.0659567990815824,-1.98955562655602E-06
-0.063952444190368,-1.93848695599809E-06
-0.0619520153880777,-1.89258234241507E-06
-0.0599507533715344,-1.84570191703283E-06
-0.0579498926299169,-1.79715298527659E-06
-0.0559441570984703,-1.74785936470409E-06
-0.0539467031421853,-1.69648993079999E-06
-0.0519467231960173,-1.65356816368478E-06
-0.0499470500159463,-1.59784451365111E-06
-0.0479457522623669,-1.54996950639112E-06
-0.045941410399593,-1.50001524649172E-06
-0.0439415232708069,-1.44604684232469E-06
-0.0419413805966903,-1.39697606492006E-06
-0.0399375999256475,-1.34407659611951E-06
-0.0379400941090786,-1.29142838411469E-06
-0.0359341061901352,-1.23883364622781E-06
-0.0339359547160068,-1.18598777143392E-06
-0.031934532058705,-1.1330638715591E-06
-0.0299322040200605,-1.07561604557122E-06
-0.0279301538929786,-1.02156947020887E-06
-0.0259318559570691,-9.70151234100582E-07
-0.0239273025282382,-9.107846752367E-07
-0.0219259578960646,-8.55161630576043E-07
-0.0199244051229371,-7.9674454171055E-07
-0.0179256045879347,-7.44536257636144E-07
-0.0159203906676458,-6.84411185287378E-07
-0.0139195664103175,-6.2365038049437E-07
-0.0119214320435918,-5.6429306055537E-07
-0.00992113772656397,-5.05144200883746E-07
-0.00792687968648934,-4.40795538664507E-07
-0.00591302811616333,-3.79464736040606E-07
-0.00391791270962649,-3.13534288207403E-07
-0.00193507893087181,-2.51365985097987E-07
7.04018455864761E-06,-1.85228745604939E-07
0.00209662769545403,-1.16004887522787E-07
0.00409284581211911,-4.4527064097737E-08
0.00609566473932676,2.9161750262522E-08
0.00809438069678739,1.07289835143984E-07
0.0100940380438597,1.91930859703816E-07
0.0120964282122713,2.7885712774368E-07
0.014095954226065,3.61435641468934E-07
0.0160955287439371,4.42702702732716E-07
0.01809388903937,5.24331636873794E-07
0.0200965066370077,6.0336076340413E-07
0.0220944455097196,6.7281493006887E-07
0.0240978172975865,7.41271365903565E-07
0.026099093303988,8.11581255203411E-07
0.0280017842321659,8.71619037320701E-07
0.0300994421027207,9.41365067467033E-07
0.0320004809268685,1.00066684146106E-06
0.0340020922034259,1.05693229112282E-06
0.036002046923437,1.11791655351342E-06
0.0380049006813476,1.17490773458677E-06
0.0400080252379557,1.23339088213982E-06
0.0420057656061538,1.2927610601446E-06
0.0440087973406961,1.34642138775322E-06
0.0460091410542709,1.40193273733379E-06
0.0480126600847309,1.45809491784492E-06
0.0500110543416477,1.5131580109752E-06
0.0520123595514174,1.56716874335525E-06
0.0540137586791654,1.61915814433624E-06
0.0560163849732828,1.67360855362968E-06
0.0580163869303949,1.72360684266339E-06
0.06001713809492,1.77755179359856E-06
0.0620152724116351,1.82827584401605E-06
0.0640164129802423,1.87735292307179E-06
0.0660169381731007,1.92808747124578E-06
0.0680170736416464,1.97581480556856E-06
0.0700209130114797,2.02471973940109E-06
0.0720209472705133,2.07585975873657E-06
0.0740218586515267,2.11967982209715E-06
0.0760223928676842,2.1654078845463E-06
0.0780234970389169,2.2149214934364E-06
0.0800254954565079,2.25998879666994E-06
0.0820258752636621,2.30598500523897E-06
0.0840267872807286,2.35101601216097E-06
0.0860269411133967,2.39490176704988E-06
0.0880308951637462,2.43663323394354E-06
0.0900320156501374,2.48239287208567E-06
0.0920361843307767,2.5258006456135E-06
0.0940338582909462,2.56414052041704E-06
0.0960360263833566,2.60738619689543E-06
0.0980362832163424,2.6496196228952E-06
0.100037085194929,2.6887267705536E-06
0.102037153250869,2.73089857374864E-06
0.104038504516219,2.77005859233484E-06
0.106036946755494,2.81020481557412E-06
0.108038392487151,2.84665813638479E-06
0.11003819379669,2.88541891053015E-06
0.112040721370349,2.92119415569748E-06
0.114040924981808,2.95815937139236E-06
0.116044383970428,2.9959673298946E-06
0.118043845494929,3.0303126022927E-06
0.120043801803219,3.0617394084684E-06
0.122044989494781,3.09834227547761E-06
0.124045479164513,3.1339148037968E-06
0.126047194577774,3.16725146733631E-06
0.128048468074712,3.2030509599983E-06
0.130049125070926,3.22873524610024E-06
0.132053227467932,3.26440395514918E-06
0.134053475301316,3.29558038870849E-06
0.136052752631015,3.32563162162401E-06
0.13805302092174,3.35792802568149E-06
0.14005302748028,3.38499092722002E-06
0.142057879212518,3.41649333822302E-06
0.144055610627106,3.44756226156805E-06
0.146055656582072,3.47088187744124E-06
0.148059409529523,3.49812302354189E-06
0.150058214771565,3.5272406230103E-06
0.152058502547084,3.55146090293117E-06
0.154058860883216,3.57789570743865E-06
0.156058342945403,3.60269509486026E-06
0.158060624449889,3.63142860082548E-06
0.160062292778942,3.6541726758875E-06
0.162060954205332,3.6779377083468E-06
0.164065680335672,3.70490720158234E-06
0.16606694602773,3.72475998020429E-06
0.168065411132643,3.74909710667392E-06
0.170067174702304,3.77135091178052E-06
0.172068457280744,3.79333188012087E-06
0.174066742931034,3.81377897712557E-06
0.176066533325529,3.83607654161686E-06
0.178070072208486,3.85527977811204E-06
0.180072465857885,3.87394095272255E-06
0.18207054583377,3.89555203437363E-06
0.184072709912766,3.91306503466338E-06
0.186071871269212,3.93159873758687E-06
0.188072413147169,3.94948908763903E-06
0.190073258934414,3.96569640979536E-06
0.192076894450775,3.98200878444711E-06
0.194078007281231,4.00254593287048E-06
0.196080076684302,4.01553626587878E-06
0.198080770971588,4.03560235651495E-06
0.200081624571852,4.05015427014051E-06
0.202079843249123,4.0639168064275E-06
0.204081278607181,4.08039338367443E-06
0.206081555561944,4.09160133100593E-06
0.208082573463744,4.10770369058339E-06
0.210083674784768,4.11888482779874E-06
0.212090437541844,4.12980791951929E-06
0.214088348511235,4.145249497402E-06
0.216087755689986,4.1540707449515E-06
0.218088440321645,4.16932639040759E-06
0.220087769858331,4.18393979196306E-06
0.222089117753821,4.19607390966852E-06

0.239764233713849,4.29412289539588E-06

-0.176047768136273,-3.82218974021206E-06
-0.173979912526375,-3.80255138257504E-06
-0.17194271070064,-3.78261923761704E-06
-0.1699499017625,-3.76309182200906E-06
-0.16794062137474,-3.73903498039275E-06
-0.165929259662876,-3.71441275853472E-06
-0.163919678062837,-3.69444187453241E-06
-0.161908854847977,-3.66921346530784E-06
-0.15990501937978,-3.64986747131319E-06
-0.157999326473172,-3.62645164473807E-06
-0.155995264769971,-3.60234672774297E-06
-0.153989988520317,-3.57838500284397E-06
-0.151986632887251,-3.55033090628418E-06
-0.149982281467378,-3.52566831189796E-06
-0.147978318823088,-3.49899206648412E-06
-0.145972664224845,-3.46904563130048E-06
-0.143970431095895,-3.44348620930578E-06
-0.141966532509759,-3.41435924353071E-06
-0.139964139599297,-3.38703691777705E-06
-0.137960935388442,-3.36116018029906E-06
-0.135960696890639,-3.32556001762872E-06
-0.13395864361858,-3.29536217578844E-06
-0.131958453752169,-3.26574942089907E-06
-0.129953578498044,-3.23188377833202E-06
-0.127953167928809,-3.2025174397311E-06
-0.125949532684839,-3.1703607360106E-06
-0.123949560438562,-3.14003677123146E-06
-0.121947710629797,-3.10608728148726E-06
-0.119947513293268,-3.07259181034519E-06
-0.117943916935624,-3.04006463547789E-06
-0.115941655723834,-3.00535260848346E-06
-0.113941589435524,-2.96891428874952E-06
-0.111940708347062,-2.93518884106044E-06
-0.109938542772996,-2.89775538496339E-06
-0.10793683819884,-2.86430097570969E-06
-0.105932143019235,-2.8221327841625E-06
-0.103934552013645,-2.78540356942307E-06
-0.10193086936246,-2.74816012196929E-06
-0.0999274630236251,-2.70797694303049E-06
-0.0979239076712769,-2.67205024843112E-06
-0.0959246317806576,-2.63131666035515E-06
-0.0939238918449043,-2.59315033946736E-06
-0.0919240220547844,-2.55179881492979E-06
-0.089923719800893,-2.50802092992133E-06
-0.0879216880069664,-2.46713813283387E-06
-0.0859189865725107,-2.42509372639539E-06
-0.0839192912374794,-2.38394611759322E-06
-0.0819180984984917,-2.34147587389605E-06
-0.0799158843560067,-2.29863430484492E-06
-0.077914190115372,-2.25443691420107E-06
-0.075913070921668,-2.21169529488149E-06
-0.0739110383700993,-2.16560890001896E-06
-0.0719119597771487,-2.12129290945375E-06
-0.0699102221550095,-2.07389553887476E-06
-0.0679095343883177,-2.02843240802905E-06
-0.0659054274104731,-1.98471730724735E-06
-0.0639031644639911,-1.93783862025162E-06
-0.0619020134663564,-1.89042984525765E-06
-0.0599028936224867,-1.84322112708072E-06
-0.0579978230896033,-1.7970721727828E-06
-0.0559998473873101,-1.74620687846099E-06
-0.0539011193954876,-1.69422625183608E-06
-0.051899805489038,-1.64716588097043E-06
-0.0499955961055876,-1.59768205693548E-06
-0.0479954340831901,-1.54863060409474E-06
-0.04599241462755,-1.49854153681696E-06
-0.0439919565268122,-1.44741438304029E-06
-0.041990473459452,-1.39445105101446E-06
-0.0399897468424567,-1.34233646372528E-06
-0.0379873402255185,-1.29278943585304E-06
-0.0359888580859258,-1.23837503813541E-06
-0.0339890460596906,-1.18668546386993E-06
-0.031984507536212,-1.13203939617704E-06
-0.0299824957228574,-1.07617129521565E-06
-0.0279819645337642,-1.02497291255016E-06
-0.0259793527452861,-9.69725127092265E-07
-0.0239805664854953,-9.14461654943989E-07
-0.0219759527438407,-8.56871123907949E-07
-0.019974841730759,-7.9920443730578E-07
-0.0179748077291955,-7.41930989468625E-07
-0.0159716762240563,-6.84032179561953E-07
-0.0139683403167834,-6.22587748652269E-07
-0.0119703186164696,-5.66608829297096E-07
-0.00996912260163698,-5.03968193646142E-07
-0.00797797856464273,-4.4588189650595E-07
-0.0059666686671976,-3.84063412773799E-07
-0.0039731768277057,-3.17525647997477E-07
-0.0019854798161646,-2.55660698954655E-07
5.53478325906186E-05,-1.86125438338603E-07
0.00204539137843328,-1.17440991944658E-07
0.0040414402117558,-4.42881678412758E-08
0.00604787978424882,3.07853714290962E-08
0.0080425751592155,1.0621781194036E-07
0.0100415878192397,1.89920508426039E-07
0.0120424145230225,2.7599179189576E-07
0.0140438289266943,3.5725292241417E-07
0.0160435764873887,4.39208603909336E-07
0.0180454504231276,5.21726085843813E-07
0.0200448609732993,5.98036726165079E-07
0.0220454861681758,6.71117781529132E-07
0.0240462950310451,7.41575916984148E-07
0.0260479611302923,8.09297588541105E-07
0.0280470469781475,8.73148794974472E-07
0.0300502518495154,9.38976936513373E-07
0.0320503422214473,1.00034469296354E-06
0.0340511085916759,1.05701689135103E-06
0.0360527149953304,1.1194921760976E-06
0.0380547881054759,1.17773518653418E-06
0.0400566100826648,1.23553410290714E-06
0.0420552033509776,1.2935701516854E-06
0.0440561243950889,1.35040827981502E-06
0.0460583531124873,1.4038617394284E-06
0.048060204873375,1.46260772427872E-06
0.0500618601368906,1.5118759958789E-06
0.0520616398817407,1.5661053678284E-06
0.054063591805897,1.61986198106941E-06
0.056063522822718,1.67119615270223E-06
0.0580637911797113,1.72563788504919E-06
0.060064259661158,1.77911374137503E-06
0.0620651819874631,1.8276839234078E-06
0.0640670608822642,1.87966156780068E-06
0.0660676104917105,1.9299518158523E-06
0.0680685295432922,1.97617715425424E-06
0.0700682042797999,2.02763784595732E-06
0.0720690513693214,2.07280203426686E-06
0.0740712267014987,2.11996271453023E-06
0.0760694495862478,2.17230783285178E-06
0.0780724908472365,2.21646374199673E-06
0.0800725843719324,2.26297714303301E-06
0.0820746737215514,2.30906064558005E-06
0.0840749051687895,2.35443203907188E-06
0.0860787312401736,2.39291991650661E-06
0.0880772957909376,2.43751261774251E-06
0.0900801108038227,2.48293618530891E-06
0.0920834607072369,2.52413753423214E-06
0.0940850970799055,2.56847792964595E-06
0.0960827429204844,2.60915284717705E-06
0.0980868423457185,2.65156060636927E-06
0.100084279704336,2.68698093595188E-06
0.102085770226273,2.7286543317443E-06
0.104085993773686,2.76817121410699E-06
0.106086571460019,2.80612618615844E-06
0.108086220827646,2.84668590561076E-06
0.110088549006853,2.88529867712492E-06
0.112092094287132,2.91939898688536E-06
0.114090891716757,2.95908931826117E-06
0.116090199422523,2.99508805099826E-06
0.118090999258347,3.03263174477808E-06
0.120091841009306,3.06572376038784E-06
0.122092227715209,3.10022422874064E-06
0.124093536822271,3.13316990517526E-06
0.126098143019386,3.16426025862992E-06
0.128098368424056,3.20196593706351E-06
0.130096234810551,3.23061677975274E-06
0.132099047849525,3.26399750239874E-06
0.1340016681896,3.2977337101009E-06
0.13600472303818,3.32371545511604E-06
0.138003927801749,3.35871343170603E-06
0.140001255938022,3.3848232628379E-06
0.142004932107435,3.41463248537561E-06
0.144006179165302,3.4426314930662E-06
0.146007052972232,3.46803272188806E-06
0.148008397109465,3.50051369463791E-06
0.150008356536121,3.52801885069743E-06
0.152006129060461,3.55333970911517E-06
0.154008103060608,3.58016054033154E-06
0.156009405746354,3.60492427584351E-06
0.158010886394724,3.62859831276042E-06
0.16000870078691,3.65539639509119E-06
0.162009487974678,3.67668977162062E-06
0.164011897388411,3.70234783206394E-06
0.166013574794904,3.7256042366068E-06
0.168012702838596,3.75192155016362E-06
0.170016598013736,3.7688039057869E-06
0.172015751693618,3.79332798373731E-06
0.174017739267197,3.81380171102508E-06
0.176015150936357,3.83459864332976E-06
0.178021294529507,3.85441535043153E-06
0.180019545398518,3.87374745232016E-06
0.182018156673223,3.89263530653774E-06
0.184018531304501,3.91389910052425E-06
0.186020674906281,3.92870420415123E-06
0.188021423019106,3.94818388906051E-06
0.190024506421109,3.96624316232641E-06
0.192024883652745,3.98500102719375E-06
0.194025700070777,4.00147696003878E-06
0.196027565614154,4.01899094941051E-06
0.198029904824966,4.03139306337496E-06
0.20003081285277,4.04978955365252E-06
0.202031059056909,4.06278427758538E-06
0.204030983344487,4.07975933716538E-06
0.206030879555645,4.09418163609296E-06
0.208029227971706,4.10636412889903E-06
0.210034029459842,4.12123472174212E-06
0.212040066735761,4.13596353118163E-06
0.214038517587852,4.14829147898349E-06
0.21603577777665,4.16028265935639E-06
0.218035520984084,4.17435907931192E-06
0.220037064127351,4.18384140827798E-06

0.2397648275181,4.29388502117909E-06

-0.178050610343027,-3.84237380135378E-06
-0.175915457390144,-3.81671924765567E-06
-0.173973536414043,-3.80030712558461E-06
-0.171980441690574,-3.78098109306269E-06
-0.169974973789745,-3.75632945350873E-06
-0.167961335545683,-3.73813223327846E-06
-0.165950467382409,-3.71348249695801E-06
-0.163942740186034,-3.69230662636531E-06
-0.161937276417861,-3.66846477520537E-06
-0.159930163098008,-3.64538438229713E-06
-0.157927074394529,-3.62405574349641E-06
-0.155923391013124,-3.5962611460822E-06
-0.153921920155251,-3.57265199893778E-06
-0.151914295047999,-3.545562272297E-06
-0.149910886080995,-3.5201106302662E-06
-0.147904758483866,-3.4923759322563E-06
-0.145901722088276,-3.46410446245172E-06
-0.143998660539174,-3.44233132121641E-06
-0.141994889933251,-3.41206151616886E-06
-0.139992341554249,-3.38529432017091E-06
-0.137991022703985,-3.35443337379183E-06
-0.135990772196766,-3.32672238377732E-06
-0.133990569324076,-3.29815603266714E-06
-0.13198580497798,-3.26304784836655E-06
-0.129983578851297,-3.23431705488374E-06
-0.127984251508352,-3.20500096464475E-06
-0.125983394075976,-3.17054750765829E-06
-0.123979008880335,-3.14034163327343E-06
-0.121978916306899,-3.10798248245442E-06
-0.119977830457246,-3.07508043052967E-06
-0.117977961764452,-3.04027069422424E-06
-0.115974684473675,-3.00761123713483E-06
-0.113974391751557,-2.97080004847958E-06
-0.111969968977479,-2.93849111605032E-06
-0.109969249042337,-2.901057779842E-06
-0.107965674376859,-2.86625508699918E-06
-0.105963994276009,-2.82742378831125E-06
-0.103961116806188,-2.78949734977639E-06
-0.101961573889366,-2.75244265213427E-06
-0.0999563231392943,-2.71124714778639E-06
-0.0979564628613229,-2.67375072013646E-06
-0.0959564219308274,-2.63477249781586E-06
-0.0939565140952875,-2.59323865249952E-06
-0.0919555332143482,-2.55485507825566E-06
-0.0899572817047198,-2.51324861783711E-06
-0.0879518391844897,-2.47335318682476E-06
-0.0859513072333351,-2.43230850998616E-06
-0.0839482187917723,-2.38768110096434E-06
-0.0819470016029121,-2.34581712705721E-06
-0.0799429462424873,-2.30246797911598E-06
-0.0779455767994986,-2.25840337272828E-06
-0.0759442318629477,-2.21387084813937E-06
-0.0739459056874493,-2.16836495448401E-06
-0.0719432618918121,-2.12602454278314E-06
-0.0699411055764191,-2.07865752653074E-06
-0.0679386835398508,-2.03189830115658E-06
-0.065934810886077,-1.98760736733494E-06
-0.0639316489866775,-1.93841668621906E-06
-0.0619346122005079,-1.89300159328692E-06
-0.059931542387638,-1.84497853843746E-06
-0.0579297793739882,-1.79736551052106E-06
-0.0559293598175051,-1.74790774729773E-06
-0.0539328117289787,-1.69924734150625E-06
-0.0519299493688041,-1.64844361004481E-06
-0.0499289032244978,-1.60076494305138E-06
-0.0479264526132375,-1.54805273294647E-06
-0.0459255179084639,-1.49918880105795E-06
-0.0439226665688247,-1.44482823337791E-06
-0.0419233650635781,-1.39572206632022E-06
-0.0399215270605779,-1.34234281782772E-06
-0.0379206190631245,-1.2918216715845E-06
-0.0359196011219269,-1.24142891117983E-06
-0.0339183046594834,-1.18487955003082E-06
-0.0319147960621397,-1.1303445779744E-06
-0.02991583964821,-1.07859884708075E-06
-0.0279142036065507,-1.02329055528189E-06
-0.0259106059223119,-9.68456262290509E-07
-0.0239087494185832,-9.11675497169355E-07
-0.0219082517047212,-8.51872337287183E-07
-0.0199090123808264,-8.01159084348004E-07
-0.0179075829238603,-7.41107837228271E-07
-0.0159040128049733,-6.86314879621413E-07
-0.0139022105938105,-6.27242934186756E-07
-0.0119009651563135,-5.64559887899281E-07
-0.00990433630793233,-5.03019572235135E-07
-0.0079078084607634,-4.41698025395467E-07
-0.00599434409800094,-3.83278984591668E-07
-0.00390479242542076,-3.15136161739244E-07
-0.0019133193405989,-2.52301370044433E-07
2.29487483131908E-05,-1.89219704517088E-07
0.00201189884691669,-1.19429425128238E-07
0.00401362117104199,-4.7361316305736E-08
0.00601418661313861,2.95967301414317E-08
0.00801348516656126,1.06214538650343E-07
0.010011459927403,1.87677637180673E-07
0.0120126957766038,2.72933063357976E-07
0.0140121721042095,3.56368947251678E-07
0.0160139165405101,4.40280017600554E-07
0.0180135171597387,5.1958458660366E-07
0.0200150812755479,5.96659433250994E-07
0.0220157040416763,6.70048138069871E-07
0.0240141193822964,7.38112964876909E-07
0.0260142674615933,8.07091452418744E-07
0.0280180532560307,8.75170268741399E-07
0.0300189210544634,9.34598409198258E-07
0.0320193409607307,9.99061160525567E-07
0.0340208614080136,1.05931459998027E-06
0.0360202577691422,1.11969321450359E-06
0.038024045944062,1.17791686665757E-06
0.0400241341224378,1.2343268758962E-06
0.0420243907456165,1.29052756691377E-06
0.0440257978183297,1.34696046740585E-06
0.0460254278549429,1.40205453678549E-06
0.0480284443739422,1.46114042865075E-06
0.0500291668479063,1.51459029160238E-06
0.0520296552846185,1.56958298007881E-06
0.0540320165608041,1.6202612180172E-06
0.0560336359045604,1.6737277754738E-06
0.0580337975984556,1.72417504029014E-06
0.0600336939468914,1.77593701235952E-06
0.0620339264593085,1.82838045442179E-06
0.0640346467115033,1.87805265361613E-06
0.0660359420898998,1.92821483803016E-06
0.0680385894823558,1.97752973135833E-06
0.0700366653366596,2.02537283323134E-06
0.0720400137843287,2.07550471577009E-06
0.0740384466367915,2.12227673177261E-06
0.0760397513046538,2.16706803617476E-06
0.0780398608366813,2.21369325592638E-06
0.0800399038897728,2.26051590992919E-06
0.0820429897194946,2.30888467141066E-06
0.0840465402054365,2.35010562214045E-06
0.0860452217304804,2.39687551761115E-06
0.0880470888481398,2.44024168225831E-06
0.0900482962806152,2.48590913346385E-06
0.0920524321664919,2.52470902130579E-06
0.0940534919200851,2.57040466134783E-06
0.0960527363901091,2.60715021092606E-06
0.0980542403522704,2.64902524456809E-06
0.100053174146747,2.68949650112733E-06
0.102052871735188,2.73218004934567E-06
0.104056503929582,2.77105366875358E-06
0.106054874544148,2.80758379327881E-06
0.10805748228319,2.84741761647253E-06
0.110056736880348,2.88624017826961E-06
0.112059522027671,2.92049821663408E-06
0.114059669063058,2.95664606097307E-06
0.116059584645433,2.99574919235919E-06
0.118060749622263,3.03031864168723E-06
0.120059809169516,3.06151293866659E-06
0.122059420092171,3.09783414210216E-06
0.124064386756314,3.13590754922796E-06
0.126067561382582,3.1677715596121E-06
0.128067831002835,3.20201182447306E-06
0.130067144509845,3.23009829098865E-06
0.132067101543873,3.26223405914052E-06
0.134068298943251,3.29310222881529E-06
0.136073312558714,3.3266378327081E-06
0.138071275592115,3.3589800042864E-06
0.140071485598135,3.3886306739851E-06
0.142074683872568,3.41604159750665E-06
0.144076669965103,3.44721762644152E-06
0.146075247156945,3.4733327176912E-06
0.148075494695665,3.49938431287482E-06
0.150074952363551,3.52788094869132E-06
0.152075640560873,3.55300709283334E-06
0.154074511834584,3.58056360622549E-06
0.15607577323105,3.60633500647235E-06
0.158079282972485,3.63146134543354E-06
0.160080067889203,3.65997759804269E-06
0.16207999096329,3.6809473049864E-06
0.164082939878949,3.70313960717701E-06
0.166081861907457,3.72713758342928E-06
0.168083064996325,3.74826178198144E-06
0.170085028236062,3.77097185360378E-06
0.172084736492997,3.7906113351976E-06
0.174084127175509,3.81298988452273E-06
0.176085338706783,3.83151293233577E-06
0.178086256287401,3.85713932716956E-06
0.180084988693386,3.87592098994884E-06
0.182084531683452,3.89199619473006E-06
0.184089903816394,3.91582481317196E-06
0.186089393234426,3.92846553567164E-06
0.188093448724336,3.94784644725749E-06
0.190092749931051,3.96555579530685E-06
0.192093043879965,3.98218972650554E-06
0.194093930633406,4.00128019266862E-06
0.1960979257819,4.01898619881977E-06
0.198097013114997,4.03014451221907E-06
0.200099744205482,4.04800307677297E-06
0.202099720423137,4.06359289706433E-06
0.204001476290636,4.07810945850206E-06
0.206098503287244,4.09289044950919E-06
0.208098635211778,4.10771446558257E-06
0.210000906395745,4.11959007322443E-06
0.212007585487941,4.1342902742169E-06
0.214006520234674,4.14730427026233E-06
0.216005522070131,4.16120712131602E-06
0.218004986863553,4.17433941756099E-06

0.239766010111002,4.29446496790091E-06

-0.180048149510432,-3.85994145591611E-06
-0.177941479036174,-3.84429317488515E-06
-0.175999068782744,-3.82147602764516E-06
-0.173906551774412,-3.79966182452149E-06
-0.17199987779027,-3.78089519279112E-06
-0.169989187373117,-3.75709290491048E-06
-0.167978189280308,-3.73899893884475E-06
-0.165968702062283,-3.71329776341865E-06
-0.163961818327244,-3.69206007520204E-06
-0.161955122179022,-3.67189275352357E-06
-0.159954438202198,-3.64614365257959E-06
-0.157949398823723,-3.62395876850385E-06
-0.15594419565438,-3.59926414884193E-06
-0.153939330107057,-3.57294673038247E-06
-0.151935119576648,-3.54923154166065E-06
-0.149934305243069,-3.52135775774348E-06
-0.147930301624253,-3.49396687062512E-06
-0.145925001528438,-3.46824317110478E-06
-0.143924008245176,-3.44069825694679E-06
-0.141920632920283,-3.41097695780289E-06
-0.139920323492816,-3.38483021592977E-06
-0.137917933920803,-3.35693278396156E-06
-0.135915826626883,-3.32636013999428E-06
-0.133914815418749,-3.29467852531937E-06
-0.131912261029177,-3.2633639499765E-06
-0.12990807134051,-3.23399480897663E-06
-0.127906295093841,-3.20680007479871E-06
-0.125906818848702,-3.17450353586641E-06
-0.123904528612537,-3.14030858894356E-06
-0.121903685009836,-3.1071531521982E-06
-0.119998878949807,-3.07749257669358E-06
-0.117900466073283,-3.0417733195609E-06
-0.115999215256619,-3.00736243805796E-06
-0.113997831819264,-2.96943626927273E-06
-0.111995345393502,-2.93650996985332E-06
-0.109993309918642,-2.89880026016134E-06
-0.107991352525444,-2.86261634430216E-06
-0.105987118536969,-2.82474162276611E-06
-0.103986148192916,-2.79009309183774E-06
-0.101987085656764,-2.74973345168161E-06
-0.0999844776992436,-2.71069930127073E-06
-0.0979819583473403,-2.6730495808996E-06
-0.0959799964587177,-2.63308122757018E-06
-0.0939776130317743,-2.59122543606854E-06
-0.0919790313288771,-2.55204996682289E-06
-0.0899773540211769,-2.51134146546266E-06
-0.0879759142618754,-2.4737919795588E-06
-0.0859776863035002,-2.42952338999831E-06
-0.0839764398500532,-2.3882433640992E-06
-0.0819748777439433,-2.34597790533068E-06
-0.0799723624510104,-2.3017583053005E-06
-0.0779699390618097,-2.2567241063412E-06
-0.075970203726227,-2.21521904181194E-06
-0.0739697035130376,-2.16810024767192E-06
-0.0719688402485652,-2.12090180995318E-06
-0.0699675407095559,-2.07784360946875E-06
-0.0679671339824034,-2.03321172709887E-06
-0.0659631613589146,-1.98534754728937E-06
-0.0639581138543029,-1.93657909927738E-06
-0.0619570390371147,-1.88999347277724E-06
-0.0599580245622527,-1.84503054017199E-06
-0.0579540270673568,-1.79269039723254E-06
-0.0559548956304874,-1.74529708788411E-06
-0.0539565056919116,-1.69445383810164E-06
-0.051954646397893,-1.64543148824892E-06
-0.0499523908723366,-1.59740247642843E-06
-0.0479511527359793,-1.54687183649679E-06
-0.0459524407608795,-1.49688600839746E-06
-0.0439492974568998,-1.44503909516631E-06
-0.0419486362515538,-1.39395385748518E-06
-0.03994737527806,-1.34123742879575E-06
-0.0379456249083291,-1.28922658271905E-06
-0.035942491427106,-1.23985757836409E-06
-0.0339427607246212,-1.18339441346194E-06
-0.031942399890343,-1.13021996863069E-06
-0.0299394554397654,-1.07621777457579E-06
-0.0279391584887029,-1.02239510264722E-06
-0.0259373152995166,-9.68457491149942E-07
-0.0239341679233844,-9.12018030496675E-07
-0.0219318759377736,-8.54962124497826E-07
-0.0199313706778583,-7.95808862662076E-07
-0.0179306781016122,-7.389626233109E-07
-0.0159272088231187,-6.79684231364797E-07
-0.0139277766304991,-6.24531866092554E-07
-0.0119290063234122,-5.62386550709555E-07
-0.00992688079414207,-5.04930000943653E-07
-0.0079333350993066,-4.39734092596828E-07
-0.00591846178526101,-3.79820069362597E-07
-0.00393146354542541,-3.14999635643588E-07
-0.00193997830256121,-2.5275636836225E-07
9.82706836609171E-05,-1.83636746501886E-07
0.00208831542592738,-1.13311694556515E-07
0.00408785728247366,-4.48590840970763E-08
0.00609076921634384,3.09532460225468E-08
0.00808490247871444,1.10139479384211E-07
0.0100864135416738,1.92377063059687E-07
0.0120888152823139,2.75849547669893E-07
0.014086589835153,3.59856718198284E-07
0.0160859549723891,4.41466930965625E-07
0.0180886335913489,5.22585200955189E-07
0.0200881572005491,5.98358779126273E-07
0.0220898844864094,6.70945685010702E-07
0.024091333447653,7.44933561832434E-07
0.0260931546598156,8.09788173204417E-07
0.0280928843916067,8.73017119689032E-07
0.0300917241304044,9.3879880809346E-07
0.0320921766360783,1.00245913294378E-06
0.034094227122798,1.05812114893315E-06
0.0360973508673322,1.12048560404637E-06
0.038097901806813,1.1777082752619E-06
0.0400992171737607,1.23480308515206E-06
0.042099725002887,1.29248880783587E-06
0.0440992236267814,1.34765788259918E-06
0.0460996661064651,1.40481830159418E-06
0.0480051171049908,1.45788500018023E-06
0.0500031966678186,1.50920664344127E-06
0.052003699916144,1.56744762700908E-06
0.0540057888949083,1.61875180398148E-06
0.0560065414111338,1.67180538224516E-06
0.058006904283216,1.72596674731532E-06
0.0600086763187597,1.77450330805373E-06
0.0620094823263308,1.82483828209288E-06
0.0640118281701584,1.87674592645636E-06
0.0660113691931274,1.92653074612189E-06
0.068010645273652,1.97393594693325E-06
0.0700143153586036,2.01913802757299E-06
0.0720130933486569,2.07373284283588E-06
0.0740098625773151,2.11986684101533E-06
0.076013020785798,2.16715720341409E-06
0.0780140868769376,2.21142094497426E-06
0.0800177323186589,2.25686974162427E-06
0.082021099799276,2.30214430998445E-06
0.0840188259346548,2.34782229641171E-06
0.0860202558634134,2.39070895860959E-06
0.0880194354189271,2.43577182596029E-06
0.0900236892592439,2.4777619602715E-06
0.0920255118212716,2.52044835584707E-06
0.0940255808767085,2.5657067467224E-06
0.0960265937459042,2.60684978476693E-06
0.0980287089921865,2.6479581599838E-06
0.1000304849726,2.68869056415861E-06
0.102030148369134,2.72456546682871E-06
0.104030271022301,2.76470547084037E-06
0.106030352150131,2.80305722961379E-06
0.108030825896894,2.84570914219478E-06
0.110030356605328,2.88161113971677E-06
0.112032920418955,2.91997365850327E-06
0.114031988122492,2.95751550899395E-06
0.116033866836615,2.99057866139312E-06
0.118037097353675,3.02644268416142E-06
0.120037590875534,3.06125260029993E-06
0.122036043786607,3.09344612484514E-06
0.124039433073847,3.12966668169594E-06
0.126041438570269,3.16420025432298E-06
0.12804252959971,3.19716346448365E-06
0.130041402650125,3.22700387307599E-06
0.132041460578159,3.25714148581798E-06
0.134043715988682,3.28921702487155E-06
0.136046691829204,3.32016605949144E-06
0.138046625827392,3.35507435931503E-06
0.140046156996242,3.38174033925677E-06
0.14204804830271,3.40927371412497E-06
0.144049141811098,3.43846603424133E-06
0.1460491729834,3.4717723359612E-06
0.148049232133888,3.4981199663794E-06
0.15005275908913,3.52482051923225E-06
0.152049529824518,3.55019610685303E-06
0.154051006727734,3.57764908134492E-06
0.156050860261848,3.60454337437762E-06
0.158054825741496,3.6304579367484E-06
0.160053075954018,3.65562719587319E-06
0.162052683639161,3.67667913149627E-06
0.16405762510596,3.70057869409128E-06
0.166058115895821,3.72858801221223E-06
0.168055349700745,3.74589116227469E-06
0.170056703052564,3.77130677774358E-06
0.172060162059876,3.79264365889415E-06
0.174058657645915,3.81315735408567E-06
0.176059418597422,3.83272831927307E-06
0.178061358329261,3.85309609489999E-06
0.180063690631302,3.87320051995603E-06
0.182062240474086,3.89408297788001E-06
0.184064216871968,3.91357421706518E-06
0.186064989324391,3.93097138986035E-06
0.188064877325689,3.94649396756299E-06
0.190066266179994,3.96774972900491E-06
0.192068660573579,3.98330788368673E-06
0.194067318201061,4.0010037742267E-06
0.196073076263066,4.01823782342521E-06
0.19807298629097,4.03334284368424E-06
0.200072928636361,4.04966435985128E-06
0.2020709858857,4.06306445753605E-06
0.204071656236565,4.07987630360286E-06
0.206073581583399,4.09637113390818E-06
0.208076249923882,4.10692162645706E-06
0.210076540271728,4.11960649797977E-06
0.212082516351865,4.13710971235233E-06
0.214080735655171,4.14615984246424E-06
0.216079105847377,4.159888944783E-06

0.239767729303451,4.29570100567111E-06

-0.182046471537433,-3.8828579159788E-06
-0.179921300579605,-3.86459642040576E-06
-0.177980530171062,-3.8495510298014E-06
-0.17598842636516,-3.82439178138516E-06
-0.173981830817962,-3.80616229610173E-06
-0.17197157414494,-3.78195190700068E-06
-0.169961548871519,-3.76012027505359E-06
-0.167950786063896,-3.74178253025136E-06
-0.165946932115817,-3.71837328257003E-06
-0.163939103574873,-3.69581401597783E-06
-0.161931447161248,-3.67281736534411E-06
-0.159926447427586,-3.64716032395495E-06
-0.157925613960121,-3.62580841175546E-06
-0.155921201863671,-3.60279828862625E-06
-0.153918881940686,-3.57797789070555E-06
-0.151914684421658,-3.54972925970311E-06
-0.149912418463079,-3.52596075047078E-06
-0.147906671708696,-3.50069764844637E-06
-0.145904558985391,-3.47395717264804E-06
-0.143902615832747,-3.44659279592403E-06
-0.141900662957218,-3.41806396998483E-06
-0.139996955022648,-3.38811314387663E-06
-0.137997761822216,-3.35918111716865E-06
-0.135997407188206,-3.33099878463122E-06
-0.133995446227808,-3.30275718210529E-06
-0.131987838244966,-3.26893457959057E-06
-0.129992063295619,-3.23890561600575E-06
-0.127988229749259,-3.20840898149021E-06
-0.125986146213901,-3.17607337381961E-06
-0.123984575893806,-3.14283257630195E-06
-0.121984192623688,-3.11094698594728E-06
-0.119981216689185,-3.07776981937049E-06
-0.117981412170711,-3.04136802073944E-06
-0.11597891883547,-3.00604450130239E-06
-0.113978173942766,-2.97292578047911E-06
-0.111975899456721,-2.93861100477547E-06
-0.109972862277316,-2.90207302753874E-06
-0.107971110595688,-2.86679048007351E-06
-0.105967171762567,-2.82595700970341E-06
-0.103967433374117,-2.79013846972021E-06
-0.101967794739344,-2.75421310888291E-06
-0.0999632894793402,-2.71508156386894E-06
-0.0979633553553979,-2.67425762465248E-06
-0.0959627176611916,-2.63387208853172E-06
-0.0939605658840802,-2.59090669690664E-06
-0.0919597070063646,-2.54976725552386E-06
-0.0899590727869781,-2.5101745585286E-06
-0.0879577172978468,-2.47190663943928E-06
-0.0859572287793064,-2.42906291988414E-06
-0.083956876948776,-2.3855151762697E-06
-0.0819529824997982,-2.34269993777983E-06
-0.079953222569556,-2.30097149807648E-06
-0.0779522725136234,-2.25760244860687E-06
-0.075949725724722,-2.21376982690234E-06
-0.0739487664248692,-2.16891463679577E-06
-0.0719477718360453,-2.12178853693657E-06
-0.0699447748275897,-2.07823147946679E-06
-0.0679451494206165,-2.0288913046037E-06
-0.0659438484873679,-1.98444381858614E-06
-0.0639400926185574,-1.93721940997231E-06
-0.0619388787527126,-1.88992460419769E-06
-0.0599377941972753,-1.84290417126361E-06
-0.0579355389353868,-1.79743551055045E-06
-0.055936103893156,-1.74550925346239E-06
-0.0539357840940991,-1.69829483307798E-06
-0.0519346184294766,-1.64918003403208E-06
-0.049932699315043,-1.59832005977246E-06
-0.0479316701396633,-1.54784133165881E-06
-0.0459326491749242,-1.49586884997416E-06
-0.0439289798236796,-1.4463604412575E-06
-0.0419283152375955,-1.39422652940444E-06
-0.0399267796058508,-1.34397646655487E-06
-0.0379254189045826,-1.29046188617081E-06
-0.0359219994288083,-1.24190175231182E-06
-0.0339244852289572,-1.18576937164193E-06
-0.0319230960328774,-1.1300058173954E-06
-0.0299212227996324,-1.07435184519017E-06
-0.0279182936072537,-1.02221150430422E-06
-0.0259178329579821,-9.65193531847315E-07
-0.0239145760021331,-9.11489339951379E-07
-0.0219143501348998,-8.54952967996442E-07
-0.0199126654681637,-7.971780443546E-07
-0.0179124253173746,-7.40937145655839E-07
-0.0159081805182718,-6.81895713774995E-07
-0.0139082579047868,-6.23622034303917E-07
-0.0119095553687881,-5.65550419786034E-07
-0.00990871288318111,-5.0254701958539E-07
-0.00791323408505782,-4.40805920278801E-07
-0.00590378450149033,-3.7941413925207E-07
-0.0039111753379725,-3.15427324621099E-07
-0.00191477628012867,-2.53097315973854E-07
1.84489576624294E-05,-1.87498933215341E-07
0.00200676713646764,-1.19733597341717E-07
0.00400583271148728,-4.86596863134501E-08
0.00600737625840021,2.69626797768544E-08
0.00800652971489536,1.06808140042316E-07
0.0100076399047513,1.89148118289534E-07
0.0120065108942989,2.73337843286046E-07
0.0140068707855054,3.54700304129605E-07
0.0160082823653114,4.40358921241054E-07
0.0180067283455023,5.18954762425655E-07
0.0200058403792732,5.96287343606402E-07
0.0220074339446082,6.68781551153893E-07
0.0240118500271608,7.40073434015348E-07
0.0260103359789906,8.0492788803338E-07
0.0280095076854657,8.73632632150472E-07
0.0300118652420049,9.35956355069322E-07
0.0320141887472812,9.98589334701219E-07
0.0340127337705436,1.0586083504865E-06
0.0360146110162302,1.11640615414223E-06
0.0380194385019604,1.17724915014938E-06
0.0400187939646609,1.23348453396678E-06
0.0420181299462076,1.29205469825515E-06
0.0440207506685343,1.34994790711045E-06
0.0460194239826224,1.4040951852554E-06
0.0480233942625349,1.4614156107402E-06
0.0500242138889113,1.51430658242736E-06
0.0520244341590636,1.56570320109989E-06
0.0540283614769375,1.62034927628582E-06
0.0560262437136883,1.67037321401366E-06
0.0580264335004888,1.72604241208698E-06
0.0600269590552611,1.77902663472317E-06
0.0620280050003905,1.82852937120451E-06
0.0640277291073721,1.88001586146263E-06
0.066026794979043,1.92506700219741E-06
0.0680301267708813,1.97604328350652E-06
0.0700311213202604,2.02604361064855E-06
0.072034028233888,2.07298976502435E-06
0.0740329049933575,2.11872838517436E-06
0.0760340012536936,2.16566542051401E-06
0.0780340916794424,2.21346235773479E-06
0.0800345364113761,2.26063415767742E-06
0.0820380592033941,2.3086396263495E-06
0.0840404661509851,2.35183278407323E-06
0.0860393671022487,2.39434405219353E-06
0.0880384081891236,2.44090991204011E-06
0.0900432715975257,2.47853764032322E-06
0.0920449353268348,2.52192408115102E-06
0.0940459273473451,2.5680433180312E-06
0.096047765500778,2.6095003446469E-06
0.0980481506583621,2.64906659119217E-06
0.100049561187351,2.68948580105861E-06
0.10204887579337,2.72860206026013E-06
0.104048442931325,2.76947949982019E-06
0.10604696381379,2.80663904015245E-06
0.108049203003911,2.84662420787558E-06
0.110051874342566,2.8854207538193E-06
0.11205340896028,2.91898459150688E-06
0.114052317041326,2.95713883360562E-06
0.116054792686478,2.9928675319754E-06
0.118054042070756,3.02634014932923E-06
0.120056469318807,3.06518162357271E-06
0.122055654235952,3.09929639491062E-06
0.124059338220922,3.13612610637391E-06
0.126059327886782,3.16630254807675E-06
0.128060297960497,3.19824439621569E-06
0.130059103052575,3.22994281029822E-06
0.132059399290405,3.25938024291315E-06
0.134063377676465,3.29002745766747E-06
0.136067085144543,3.32089760550621E-06
0.138064659384194,3.35561331907894E-06
0.140062211418446,3.38654682810892E-06
0.142067912132579,3.41518992298928E-06
0.1440700448544,3.44147720442046E-06
0.146070058804229,3.46548728943396E-06
0.148069556004769,3.49300381993628E-06
0.150069592505071,3.52047575183284E-06
0.152070149711459,3.54657428345235E-06
0.154068801013447,3.57656695072563E-06
0.156069389811786,3.60256101430727E-06
0.158072257771803,3.6292230079489E-06
0.16007375781699,3.65581799877927E-06
0.162073470607545,3.67748674690715E-06
0.164079127820075,3.70085718061371E-06
0.166077470105997,3.7229168858743E-06
0.168076528313416,3.74350660550365E-06
0.170077194218917,3.76714714850797E-06
0.172076822493767,3.78780781229043E-06
0.174077722778005,3.80957885547305E-06
0.176079303845279,3.83145932708954E-06
0.178081126593936,3.85161891594524E-06
0.180082093548726,3.87284993535151E-06
0.182082884750773,3.88878016469183E-06
0.184085196374427,3.90725185517224E-06
0.186083466900928,3.92652086561926E-06
0.188084611163945,3.94525195034262E-06
0.190083613984068,3.96194001130071E-06
0.192087801414591,3.98009643939225E-06
0.194086611380151,3.99979998652357E-06
0.196089472408499,4.01452278654073E-06
0.198091157830416,4.02995589728223E-06
0.200092330631618,4.04621559582536E-06
0.202093818968715,4.06291134464794E-06
0.204092714424448,4.0742789088309E-06
0.206093345159379,4.08811549139176E-06
0.208094086092611,4.10284974078217E-06
0.21009582402514,4.11872383222695E-06
0.21200137213286,4.1328074155338E-06
0.214001548460005,4.14368595360687E-06

0.239767722347203,4.29014531718941E-06

-0.184047402293168,-3.90054716768061E-06
-0.18192590924708,-3.87552703514381E-06
-0.179985782215846,-3.8556503387212E-06
-0.177991900535046,-3.83974417704244E-06
-0.175985205535902,-3.81942270843561E-06
-0.173974872358984,-3.79886305090409E-06
-0.171967255056884,-3.78108906784578E-06
-0.169956203844894,-3.75530635310049E-06
-0.16794715863226,-3.73544387847789E-06
-0.165940291046346,-3.71196014992606E-06
-0.163937018214087,-3.69403789448692E-06
-0.161932478066382,-3.66711548754818E-06
-0.159931049752629,-3.64556952046094E-06
-0.157924992399415,-3.6238970258104E-06
-0.155923917065188,-3.60312741314896E-06
-0.153919957209158,-3.56900777133159E-06
-0.151918655794631,-3.54718854786756E-06
-0.149914778569439,-3.51754967222219E-06
-0.14791037413128,-3.49416291866292E-06
-0.145904674649293,-3.4700314463152E-06
-0.143904021016974,-3.43887648782378E-06
-0.141999387908164,-3.41512104646249E-06
-0.139998076645489,-3.3836407399432E-06
-0.13799917134254,-3.36023393499464E-06
-0.135998552882947,-3.32991602459612E-06
-0.13399665574043,-3.29659881300227E-06
-0.131992226420128,-3.26913076250319E-06
-0.129989111069337,-3.23632078511935E-06
-0.12799115801314,-3.20402880195861E-06
-0.1259889034987,-3.17183439323405E-06
-0.123987940751372,-3.13866349084315E-06
-0.12198441915627,-3.11019736670719E-06
-0.119984003205653,-3.07147506185652E-06
-0.117981736886977,-3.03758233942367E-06
-0.11597997502653,-3.00047586483838E-06
-0.113977870533862,-2.96583235425037E-06
-0.111977889089099,-2.93171374647326E-06
-0.109976832242309,-2.89656445532603E-06
-0.107974767991484,-2.86259503408127E-06
-0.105969958684786,-2.82527620659155E-06
-0.103971231760542,-2.78760622502588E-06
-0.101969649309615,-2.74929596273745E-06
-0.0999649894370235,-2.71244231848741E-06
-0.0979642761651804,-2.67271909264264E-06
-0.0959642691355942,-2.63289049959455E-06
-0.0939624476805165,-2.5912317452127E-06
-0.0919610446492857,-2.55215651792736E-06
-0.089961306778236,-2.5145165460082E-06
-0.0879606838333733,-2.47026023005594E-06
-0.0859582662459887,-2.4289556794195E-06
-0.0839561932515489,-2.38401719662114E-06
-0.0819567619996498,-2.34391441805864E-06
-0.0799542399734984,-2.29698807529466E-06
-0.077953336864419,-2.25471181904784E-06
-0.075954789777037,-2.212918654419E-06
-0.0739521458921524,-2.1674075456041E-06
-0.0719509319791372,-2.12118234207698E-06
-0.0699484949713028,-2.07568134887327E-06
-0.0679492454498695,-2.02924993673889E-06
-0.0659434559522321,-1.9844838539273E-06
-0.0639422562589158,-1.93588611996688E-06
-0.0619419010325432,-1.88993304885976E-06
-0.059942119405402,-1.83867112516994E-06
-0.0579374052632598,-1.79318804783759E-06
-0.0559372764392044,-1.74453159088098E-06
-0.0539388406578785,-1.6939294223387E-06
-0.0519385162229518,-1.64520489106535E-06
-0.0499372543224962,-1.6007349708701E-06
-0.0479349382292374,-1.54588704053623E-06
-0.0459322695043279,-1.49659497851716E-06
-0.0439319252088345,-1.44494483265616E-06
-0.0419303375151831,-1.39429876985439E-06
-0.0399307283394684,-1.34210546063106E-06
-0.0379280664129092,-1.29012330542489E-06
-0.035926411983158,-1.24089000386723E-06
-0.0339264404177819,-1.18483796362929E-06
-0.0319258160161419,-1.13049350599669E-06
-0.0299232276556311,-1.07738115977855E-06
-0.0279204003974785,-1.02124247371102E-06
-0.025920704642803,-9.6731571588989E-07
-0.0239211569915252,-9.1076530196802E-07
-0.0219171856290744,-8.53009549282634E-07
-0.0199154879438219,-7.97605721155912E-07
-0.0179151200396296,-7.38806202243283E-07
-0.0159113025950445,-6.80674748265459E-07
-0.01390910903245,-6.22750164156142E-07
-0.0119107947165206,-5.61633400371859E-07
-0.00990994916305071,-5.00702795678813E-07
-0.00791620755017971,-4.43477428840226E-07
-0.00590562872071307,-3.78654734094792E-07
-0.00391896863694454,-3.15558348948227E-07
-0.00191684185965308,-2.47836515354165E-07
1.59244558502303E-05,-1.84785265971043E-07
0.00200393623938143,-1.18190455704055E-07
0.0040021041543324,-4.73766182165321E-08
0.006006019470714,2.57971923994062E-08
0.00800308111310899,1.06949437802896E-07
0.0100027353711393,1.86548199688059E-07
0.012003845294029,2.70519251864737E-07
0.0140031283736377,3.5961579431205E-07
0.0160053754208265,4.40168039658003E-07
0.0180075491001234,5.19937887437108E-07
0.0200043934488177,5.95765160770968E-07
0.0220046403054779,6.69139126769697E-07
0.0240082656852179,7.37379526868194E-07
0.0260078946443789,8.06586645955412E-07
0.028009586654851,8.72505741824952E-07
0.0300094874950688,9.37851728376528E-07
0.0320102746593421,9.97555395602917E-07
0.0340139032762421,1.05811703525127E-06
0.0360124100109239,1.11578774187225E-06
0.0380144653204795,1.17350153725036E-06
0.0400156535477378,1.23704100677268E-06
0.042017233156126,1.29145645351666E-06
0.0440148471448864,1.34679707405957E-06
0.0460199684525288,1.40345715244624E-06
0.0480207812962547,1.45935362957026E-06
0.0500223538137507,1.51392616800941E-06
0.0520173127017597,1.56592550476849E-06
0.0540219093755186,1.62118201587767E-06
0.0560231306209384,1.67402733243968E-06
0.0580237608469951,1.72423311139139E-06
0.0600250923115552,1.7744098922577E-06
0.0620266327382828,1.82692764285042E-06
0.0640257688679445,1.87650507000754E-06
0.0660274446740309,1.92728344500361E-06
0.0680270387226891,1.97727775523025E-06
0.070029604634385,2.02393893410637E-06
0.0720293254451071,2.07369515281791E-06
0.0740313648329146,2.12722938745985E-06
0.0760314174066415,2.1662881824968E-06
0.0780313315708025,2.21485727054495E-06
0.0800322113953737,2.26009503306651E-06
0.0820354331282042,2.30632742242409E-06
0.0840344236698147,2.35047915794279E-06
0.0860368367435739,2.39628978625834E-06
0.0880355227164096,2.4371095593416E-06
0.0900400888785707,2.48419745965576E-06
0.0920436097151302,2.52513027282074E-06
0.0940460875462368,2.56662855614398E-06
0.096041125710548,2.60708924750932E-06
0.0980433208520715,2.64652306197158E-06
0.1000449776087,2.68860415435996E-06
0.102046830042107,2.72913219321665E-06
0.104046222278176,2.76795066381099E-06
0.106047336502003,2.80882697941424E-06
0.108046260719822,2.84266462796397E-06
0.110048519873625,2.88596432929913E-06
0.112049616807174,2.91881691213867E-06
0.114052429608218,2.9587746852881E-06
0.116049759538425,2.99187982871326E-06
0.118050905833595,3.02672539676141E-06
0.120049572247326,3.06468738230328E-06
0.122053922671024,3.09557666737977E-06
0.124054427398102,3.13494996800801E-06
0.126057607708664,3.16981091178516E-06
0.128057759796015,3.20136187772185E-06
0.130057546215719,3.23266380480421E-06
0.13205873462526,3.26417180561902E-06
0.134060599614286,3.29532081463245E-06
0.136062738552988,3.32579865659032E-06
0.138063178594611,3.35257671750399E-06
0.140062477922525,3.38515348134523E-06
0.142067296770796,3.41522852715878E-06
0.14406441151251,3.44464617813406E-06
0.146065141062544,3.47149657690726E-06
0.148065992655872,3.50139151988346E-06
0.150067617503609,3.52735896816811E-06
0.152065851347717,3.55334846099211E-06
0.154067055827539,3.58000402560085E-06
0.156066783892473,3.60222186408992E-06
0.158069861212601,3.63015716590918E-06
0.16006987890642,3.65723425927555E-06
0.162069843394075,3.67511151148448E-06
0.164072927747382,3.70392378434212E-06
0.166075291292432,3.7268700667252E-06
0.168072174529993,3.75021466441149E-06
0.17007350030291,3.77031137163084E-06
0.172073960501688,3.79225893597515E-06
0.17407371151084,3.81389989989098E-06
0.176076912716746,3.83655467283885E-06
0.178078644336525,3.85462623469907E-06
0.180081084406476,3.87035322267809E-06
0.182080795774598,3.89387162904366E-06
0.184078535768574,3.91430457917879E-06
0.186080935620261,3.93078900913722E-06
0.188081155649821,3.95050387076697E-06
0.190084943397364,3.96817441982766E-06
0.19208435222349,3.98248107109374E-06
0.1940851415332,3.99807610654464E-06
0.196087677209101,4.01745866660046E-06
0.198089985088903,4.03484172249824E-06
0.200086596558431,4.05138449330754E-06
0.202088467709463,4.06472251860487E-06
0.204092704680297,4.07694451474587E-06
0.2060901736217,4.09604753925292E-06
0.2080907670339,4.10763409517844E-06
0.210093364292303,4.12270626592679E-06
0.212095448950382,4.13757396645439E-06

0.239766236870857,4.29318511080167E-06

-0.186049558328585,-3.91983883709668E-06
-0.183916588986125,-3.90106083092352E-06
-0.181975570785784,-3.8856271057523E-06
-0.179982075671759,-3.86514016073259E-06
-0.177974885516192,-3.84293348688105E-06
-0.175964578018772,-3.82681055140114E-06
-0.173953016966426,-3.8048370910922E-06
-0.171944371485773,-3.79062260428358E-06
-0.16993859346442,-3.76425778481941E-06
-0.167931673329283,-3.74320342144965E-06
-0.165926820354637,-3.7194096306824E-06
-0.163920974540919,-3.69754585357089E-06
-0.161920607013733,-3.67388519923292E-06
-0.1599166781661,-3.64986748629928E-06
-0.157914341547449,-3.62487404398992E-06
-0.155906830884341,-3.60339722272491E-06
-0.153908536986898,-3.57600912301941E-06
-0.151904702446598,-3.55178472192361E-06
-0.149900951015872,-3.52570364909969E-06
-0.147996297559703,-3.49872762192863E-06
-0.14599392949179,-3.47446869287998E-06
-0.143991193211773,-3.44404815773274E-06
-0.14198987877301,-3.41783262970356E-06
-0.13998581640956,-3.38868528284522E-06
-0.137985842413482,-3.36196809543175E-06
-0.135984504560651,-3.33222253380709E-06
-0.133982883930303,-3.30266545224446E-06
-0.131978822348571,-3.27453152477981E-06
-0.129977897631642,-3.24078918776657E-06
-0.127978033211643,-3.20808331875444E-06
-0.125977787916452,-3.17593682056167E-06
-0.123974214620526,-3.14121331422181E-06
-0.121973448558895,-3.11146472540684E-06
-0.119971757895178,-3.08110166191721E-06
-0.117970252205929,-3.04242827166639E-06
-0.115966605095332,-3.0086205203675E-06
-0.113967987472112,-2.97207314685194E-06
-0.111965607053424,-2.93876213949961E-06
-0.109965187122968,-2.90306942273346E-06
-0.107961894252412,-2.86442847736889E-06
-0.105959051667528,-2.82896497285914E-06
-0.103956605660122,-2.78978538243856E-06
-0.101957158350612,-2.75243622310138E-06
-0.0999529835120226,-2.71638500907485E-06
-0.0979521927880968,-2.67385503831343E-06
-0.0959511814297307,-2.63716210489945E-06
-0.0939512300261872,-2.59587544016219E-06
-0.0919505028573482,-2.55497319862212E-06
-0.0899502804946079,-2.51501969650852E-06
-0.087948253799167,-2.4708456392078E-06
-0.0859456035625119,-2.43184678853343E-06
-0.0839458537382663,-2.38824176808055E-06
-0.0819444066757836,-2.34481301402581E-06
-0.0799420874589387,-2.30314661673773E-06
-0.0779412823669082,-2.25640146330269E-06
-0.0759402491077079,-2.21564195678295E-06
-0.0739408711704464,-2.17103311552744E-06
-0.0719380400802063,-2.12447645714051E-06
-0.0699346966066463,-2.07816156186089E-06
-0.067934293196065,-2.03438511551713E-06
-0.0659354841001908,-1.98868790193557E-06
-0.0639317936067581,-1.93743940578296E-06
-0.0619303143950705,-1.89315705899126E-06
-0.0599276130617781,-1.84493725175774E-06
-0.0579257379999986,-1.7957466755445E-06
-0.0559253897972658,-1.74948579762861E-06
-0.0539273473450444,-1.69853710571237E-06
-0.0519271266553553,-1.64707021726081E-06
-0.0499265370163875,-1.59835664831276E-06
-0.0479215566403726,-1.54965558525736E-06
-0.0459217466222777,-1.49863896888528E-06
-0.0439189136383853,-1.44740083561435E-06
-0.0419190350426537,-1.39600842803329E-06
-0.0399165459124801,-1.34817070616682E-06
-0.0379155378646201,-1.29382192504707E-06
-0.0359140246511984,-1.23801017927955E-06
-0.0339147901322322,-1.18580964676053E-06
-0.0319143145517837,-1.13029791128813E-06
-0.029912510605464,-1.07992965688818E-06
-0.0279099371179269,-1.02425218649283E-06
-0.0259090412782855,-9.6771686356424E-07
-0.023906467855249,-9.13563508559532E-07
-0.021906031009451,-8.5672918689694E-07
-0.0199028697809222,-8.00019305984531E-07
-0.0179037403912058,-7.40525020670093E-07
-0.0159996406811672,-6.85426260644082E-07
-0.0139983480187962,-6.25072852725223E-07
-0.0119997547784454,-5.65254684273271E-07
-0.00999912921934271,-5.05775371936648E-07
-0.00790347222574542,-4.39346497968204E-07
-0.00599351701497654,-3.80509405179809E-07
-0.00390361782933199,-3.1607702503845E-07
-0.00190513220794673,-2.49444598747316E-07
2.76231420064647E-05,-1.8666387358934E-07
0.00201334292900529,-1.19375073387365E-07
0.00401647190435524,-4.60759297780915E-08
0.00601671260925861,2.66971756336769E-08
0.00801513753518273,1.05644526301674E-07
0.0100157153862644,1.88609311664738E-07
0.0120169512307313,2.71244848401523E-07
0.0140141838686982,3.55466082121929E-07
0.0160161285583254,4.37508171542485E-07
0.018017081316488,5.16892202417968E-07
0.0200191146886958,5.9726607020025E-07
0.022017639038285,6.70410306922457E-07
0.024020372923758,7.42663176592961E-07
0.0260183990947558,8.04835322697996E-07
0.0280187959157173,8.71938248544457E-07
0.0300200301567855,9.34760154074576E-07
0.032024197361146,9.97640718909997E-07
0.0340238101253038,1.05837265299938E-06
0.0360229557770805,1.11521417922505E-06
0.0380271014019063,1.1793962410746E-06
0.040028468416914,1.23394395880112E-06
0.0420269091725074,1.29051577660695E-06
0.0440273775856787,1.35060124071815E-06
0.046029438469595,1.40312188362636E-06
0.0480334534402397,1.46172926212433E-06
0.0500326370888727,1.51144549794603E-06
0.0520321637704486,1.56540308964866E-06
0.0540350919949433,1.61890573361152E-06
0.056036733393687,1.67501745595546E-06
0.0580366604291759,1.72602911193153E-06
0.0600381245011214,1.77815127468953E-06
0.0620355805531071,1.8308266414906E-06
0.0640367202386445,1.87919179881727E-06
0.0660391847388838,1.927615326967E-06
0.068039309395711,1.975495129776E-06
0.0700390147467875,2.02641497346775E-06
0.0720425321710896,2.0715529585978E-06
0.0740409484446376,2.12415820548074E-06
0.0760453411135966,2.16818891333141E-06
0.078043480400235,2.21639321745416E-06
0.0800464376977914,2.26165654624635E-06
0.0820445077826319,2.30578844767409E-06
0.0840468483486099,2.35310683406235E-06
0.0860475769195922,2.39731043644077E-06
0.088047582890851,2.4384158294256E-06
0.090049804423496,2.48223557058523E-06
0.0920550612547195,2.52299545175723E-06
0.0940566739812476,2.56722413335834E-06
0.0960548881005432,2.60922741796409E-06
0.0980574756753732,2.64808248459178E-06
0.100058231153656,2.69145200612325E-06
0.102055819047197,2.73379141375605E-06
0.104058764495918,2.76810113914714E-06
0.106057645298432,2.80367951204168E-06
0.108059913821222,2.84695325746784E-06
0.110060842316295,2.88003001723732E-06
0.1120587459687,2.92294965632766E-06
0.114061504721767,2.95553984770612E-06
0.116064881170982,2.9915470925427E-06
0.118063077186338,3.0280043846674E-06
0.120065105161588,3.06495416468892E-06
0.122064707928239,3.09815853102023E-06
0.124067025889689,3.13471384716383E-06
0.126067495493066,3.16585564786767E-06
0.128068368144269,3.19693410236635E-06
0.130070890861379,3.22953701693577E-06
0.132070339954873,3.26518957097899E-06
0.134072260042126,3.29508599757816E-06
0.136076547573273,3.32720074024486E-06
0.138073886356872,3.35601070524454E-06
0.140074432222119,3.38521329083299E-06
0.142076839452832,3.41638458416321E-06
0.14407777606305,3.44176564170708E-06
0.146074221143201,3.47415352086185E-06
0.148076961860042,3.49791225916307E-06
0.150079732514166,3.52672889297309E-06
0.152078814899667,3.5539374293405E-06
0.154077482177185,3.57929554317958E-06
0.156078492264857,3.60543549635364E-06
0.15808260017088,3.63079494395479E-06
0.160080306947754,3.65503896184325E-06
0.162080807264632,3.67898913246636E-06
0.164085119095266,3.70042125022297E-06
0.166087575438806,3.72618039184768E-06
0.168086322315875,3.74804700133033E-06
0.170085617091396,3.77003523792464E-06
0.172087483624729,3.79061129023933E-06
0.174086458446736,3.81182022014799E-06
0.176086894437112,3.83672681806207E-06
0.178088760145969,3.85452732650082E-06
0.180091091788906,3.87658503861136E-06
0.182090809845453,3.89429742883712E-06
0.184093780376063,3.9115411440641E-06
0.186091881724351,3.93033257777448E-06
0.188095247551673,3.94953864664079E-06
0.190096919790382,3.96869756926594E-06
0.192094744683365,3.98332693100794E-06
0.194095318773878,4.00233948448577E-06
0.196099000517746,4.01778361000389E-06
0.198000825376708,4.03238548725565E-06
0.200000377631756,4.04835423084893E-06
0.202000713280035,4.06334388818219E-06
0.204100277915986,4.07709869164641E-06
0.206003094699459,4.09274117306029E-06
0.208003264339537,4.10735479940712E-06
0.210002984783425,4.11877530944831E-06

0.239766178779766,4.28839560119022E-06

-0.188047422216719,-3.93397238402974E-06
-0.185931624053644,-3.91809968629139E-06
-0.183993502802774,-3.89947456821497E-06
-0.181900382234647,-3.8813953934207E-06
-0.179993429942625,-3.86014743973201E-06
-0.177983248210385,-3.84153973549292E-06
-0.175972979075123,-3.82077000294275E-06
-0.173963527531768,-3.80044703572686E-06
-0.171956997461437,-3.77850240865632E-06
-0.169947565562779,-3.75735403753995E-06
-0.167942169055728,-3.7396656400453E-06
-0.165939884365098,-3.71575127119274E-06
-0.163937423536481,-3.69644981585948E-06
-0.161929840249924,-3.6719566242419E-06
-0.159929317724282,-3.6472733340645E-06
-0.157926723073957,-3.62273179731849E-06
-0.155925720592669,-3.59856121127419E-06
-0.153921773563299,-3.57117312655479E-06
-0.15191738962459,-3.55055902455596E-06
-0.149914229804992,-3.52280082835592E-06
-0.147910535900614,-3.49544295559525E-06
-0.145907065360541,-3.47332291633373E-06
-0.14390565654224,-3.44438039936231E-06
-0.141903012494598,-3.41443834011713E-06
-0.139905328834472,-3.38712899231796E-06
-0.137904384453424,-3.35637137503387E-06
-0.135903032222607,-3.32915976651788E-06
-0.13399875746445,-3.29876478265518E-06
-0.131993917869539,-3.26761145764764E-06
-0.129991081819263,-3.24026128773756E-06
-0.127992772001149,-3.20608685677279E-06
-0.125991464979785,-3.17806451573907E-06
-0.123991970744577,-3.14314206904592E-06
-0.121989387226001,-3.11011991859075E-06
-0.119988757299669,-3.07825872559165E-06
-0.117985427019138,-3.04187380129867E-06
-0.115985329395278,-3.0100146464079E-06
-0.113983969701727,-2.97324625802753E-06
-0.111981822269488,-2.93916223814762E-06
-0.109978567225287,-2.90436414603462E-06
-0.107974759093716,-2.86815407944727E-06
-0.105971608727463,-2.82838346758389E-06
-0.103973571813972,-2.79017993623302E-06
-0.101969707558401,-2.75292052859271E-06
-0.0999707738372747,-2.7143017476562E-06
-0.0979703565363516,-2.67549225373016E-06
-0.0959698412929109,-2.63682784014764E-06
-0.0939644770699632,-2.59800906983149E-06
-0.0919641930729294,-2.55339646706722E-06
-0.0899651253744249,-2.51541100581436E-06
-0.087967585764244,-2.47211713406847E-06
-0.0859640687805494,-2.43182230126132E-06
-0.0839619772158106,-2.38956344386573E-06
-0.081959457445864,-2.34389579034797E-06
-0.0799571573461206,-2.30424522456368E-06
-0.0779564896421541,-2.25770920202357E-06
-0.0759546572044727,-2.21517206791082E-06
-0.0739528882603623,-2.17087696795598E-06
-0.0719562248309707,-2.12539093087072E-06
-0.0699549567412695,-2.08297598584803E-06
-0.0679529724340947,-2.034156607607E-06
-0.0659483288662323,-1.98653445316139E-06
-0.0639470766499283,-1.94052471964555E-06
-0.0619477461724134,-1.89329728384141E-06
-0.0599464384499278,-1.84517086992478E-06
-0.057941565193556,-1.79514320066037E-06
-0.0559426497450032,-1.74832005211657E-06
-0.0539439287746655,-1.70206950711017E-06
-0.0519420299372088,-1.64939667295843E-06
-0.0499392849307664,-1.5990306702186E-06
-0.0479398735185281,-1.54856056660011E-06
-0.0459364032998925,-1.49843237813271E-06
-0.0439371729169035,-1.44909410650313E-06
-0.0419343381347905,-1.39544735629264E-06
-0.0399346559705176,-1.34394943164735E-06
-0.0379312483488682,-1.29271468897943E-06
-0.0359313491498045,-1.24014412740328E-06
-0.0339291015818089,-1.18658398555714E-06
-0.0319297828649596,-1.1305145202423E-06
-0.0299280526568474,-1.07791722348044E-06
-0.0279251790417525,-1.02383970558743E-06
-0.0259232523671689,-9.70744900588386E-07
-0.0239242953683237,-9.11550202212006E-07
-0.0219199593964409,-8.54672559507886E-07
-0.0199191515543714,-8.00923117111251E-07
-0.0179180159753581,-7.40797583940197E-07
-0.0159153154811806,-6.85045055709856E-07
-0.0139164370308364,-6.22598712850836E-07
-0.0119186606083986,-5.65238424364923E-07
-0.00991370706765118,-5.04856023980452E-07
-0.0079205898483338,-4.41874962421175E-07
-0.00590793257160111,-3.77302336823788E-07
-0.0039222583643189,-3.15298007771673E-07
-0.00191771267442187,-2.50197312615122E-07
1.02590148722625E-05,-1.86149839909009E-07
0.00209871254143975,-1.14480291406454E-07
0.00409988283448376,-4.65871919097447E-08
0.00600001211482346,2.57809550104397E-08
0.00809850405133647,1.09411541036604E-07
0.0100993551343434,1.90291776177223E-07
0.0120996936184553,2.75700067035506E-07
0.0140003592994311,3.5871356047137E-07
0.0160998742032946,4.42702854466884E-07
0.0180022344797411,5.17603151924411E-07
0.0200023537027393,5.94200888277183E-07
0.0220015874663682,6.69545972905014E-07
0.0240006662946261,7.39451466295363E-07
0.0260039330015858,8.06407771977489E-07
0.0280018881823342,8.72394024265726E-07
0.0300060493808384,9.3620936523766E-07
0.0320062087219839,9.96328409431465E-07
0.0340061361517111,1.05875603091675E-06
0.0360052934722462,1.11785042738845E-06
0.0380089720215829,1.17338506160736E-06
0.0400093718945362,1.23338860050752E-06
0.0420119290194988,1.29097606314151E-06
0.0440093509276293,1.34772451825123E-06
0.0460141896726997,1.40155301976906E-06
0.0480179621630314,1.45637044591541E-06
0.0500201987041099,1.51529946338382E-06
0.0520165899623718,1.56806002611019E-06
0.0540170345485594,1.62093973575023E-06
0.0560170790066217,1.67115216103314E-06
0.0580202030477684,1.72096661569292E-06
0.060019240558239,1.7744970363748E-06
0.0620190078626776,1.82555517920405E-06
0.064020019495237,1.87509189664593E-06
0.0660234769484855,1.92614125013302E-06
0.0680227251079754,1.97856367420315E-06
0.0700258091336322,2.02662647965805E-06
0.0720264704259419,2.0726731988456E-06
0.0740259785252374,2.12221473431562E-06
0.07602545466072,2.16778948156444E-06
0.0780280947392292,2.21269151819035E-06
0.0800276136989148,2.25777843821654E-06
0.0820311398917622,2.3046019614126E-06
0.0840304085267011,2.35324636205928E-06
0.0860323142091271,2.39356675364402E-06
0.0880337767242168,2.43771690813016E-06
0.090035997476719,2.48053766899444E-06
0.0920390101617514,2.52511011652882E-06
0.0940404160466817,2.56445993395302E-06
0.0960383607678827,2.60846763815455E-06
0.0980398533824257,2.64985184735581E-06
0.100040327057748,2.68787915726679E-06
0.102040223647579,2.72778425430761E-06
0.104042577680482,2.76863092742358E-06
0.106041811280731,2.80792835347489E-06
0.108040651365041,2.8471046919138E-06
0.110042809796834,2.88319235211277E-06
0.1120444171062,2.92050496037486E-06
0.114047689966613,2.95594694485845E-06
0.116048280543646,2.99428690957854E-06
0.118047602161094,3.02952491838238E-06
0.120044934210373,3.06485805888962E-06
0.122049209288577,3.1016198683762E-06
0.124048874432744,3.13267400044977E-06
0.126052522243338,3.16851211226735E-06
0.128053169333093,3.200188227047E-06
0.130052871394911,3.22992920292791E-06
0.132051600783372,3.26467010811901E-06
0.134054193925852,3.29424650675248E-06
0.136058864794187,3.32769498151429E-06
0.138059915373684,3.35565372157931E-06
0.140061111309463,3.38627294231632E-06
0.142062997153948,3.41390828254525E-06
0.144061525794922,3.44152691328312E-06
0.14605993629976,3.47441973377604E-06
0.148061008267148,3.5004057648131E-06
0.15006080395991,3.5268651764814E-06
0.152059238744323,3.55398701831444E-06
0.154062401744964,3.57778546975587E-06
0.156062532835954,3.60410548080901E-06
0.158064879719389,3.63095219300392E-06
0.160065749650653,3.65419280220723E-06
0.162065111867875,3.67908144678472E-06
0.164068192621454,3.70327911269481E-06
0.16607085228954,3.72881927756304E-06
0.168069415030186,3.74971745589611E-06
0.170072522818229,3.76793462261303E-06
0.172069638344387,3.79205602430783E-06
0.174071673570793,3.81218163969604E-06
0.176070039256698,3.834271991512E-06
0.178075213703029,3.85550202183629E-06
0.180073571810216,3.87284504988596E-06
0.182074456264295,3.8975285948269E-06
0.184076613993844,3.91172992384794E-06
0.186077629664782,3.92964691916926E-06
0.188077494072871,3.94939533465597E-06
0.190078657117023,3.9671124155281E-06
0.192076924232494,3.98435144010871E-06
0.19408099166388,3.99942804673988E-06
0.19608254298657,4.01709252643386E-06
0.198083963076907,4.03485753282387E-06
0.2000845664781,4.04627631946464E-06
0.202084768813714,4.06355905847165E-06
0.204084921415045,4.07848157811883E-06
0.206086455838001,4.09507170497456E-06
0.208086778924817,4.10727793574821E-06

0.239766335370707,4.29501563180161E-06

-0.190049001907647,-3.95737313459767E-06
-0.187935246986966,-3.93905605561443E-06
-0.185995154045361,-3.91587026553069E-06
-0.183901466512034,-3.89457426643539E-06
-0.181993584377734,-3.88054331427888E-06
-0.179985188310468,-3.85927503945128E-06
-0.177976328615526,-3.84327719286996E-06
-0.175964754861934,-3.82433150732859E-06
-0.17395561563615,-3.80236729343758E-06
-0.171952439570689,-3.78356456021485E-06
-0.16994764261313,-3.75795262695853E-06
-0.167940094839719,-3.73883076493554E-06
-0.165938024526199,-3.71818012684772E-06
-0.163932855417094,-3.69437800381408E-06
-0.161932158752372,-3.67012085811023E-06
-0.159929625748433,-3.64679727092302E-06
-0.157926439722779,-3.62213843804555E-06
-0.155922243694944,-3.59843011295324E-06
-0.15392017129514,-3.5746396790703E-06
-0.151917920553092,-3.54784065261583E-06
-0.149916602279157,-3.52260502009557E-06
-0.147910830755068,-3.4944243510142E-06
-0.145911038261995,-3.4686640704466E-06
-0.143907076070719,-3.43947239473214E-06
-0.141900376988815,-3.41570823146609E-06
-0.139902333378857,-3.38523506516851E-06
-0.1379021530102,-3.35311594656334E-06
-0.135900185987552,-3.32249456782929E-06
-0.13399942071225,-3.29631601048573E-06
-0.131997549771226,-3.26784155408338E-06
-0.129992751699194,-3.23316161230902E-06
-0.127994229177971,-3.19952518199837E-06
-0.125994876860928,-3.17133531145734E-06
-0.123989960085604,-3.13788090220364E-06
-0.121989099722542,-3.10364222586829E-06
-0.119988540362727,-3.07373799151589E-06
-0.117988026000591,-3.03732284027809E-06
-0.115983317188406,-3.00273179599343E-06
-0.113983951594602,-2.96750848854451E-06
-0.111981831938589,-2.93088682897763E-06
-0.109980653389676,-2.8977359929621E-06
-0.107975901353681,-2.86037949044051E-06
-0.105976115685215,-2.82594536551098E-06
-0.10397606807443,-2.78584606372151E-06
-0.101973075837861,-2.74812920566429E-06
-0.0999692376831736,-2.71224316832884E-06
-0.0979699423521426,-2.67146059072256E-06
-0.0959685667599292,-2.62950667029939E-06
-0.0939682879055016,-2.58997237409937E-06
-0.0919679377604178,-2.54821800845921E-06
-0.089967036267849,-2.50894246959328E-06
-0.0879649776241118,-2.46654238327947E-06
-0.0859638995545043,-2.43071156968804E-06
-0.083963590672827,-2.38520525642214E-06
-0.0819627730617121,-2.34399671417541E-06
-0.0799571337139701,-2.2988083607947E-06
-0.0779596075957729,-2.258855503083E-06
-0.0759567764334847,-2.21311191504394E-06
-0.0739571342296202,-2.16652517208005E-06
-0.0719569136978287,-2.12052734501322E-06
-0.0699536362845159,-2.0776256967247E-06
-0.0679514026934879,-2.03068989024448E-06
-0.0659513550183407,-1.98315135069163E-06
-0.0639469876517779,-1.93700455439076E-06
-0.0619464649295182,-1.88998203089703E-06
-0.0599432400444037,-1.84255320451378E-06
-0.0579458289571474,-1.79371702686513E-06
-0.055942872959868,-1.74601767906662E-06
-0.053944782952751,-1.69697046728952E-06
-0.0519423865773693,-1.64712791370979E-06
-0.0499422430581914,-1.59599446577505E-06
-0.0479404665103874,-1.54868331017553E-06
-0.0459374070093947,-1.49507230928426E-06
-0.043936093131087,-1.44371260135299E-06
-0.0419363157385926,-1.39343461192351E-06
-0.0399353975405068,-1.34473218513385E-06
-0.0379330934119709,-1.28814856952816E-06
-0.0359303458157801,-1.2349764700201E-06
-0.0339299762614056,-1.18431467931619E-06
-0.0319281324089452,-1.12905981667699E-06
-0.0299279025424801,-1.07727282158276E-06
-0.027926134870778,-1.02135441980813E-06
-0.0259267246922977,-9.65703148845744E-07
-0.0239226503790513,-9.09675195001985E-07
-0.0219198800227217,-8.54359102942937E-07
-0.0199201015498681,-7.97417892988829E-07
-0.0179226407301026,-7.41581330255204E-07
-0.0159188278098337,-6.80828516795032E-07
-0.0139156162232295,-6.22672865900602E-07
-0.0119154211939047,-5.59762711029205E-07
-0.0099171462247221,-5.03214357694799E-07
-0.00792041200384332,-4.43824178878801E-07
-0.00591075898070641,-3.80793876772191E-07
-0.00392392288346467,-3.1497508280733E-07
-0.00191845236549821,-2.50690166734536E-07
1.15092125114649E-05,-1.84861171925099E-07
0.00209585483006564,-1.14199758111862E-07
0.00409710469814827,-4.30302290411182E-08
0.00609879222226065,3.0495951148594E-08
0.00809829747326204,1.09879936919456E-07
0.0100967617277057,1.89850067243599E-07
0.0120994199141488,2.73436851703776E-07
0.0140002764773622,3.56885680769901E-07
0.0160983682044969,4.41242214536423E-07
0.0180975467785951,5.2000025018006E-07
0.0200996993390846,5.99250226728213E-07
0.0220003925836696,6.66590487292197E-07
0.0240009887561175,7.40514647003034E-07
0.0260014192164121,8.05610867874897E-07
0.0280053278748768,8.71767815482089E-07
0.0300028061793729,9.35220702865715E-07
0.0320045922910587,9.96236083873532E-07
0.0340056790898307,1.05683649253838E-06
0.0360086192974485,1.12037369916101E-06
0.038009467558523,1.17738680488498E-06
0.0400102147567717,1.23453040199323E-06
0.0420078620260555,1.29171385460955E-06
0.0440095162257245,1.34664691343132E-06
0.046011966125219,1.40249953376107E-06
0.0480149500561416,1.45606983992319E-06
0.0500158988031,1.51256986686179E-06
0.0520151382442531,1.56384219089853E-06
0.0540154769573293,1.61774308272721E-06
0.0560198106442963,1.67160256049439E-06
0.0580184367236985,1.72436970211456E-06
0.0600193804683064,1.77751219285403E-06
0.0620214388831939,1.824433904916E-06
0.0640226313911791,1.87672603242103E-06
0.0660203726244482,1.92965674722058E-06
0.0680235757861094,1.97619851692645E-06
0.0700242641686223,2.02806718996121E-06
0.0720240737644473,2.07170220507452E-06
0.0740225685279607,2.11926259434754E-06
0.0760256574810884,2.16765900516625E-06
0.0780252732965756,2.21344366258671E-06
0.0800278765504875,2.25869393100091E-06
0.0820271830005025,2.30495851797424E-06
0.0840294244550348,2.35022426702008E-06
0.0860310033724101,2.39610575706524E-06
0.0880303744340374,2.44202425526124E-06
0.0900342052528814,2.48070913984358E-06
0.0920397599276372,2.52306596131371E-06
0.0940380879116093,2.56598595257718E-06
0.0960388882650151,2.61121337469619E-06
0.0980377118878882,2.64448735141854E-06
0.10003860641951,2.69067007687173E-06
0.10203974736666,2.7251108706116E-06
0.104042259573805,2.76650759319855E-06
0.106042995401862,2.80308478903448E-06
0.108041235390779,2.84478923600671E-06
0.110040351713429,2.88434992271236E-06
0.112042424806515,2.91838281005099E-06
0.114042052343773,2.95703387102675E-06
0.116045378549663,2.99596773451904E-06
0.118044263510053,3.02702164180126E-06
0.120046460348306,3.06464281366971E-06
0.122045209064354,3.09799894414096E-06
0.124049341058923,3.13220023018016E-06
0.126050190191244,3.1678455609277E-06
0.128050988291362,3.20156194203194E-06
0.13005098700945,3.23393988540861E-06
0.132053094659874,3.26359271310436E-06
0.134053881822091,3.29675174651148E-06
0.136058792726559,3.32950576583285E-06
0.138056190129151,3.35599831174757E-06
0.140056284027313,3.38575951885086E-06
0.142059965624037,3.41382142316388E-06
0.144061144501612,3.4419382664852E-06
0.146059476636184,3.47403886228233E-06
0.148060593759408,3.50053603889906E-06
0.150058575112107,3.52622714367225E-06
0.152059130744362,3.55701512277599E-06
0.154060918089637,3.57811213655972E-06
0.156063820669867,3.60660695905926E-06
0.158064623233708,3.63068882744694E-06
0.160066213695403,3.65388443342006E-06
0.162065021536197,3.67883732336814E-06
0.164070026995703,3.70136306607557E-06
0.166069029488429,3.72756602077469E-06
0.168066995583506,3.74978126667007E-06
0.170068468814978,3.76974897362117E-06
0.172068955090357,3.79171111943167E-06
0.174068341467248,3.81288104054638E-06
0.176071539260169,3.83314740529792E-06
0.178072617314986,3.85350960609912E-06
0.180075590506498,3.87124843178878E-06
0.182075352309926,3.89346477166878E-06
0.184075490056832,3.91027308101819E-06
0.186076744862784,3.93045663263283E-06
0.188076937812374,3.94789212486177E-06
0.190076016317586,3.96906054736742E-06
0.19207867012278,3.98792939922207E-06
0.194077615347146,4.00012710291014E-06
0.196082507446561,4.01748928318365E-06
0.198082224267714,4.03333825794051E-06
0.20008245018541,4.04839210069999E-06
0.202081435327354,4.06307144105429E-06
0.204082370451702,4.07859520265809E-06
0.206083238712143,4.09038227247643E-06

0.239767900809831,4.29572565779022E-06

-0.192048881996819,-3.97072344848933E-06
-0.189927949758181,-3.95377095796183E-06
-0.187987183352365,-3.93928550764828E-06
-0.185996323261291,-3.92386003981301E-06
-0.183989784572155,-3.90285631444354E-06
-0.181976987974942,-3.88682209662023E-06
-0.179966321988724,-3.86392870015104E-06
-0.177959574750268,-3.84687037785142E-06
-0.175951068051829,-3.82702513723306E-06
-0.173943364590961,-3.80725081079563E-06
-0.17194150868129,-3.78351044544153E-06
-0.16993394237642,-3.76453131094584E-06
-0.167931508499313,-3.74260516172506E-06
-0.165926020476822,-3.72295827700247E-06
-0.163925913139789,-3.69564590201299E-06
-0.161920267360464,-3.67487450600677E-06
-0.159918955591797,-3.65270505760439E-06
-0.157915771846228,-3.62820948319839E-06
-0.155914364595712,-3.60043370831403E-06
-0.15390982221935,-3.57968435684714E-06
-0.151909623004601,-3.54950024226589E-06
-0.149906250615069,-3.52751354923891E-06
-0.147901680984247,-3.50080195163725E-06
-0.145998785775584,-3.4749935507326E-06
-0.143996907376153,-3.44716692804268E-06
-0.141993895911375,-3.41708608261206E-06
-0.139992727831261,-3.39051784195349E-06
-0.137993689590352,-3.36200349257785E-06
-0.135992588932684,-3.33087835640681E-06
-0.133989445086066,-3.30411728971993E-06
-0.131986653407981,-3.26987317343367E-06
-0.129984792236407,-3.24123996937314E-06
-0.127985337813876,-3.20808988266214E-06
-0.12598319024654,-3.17591888221116E-06
-0.123983649707769,-3.14143191632602E-06
-0.121978725378144,-3.10960923757988E-06
-0.119979301566479,-3.07528535033313E-06
-0.117977155398844,-3.04258878768328E-06
-0.115979356662092,-3.0084249518846E-06
-0.113975241170832,-2.97479289751241E-06
-0.111976558938976,-2.93781524336229E-06
-0.109972668896934,-2.90459545634371E-06
-0.107969676309687,-2.86458281911643E-06
-0.10596665049212,-2.82820700636656E-06
-0.10396874715945,-2.79222940401727E-06
-0.101964324583482,-2.75238775808424E-06
-0.0999600307923147,-2.7134687008495E-06
-0.0979593816627678,-2.67718093138216E-06
-0.0959603977852745,-2.63675580200992E-06
-0.0939593413639035,-2.59633985911123E-06
-0.091958479119116,-2.55694641717717E-06
-0.0899592453749409,-2.51563492798076E-06
-0.0879593001374822,-2.47222406731825E-06
-0.0859564654834913,-2.43242261408033E-06
-0.0839549282263402,-2.3903069263017E-06
-0.0819518845642705,-2.34466533359557E-06
-0.0799528476597296,-2.304576267306E-06
-0.0779488630238603,-2.2609987538225E-06
-0.0759515984873354,-2.21375628696944E-06
-0.0739494535848372,-2.16917619652882E-06
-0.0719482124328514,-2.12580735686448E-06
-0.0699448492763628,-2.07849745260353E-06
-0.0679422335321326,-2.02906692659995E-06
-0.0659402773956539,-1.98280131307942E-06
-0.0639389264160176,-1.93634110517187E-06
-0.061939395317692,-1.88895836101734E-06
-0.0599380638602029,-1.84084954826418E-06
-0.0579345003655837,-1.79499705630441E-06
-0.0559367793081376,-1.74655841468227E-06
-0.0539346766741851,-1.69881532248517E-06
-0.0519350557202798,-1.64847030776529E-06
-0.0499332311803636,-1.59814265443142E-06
-0.0479325544177284,-1.54747680998999E-06
-0.0459309529853516,-1.49699207245399E-06
-0.0439310421542107,-1.44912029469653E-06
-0.0419253275806723,-1.39510414484471E-06
-0.039924950105576,-1.34635302824656E-06
-0.0379229809647334,-1.29288819044386E-06
-0.0359249176701546,-1.24181388136933E-06
-0.0339242389887462,-1.18864593675489E-06
-0.0319222235682425,-1.13196149473135E-06
-0.029920870482195,-1.07735634655896E-06
-0.0279195192516756,-1.02140381770941E-06
-0.0259178377865233,-9.67550900103407E-07
-0.0239178195849733,-9.14112115619293E-07
-0.0219121821523791,-8.55866373967698E-07
-0.0199109578378657,-7.98411841704249E-07
-0.0179106426269743,-7.40463997308992E-07
-0.0159064731882303,-6.84355335874071E-07
-0.0139083113205763,-6.25404034088881E-07
-0.0119083354946574,-5.64573568326777E-07
-0.00990786221755015,-5.02501703520545E-07
-0.00791344373354685,-4.41511414848249E-07
-0.00590407067440968,-3.79400822237272E-07
-0.00391934806480781,-3.15249964238331E-07
-0.00190920414252,-2.49271819425132E-07
1.67369577480447E-05,-1.88293146378031E-07
0.00200614813522907,-1.20203135913981E-07
0.00400726199504687,-4.57192056674946E-08
0.00600807515090816,2.65158927148572E-08
0.00800282713093251,1.06595603558284E-07
0.0100048357182382,1.87448346247302E-07
0.0120064000876067,2.71701538274321E-07
0.0140094330447518,3.60593012930528E-07
0.0160077782237781,4.38711080686056E-07
0.0180075086876771,5.1802444652437E-07
0.0200075972377387,5.97152393209672E-07
0.02200867791448,6.68993332713608E-07
0.0240086137571575,7.41159176282483E-07
0.0260116919999394,8.08821926277552E-07
0.0280103702305979,8.71588978969392E-07
0.0300129389184186,9.39087398987507E-07
0.0320129705779581,9.98171915878952E-07
0.0340133476305476,1.05988613575871E-06
0.0360136063551754,1.11681483982018E-06
0.0380188868564306,1.17681023378008E-06
0.040018648629219,1.23476034482155E-06
0.0420190875652987,1.28841155714054E-06
0.0440184617889895,1.34790775318153E-06
0.0460193898978199,1.40222273317383E-06
0.0480210375013267,1.45997253263471E-06
0.0500237311232805,1.51492901471615E-06
0.0520207342976175,1.56786236706765E-06
0.0540239891918598,1.62079518741293E-06
0.0560254525246184,1.66959676217828E-06
0.0580280969218065,1.72376263056867E-06
0.0600283762776628,1.77655894261428E-06
0.062028560706225,1.83057204279665E-06
0.0640269544666928,1.87943637181658E-06
0.0660290917904086,1.92811587738059E-06
0.0680283368040213,1.976629456949E-06
0.0700316663409231,2.02487311454578E-06
0.0720328447614503,2.07655867253897E-06
0.074032621972954,2.12055799951582E-06
0.0760333616067406,2.16663442113503E-06
0.0780349779360652,2.21594257072241E-06
0.08003648233024,2.26085605672158E-06
0.0820382440722069,2.30555294875267E-06
0.0840375860591705,2.35064195184545E-06
0.0860389628328728,2.39662278468549E-06
0.0880396690285849,2.43732988484624E-06
0.0900422448437159,2.47949437482905E-06
0.0920459208911016,2.52392163711728E-06
0.0940459109859886,2.56461659854461E-06
0.0960437957903659,2.6089309331468E-06
0.0980483284475587,2.64810721164134E-06
0.100047151328205,2.6905339881826E-06
0.102047337995261,2.7335539591498E-06
0.104046215380974,2.76895073059791E-06
0.106048664242107,2.81105079537704E-06
0.10804916729684,2.844203189946E-06
0.110051622235525,2.87931555536588E-06
0.112050149765116,2.92119586411181E-06
0.114053042570431,2.95739325246648E-06
0.116052131645124,2.99325565673698E-06
0.118053846330781,3.02817450676838E-06
0.120053593496378,3.06359646983487E-06
0.122055763506611,3.09861147062384E-06
0.124058606707799,3.13314273539293E-06
0.126061238850941,3.16803390611491E-06
0.128059873257161,3.2015131473208E-06
0.130059885882425,3.22866855799688E-06
0.132059683680385,3.26428773801624E-06
0.134065511575243,3.29610503675584E-06
0.136067875423418,3.32858923151517E-06
0.138064318508091,3.35431252641107E-06
0.140062525923902,3.38401829996506E-06
0.142067343853973,3.41486043880039E-06
0.144067509172104,3.4431233665333E-06
0.146068808118809,3.47290811678499E-06
0.148067535489285,3.49848180553799E-06
0.150069308407579,3.52670819718191E-06
0.152067105858907,3.55362192717417E-06
0.154069164732776,3.57855948635153E-06
0.156067843958244,3.60807381259755E-06
0.158071570667667,3.62902261394482E-06
0.160070863636385,3.65300644332751E-06
0.162071674225266,3.68222906531916E-06
0.164075395284926,3.70303491434778E-06
0.166077228285254,3.72455961617239E-06
0.168074862105709,3.74887292974398E-06
0.170075682997557,3.76931109503865E-06
0.172078389490815,3.79389531217081E-06
0.174078886792547,3.81265707342171E-06
0.176078792279223,3.83461497816856E-06
0.178081123390406,3.85506406832332E-06
0.180082579255888,3.87700739160397E-06
0.182080312576307,3.89527961721791E-06
0.184081318509032,3.91162857291691E-06
0.186082520999095,3.9314061663221E-06
0.188082975738464,3.95097957424227E-06
0.190084924868221,3.96559378504663E-06
0.192085767628575,3.98805116120855E-06
0.194086402229031,3.99934372000783E-06
0.19609088447523,4.0151752059969E-06
0.19809108560519,4.03644171246582E-06
0.200087970571939,4.05137819914947E-06
0.202091647035357,4.06325074962884E-06
0.204092123069475,4.08109558692372E-06

0.239767920780451,4.29614183651349E-06

-0.194047003108355,-3.98445577281758E-06
-0.191914863587379,-3.96553349554979E-06
-0.189971654097504,-3.94830409203938E-06
-0.187980551057379,-3.93123309150707E-06
-0.185974930629731,-3.91485907906451E-06
-0.183965069091518,-3.89569374239257E-06
-0.18195397004528,-3.88004601584696E-06
-0.179944427894733,-3.85947547841364E-06
-0.177938494174236,-3.84134999659928E-06
-0.175933725508626,-3.81931569276233E-06
-0.173927913360162,-3.79863434817478E-06
-0.171925259314678,-3.78010359751114E-06
-0.169917443885935,-3.75727078980642E-06
-0.167914409575232,-3.73538486325294E-06
-0.165911222794359,-3.71337837360022E-06
-0.163908896622586,-3.68935962662632E-06
-0.16190386267242,-3.67039015815909E-06
-0.159903092762383,-3.64319474960709E-06
-0.157900198829467,-3.62160037744708E-06
-0.155998624838715,-3.59807966322354E-06
-0.153994391171257,-3.57092240925832E-06
-0.151994989010067,-3.54573485211685E-06
-0.149992437771337,-3.518807964337E-06
-0.147989322168756,-3.49565605780421E-06
-0.145987013025261,-3.46591756961433E-06
-0.143984807708671,-3.44177578683625E-06
-0.141981574763044,-3.41405959664829E-06
-0.139979177403298,-3.3825251453835E-06
-0.137978288008101,-3.35477847348717E-06
-0.135976521899616,-3.32067910785044E-06
-0.133976198323737,-3.29304159463836E-06
-0.131974599475346,-3.26412647224063E-06
-0.129971753005076,-3.23399110741224E-06
-0.127972439231834,-3.20021138010285E-06
-0.125970421235305,-3.16963717758214E-06
-0.123968939033902,-3.13803779158659E-06
-0.121968189076847,-3.10512691285445E-06
-0.119963665401348,-3.07136035831873E-06
-0.117963971764981,-3.03695992212097E-06
-0.115963515329837,-3.00181493198175E-06
-0.113961986131352,-2.9645954772591E-06
-0.111961029068192,-2.93126525773856E-06
-0.109957576204627,-2.89597577171336E-06
-0.107956155897811,-2.85856990500919E-06
-0.105952293242763,-2.82483841792558E-06
-0.103955393347591,-2.78355296706166E-06
-0.101950202222537,-2.7470624657601E-06
-0.0999473544723806,-2.70790142811973E-06
-0.0979483837567699,-2.66912040776592E-06
-0.0959465399314676,-2.63122885685007E-06
-0.0939476537668122,-2.58774478164173E-06
-0.0919471239657844,-2.54947692998982E-06
-0.0899459581354387,-2.50978889148588E-06
-0.0879441077783554,-2.4696965807077E-06
-0.0859429556113188,-2.42537649893975E-06
-0.0839415042231156,-2.38293235351944E-06
-0.081940667551536,-2.3401313218435E-06
-0.0799366312278892,-2.29974622031936E-06
-0.0779345491477588,-2.25258452100183E-06
-0.0759363805823862,-2.20968327733776E-06
-0.0739340409499415,-2.16605523824964E-06
-0.0719345711423794,-2.12140876692052E-06
-0.0699315590807743,-2.07390096383957E-06
-0.0679318906795557,-2.02832877171921E-06
-0.0659295944949241,-1.98345687961462E-06
-0.0639266111624249,-1.93409077132168E-06
-0.0619250720362269,-1.88668667948103E-06
-0.0599241531385344,-1.84017289629943E-06
-0.0579210039198478,-1.7914802104687E-06
-0.0559219363002742,-1.74246611045888E-06
-0.0539192172275044,-1.6931385014328E-06
-0.0519200949525856,-1.64641024481495E-06
-0.0499204512989649,-1.59768086554128E-06
-0.0479168858868225,-1.545433171795E-06
-0.0459168271724776,-1.49569677218834E-06
-0.0439170706794732,-1.44378811626374E-06
-0.0419155461362509,-1.39206196844405E-06
-0.0399148089793822,-1.34145911054159E-06
-0.0379115021723198,-1.28813216725195E-06
-0.0359118044606409,-1.2358275713195E-06
-0.0339084090889587,-1.18219849720292E-06
-0.0319084534194463,-1.12810677624251E-06
-0.029905175467037,-1.07511624071564E-06
-0.0279047427331963,-1.02000109714603E-06
-0.0259022433976953,-9.66877556318173E-07
-0.0239011512247441,-9.09930977597092E-07
-0.0219996732454278,-8.56359247756355E-07
-0.0199977340621635,-8.00070595879759E-07
-0.0179972204270092,-7.40093998224045E-07
-0.0159947964792804,-6.84098455547825E-07
-0.0139940515468761,-6.25459699922576E-07
-0.0119947776488243,-5.65499189835168E-07
-0.00999435751885662,-5.08302062411138E-07
-0.0078991231601323,-4.40056879876464E-07
-0.00598985629754603,-3.8142224167962E-07
-0.00390674276041831,-3.1533241489916E-07
-0.00199310420692031,-2.52510103807963E-07
3.40058112861234E-05,-1.84922858420711E-07
0.00201803870361774,-1.17699341844417E-07
0.00401761252279746,-4.6077360949748E-08
0.00601832013245879,2.59729987216475E-08
0.00801827766402987,1.04245692287234E-07
0.0100203051852172,1.89961949649822E-07
0.0120195403563557,2.7100219362182E-07
0.014019774227624,3.57793199080795E-07
0.0160192333655597,4.4145798426951E-07
0.0180192484183308,5.17864419428693E-07
0.0200187122470119,5.96337494558741E-07
0.0220217178978287,6.6935467920447E-07
0.0240220511490288,7.39426521947487E-07
0.0260218091265152,8.04817807704556E-07
0.0280248312254123,8.72680633249286E-07
0.0300261848654458,9.33975126448819E-07
0.0320274975736686,9.93651342903672E-07
0.0340285380181372,1.06138108821696E-06
0.0360261832907612,1.11640744294603E-06
0.0380295316127785,1.18039580208097E-06
0.0400297678081668,1.23504950893356E-06
0.0420306014196702,1.28920504441446E-06
0.0440325496377899,1.34842780049905E-06
0.0460329458610326,1.40156539827993E-06
0.0480386564507333,1.45701708823364E-06
0.0500401763841422,1.5154295426506E-06
0.052040477166075,1.56804307684167E-06
0.0540396225382399,1.61727613862189E-06
0.0560409862449152,1.67248107510011E-06
0.058043235344252,1.72348550778049E-06
0.0600394935240523,1.77696666168938E-06
0.0620413962758089,1.82545376083562E-06
0.0640425905900888,1.87868120022991E-06
0.0660426693392358,1.92742221620297E-06
0.0680435397844567,1.97772315683027E-06
0.0700459902517679,2.02558762137549E-06
0.0720452469966485,2.07339485404054E-06
0.0740440520958949,2.12415757606494E-06
0.0760463420460179,2.16799033264429E-06
0.0780454635999277,2.21445871546428E-06
0.0800468285826179,2.26064532231494E-06
0.0820479974210561,2.30099901299309E-06
0.084049734158187,2.34698896486929E-06
0.0860520237896128,2.3916758087266E-06
0.0880556276269486,2.43681252003895E-06
0.0900580090000283,2.48750022918663E-06
0.0920585031623589,2.52442055404699E-06
0.0940581284148068,2.56453468457315E-06
0.0960603147246709,2.60535845894261E-06
0.0980620323465595,2.64465332237242E-06
0.10006042896855,2.69023282770502E-06
0.102059123811977,2.72528384006981E-06
0.10405941300839,2.76635014933024E-06
0.106059411880477,2.80383076665455E-06
0.108061368160468,2.84624603387818E-06
0.110063220849423,2.88309053661293E-06
0.112062904201177,2.92017369284119E-06
0.114066274837488,2.95401032233675E-06
0.11606779872015,2.9901718639626E-06
0.118066966910302,3.02674149182276E-06
0.120067978760391,3.06155981515813E-06
0.122068797383443,3.09652713020667E-06
0.124071086678298,3.13282666375516E-06
0.126072862898822,3.1640259660888E-06
0.128074465039711,3.19945181055276E-06
0.130071501138417,3.23326470208075E-06
0.132074395945837,3.26226693862339E-06
0.134074535404364,3.29577459345715E-06
0.136079849049288,3.32334880542235E-06
0.138079686139223,3.3534416247394E-06
0.1400789059076,3.38380578221365E-06
0.142082273499994,3.41416508419452E-06
0.144082452841711,3.44285889200562E-06
0.14608377419882,3.47418613059509E-06
0.148083029004055,3.49933568301068E-06
0.150079643402041,3.5274698352667E-06
0.152080174685066,3.55414065571572E-06
0.154079625445487,3.58327204238752E-06
0.15608260630526,3.60443156315533E-06
0.158085695828373,3.6302959970529E-06
0.160085344723056,3.65799751585812E-06
0.162085969835563,3.68157652597426E-06
0.164088816811985,3.70596482994343E-06
0.166089075068508,3.72879305190441E-06
0.168089870358855,3.75155391138795E-06
0.170088805746681,3.7689078642977E-06
0.172090904291288,3.79337357142505E-06
0.174090584466405,3.81307202328555E-06
0.176090910860577,3.83671378016321E-06
0.178094747652202,3.85431206629481E-06
0.180094738771753,3.87344743078547E-06
0.182096683292303,3.89612038186129E-06
0.184093872514697,3.91493742680058E-06
0.186094022853437,3.93541112411617E-06
0.188095485759585,3.94885788848721E-06
0.190097073816732,3.96711334466572E-06
0.192000899874733,3.98615212380218E-06
0.194001952562561,4.0007390149633E-06
0.196003483307159,4.01455161977913E-06
0.19800418935664,4.03350303000713E-06
0.200002680216143,4.04959542383432E-06
0.202004646081068,4.06555778335298E-06

0.239767707010872,4.29477012966469E-06

-0.196046965307944,-4.00653061402972E-06
-0.193931122500977,-3.99282644856579E-06
-0.19198877700351,-3.97920554582147E-06
-0.189996877602825,-3.95773904997292E-06
-0.187986233489602,-3.94232326315221E-06
-0.185980505185821,-3.9225665153991E-06
-0.183968934261335,-3.90349043588303E-06
-0.181961193830103,-3.88739479007418E-06
-0.179953631715785,-3.86597612982696E-06
-0.177948626217208,-3.84652225096577E-06
-0.175941432352988,-3.82608999019081E-06
-0.173937708222507,-3.81070396574611E-06
-0.171934050988836,-3.78808845635573E-06
-0.169929035610915,-3.76536868873274E-06
-0.16792473313073,-3.74465812126843E-06
-0.1659223439714,-3.72059483563314E-06
-0.163918449035145,-3.69912075682272E-06
-0.161918090877528,-3.67827742758141E-06
-0.159914988235191,-3.65141814205645E-06
-0.157913834601185,-3.62674754509783E-06
-0.155910718098769,-3.60052128702775E-06
-0.153908233651734,-3.57617470433494E-06
-0.151906383959799,-3.55548868408711E-06
-0.149904414902313,-3.52690674744266E-06
-0.147997482803075,-3.50151190269541E-06
-0.14599840057774,-3.47652959505139E-06
-0.143996073367324,-3.45083489361645E-06
-0.14199108314848,-3.42137670526598E-06
-0.139993966556429,-3.38755377305726E-06
-0.137992170904172,-3.36060762815093E-06
-0.13599025728121,-3.33278182969601E-06
-0.133988081806247,-3.30212793114526E-06
-0.131986577309222,-3.27277491517892E-06
-0.129985652022572,-3.24039703174661E-06
-0.127984649769107,-3.20719013276598E-06
-0.125986236150146,-3.17550988182532E-06
-0.123981150645554,-3.14301718995259E-06
-0.121979435342606,-3.11331733590439E-06
-0.119979472299848,-3.07736583932501E-06
-0.117979106895047,-3.04504875446244E-06
-0.115976463017501,-3.01051629080611E-06
-0.113975667001426,-2.9739308676064E-06
-0.111972153596466,-2.93954162601835E-06
-0.109969463776415,-2.8999391431059E-06
-0.107965753922508,-2.86452773024722E-06
-0.105965277785599,-2.83044663265499E-06
-0.103968008155447,-2.79172052133729E-06
-0.101965559479835,-2.75349902166374E-06
-0.0999595216235957,-2.7138640039485E-06
-0.0979614764181584,-2.67535234358791E-06
-0.095960555337094,-2.63999727843006E-06
-0.0939609087524605,-2.59455630451937E-06
-0.0919576699415934,-2.55376600907641E-06
-0.0899569466221224,-2.51326765766527E-06
-0.087957385860891,-2.47330356787864E-06
-0.0859563541565468,-2.4335388005906E-06
-0.0839544625189137,-2.39105200475632E-06
-0.0819527764315923,-2.34696213931284E-06
-0.0799456066583342,-2.3036681926365E-06
-0.0779478417473177,-2.25862231951258E-06
-0.0759496344727894,-2.2164823018158E-06
-0.0739521071743377,-2.17319728684947E-06
-0.0719486336375908,-2.12608877316764E-06
-0.0699459538300322,-2.07879150967414E-06
-0.0679451339244512,-2.03420167078156E-06
-0.0659415138473762,-1.98579633574587E-06
-0.0639383928785508,-1.94110456895778E-06
-0.0619372025674801,-1.89387359643625E-06
-0.0599373492720095,-1.8463343974954E-06
-0.0579365797803752,-1.79727207224589E-06
-0.0559360331567807,-1.75033594356473E-06
-0.0539376706230307,-1.7001489421846E-06
-0.0519357962469306,-1.65024076451393E-06
-0.0499335624741128,-1.59916403893228E-06
-0.0479305083902183,-1.54862569615005E-06
-0.0459289605750487,-1.49737493709775E-06
-0.0439288355845957,-1.44806381277138E-06
-0.0419276658547827,-1.39742262044906E-06
-0.0399264956048673,-1.34613168368775E-06
-0.0379254506927066,-1.29111614142308E-06
-0.0359238787086588,-1.23861333196274E-06
-0.0339239466096777,-1.18817780874841E-06
-0.0319202926915017,-1.12959545702182E-06
-0.0299198213012651,-1.07926468283457E-06
-0.0279192028044458,-1.02384762198981E-06
-0.0259191304973423,-9.69403814069296E-07
-0.0239168915765025,-9.15610353777918E-07
-0.0219117963670723,-8.56743161426465E-07
-0.0199112443721097,-7.97403341494814E-07
-0.0179129895176281,-7.41574253073897E-07
-0.0159088304066377,-6.84073728498263E-07
-0.0139089283212542,-6.22417673382815E-07
-0.0119082489265504,-5.6254961623511E-07
-0.00991083873878463,-5.01244881915883E-07
-0.00791148060082349,-4.45749372633126E-07
-0.00590243870749043,-3.81802834057391E-07
-0.00392014536527761,-3.16828690816542E-07
-0.00190527187978926,-2.49485714960259E-07
1.93693295166388E-05,-1.8717423099431E-07
0.00200318686868076,-1.1901788319508E-07
0.00400681109217898,-4.7895232342783E-08
0.00600810239191056,2.75715360116459E-08
0.00800496618708819,1.07492608892434E-07
0.0100055243995721,1.89488015001531E-07
0.012008408118942,2.71013270216067E-07
0.0140057332908699,3.58175798658081E-07
0.0160073172350878,4.390155755688E-07
0.0180060122990425,5.20178189400579E-07
0.0200065938883581,5.96588751354473E-07
0.0220088661143826,6.70573363081705E-07
0.0240086759438658,7.39215266774206E-07
0.0260102356839126,8.05772822556484E-07
0.0280130484047854,8.71183324228281E-07
0.0300112775951577,9.36064547150725E-07
0.0320131488696602,9.96140656194836E-07
0.0340141021610757,1.05801387100328E-06
0.0360160823918256,1.11587710018424E-06
0.0380200923020804,1.17690835895509E-06
0.0400155082129426,1.23545652740892E-06
0.0420168101090162,1.29278066195116E-06
0.0440164657737224,1.35017300568496E-06
0.0460202136590874,1.40230338082063E-06
0.0480235704354729,1.45639376427245E-06
0.0500228524767534,1.51227975113302E-06
0.0520228837462612,1.56758965019011E-06
0.0540248038021047,1.62120100325451E-06
0.0560258120990244,1.67256386575787E-06
0.0580265607429807,1.72404547055044E-06
0.0600267339066084,1.7774492962316E-06
0.0620281562213126,1.82664012720838E-06
0.0640286103165434,1.87744100381955E-06
0.0660284774482137,1.92600666005295E-06
0.0680303684704838,1.9757658235313E-06
0.0700301576715341,2.02337489511977E-06
0.0720296052874459,2.07174161849291E-06
0.0740314489035389,2.11907858763357E-06
0.0760350465522535,2.1706519447661E-06
0.0780354751951531,2.21373721762329E-06
0.0800358132764416,2.25982034551806E-06
0.0820340103786432,2.30606306029209E-06
0.0840372818204582,2.3511376842309E-06
0.0860383236529214,2.39586212818964E-06
0.0880408197729043,2.43801184938012E-06
0.0900422074250768,2.48339795921296E-06
0.0920469339768277,2.52282292438869E-06
0.0940448721645717,2.56469807791944E-06
0.0960440824568158,2.60607049306737E-06
0.0980465671276389,2.64839642820468E-06
0.100048571877137,2.69101842854874E-06
0.102046339394287,2.72853056162167E-06
0.104046441478371,2.76910250972395E-06
0.106048524222403,2.80613669140798E-06
0.108048873422087,2.84488381322476E-06
0.110050664869755,2.88205507267991E-06
0.112051088038666,2.91924810692476E-06
0.114052995501772,2.95602368862864E-06
0.116052947939804,2.99764253505111E-06
0.118053341977447,3.03041846403701E-06
0.120054080562205,3.06698457016587E-06
0.122055347149806,3.09719922639986E-06
0.124057418926929,3.13343163724836E-06
0.126058201580527,3.168280427306E-06
0.128060880961568,3.19706416664705E-06
0.130059709425043,3.23185029985971E-06
0.132058805348807,3.26363940976281E-06
0.134062334307153,3.29716832985919E-06
0.13606602203686,3.32695008289275E-06
0.138064881918254,3.35867159054096E-06
0.140066663306371,3.38452553417508E-06
0.14206567496195,3.41464588294064E-06
0.144065133163191,3.44398382289979E-06
0.146065971585023,3.47125378725275E-06
0.14806697916903,3.49721233379956E-06
0.150069005456171,3.52716407405929E-06
0.152067864358969,3.55420104966101E-06
0.154068440501408,3.57920974781065E-06
0.156070080536512,3.6061206154596E-06
0.158069973157187,3.63131887266979E-06
0.160071347488525,3.65656988091904E-06
0.162074965977549,3.67867503899256E-06
0.16407642977766,3.70344351010918E-06
0.166075067987176,3.72670019938775E-06
0.168075696423479,3.74558997182494E-06
0.170076803915187,3.77022968245075E-06
0.172077962144292,3.7919923334226E-06
0.174074991347991,3.81396586866199E-06
0.176076473404996,3.83472547061488E-06
0.178079630964218,3.85484958739402E-06
0.180082352402539,3.87427398861492E-06
0.18208127539708,3.89499056550157E-06
0.184081412477126,3.91083083333977E-06
0.186081795016536,3.92920102302825E-06
0.18808324445359,3.95121526048983E-06
0.190085078368621,3.96778253355733E-06
0.192087381195526,3.98375559314471E-06
0.194086621801162,4.00154784424752E-06
0.196091762820754,4.01797582160249E-06
0.198090719716874,4.03354239846725E-06
0.200091498121914,4.04791431415809E-06

0.23976814145477,4.29447505353992E-06

-0.198049939984096,-4.02339641002284E-06
-0.19592891200778,-4.00679062270239E-06
-0.193988195964913,-3.98976215269533E-06
-0.191997773365237,-3.97469197509704E-06
-0.189991071867034,-3.9566141940092E-06
-0.187980069640891,-3.9423932631816E-06
-0.185969740482133,-3.92211978003701E-06
-0.183960509643429,-3.90322795450541E-06
-0.181952310253527,-3.88213862858618E-06
-0.179948686464948,-3.86553988472832E-06
-0.177945106751232,-3.84636375807112E-06
-0.175939101774465,-3.8270164303144E-06
-0.173935111323813,-3.80781373331848E-06
-0.171932253957254,-3.78611472827359E-06
-0.169922991469314,-3.76380914622381E-06
-0.167923557533802,-3.74492640226314E-06
-0.165920307661664,-3.72015072283692E-06
-0.163918227266636,-3.70066294543868E-06
-0.16191475232274,-3.67739509152258E-06
-0.159914325211666,-3.65296566572068E-06
-0.157911514674071,-3.62774253160003E-06
-0.155908539938841,-3.60386745627713E-06
-0.153905810909524,-3.57492822125956E-06
-0.151904875565659,-3.55223767651332E-06
-0.149901953284798,-3.52765843476326E-06
-0.147900259630674,-3.49959760944876E-06
-0.145997783797183,-3.47274629652403E-06
-0.143995834552248,-3.44840946977622E-06
-0.141990218042116,-3.42085778190526E-06
-0.139992082616639,-3.38780476010336E-06
-0.137991741592753,-3.35920578427385E-06
-0.13599066894136,-3.33615768639095E-06
-0.13398986491486,-3.30374527500579E-06
-0.131984883280545,-3.27450589856481E-06
-0.129982253847172,-3.24201262223454E-06
-0.12798472359258,-3.20956766106051E-06
-0.125979638466029,-3.17591254309482E-06
-0.123980492566194,-3.14479674325825E-06
-0.121978234316726,-3.1125323195182E-06
-0.119978389356805,-3.07964543351718E-06
-0.117978424371007,-3.04430169784385E-06
-0.115975037989941,-3.00877564139175E-06
-0.113970031603268,-2.97705633669887E-06
-0.111971956467893,-2.93788065764795E-06
-0.109969938881519,-2.90106365438953E-06
-0.10796580782255,-2.86544341035773E-06
-0.105965648322312,-2.83001828522612E-06
-0.103968208518103,-2.78946345123935E-06
-0.101962702217544,-2.75070390595342E-06
-0.099960489620902,-2.71419149498734E-06
-0.0979615519454309,-2.67329682142304E-06
-0.0959594635870016,-2.63545289630326E-06
-0.093958830199854,-2.59533241916771E-06
-0.0919573291349072,-2.5565025441584E-06
-0.0899577806711272,-2.51600472475348E-06
-0.0879588844226927,-2.47528203905846E-06
-0.085956940832138,-2.43314808323534E-06
-0.0839540042982789,-2.38982017807759E-06
-0.0819492146285147,-2.34529878815403E-06
-0.0799485219955638,-2.3027888537958E-06
-0.077948250496217,-2.25873879140907E-06
-0.0759484859242152,-2.21606328322836E-06
-0.073945743034969,-2.17075770115359E-06
-0.0719481598882867,-2.12699341602239E-06
-0.0699475714392736,-2.07889477133172E-06
-0.0679459676727491,-2.03536651712816E-06
-0.0659396298104847,-1.98842183888228E-06
-0.0639378241168688,-1.93838645927424E-06
-0.0619381861146715,-1.89261534178667E-06
-0.0599360398535655,-1.8458324234032E-06
-0.0579315269658364,-1.79840964390752E-06
-0.0559364050303941,-1.74826281274336E-06
-0.0539339887612703,-1.70175177950939E-06
-0.0519353118461183,-1.65044907117388E-06
-0.0499328781316417,-1.60172226201475E-06
-0.0479303018288807,-1.55224975247823E-06
-0.0459292347024628,-1.50033210489925E-06
-0.0439285734647228,-1.44933030227777E-06
-0.0419255419859567,-1.39364946001202E-06
-0.0399275038577195,-1.34489254379679E-06
-0.0379245165635364,-1.29337079876043E-06
-0.0359252865684113,-1.24063863467582E-06
-0.0339227222061177,-1.18591012475178E-06
-0.0319235037143153,-1.13314068651322E-06
-0.029920944880351,-1.0791079545521E-06
-0.027919089125538,-1.0246012425161E-06
-0.0259165383728646,-9.67950391814741E-07
-0.023914401789684,-9.12144498115618E-07
-0.0219128514792879,-8.57155125311738E-07
-0.019912659699967,-8.01502670448192E-07
-0.0179122545832854,-7.42235488097892E-07
-0.0159075907871441,-6.81784985297752E-07
-0.0139055602709532,-6.2413848495968E-07
-0.0119064435330128,-5.63935711604188E-07
-0.00991106873821146,-5.02593631947077E-07
-0.00790912975268928,-4.41703236808489E-07
-0.00590339562286686,-3.79242810770787E-07
-0.00392126716115018,-3.14702612263661E-07
-0.00190490092214839,-2.5006095979614E-07
1.90425147955312E-05,-1.89009570959028E-07
0.00200547735838764,-1.19843198583956E-07
0.00400756478165059,-4.71285058948317E-08
0.00600898512921599,2.42403951293489E-08
0.00800544739230531,1.07058378018041E-07
0.010006299860136,1.89438908392383E-07
0.0120057382466009,2.70319238132699E-07
0.0140066620153757,3.57442989128542E-07
0.0160070214989988,4.37949317092763E-07
0.0180080252614759,5.22082938380743E-07
0.0200062569486541,5.96185072904065E-07
0.0220105910918456,6.73297987968156E-07
0.0240076624706519,7.41855947073916E-07
0.0260105950171937,8.0518371933328E-07
0.0280135067921831,8.70489610599339E-07
0.0300132288289742,9.35816074021329E-07
0.0320131370667455,1.00135387878662E-06
0.0340147639855285,1.06034879009559E-06
0.0360166647795429,1.12027667921019E-06
0.0380158251098171,1.17483247818608E-06
0.0400175640706404,1.23411764759168E-06
0.0420213296414728,1.29018992279852E-06
0.0440201362949183,1.34861725465697E-06
0.0460217630096,1.40279720247952E-06
0.0480250102521671,1.45645750011596E-06
0.0500250896445134,1.51730756206484E-06
0.052019479048235,1.56821076370293E-06
0.0540240315255897,1.6229492131516E-06
0.0560254233868904,1.67305485504563E-06
0.058028462210245,1.72689292518233E-06
0.0600266991578355,1.77786904164444E-06
0.0620274777384772,1.82418245330109E-06
0.0640296578911565,1.87599406679572E-06
0.0660298744649591,1.9241433869519E-06
0.0680302838017029,1.97939693081512E-06
0.070032932900284,2.02716881129235E-06
0.072034047565822,2.06972306701366E-06
0.0740348950853998,2.12198134843298E-06
0.0760334479185718,2.16836905363399E-06
0.078035214541109,2.21547556667273E-06
0.0800346228447036,2.26185976512853E-06
0.0820367097055691,2.30331641709196E-06
0.0840383964171437,2.35186719213735E-06
0.0860376681811315,2.40062372620727E-06
0.0880386049509782,2.44266011508725E-06
0.0900396179862145,2.48520795676177E-06
0.0920448123711564,2.52408124647568E-06
0.0940446232271205,2.56455551523915E-06
0.0960460010626104,2.6093510532119E-06
0.0980482037066192,2.64830337956787E-06
0.100045536083495,2.69272420533017E-06
0.102048263056957,2.72809723881071E-06
0.104049722159663,2.77163589336118E-06
0.106050147565983,2.81094763112905E-06
0.10804954375394,2.84892199518179E-06
0.110051111655685,2.88410293695246E-06
0.112048405853194,2.92182117373001E-06
0.114052914600942,2.95714565227686E-06
0.116052818053228,2.99321294637865E-06
0.118053486802665,3.02587087488682E-06
0.120054671931633,3.06260211274848E-06
0.122056837400667,3.09886347672411E-06
0.124056365975519,3.13512755318214E-06
0.126058639854774,3.16984926119112E-06
0.128060382593942,3.19513536686466E-06
0.130060921594064,3.23071787592022E-06
0.132059770459761,3.26290092518807E-06
0.134063660511733,3.29588749866405E-06
0.136066440873493,3.3257331823603E-06
0.138064656510866,3.35524298280695E-06
0.14006422534422,3.38501652346284E-06
0.142070497575583,3.41391588049321E-06
0.144069420032182,3.44494775822217E-06
0.146067179137688,3.4762097024147E-06
0.148067431555354,3.4998647069965E-06
0.150067605964642,3.52574337768018E-06
0.152067297307828,3.55706594060936E-06
0.154068229758157,3.5766296225567E-06
0.156066632721438,3.60808523199862E-06
0.158071965674599,3.62983907114918E-06
0.160071479194779,3.65488373591636E-06
0.162073955459186,3.68061636714672E-06
0.164075787547573,3.70353591434408E-06
0.166076172697486,3.72572895085313E-06
0.168075433934596,3.75004340336761E-06
0.17007757839578,3.7694441115792E-06
0.17207654283203,3.791620738319E-06
0.174078358361939,3.81219605631524E-06
0.176078451238198,3.8350975153012E-06
0.178081186002278,3.85303586580169E-06
0.180081733973033,3.87379674157228E-06
0.182080760302655,3.89648824542832E-06
0.18408203792772,3.91211545601583E-06
0.186084518457651,3.93238195564218E-06
0.188084417705646,3.95104013303456E-06
0.190086330671144,3.96337008897256E-06
0.19208654936739,3.98341325089005E-06
0.194086817908456,4.0018193622378E-06
0.196087568305883,4.01849306652105E-06
0.198091344742256,4.03379095776667E-06

0.239766221588175,4.2937648776904E-06

-0.200045002695379,-4.03950824080959E-06
-0.197908143957412,-4.02430787904188E-06
-0.195970900871656,-4.00760685511539E-06
-0.193976671668172,-3.99088510542553E-06
-0.191969628278816,-3.97236818692356E-06
-0.189960344642251,-3.95344165360603E-06
-0.187951258366636,-3.94080659584861E-06
-0.185942109753285,-3.92474315514855E-06
-0.183936026799957,-3.90317048284779E-06
-0.181928948864148,-3.88369626786159E-06
-0.179924497144889,-3.86768779614201E-06
-0.177922514673326,-3.84951395421315E-06
-0.175917300786681,-3.82962126763181E-06
-0.173911909060511,-3.80734657191485E-06
-0.171906897386742,-3.78599938033391E-06
-0.1699044203916,-3.76627329412226E-06
-0.167900088483737,-3.74554967377301E-06
-0.165997967972795,-3.72268590480502E-06
-0.163996564952414,-3.69963023894634E-06
-0.161993876318675,-3.67669937725054E-06
-0.159993607712326,-3.65059612501247E-06
-0.157991648501102,-3.63031678230643E-06
-0.155989755870094,-3.60443932549609E-06
-0.153987430444207,-3.57991625161376E-06
-0.151984940222646,-3.55491155475033E-06
-0.14998291741896,-3.52763235896554E-06
-0.14797833577618,-3.50343466308326E-06
-0.145975115392671,-3.47317863025301E-06
-0.14397475089654,-3.44778912055403E-06
-0.141972209025234,-3.42149897677954E-06
-0.139971182913403,-3.38951960346963E-06
-0.137966376953752,-3.36279146122389E-06
-0.135968185115676,-3.33291238851769E-06
-0.133966871677909,-3.30054406621122E-06
-0.131966280443388,-3.27052225099163E-06
-0.129965312025042,-3.24058239470178E-06
-0.127962650446054,-3.20935347985303E-06
-0.125962549620091,-3.1767081546471E-06
-0.123963857633032,-3.14156337431315E-06
-0.121959515418148,-3.11024518732244E-06
-0.119958543953826,-3.07670621155924E-06
-0.117957242610095,-3.04603746179266E-06
-0.115956240215557,-3.00850733042487E-06
-0.113952175679607,-2.97505212690836E-06
-0.111951847524901,-2.93751664550621E-06
-0.109949162805004,-2.9034558540668E-06
-0.107945389659231,-2.86543836004519E-06
-0.105946020948697,-2.82982237206313E-06
-0.103946423368305,-2.78810806424326E-06
-0.101943473268202,-2.75595720509811E-06
-0.0999414260620437,-2.71504415858669E-06
-0.0979402566787022,-2.675388564969E-06
-0.09594112837618,-2.63785964747455E-06
-0.0939382783968872,-2.59544577395734E-06
-0.0919384389307395,-2.55531245374211E-06
-0.0899358291881945,-2.51670501727622E-06
-0.0879357312145326,-2.47206130338777E-06
-0.0859353999748408,-2.43297233385732E-06
-0.0839337801525997,-2.38865601359812E-06
-0.0819304082347646,-2.34835822103807E-06
-0.0799278821999245,-2.30268673857415E-06
-0.0779292783762263,-2.25845003941454E-06
-0.0759286781681296,-2.21704253433538E-06
-0.0739278926677786,-2.1694065627142E-06
-0.0719265816924615,-2.12481420615839E-06
-0.0699233462747611,-2.07979061735127E-06
-0.0679236232072613,-2.03288955612221E-06
-0.0659215955054239,-1.98939727602924E-06
-0.0639210589992086,-1.94022401624374E-06
-0.0619189252217553,-1.89414143534128E-06
-0.0599172640631069,-1.84522057878745E-06
-0.0579145510300285,-1.79674523622932E-06
-0.0559153241737677,-1.74790793462387E-06
-0.0539152510853875,-1.69650723973468E-06
-0.0519160663415552,-1.649130587426E-06
-0.049913740456127,-1.60245057852699E-06
-0.0479112299469334,-1.54973909524747E-06
-0.0459090770636821,-1.49903269844476E-06
-0.0439078439595055,-1.44834044101857E-06
-0.0419078901923232,-1.39811843962374E-06
-0.0399058234177107,-1.34427089078471E-06
-0.0379045005799985,-1.29144177418668E-06
-0.0359035445732784,-1.23741054458115E-06
-0.0339011814218723,-1.18642911180338E-06
-0.0319026691066125,-1.13170831596949E-06
-0.0299997238814806,-1.08060169313701E-06
-0.0279986078365199,-1.02806339661402E-06
-0.0259959125405311,-9.71070821834228E-07
-0.0239934737054011,-9.16485676346325E-07
-0.0219932449973293,-8.57586312604783E-07
-0.0199927379999112,-8.00666071938008E-07
-0.0179910315640291,-7.42633552384091E-07
-0.0159862371975494,-6.8730858481286E-07
-0.0139877131637431,-6.24923364597791E-07
-0.011988474662693,-5.68346097474749E-07
-0.00998861160091931,-5.07205790542065E-07
-0.00798940257142943,-4.45110496856373E-07
-0.00598134874423132,-3.81981968418639E-07
-0.00390157381007246,-3.16116511514035E-07
-0.00198641239673965,-2.54860435157867E-07
3.64698735993244E-05,-1.89287168618958E-07
0.00202672697841796,-1.18572065731044E-07
0.00402652976486094,-4.74496618272755E-08
0.00602654613107141,2.82552437834916E-08
0.00802429236751284,1.0660423203413E-07
0.0100255555067974,1.85938567393935E-07
0.0120265260187347,2.73777032214865E-07
0.0140259066304411,3.55360660594035E-07
0.0160276994190583,4.4011180060634E-07
0.0180278958812068,5.22344106602175E-07
0.0200260879951409,5.95327270948882E-07
0.0220283571083208,6.71352089056346E-07
0.0240288948860078,7.39649204014884E-07
0.0260312507262085,8.04709128575208E-07
0.0280313999240192,8.75189229892586E-07
0.030031979672288,9.32167391799698E-07
0.0320324915218737,9.97211760797934E-07
0.0340358975398463,1.06370819580952E-06
0.0360344016604995,1.11772763510824E-06
0.0380389320002539,1.17720559682344E-06
0.0400349042498407,1.23467137989444E-06
0.042037127559331,1.28979657913087E-06
0.044038201201238,1.34648434432001E-06
0.0460424296690778,1.40388096658269E-06
0.0480430264405663,1.4584582106543E-06
0.0500417762197236,1.50977374708341E-06
0.0520418034980622,1.56845663299908E-06
0.0540452253734001,1.62022633039818E-06
0.0560480685718448,1.67508491584249E-06
0.0580482834615863,1.72784507394442E-06
0.0600478413251922,1.7785968486296E-06
0.062046222217029,1.82726860638475E-06
0.0640491073489401,1.87973783201597E-06
0.0660484332638272,1.92687500659616E-06
0.0680488978826401,1.97849001756764E-06
0.0700530325956772,2.02467427160207E-06
0.072051826002181,2.07072200235074E-06
0.0740516680001115,2.12283208631968E-06
0.0760530067783235,2.17010512479765E-06
0.0780546484936149,2.21556600772976E-06
0.0800572503908534,2.26027387707225E-06
0.082058338673234,2.30507700549992E-06
0.0840597130593867,2.35133789090886E-06
0.0860616342368356,2.39515916064973E-06
0.0880609661254804,2.43674688096193E-06
0.0900614495492043,2.48124035179863E-06
0.0920642983770675,2.52017807420926E-06
0.0940672491916316,2.56730633206552E-06
0.0960625180432528,2.60869491720525E-06
0.0980659657047506,2.64845039311708E-06
0.100065633169925,2.68809118047722E-06
0.102067976047242,2.72917025788689E-06
0.10406987300321,2.76654074243105E-06
0.106067938160791,2.80697225587791E-06
0.108069588557789,2.84645014443275E-06
0.110069851340158,2.88376480578927E-06
0.112070287774525,2.92089877985089E-06
0.114070398299529,2.95636199962492E-06
0.11607098443759,2.99356750229719E-06
0.118073968639739,3.02998824334681E-06
0.12007422235193,3.06706676887305E-06
0.122077650595542,3.09608800777863E-06
0.12407992915044,3.13372020940979E-06
0.12607959504175,3.16493903861954E-06
0.128080575698479,3.19999465171415E-06
0.130081114597395,3.23191772228151E-06
0.132081408530656,3.26599065245435E-06
0.134080601298454,3.29512648999508E-06
0.136082145922255,3.32550779155702E-06
0.138082739367888,3.35534458850151E-06
0.140083715409445,3.38555085252474E-06
0.142087650717073,3.41371153016119E-06
0.144088498472333,3.44329023665262E-06
0.146088096842174,3.46806621580065E-06
0.148088347294933,3.49795532918758E-06
0.150090050641306,3.52750469291353E-06
0.15208838240306,3.55233160978366E-06
0.154088162722244,3.58080375832805E-06
0.156088522301874,3.60634434280682E-06
0.158091264470434,3.62878968513794E-06
0.160092638153979,3.65587223344131E-06
0.16209138118233,3.6758851084696E-06
0.16409434431323,3.70081030412217E-06
0.166094361283305,3.72635602883003E-06
0.168095398546875,3.748311970399E-06
0.170097209299248,3.77113625101814E-06
0.172097667489941,3.7923604067949E-06
0.174000897252214,3.8136184461226E-06
0.176098108162327,3.83616818156115E-06
0.178097809145227,3.85363848647865E-06
0.180000005724067,3.87681056428945E-06
0.182000526352872,3.89500048629358E-06
0.184001872380579,3.91225872304239E-06
0.186004831220293,3.92992516591424E-06
0.188005841950753,3.94646775689045E-06
0.190004720440661,3.96511563883856E-06
0.192004985733146,3.98528119215833E-06
0.194008013372158,4.00032298610094E-06
0.196010833344101,4.01367566779492E-06

0.239768847052444,4.2952392542462E-06

-0.20204717253715,-4.05563059183197E-06
-0.199923100965768,-4.0381528538135E-06
-0.197977792473023,-4.02207737928266E-06
-0.19598659031469,-4.00876784254364E-06
-0.193984551071827,-3.98794192713966E-06
-0.19197156184811,-3.97438069900828E-06
-0.189963721720991,-3.96053596401411E-06
-0.18795538874264,-3.94260961737223E-06
-0.185948025338271,-3.92342847037465E-06
-0.18394098138647,-3.90409839160827E-06
-0.181934266867876,-3.88617228474383E-06
-0.179931552895283,-3.86415642878446E-06
-0.177926655105443,-3.84321083446059E-06
-0.175923163832454,-3.82464996175476E-06
-0.173921602058334,-3.8011198512524E-06
-0.17191585814537,-3.78269169536531E-06
-0.169910629613158,-3.76183263072881E-06
-0.167909091024872,-3.73672406527113E-06
-0.165906637248783,-3.71346945905915E-06
-0.163903586308605,-3.68948137362671E-06
-0.161903054116892,-3.66832171798409E-06
-0.159998919747316,-3.6474334904152E-06
-0.157902250582715,-3.62058022929869E-06
-0.155999231481888,-3.59712966496546E-06
-0.153994079413864,-3.5729276231169E-06
-0.151995427561391,-3.54844014119985E-06
-0.149991532968901,-3.52241066548601E-06
-0.147985932881755,-3.49551701685521E-06
-0.14598487894271,-3.46791208340419E-06
-0.143982174471887,-3.44138369076065E-06
-0.141980323735277,-3.41525738991517E-06
-0.139980619559539,-3.38328625895511E-06
-0.137980562026752,-3.35499674589739E-06
-0.135978539258094,-3.32578794108132E-06
-0.133979603401312,-3.29619720075911E-06
-0.131975751617693,-3.26918047136585E-06
-0.129973743258885,-3.23439146082379E-06
-0.127973583699082,-3.20357042240409E-06
-0.125973182475739,-3.172345418925E-06
-0.123970270592769,-3.13914602797578E-06
-0.121968560798954,-3.10508751442214E-06
-0.119966652149775,-3.07199833118352E-06
-0.117967588298808,-3.03700153849468E-06
-0.115965193634585,-3.00434359500043E-06
-0.113963568068125,-2.96987897337644E-06
-0.111960669417279,-2.9351850645656E-06
-0.109961326410254,-2.89784585599261E-06
-0.107957743398632,-2.86177535486742E-06
-0.105956570709235,-2.82288773845086E-06
-0.103956708738002,-2.78596016781567E-06
-0.101950470312801,-2.74703447174277E-06
-0.099947862648767,-2.70914359520101E-06
-0.0979498720057496,-2.67049620581746E-06
-0.095950123584633,-2.63115445091003E-06
-0.0939510056378263,-2.58977383837052E-06
-0.0919478149985779,-2.55030098514214E-06
-0.0899485455033874,-2.5087648094887E-06
-0.0879463724215154,-2.46866101936508E-06
-0.085945931755962,-2.42769711006201E-06
-0.0839426933715964,-2.38246002940758E-06
-0.0819416883808362,-2.34087278865028E-06
-0.0799408859856476,-2.29968989509768E-06
-0.0779378412161071,-2.25439740337309E-06
-0.0759367147002768,-2.21278314269436E-06
-0.0739382850670965,-2.1669540964734E-06
-0.0719372892250717,-2.12298498894833E-06
-0.0699350088128249,-2.07679776017491E-06
-0.0679309143881085,-2.02854575532564E-06
-0.0659329228530543,-1.98245499951073E-06
-0.0639286206546231,-1.93753465737509E-06
-0.0619284339194889,-1.8907612401731E-06
-0.0599259354139305,-1.84237301925292E-06
-0.0579242282735111,-1.79224997850765E-06
-0.0559260202856484,-1.74445199975357E-06
-0.0539225535821513,-1.69851990917336E-06
-0.0519218080484235,-1.64653477173516E-06
-0.0499228122244533,-1.593728613828E-06
-0.0479219161069142,-1.54333580846505E-06
-0.0459198397791408,-1.49541162434862E-06
-0.0439162531379139,-1.44588236997988E-06
-0.0419164991905809,-1.39389971273968E-06
-0.0399165065783892,-1.34073723055529E-06
-0.0379155457719107,-1.28884982490722E-06
-0.0359147842234815,-1.23460454896903E-06
-0.0339153561764973,-1.18303988751559E-06
-0.0319125566691246,-1.12657011000095E-06
-0.0299095050576545,-1.07482681809356E-06
-0.0279075225791487,-1.01773010871641E-06
-0.025907312036177,-9.65710263492277E-07
-0.0239058294456169,-9.11399239827907E-07
-0.021903450290302,-8.53798507010661E-07
-0.0199039586855782,-7.99859404397363E-07
-0.0179028276672013,-7.37633712990457E-07
-0.0159975135202631,-6.8639031585519E-07
-0.0139988518622697,-6.25642436565363E-07
-0.0119994871402515,-5.64281583083198E-07
-0.00990289962825509,-5.00583369649212E-07
-0.0079989126282817,-4.40723026591666E-07
-0.00599372452038178,-3.79710923791177E-07
-0.00390974578458124,-3.14393185083834E-07
-0.0019924045794135,-2.55205431823837E-07
2.93214298640713E-05,-1.87644888371904E-07
0.00201365461135286,-1.17190856764147E-07
0.00401596165648325,-4.59362849072083E-08
0.00601515011232713,2.85591079991482E-08
0.00801438807320769,1.06131018825609E-07
0.0100174613979429,1.89090362832824E-07
0.0120189904101378,2.72387492854832E-07
0.0140159690354599,3.56486186248675E-07
0.016017615467393,4.38051960574104E-07
0.0180159306053226,5.17671707669322E-07
0.0200177975804082,5.94604675376747E-07
0.0220178597409522,6.68742205172908E-07
0.0240183226181848,7.39526329311174E-07
0.0260186961663899,8.06818484524192E-07
0.0280217058772774,8.747272349437E-07
0.0300217351322207,9.33961073242318E-07
0.0320217024460877,9.94845644411429E-07
0.0340239089364285,1.05745150296578E-06
0.0360270151887012,1.11441684427235E-06
0.0380266592676579,1.17541589793441E-06
0.0400281892446563,1.23065177694329E-06
0.0420278480120276,1.28952281697351E-06
0.0440280441512807,1.34649985492383E-06
0.0460298122058144,1.40084258166296E-06
0.0480335696782149,1.45779695689769E-06
0.0500335779028638,1.512930319807E-06
0.052035096951575,1.56236900573693E-06
0.0540363189390327,1.61799346283664E-06
0.0560380392638987,1.66870204011553E-06
0.0580350510487054,1.72351628171763E-06
0.0600349115941046,1.77349827337776E-06
0.0620346779477799,1.82651291777795E-06
0.0640374315542086,1.87652864312812E-06
0.066038437402295,1.92565227647445E-06
0.0680378337209955,1.97302593905805E-06
0.0700412274305404,2.01945692408884E-06
0.0720431918395074,2.07006923821449E-06
0.0740445479806244,2.11629111482948E-06
0.0760448494563532,2.16430769568778E-06
0.0780435843742393,2.210337001038E-06
0.0800440433814471,2.25830977006031E-06
0.082044659741384,2.30196047561052E-06
0.0840484556134663,2.34853265209431E-06
0.0860502395494435,2.39328413096057E-06
0.0880531309458239,2.43606793612532E-06
0.0900518518458483,2.4776932490459E-06
0.0920555349880733,2.51881514171654E-06
0.0940551441612605,2.56327324537931E-06
0.0960556982461092,2.6018800524294E-06
0.0980556625070048,2.64420603252498E-06
0.100055559074435,2.6849241549554E-06
0.102055803056873,2.72582500278904E-06
0.104057921419944,2.76660065682144E-06
0.106057365591586,2.80563982757269E-06
0.10805761524731,2.8413692902331E-06
0.110059500983296,2.87892300970756E-06
0.112061092316319,2.91228835662456E-06
0.114058849524323,2.95063870670546E-06
0.116064075985139,2.98684704989239E-06
0.118064093947154,3.02231128872059E-06
0.120064481179901,3.06139739590773E-06
0.122065263886827,3.09411744176162E-06
0.124068068808132,3.12923395832861E-06
0.126067597986719,3.16171599509089E-06
0.128069001939133,3.19225752793399E-06
0.130068424630198,3.22575768972243E-06
0.132071237290222,3.25740921232733E-06
0.134071957308137,3.2877579491143E-06
0.136077389302591,3.31883438049075E-06
0.138073331806979,3.35332978354492E-06
0.140075838116043,3.38046241536322E-06
0.142077765399834,3.40958525996336E-06
0.144077761503031,3.43735548999418E-06
0.146078034140065,3.46563153055641E-06
0.1480791076107,3.49473487825262E-06
0.150077305312468,3.52119018373209E-06
0.152076776288093,3.55128718416843E-06
0.154075852007016,3.57419095101235E-06
0.156080500764594,3.598685806086E-06
0.158081942345602,3.62456239370308E-06
0.160082258542929,3.65087374279583E-06
0.162080935025692,3.67233118704563E-06
0.164085446450781,3.6985010824288E-06
0.166084003002765,3.71993140185454E-06
0.168085427681436,3.74244734365868E-06
0.170088098600332,3.76660642038537E-06
0.172086046470594,3.78577904029736E-06
0.174085754184144,3.80570794825978E-06
0.176087626269044,3.83070077613943E-06
0.178087654192068,3.84874714638128E-06
0.180090070061838,3.86859369078952E-06
0.182090144393006,3.88867926334353E-06
0.184091405134396,3.90732371347688E-06
0.186093223425089,3.92394844321591E-06
0.188094777186278,3.94318587796994E-06
0.190094725345157,3.96084487275474E-06
0.192096421333741,3.97779096422153E-06
0.194096896363936,3.99528906833718E-06

0.239768332865415,4.28927816204041E-06

-0.20404795954837,-4.06294209565176E-06
-0.201935452822404,-4.04645621204254E-06
-0.199991218592136,-4.03339267198144E-06
-0.197996061005366,-4.0180193857138E-06
-0.195990288586411,-4.00145753761111E-06
-0.193981851611768,-3.98494306054095E-06
-0.191970286633606,-3.96717697515241E-06
-0.18996272124457,-3.9510977540989E-06
-0.187954739573088,-3.93076727885159E-06
-0.185952460464449,-3.91261047610779E-06
-0.183943321570271,-3.89702820880612E-06
-0.181941155200544,-3.88131265521426E-06
-0.179936652652025,-3.85730859460919E-06
-0.17793390796084,-3.84130788568457E-06
-0.175928090131791,-3.82281486999717E-06
-0.173924742826616,-3.79859880116777E-06
-0.171922896272367,-3.77819008354121E-06
-0.169919383289359,-3.75788563913335E-06
-0.16791625290713,-3.73820807788321E-06
-0.165914677095682,-3.71662812234239E-06
-0.163912850802667,-3.69401634448858E-06
-0.161911234077638,-3.66874434072633E-06
-0.15990968339396,-3.64803098584917E-06
-0.157908742854611,-3.62281309686024E-06
-0.15590721240966,-3.59622826659933E-06
-0.153905117655826,-3.57442250064469E-06
-0.151902582783518,-3.54597967987969E-06
-0.149997823739805,-3.52381844385499E-06
-0.147994599815526,-3.49787937922601E-06
-0.145994596340635,-3.47313708880975E-06
-0.143990633647052,-3.44700585754045E-06
-0.141989248267087,-3.41966410981331E-06
-0.139988558595353,-3.38593578479482E-06
-0.137988680606135,-3.35733598473033E-06
-0.135988738875534,-3.3270028784359E-06
-0.133986819491257,-3.29999448130904E-06
-0.131983394976665,-3.26785249392955E-06
-0.129981419318387,-3.23871097666047E-06
-0.127980706928709,-3.20565085145161E-06
-0.125980047766943,-3.17309350958384E-06
-0.123978480211181,-3.14215334672961E-06
-0.121976236371887,-3.10901406498997E-06
-0.11997318932945,-3.07196692033753E-06
-0.117974105312652,-3.03867488537596E-06
-0.115971673254325,-3.00494645545484E-06
-0.11397151057832,-2.9682862966211E-06
-0.111970542549296,-2.9348913072168E-06
-0.109970797637588,-2.90130509529589E-06
-0.107964857936897,-2.86467390457536E-06
-0.105964663824761,-2.82381157099468E-06
-0.103964926924144,-2.78823189431025E-06
-0.101960371838874,-2.75100822849612E-06
-0.0999574422374647,-2.70770746314853E-06
-0.0979607036865421,-2.67115277642074E-06
-0.0959583032586866,-2.6328276329443E-06
-0.0939586146611767,-2.59151360360553E-06
-0.091956729001193,-2.54995951208073E-06
-0.0899532814430655,-2.50989177099815E-06
-0.0879528006513575,-2.47320922294499E-06
-0.0859533049167814,-2.43038601185489E-06
-0.0839530621851187,-2.38543876219351E-06
-0.0819513584936169,-2.34531949143825E-06
-0.0799501396234616,-2.30139726040471E-06
-0.0779499661284609,-2.2570989084682E-06
-0.0759472136396004,-2.21240724658274E-06
-0.0739448769349325,-2.16636912941122E-06
-0.071945014529348,-2.12331379876314E-06
-0.0699448472011291,-2.0770601216638E-06
-0.0679409400357837,-2.03352395480438E-06
-0.0659400483777626,-1.98558277646116E-06
-0.0639377358170103,-1.93564307554882E-06
-0.0619385868694407,-1.88945606407371E-06
-0.0599346673011542,-1.83984858980486E-06
-0.0579328100829855,-1.79283398646004E-06
-0.0559329864384287,-1.74541962165425E-06
-0.0539332666122241,-1.69614546052045E-06
-0.0519341403903009,-1.64707945618569E-06
-0.049934229222215,-1.5953387268998E-06
-0.0479300616258084,-1.5483532415291E-06
-0.0459288851430452,-1.49486647532927E-06
-0.0439260539747523,-1.44321187110631E-06
-0.0419252820454183,-1.39364850839527E-06
-0.0399225203907536,-1.33993005723408E-06
-0.0379225423053941,-1.28545215595735E-06
-0.0359206416265176,-1.23921289547721E-06
-0.033922102770106,-1.18467941828332E-06
-0.0319218185085723,-1.12764980163399E-06
-0.0299199861495363,-1.07544463466643E-06
-0.0279155270949777,-1.02232763901367E-06
-0.0259167562391511,-9.63842573241014E-07
-0.0239155792265272,-9.08164604558147E-07
-0.0219129257933315,-8.56124835326507E-07
-0.0199101934473754,-7.96938416765207E-07
-0.0179093337521545,-7.39730390706757E-07
-0.015905343647921,-6.84097990979015E-07
-0.0139058506656263,-6.24895754599041E-07
-0.0119055132928501,-5.63177391065219E-07
-0.00991079676291171,-5.0392209455806E-07
-0.00790605370576931,-4.38417399686784E-07
-0.00590253880728845,-3.78057221801476E-07
-0.00392341827134989,-3.16289547473022E-07
-0.00190008204290587,-2.45862983027838E-07
1.83659692153408E-05,-1.83960725644043E-07
0.00200751726390098,-1.16386412316386E-07
0.00400981394602216,-5.04466534084703E-08
0.00600631273724562,2.80457845117017E-08
0.00800661120568524,1.03610441505313E-07
0.0100054959840193,1.87594945805762E-07
0.0120083163569283,2.71498423358151E-07
0.0140067503869758,3.56152114442785E-07
0.016010057855147,4.40899523855151E-07
0.0180093114898432,5.1826985687149E-07
0.0200099141168462,5.94424930332306E-07
0.022009071814097,6.68098895386585E-07
0.0240116288171418,7.36640843727754E-07
0.0260100816764865,8.05657823043407E-07
0.0280145574285372,8.73012833667107E-07
0.0300126642169695,9.33751219268512E-07
0.0320134059511718,1.00045337583941E-06
0.0340138406474318,1.05766138316525E-06
0.0360164376949316,1.11648313019682E-06
0.0380181871556012,1.17328305878139E-06
0.0400180916432784,1.2327377096326E-06
0.0420164448774162,1.28738408079382E-06
0.0440200032465377,1.34265491111261E-06
0.0460199427050072,1.40073048570494E-06
0.048024845483376,1.45621144349368E-06
0.0500252242948327,1.5091514122042E-06
0.0520268900916552,1.56367067509111E-06
0.0540282567444633,1.61931522104532E-06
0.05602797352184,1.66928451199363E-06
0.0580256140466508,1.72349077539135E-06
0.060027428736056,1.77051153052638E-06
0.0620279024339924,1.82359155174701E-06
0.0640284344595434,1.87286742878819E-06
0.0660290584188785,1.92593716205759E-06
0.068032004674384,1.9731149114782E-06
0.070032018118694,2.02199443639403E-06
0.0720346984592807,2.07015889999481E-06
0.0740343095999933,2.11361607517045E-06
0.0760360885988029,2.1652577988485E-06
0.0780329726152724,2.2113105274584E-06
0.0800365785625572,2.25235610346243E-06
0.0820380352748053,2.30361940587259E-06
0.0840381129077334,2.34546559878317E-06
0.0860386857840172,2.39002405680195E-06
0.0880413428926196,2.4359840439899E-06
0.0900440589485345,2.47529034180687E-06
0.0920485077308254,2.52037712695824E-06
0.0940427639054571,2.56148643880577E-06
0.096047057618191,2.60086261676342E-06
0.0980498822004932,2.64604085453294E-06
0.100049954200413,2.68226488815677E-06
0.102047215641379,2.72403657771771E-06
0.104048932031678,2.76326066184141E-06
0.106048083570591,2.80364442960348E-06
0.108048523844343,2.84194667433342E-06
0.110050808904145,2.87845198189254E-06
0.112050381582889,2.91754402357158E-06
0.114052985133973,2.95295058093688E-06
0.116056401356121,2.98974627397441E-06
0.118055600532129,3.02665433271958E-06
0.120057034230218,3.06097294486243E-06
0.122056904842382,3.09587752813554E-06
0.124059406888272,3.12984903244689E-06
0.126059364348546,3.15930471812023E-06
0.128057804162884,3.19476613956338E-06
0.130059693333067,3.22511511612781E-06
0.13206006293871,3.26148385544289E-06
0.134064573713851,3.28739315769585E-06
0.136069277421795,3.31908902414297E-06
0.138066116916765,3.3483252834771E-06
0.14006390552885,3.37889253245175E-06
0.142067698291187,3.41218339849825E-06
0.144069015456295,3.43867901656156E-06
0.146065007334168,3.46774809106847E-06
0.148070395079382,3.49675223084462E-06
0.150067997275141,3.52059453158728E-06
0.152068835853291,3.54822058044002E-06
0.154069009468047,3.57297635833786E-06
0.156068298479407,3.5973044931531E-06
0.158071068100815,3.62375360937713E-06
0.160073256955564,3.6519599046735E-06
0.162075574490196,3.67264865238983E-06
0.164077797479073,3.69818021524203E-06
0.166078401939437,3.72016037433348E-06
0.168074787002565,3.74440746437052E-06
0.170076159711608,3.76427728217753E-06
0.172078505744789,3.78309757909849E-06
0.174077500985535,3.80596392567407E-06
0.176079246151764,3.82732515922194E-06
0.178080893205569,3.8474529326072E-06
0.180082512875123,3.86779394307623E-06
0.182083014612503,3.88780397074731E-06
0.184083505601065,3.90784170769998E-06
0.18608435402742,3.92394126487849E-06
0.188084804994308,3.94351167558053E-06
0.190086416667184,3.96251005221661E-06
0.192087922665012,3.977615791808E-06

0.239770848658,4.2862885868179E-06

-0.206046594384581,-4.07436308524785E-06
-0.203927991864319,-4.05940056772475E-06
-0.201986262698933,-4.04834317065985E-06
-0.199990558222883,-4.02933288008171E-06
-0.197982500773412,-4.0181817899781E-06
-0.195973878757483,-4.0016263709083E-06
-0.193962387611338,-3.98336916135719E-06
-0.191954409811409,-3.96897995171775E-06
-0.18995079064368,-3.95379892200697E-06
-0.187942420573901,-3.93298042471785E-06
-0.185937413270618,-3.9169568470189E-06
-0.183930761294018,-3.89703008206745E-06
-0.181930643816567,-3.87971620196408E-06
-0.179925841297271,-3.86211999889907E-06
-0.177924091409808,-3.84287986664873E-06
-0.175918393246599,-3.82134328085423E-06
-0.17391774490637,-3.80139659938831E-06
-0.171913399528847,-3.77911787241296E-06
-0.16990924763374,-3.7595239485347E-06
-0.167907677231706,-3.7384698099563E-06
-0.165905112218817,-3.71261639083535E-06
-0.163903075121321,-3.69204143250528E-06
-0.161903956664026,-3.66865566802799E-06
-0.159901984124649,-3.64426439681288E-06
-0.157999575077639,-3.62240787296923E-06
-0.155995134286039,-3.60052879505917E-06
-0.153996039071989,-3.57341129919242E-06
-0.151993866351197,-3.54683349740803E-06
-0.149990037033438,-3.52046451181066E-06
-0.147987876362402,-3.49352550028348E-06
-0.145988145015652,-3.4686541496546E-06
-0.143981201600881,-3.43988021121682E-06
-0.141980403327674,-3.41371100519383E-06
-0.139979097362286,-3.38646417936483E-06
-0.13797984300398,-3.35534867925007E-06
-0.135978243452745,-3.32879782245666E-06
-0.133978566588445,-3.29327964868823E-06
-0.131974153608277,-3.26444209429568E-06
-0.129974423788179,-3.23473345839837E-06
-0.127971962288465,-3.20059094780667E-06
-0.125971212114754,-3.16972826304107E-06
-0.123967920440409,-3.14011348502947E-06
-0.121970307362952,-3.1057029631927E-06
-0.119967852967836,-3.07432177467692E-06
-0.117966047546253,-3.03845658299355E-06
-0.115963903645704,-3.00420040290433E-06
-0.113963806035107,-2.96999634443836E-06
-0.111959424014172,-2.93151360723271E-06
-0.10996081118009,-2.89596014122082E-06
-0.10795623899891,-2.86016845631206E-06
-0.105958172130479,-2.82339371382926E-06
-0.10395585881578,-2.78696275226582E-06
-0.101953433126573,-2.74795640105308E-06
-0.0999497533153964,-2.71064499167824E-06
-0.0979505160567828,-2.67031123250064E-06
-0.0959511734110847,-2.6309520337837E-06
-0.0939501126661389,-2.59190583455594E-06
-0.0919477881971927,-2.54902721239569E-06
-0.0899471496704571,-2.51027773776268E-06
-0.0879444938817149,-2.46925769056406E-06
-0.0859452441285221,-2.4280023392632E-06
-0.0839428125257584,-2.38612821977271E-06
-0.0819419263143941,-2.33973175520171E-06
-0.0799410475306117,-2.30032502809829E-06
-0.0779400989049438,-2.25426381736109E-06
-0.075940598590468,-2.20960979304228E-06
-0.0739393997274451,-2.16654795093782E-06
-0.0719368428307937,-2.12028716293847E-06
-0.069935675928676,-2.07521759680525E-06
-0.0679351706796247,-2.03094889484908E-06
-0.0659330655794657,-1.98411911496017E-06
-0.0639287111465821,-1.9360885520793E-06
-0.0619284902553166,-1.88812949532993E-06
-0.0599254849232429,-1.84432735533376E-06
-0.0579245991118247,-1.79278492199927E-06
-0.0559249221141294,-1.74398099441769E-06
-0.0539258868157662,-1.6957198105879E-06
-0.0519256437426692,-1.6450653780545E-06
-0.0499221876056679,-1.59506593509181E-06
-0.047919829828185,-1.54742974617232E-06
-0.0459206855240767,-1.4962739314973E-06
-0.0439212603556833,-1.44642383242093E-06
-0.0419197703384927,-1.3944866205006E-06
-0.0399178091884041,-1.34375814169333E-06
-0.0379144865083307,-1.28918274840392E-06
-0.0359123768083048,-1.23671227892718E-06
-0.0339135845735174,-1.18312633477946E-06
-0.0319128061983629,-1.12820806722917E-06
-0.029911363685591,-1.07561973964256E-06
-0.0279087182519468,-1.02096115856398E-06
-0.0259074521457061,-9.67899289245646E-07
-0.0239047924618996,-9.11519937801951E-07
-0.0219031080599317,-8.54025332732121E-07
-0.0199018121973676,-7.98989825248195E-07
-0.0179028477429158,-7.3922384585691E-07
-0.0159979474094567,-6.84093536363571E-07
-0.0139959261972791,-6.26101741510979E-07
-0.0119983451188417,-5.65629593176166E-07
-0.00990678789445507,-5.0108554980016E-07
-0.00799964227331602,-4.44343274579563E-07
-0.00599637971093935,-3.78029872186051E-07
-0.00391393502482879,-3.18225097552612E-07
-0.0019908984327232,-2.51522562582925E-07
2.81108653141085E-05,-1.83346041632426E-07
0.00201377524494575,-1.19257576348619E-07
0.00401517480260929,-4.61729775644113E-08
0.00601568275588519,2.67792907173009E-08
0.00801526348754547,1.06381749469065E-07
0.0100138131671245,1.85958843106261E-07
0.0120152118666096,2.71093440181227E-07
0.0140154732665425,3.53433578592288E-07
0.0160184503320693,4.38741183995637E-07
0.0180176716359698,5.18383530115545E-07
0.0200169319370818,5.97781293869841E-07
0.0220160293150905,6.67886394494519E-07
0.0240169243447094,7.39412487473599E-07
0.0260189989156232,8.05654563568692E-07
0.0280203613994576,8.69188683056652E-07
0.030023672970388,9.35417061864896E-07
0.0320228081992419,9.95280285998368E-07
0.0340225238297656,1.05734655911953E-06
0.0360241082740683,1.11930213748215E-06
0.0380260295597967,1.17294322669691E-06
0.0400270895241717,1.23423437799823E-06
0.0420266575126829,1.29005566990549E-06
0.0440310964511362,1.34858077851234E-06
0.046030130609142,1.40180970902265E-06
0.0480311651510978,1.45771927649684E-06
0.0500311593893527,1.51268221758335E-06
0.0520326970839177,1.56434636045301E-06
0.0540336564321174,1.61932217459138E-06
0.056035617549734,1.67028987636359E-06
0.0580342323232087,1.7229274557371E-06
0.0600383016776883,1.77253446543714E-06
0.0620365975280482,1.82272253832276E-06
0.0640362590480982,1.87297065298054E-06
0.0660348877538682,1.92090289961374E-06
0.0680384066054023,1.97489976985995E-06
0.070039704780676,2.02231574567048E-06
0.0720418901867701,2.07203037048744E-06
0.0740418524577069,2.11964115798329E-06
0.0760422591194566,2.16522500178913E-06
0.0780435671243074,2.21285848571926E-06
0.0800458187164201,2.25826081050217E-06
0.0820442274966804,2.30137243639975E-06
0.0840455501531941,2.34456155537205E-06
0.0860461274919437,2.3924688126991E-06
0.0880476524124128,2.43235552929975E-06
0.0900503268451548,2.47645938425884E-06
0.0920549201790657,2.52380681369077E-06
0.0940558256628461,2.56304259445822E-06
0.0960554079387367,2.60202439845448E-06
0.0980562023108008,2.64489683135929E-06
0.100055772817908,2.68484562784043E-06
0.102056121147146,2.72481225776943E-06
0.104057623531914,2.76215713108468E-06
0.106056641059383,2.80219359619609E-06
0.108059458940045,2.84145088949665E-06
0.110057800244949,2.87939725953207E-06
0.112059338122699,2.915744149127E-06
0.11406028781474,2.9546906458937E-06
0.116062163971391,2.98753137473554E-06
0.118062721193829,3.02354062770827E-06
0.120064889866327,3.05894862373828E-06
0.1220632405988,3.09224698283011E-06
0.124065941140072,3.12570005832174E-06
0.126067228544982,3.16192623495653E-06
0.128068148700819,3.1957007171342E-06
0.130067475914194,3.22649923145966E-06
0.132069854543147,3.26183310628535E-06
0.134073316275333,3.29032638521754E-06
0.136074517298386,3.32101818359153E-06
0.138072280995499,3.35245766799992E-06
0.14007349667466,3.37838684180907E-06
0.142073356186525,3.40955627686405E-06
0.1440740425776,3.43634757049576E-06
0.146076510610445,3.46795549856298E-06
0.148077729575828,3.49543763598726E-06
0.15007818191566,3.51909496341311E-06
0.152077818332644,3.54976396794323E-06
0.15407867055602,3.57403391176849E-06
0.156077640203216,3.60017830082538E-06
0.158079628989211,3.62453583835046E-06
0.16007949333717,3.65064683839739E-06
0.162080173867205,3.67196154013382E-06
0.16408684907951,3.69572537370586E-06
0.166085363057464,3.71966799133929E-06
0.168085278010032,3.74280136007796E-06
0.170084026958276,3.7656789761937E-06
0.172085875422331,3.78401113118413E-06
0.174085282353225,3.80704557673846E-06
0.176088434356459,3.82965393776361E-06
0.178088623825648,3.84894640144248E-06
0.180091004107305,3.86521014623008E-06
0.18208970742367,3.88816847743003E-06
0.184090566955714,3.90581235124937E-06
0.186090777019979,3.92512004079634E-06
0.188091733227937,3.94684954253569E-06
0.190095184269283,3.95949585484718E-06

0.23976983738179,4.28719834742261E-06

-0.208047063115888,-4.09205753712312E-06
-0.205916909126092,-4.07728519309028E-06
-0.203975692931412,-4.06342562186637E-06
-0.201980574527909,-4.04561708088304E-06
-0.199972457690416,-4.03180180854307E-06
-0.197961166689092,-4.01953581323994E-06
-0.195951232135718,-4.00068430029217E-06
-0.193944508018519,-3.9840335247276E-06
-0.191936420959004,-3.97084952646991E-06
-0.189931910914768,-3.95203985468722E-06
-0.187927649439828,-3.93593760001239E-06
-0.185921540491488,-3.91552411680901E-06
-0.183917652731507,-3.89671502948384E-06
-0.181913909178963,-3.87758251235041E-06
-0.179909873748797,-3.86110028534731E-06
-0.177907599186332,-3.8420039296506E-06
-0.17590331474445,-3.8211511292E-06
-0.173901589665183,-3.80231491705078E-06
-0.171998993655719,-3.78344083505049E-06
-0.169994756414767,-3.76168560219351E-06
-0.167995585358793,-3.74031606635142E-06
-0.165993184690719,-3.71797639094542E-06
-0.163990958701187,-3.69161858497168E-06
-0.161988872507224,-3.67257617920129E-06
-0.159986447207424,-3.64679151626421E-06
-0.157985889046934,-3.62418147679691E-06
-0.155982649582106,-3.59889829341104E-06
-0.153979183044837,-3.57341429641055E-06
-0.151979236895688,-3.55007313053902E-06
-0.149974649270533,-3.52163999078857E-06
-0.147974001691491,-3.49380654942742E-06
-0.145971643956088,-3.47043701488629E-06
-0.143970171265602,-3.43964924558782E-06
-0.141969034218117,-3.4131219469289E-06
-0.139969424531865,-3.38790035637558E-06
-0.137968220036353,-3.35723469374367E-06
-0.135965725337112,-3.32670997529427E-06
-0.133963003853482,-3.2991765554678E-06
-0.131958056699878,-3.26721224317898E-06
-0.129961019484209,-3.23641226021664E-06
-0.127960104090037,-3.20291013525033E-06
-0.125958947547611,-3.17168949272361E-06
-0.123958813948918,-3.1380372970456E-06
-0.121955789603546,-3.10804122792974E-06
-0.1199540764768,-3.07301002717679E-06
-0.117953433619681,-3.03817961006628E-06
-0.115951997179742,-3.0050403732849E-06
-0.113947413898384,-2.96965714926273E-06
-0.111949241155852,-2.93395572557791E-06
-0.109948070442775,-2.8990913649721E-06
-0.107943412952909,-2.85869187680094E-06
-0.105944125940757,-2.82345905318446E-06
-0.103943522520901,-2.78509367205465E-06
-0.101938262701067,-2.75006957470866E-06
-0.0999379489907931,-2.70995877858766E-06
-0.0979372120473422,-2.67277711878561E-06
-0.0959360090734066,-2.63286999862255E-06
-0.0939359863330732,-2.59176770775848E-06
-0.0919360863325704,-2.55216389108396E-06
-0.0899358676470688,-2.50953277919678E-06
-0.0879361135719877,-2.46765697377109E-06
-0.0859324592584148,-2.42693529214414E-06
-0.0839324429100604,-2.38533692421454E-06
-0.0819285127144614,-2.3425254772056E-06
-0.0799278228594332,-2.30051430242312E-06
-0.0779249044596001,-2.25511824182609E-06
-0.0759268762522999,-2.21458141362724E-06
-0.0739238332958966,-2.16718713767596E-06
-0.0719229177422882,-2.12018755788701E-06
-0.0699220816815633,-2.07575632428476E-06
-0.0679202028049671,-2.02700903663276E-06
-0.0659162448540143,-1.98243486569795E-06
-0.063916823455827,-1.93593634584967E-06
-0.0619150306333253,-1.89073438509866E-06
-0.0599111650706987,-1.84224605709299E-06
-0.0579124481107969,-1.79326030327362E-06
-0.0559123217584061,-1.7464696220952E-06
-0.0539118338063092,-1.69277051797704E-06
-0.0519163131786823,-1.64593086974744E-06
-0.0499094654493589,-1.59632941239398E-06
-0.0479056784289186,-1.54379280929923E-06
-0.045906284150953,-1.49525635346346E-06
-0.0439086405358235,-1.44515376873192E-06
-0.0419054433202065,-1.39462679289944E-06
-0.0399062125035748,-1.34147782816881E-06
-0.0379016588701417,-1.28770398841661E-06
-0.0359010278216821,-1.23808465265701E-06
-0.0339001012000963,-1.18324221472537E-06
-0.0318998262984897,-1.12898099733325E-06
-0.0299970931072404,-1.07865008452466E-06
-0.0279976476859433,-1.02485875225816E-06
-0.0259944557429895,-9.66962658580415E-07
-0.0239939950150944,-9.09529046899506E-07
-0.0219910308179059,-8.55664616229362E-07
-0.0199915544324302,-8.0051309767124E-07
-0.0179908291518385,-7.40333018876766E-07
-0.015986958564509,-6.83338537116942E-07
-0.0139848761069227,-6.22482570648347E-07
-0.0119853957608293,-5.64536713783362E-07
-0.00999140577393827,-5.06146479992302E-07
-0.00798564537428313,-4.43910296448685E-07
-0.00598181672158466,-3.78759955183724E-07
-0.00390184739440262,-3.14708793089421E-07
-0.00197680114096057,-2.50938187471319E-07
4.04535430368501E-05,-1.85570078640061E-07
0.00202630341720803,-1.16929279469273E-07
0.00402741205016031,-4.81426261224151E-08
0.00603040390126143,2.68739748722325E-08
0.0080270194864641,1.08621600080536E-07
0.0100281964361669,1.87778969847398E-07
0.0120284167111357,2.73494151021352E-07
0.0140282408387321,3.57272533587039E-07
0.0160280228210577,4.38502541741704E-07
0.0180292945975129,5.18822510175725E-07
0.0200291909576215,5.97261053606407E-07
0.0220303652431802,6.70214446210789E-07
0.024031477615048,7.38939095602779E-07
0.026034026374092,8.0687150531289E-07
0.02803393760367,8.71451350459443E-07
0.0300317009095661,9.33940946922584E-07
0.0320335601600374,9.94278788039787E-07
0.0340359539779126,1.05698159536104E-06
0.0360365818802535,1.11739371503652E-06
0.0380423070461943,1.17514597221626E-06
0.0400400823705355,1.23120106212365E-06
0.0420411533973841,1.29143937686637E-06
0.044040299578064,1.3480116742271E-06
0.046041976918577,1.40075250776514E-06
0.0480446507323015,1.45812298679269E-06
0.0500467365915692,1.50972024673981E-06
0.0520437059371888,1.56526243769492E-06
0.0540464252659323,1.61552014345071E-06
0.056047879814964,1.66955456884007E-06
0.0580491479347776,1.72288443816391E-06
0.0600477168442862,1.77276319813864E-06
0.0620495990800946,1.82191285483137E-06
0.0640494164349324,1.87664778254874E-06
0.0660523983626918,1.92510546399904E-06
0.0680519413641712,1.97382496743899E-06
0.070053620453408,2.02152445760536E-06
0.0720514902526877,2.06932150722182E-06
0.0740560226714237,2.12031095381156E-06
0.076053622843696,2.16323470658378E-06
0.0780529773786368,2.21283997789731E-06
0.0800557973655898,2.25741680137017E-06
0.0820585831482542,2.30164463625716E-06
0.0840598658153316,2.3460921522469E-06
0.0860601079075134,2.38995309766275E-06
0.0880610412379729,2.43576087862108E-06
0.0900648304055734,2.47715231111803E-06
0.0920674861296578,2.51640447917559E-06
0.0940671482529799,2.5609523944796E-06
0.096066325638914,2.60548491157546E-06
0.098072260211847,2.64655327393032E-06
0.100070794672745,2.68621441240155E-06
0.102069685916676,2.72572697877014E-06
0.104066969411858,2.76630796348508E-06
0.106070581228292,2.80619175030501E-06
0.108071296145523,2.84170213130629E-06
0.110070950044346,2.87861594471027E-06
0.112074455392556,2.91540012843018E-06
0.114073322220926,2.95536188787973E-06
0.116073375501727,2.98875849578181E-06
0.118074812874854,3.02565216787996E-06
0.120076583449894,3.05963327827543E-06
0.122077006003215,3.0932562211045E-06
0.124079514013573,3.1299829331668E-06
0.126080151427655,3.16232963054448E-06
0.128078855619779,3.19485383816583E-06
0.130080897152755,3.22573270790933E-06
0.132080288015863,3.25676759784251E-06
0.134085825920257,3.28959301089971E-06
0.136086621741464,3.32403459890238E-06
0.13808757045544,3.35076088287288E-06
0.1400855583075,3.3834861588724E-06
0.142088609195955,3.41076273209132E-06
0.144089240740072,3.43940184067158E-06
0.146090468467153,3.46554970650149E-06
0.148090241011004,3.49298857908209E-06
0.150088056233578,3.5204793335085E-06
0.152088295007748,3.54862495012385E-06
0.154091112897092,3.57591761840413E-06
0.156090941285667,3.59730901895247E-06
0.15809232164704,3.62454052899683E-06
0.16009268074679,3.64977159075944E-06
0.162094471409348,3.6750421408709E-06
0.164096999395475,3.69628075822512E-06
0.166098554178805,3.7200775312244E-06
0.168097259727221,3.74300954684918E-06
0.170097075300007,3.76541907242367E-06
0.172098097751551,3.78470662066481E-06
0.174099407933522,3.80734672222994E-06
0.17600019083866,3.83152060521418E-06
0.178002367865359,3.84717813266307E-06
0.180003550807632,3.86874458573621E-06
0.182005144997461,3.88324590631976E-06
0.184002381329819,3.90632034975001E-06
0.186004604062903,3.92280341597419E-06
0.188002811024534,3.94034698788885E-06

0.239766528266883,4.28777331876233E-06

-0.210047586956103,-4.10908770055842E-06
-0.207932710663245,-4.09612738468968E-06
-0.205992599779993,-4.08336606911859E-06
-0.203999484642154,-4.06738277403129E-06
-0.20198990846203,-4.0587734148174E-06
-0.19997944761052,-4.04256517850954E-06
-0.197968724646702,-4.02534260865647E-06
-0.195960088649924,-4.00934189973184E-06
-0.193952148224117,-3.99204394984283E-06
-0.191949847395395,-3.97744644852953E-06
-0.189946492071537,-3.96041098001814E-06
-0.187941298426168,-3.93926954746174E-06
-0.185935443302687,-3.9242694598094E-06
-0.183932277320923,-3.90727776566878E-06
-0.18192714635207,-3.88614163818846E-06
-0.17992585327413,-3.86777970583593E-06
-0.177920356401514,-3.85041317959613E-06
-0.175919263795565,-3.83023980353704E-06
-0.173917667679961,-3.80547290595994E-06
-0.171915815638739,-3.78674727617357E-06
-0.169909888042447,-3.76434119739993E-06
-0.167908225706465,-3.74429502327823E-06
-0.165905564656562,-3.72097761036036E-06
-0.163903381945666,-3.69600932969719E-06
-0.161902138573906,-3.68069914985725E-06
-0.159901908243067,-3.65178243893391E-06
-0.157998353956185,-3.62949322169511E-06
-0.15599716623344,-3.60403270789866E-06
-0.15399650106118,-3.57909741162099E-06
-0.151995817986033,-3.55466955935861E-06
-0.149991769940541,-3.52716749043377E-06
-0.147989303176135,-3.50032471958071E-06
-0.14598939960966,-3.47629823978404E-06
-0.143986716674104,-3.44946165818641E-06
-0.141982044897751,-3.42093977080717E-06
-0.139985042687422,-3.38888528721095E-06
-0.137982245866193,-3.36239756681742E-06
-0.135980967161101,-3.33326133963833E-06
-0.133978184800613,-3.3028194792841E-06
-0.131976959005821,-3.27467795387149E-06
-0.129975484558311,-3.24155397293039E-06
-0.127976366285816,-3.21189116449827E-06
-0.125975240171193,-3.17948360860649E-06
-0.123974195990441,-3.14549588934505E-06
-0.121971246754192,-3.11422856514598E-06
-0.119969396562803,-3.07827282750295E-06
-0.117966710957606,-3.04485994470642E-06
-0.115967192520981,-3.0083749732723E-06
-0.113964827449788,-2.97280944345745E-06
-0.111965117845876,-2.9406707530179E-06
-0.109963371488447,-2.9040677061756E-06
-0.107959082474729,-2.86664725800523E-06
-0.105959339158489,-2.83138434231874E-06
-0.103957446018526,-2.79507096162249E-06
-0.1019532378825,-2.75281223910172E-06
-0.099956457683971,-2.71474233872113E-06
-0.0979573345315704,-2.67810340019174E-06
-0.0959554888917498,-2.63542227972008E-06
-0.0939524984613891,-2.59401932291942E-06
-0.0919510422195772,-2.55572329741711E-06
-0.0899511987108767,-2.51797522333308E-06
-0.0879494586058123,-2.47369346849196E-06
-0.0859467812237081,-2.43357048867927E-06
-0.0839469546674417,-2.39079333733877E-06
-0.0819447147640571,-2.34502324639841E-06
-0.0799429736177817,-2.3024477628797E-06
-0.0779443542558015,-2.2579904160145E-06
-0.0759422788252247,-2.2163781110206E-06
-0.0739390913065647,-2.16942318978177E-06
-0.0719387249396821,-2.12418308193702E-06
-0.0699390228578806,-2.07954853204301E-06
-0.0679389897477827,-2.02898956840005E-06
-0.0659307219636977,-1.98539668668059E-06
-0.0639317236866584,-1.93910531207023E-06
-0.0619334988144817,-1.88552657623212E-06
-0.0599302683419302,-1.8407488492281E-06
-0.0579278672895786,-1.7939992074589E-06
-0.0559307074454007,-1.7461361516062E-06
-0.0539274125106433,-1.69593602990371E-06
-0.0519280332700882,-1.64787242269297E-06
-0.0499244161616122,-1.59710028940365E-06
-0.0479269346951685,-1.54500476442177E-06
-0.0459225983623203,-1.49785469431058E-06
-0.0439236094190826,-1.4452734476518E-06
-0.0419213847236091,-1.3948512545651E-06
-0.0399212390185688,-1.34033345282203E-06
-0.0379178247197264,-1.28690559694452E-06
-0.0359171494415506,-1.2399210182323E-06
-0.0339153168711097,-1.18349650620445E-06
-0.0319150484884369,-1.13009231711059E-06
-0.0299128605818827,-1.07634979454131E-06
-0.0279125346066055,-1.01934587154438E-06
-0.0259117127900757,-9.65873432047206E-07
-0.0239091363798941,-9.10367398782294E-07
-0.0219055211220446,-8.5240100160682E-07
-0.0199067819725681,-7.98275644365957E-07
-0.0179022245437816,-7.40417877615036E-07
-0.0159015271576626,-6.8054508860921E-07
-0.013902066649197,-6.22854939408878E-07
-0.0119030253612105,-5.60013437691981E-07
-0.00990884116113372,-5.04899543587681E-07
-0.00789914805642473,-4.39593759097518E-07
-0.00599645656236119,-3.81916771431293E-07
-0.00391863054050566,-3.14120090744142E-07
-0.00199179413517405,-2.54389270594768E-07
2.34794552146558E-05,-1.88876992293311E-07
0.00200891855254691,-1.18913716283962E-07
0.00401120318951151,-4.73349733048491E-08
0.0060126500134528,2.54313545980331E-08
0.00800985973534374,1.03007485514571E-07
0.0100120680729225,1.85688317944483E-07
0.0120117501737837,2.73352908053666E-07
0.014012588903837,3.57903588497737E-07
0.0160126550624051,4.38650935884519E-07
0.0180146627792005,5.1795865196666E-07
0.0200121850849779,5.97349490273818E-07
0.0220161638675347,6.67092079239087E-07
0.0240167813248376,7.40859518160495E-07
0.0260187494779627,8.04509442663904E-07
0.0280168101225723,8.69463576663852E-07
0.0300186584671438,9.3177694794059E-07
0.0320170119080143,9.96759308242266E-07
0.0340190461457664,1.05695825077834E-06
0.0360187560177498,1.11386777264378E-06
0.0380237882561905,1.17620908548652E-06
0.0400221180576113,1.23190039179006E-06
0.0420241937347056,1.28700933861119E-06
0.0440231206585102,1.34576179745267E-06
0.0460265214455553,1.39802391531119E-06
0.0480302338049009,1.45606673780243E-06
0.050029668175704,1.51110277354605E-06
0.0520266673828983,1.56373127134863E-06
0.0540313649707781,1.61993106694727E-06
0.056032464161411,1.66543861656565E-06
0.0580325623784076,1.72057882062533E-06
0.060032172738079,1.7752744997713E-06
0.0620334130176455,1.82222622897282E-06
0.0640352168724565,1.87607927021408E-06
0.0660352482804507,1.92502213384202E-06
0.0680346594485812,1.97446500089124E-06
0.0700372898870069,2.02402128267446E-06
0.0720363510135544,2.06943752204254E-06
0.0740373361490895,2.11836336147151E-06
0.0760380348925644,2.16109548710267E-06
0.0780406774041177,2.21046989019679E-06
0.0800389544254847,2.25755684638723E-06
0.0820435732553666,2.30168267844826E-06
0.0840424440148672,2.34856915071807E-06
0.0860443403337474,2.39415217778197E-06
0.0880459538315169,2.44032157310753E-06
0.0900495344411247,2.48206218151648E-06
0.0920496395527398,2.52532799180765E-06
0.0940504562703209,2.56738412486205E-06
0.0960513213956182,2.60912966369482E-06
0.0980543579140754,2.64720181198902E-06
0.100050701995765,2.6903850264416E-06
0.102052604212329,2.72551263271566E-06
0.104052639383035,2.76718331602567E-06
0.106053646834712,2.80617588003501E-06
0.108054599842008,2.84543136001861E-06
0.11005678007639,2.88434509719117E-06
0.112056134213631,2.92076682732277E-06
0.114057016840475,2.956311586416E-06
0.116059029902365,2.99428819838233E-06
0.118060459218966,3.02706328814716E-06
0.120058541357508,3.06257524268796E-06
0.122062020539175,3.09894599013919E-06
0.124062451284457,3.13092396974268E-06
0.126065422959323,3.16728514108199E-06
0.128063864659018,3.20063731522531E-06
0.13006399243308,3.23200691949303E-06
0.132064983964517,3.2655521894143E-06
0.134068143266585,3.29285220087899E-06
0.136069800976178,3.32415045636915E-06
0.138070921630301,3.3551327001659E-06
0.140070569142788,3.38416621267972E-06
0.142072722728436,3.41415580780441E-06
0.144070307332579,3.43893178695245E-06
0.14607291661157,3.47287469780286E-06
0.148072892484627,3.4984436659373E-06
0.150073219765324,3.5268755918144E-06
0.152073929970024,3.55436712551752E-06
0.154075928655069,3.57698014721686E-06
0.156074046632547,3.60493843769917E-06
0.158076898581905,3.62808148745239E-06
0.160079419374626,3.65589902857138E-06
0.162076815401488,3.68116748063014E-06
0.164081010568246,3.70215143934606E-06
0.166082124657305,3.72567288788803E-06
0.168079422096346,3.74837260412175E-06
0.170083637785663,3.76679538000229E-06
0.172082693614101,3.79170746282555E-06
0.174082157192978,3.81342134905845E-06
0.176079922229671,3.8326840653474E-06
0.178082447599633,3.85152637683551E-06
0.180086020913156,3.87472931100695E-06
0.182088653394411,3.89481996384569E-06
0.184087298050273,3.91210647934754E-06
0.186088873901189,3.92780019820533E-06

0.239768237154966,4.2900276164335E-06

-0.212047776353464,-4.12508650624953E-06
-0.209928901020707,-4.11341144247266E-06
-0.207990561962419,-4.09889563033947E-06
-0.205999296177931,-4.084723494223E-06
-0.203990697593435,-4.07145392538774E-06
-0.201978785583845,-4.05340305931869E-06
-0.199969885554497,-4.03990742530607E-06
-0.197961863515963,-4.02303807760946E-06
-0.195954761733308,-4.00821205339994E-06
-0.193946098184756,-3.99424549647493E-06
-0.191942562888672,-3.97716201252912E-06
-0.189936526045803,-3.95920437492997E-06
-0.187934930845904,-3.93919211433139E-06
-0.185930828358472,-3.92196227622435E-06
-0.183928078132362,-3.90693818085479E-06
-0.18192314278151,-3.88753796718419E-06
-0.179922785344377,-3.86899300970662E-06
-0.177919487867086,-3.8509779903664E-06
-0.175914398160496,-3.82745899954329E-06
-0.173911788207346,-3.80918921666212E-06
-0.171908869450435,-3.7877835343694E-06
-0.16990741185644,-3.76557272435685E-06
-0.167907426172974,-3.74135667051354E-06
-0.165904514992162,-3.71947844681064E-06
-0.163904788892113,-3.69824227218919E-06
-0.161900780508917,-3.67489075092902E-06
-0.15990060142733,-3.64781879779174E-06
-0.157999605147664,-3.62663558401463E-06
-0.155994283399059,-3.60164349045342E-06
-0.153991980264974,-3.57436649762396E-06
-0.151992848037045,-3.54999502303458E-06
-0.149987124672052,-3.52645616065528E-06
-0.147986630329907,-3.49974562706605E-06
-0.145983981240029,-3.47173499016912E-06
-0.14398216499399,-3.44317207087371E-06
-0.141981760064606,-3.40981349766967E-06
-0.139982140402248,-3.38551401625975E-06
-0.137981535894063,-3.35754631451251E-06
-0.135980242266281,-3.32435215370893E-06
-0.133975686025649,-3.29823457476821E-06
-0.131974672975076,-3.26888620448997E-06
-0.129973403660051,-3.2369548166423E-06
-0.127973139237477,-3.20245536734365E-06
-0.125971281181904,-3.16864046767952E-06
-0.123970022836436,-3.13746006280619E-06
-0.121969691918723,-3.10811855615746E-06
-0.119969289055143,-3.07473709919302E-06
-0.117966394977572,-3.04088779146477E-06
-0.115965122271294,-3.01022681947923E-06
-0.113964861251006,-2.97539773613079E-06
-0.111962198826474,-2.93997422949696E-06
-0.109960059422928,-2.90156944993484E-06
-0.107956547795032,-2.86604396295419E-06
-0.105957616360969,-2.82871449534012E-06
-0.103956714282785,-2.7885748959529E-06
-0.101951371016748,-2.74966856190912E-06
-0.0999493046837358,-2.71133743898252E-06
-0.0979518351479382,-2.6718087475804E-06
-0.0959544034652779,-2.63044174241119E-06
-0.0939507085992321,-2.58970196507979E-06
-0.0919503977275888,-2.5521237883054E-06
-0.0899483813232526,-2.51081650270741E-06
-0.0879473338026396,-2.47098815692982E-06
-0.0859439224057196,-2.42733942954358E-06
-0.083944382325304,-2.38673927012566E-06
-0.0819421891273614,-2.34855408174974E-06
-0.0799408036688976,-2.30212544953518E-06
-0.0779396125408411,-2.26190156837419E-06
-0.0759411450548789,-2.2148533587211E-06
-0.0739389636957632,-2.16906842405796E-06
-0.071937487545855,-2.12134924966153E-06
-0.0699373334268771,-2.07171414853457E-06
-0.0679340526927375,-2.02953976773194E-06
-0.0659307030095506,-1.98388136063211E-06
-0.0639308247187725,-1.93672976943271E-06
-0.0619300100932919,-1.89341215971924E-06
-0.0599277617028527,-1.84437912478389E-06
-0.0579260012433173,-1.79487408044459E-06
-0.0559277530181482,-1.74895585199822E-06
-0.0539259299914972,-1.70100581687542E-06
-0.0519247697643213,-1.64893841329263E-06
-0.0499251705799332,-1.59984138025719E-06
-0.0479223171723338,-1.54747772414152E-06
-0.0459198688197339,-1.50177890704826E-06
-0.0439208833666009,-1.44761808147737E-06
-0.0419190348843177,-1.39686026739766E-06
-0.0399186657213262,-1.34432053970301E-06
-0.0379152094627918,-1.29146835201844E-06
-0.0359170329264724,-1.24195391889335E-06
-0.0339142480302711,-1.18827452148438E-06
-0.0319141152155675,-1.13309220276346E-06
-0.0299127693934448,-1.07755096342511E-06
-0.0279099712510033,-1.02339077476306E-06
-0.0259073763235618,-9.69511215634417E-07
-0.0239071666670797,-9.13603161755375E-07
-0.0219047504245301,-8.54509050019395E-07
-0.0199041732554252,-7.9795902198936E-07
-0.0179036576494539,-7.42226627571798E-07
-0.0159002785908093,-6.79828686039034E-07
-0.0139991618528874,-6.22725751814484E-07
-0.0119012513202167,-5.63104343239638E-07
-0.00990736555707365,-4.98961771612192E-07
-0.0079965740984581,-4.43253351193138E-07
-0.00599647456271271,-3.8160054805936E-07
-0.00391667428425031,-3.16874552000434E-07
-0.00199014368873207,-2.55262851966769E-07
2.41253994099917E-05,-1.88489241247365E-07
0.00201428574846456,-1.16992601556184E-07
0.0040132883442695,-4.80718736273577E-08
0.00601319960199294,2.82199846115947E-08
0.00801191031275709,1.0915209082997E-07
0.0100157231086034,1.85173524656683E-07
0.012015747102378,2.72394968104171E-07
0.0140163232796484,3.5414620185773E-07
0.0160138773135353,4.39328303435091E-07
0.0180141124761786,5.18013950641135E-07
0.0200148342450207,5.97688949579295E-07
0.0220180689835009,6.71186346640349E-07
0.0240157476788602,7.41018468130907E-07
0.0260190061121846,8.04335221867126E-07
0.0280203897837648,8.72072055601291E-07
0.0300188991053663,9.35863231502063E-07
0.0320206998427944,9.98579713631026E-07
0.0340205630281259,1.05827852161752E-06
0.0360238852716655,1.11855959167685E-06
0.0380274015853158,1.17514113170898E-06
0.0400249034965528,1.23121919529333E-06
0.0420236798975297,1.29214477215297E-06
0.0440236449598414,1.34651385942554E-06
0.0460268506061108,1.40079004042916E-06
0.0480298205049704,1.456296474572E-06
0.050032996290238,1.51258856200987E-06
0.0520292780814464,1.56326865073046E-06
0.0540346485480376,1.61869629550173E-06
0.0560346050143469,1.67123675002178E-06
0.0580353901836466,1.71947792742056E-06
0.0600360845556728,1.77242661054278E-06
0.0620329221122723,1.82643053923768E-06
0.0640372274116462,1.87313782282167E-06
0.0660372035368952,1.92285388630333E-06
0.0680385480091885,1.97275399396418E-06
0.0700422130355283,2.02393635649878E-06
0.072039050541423,2.0724130702842E-06
0.0740388120272392,2.11964608091406E-06
0.076039117274442,2.16318403111827E-06
0.0780420605665599,2.20977219026773E-06
0.0800396835388743,2.25804434391587E-06
0.0820430797183712,2.30165149239363E-06
0.0840450050117485,2.34672399580061E-06
0.0860481933915984,2.38873635448425E-06
0.0880483238072108,2.43671640674661E-06
0.0900501479980034,2.47881907910551E-06
0.0920533401045055,2.52066321142862E-06
0.0940521564036231,2.56388067659137E-06
0.0960528326381072,2.60369707096167E-06
0.0980561066246799,2.64481524708183E-06
0.100055493237259,2.68478297099545E-06
0.102054593572627,2.72357131954759E-06
0.10405453593867,2.76355937958621E-06
0.106056446594401,2.80246204203779E-06
0.108057011641184,2.84337230113635E-06
0.110059420115381,2.88259349294456E-06
0.11205879015266,2.91777516903366E-06
0.114059865646229,2.95383711310109E-06
0.116059059555025,2.99381886399556E-06
0.118061996583785,3.0269237076989E-06
0.120060199182878,3.05943589647556E-06
0.122063698192748,3.09427062958018E-06
0.124065809087363,3.1273075862929E-06
0.126067915351827,3.16028070225949E-06
0.128064573684355,3.19560912214818E-06
0.130067240406607,3.22700229953648E-06
0.132066579832224,3.25997656943204E-06
0.134070721492585,3.29089675582744E-06
0.13607069768099,3.32155441588694E-06
0.138071635172847,3.35349939611883E-06
0.140072461008142,3.38208142267982E-06
0.142076000812088,3.40766329383831E-06
0.1440751951413,3.44054482980497E-06
0.146075014065055,3.46691834120171E-06
0.148074624800434,3.49265662218824E-06
0.150075380536132,3.526041106343E-06
0.152073512753706,3.55206319391414E-06
0.154074259924654,3.57974109464051E-06
0.156076418101391,3.60518407471091E-06
0.158079657522155,3.62981506343196E-06
0.160077916118387,3.65216713233492E-06
0.162079021262566,3.67770220193233E-06
0.16408146645084,3.70258760951424E-06
0.166084648535747,3.72235426307326E-06
0.168084462669854,3.7485126641249E-06
0.170086503214994,3.76983150202234E-06
0.172082551401897,3.79250090139468E-06
0.174084854538812,3.81164059686553E-06
0.176085001154708,3.83197484860768E-06
0.178085013496344,3.85275860813869E-06
0.180087728921357,3.87456693671483E-06
0.182089344508069,3.89080300219301E-06
0.184089147209284,3.9110249032136E-06

0.239767403866576,4.29347494179472E-06

-0.214048695191407,-4.13419801938871E-06
-0.211916519022097,-4.11589706543901E-06
-0.209977149746993,-4.10544865813959E-06
-0.207986878802295,-4.0923738934966E-06
-0.205979884355229,-4.07897174271741E-06
-0.203970096293602,-4.06340915215276E-06
-0.201958913457167,-4.04832926356773E-06
-0.199948446241405,-4.03246149625321E-06
-0.197940918601479,-4.01810609523426E-06
-0.195936364117991,-3.99973374754873E-06
-0.193932135320887,-3.98614175297327E-06
-0.191927000167169,-3.97133248321309E-06
-0.189921154104067,-3.95453000345293E-06
-0.187920697740944,-3.94029586987948E-06
-0.1859165652188,-3.91939971466864E-06
-0.183914781521182,-3.89887474993696E-06
-0.181910547980609,-3.87848998008325E-06
-0.179910193206282,-3.86262874670425E-06
-0.177904045109578,-3.84019617252235E-06
-0.175901668238222,-3.82264495770146E-06
-0.173901194009196,-3.80278123923334E-06
-0.17199843142005,-3.78159322990721E-06
-0.169992065487974,-3.76141874487742E-06
-0.167993927887148,-3.74259222872884E-06
-0.165990268486255,-3.72402002653848E-06
-0.163990541488265,-3.6997384085486E-06
-0.161988789943595,-3.67660808198634E-06
-0.159986730910247,-3.653866434671E-06
-0.157985445851163,-3.6313664380673E-06
-0.155983114135295,-3.60650927926625E-06
-0.153979612766668,-3.58038131496471E-06
-0.151978952260383,-3.55641789663747E-06
-0.149974985507698,-3.53067610890572E-06
-0.147973071286693,-3.50216642020427E-06
-0.145973661182184,-3.47517300916806E-06
-0.143971028236691,-3.44842196817582E-06
-0.141969932301301,-3.41882318032293E-06
-0.139970048746655,-3.39207651526916E-06
-0.13796732146344,-3.36018653398994E-06
-0.135967097300151,-3.32979110054452E-06
-0.133962560986629,-3.3063629404168E-06
-0.131962876700583,-3.27454183521017E-06
-0.129962824903855,-3.24116725686133E-06
-0.127962855070011,-3.20905130032129E-06
-0.125959772857004,-3.17782986353178E-06
-0.123957511107954,-3.14488036564404E-06
-0.121956644808634,-3.11240898399221E-06
-0.11995575350527,-3.07705378395954E-06
-0.117953689072746,-3.04227751159452E-06
-0.115954793544743,-3.00946112016388E-06
-0.113951348541967,-2.97639661901655E-06
-0.111948883787182,-2.94051889896141E-06
-0.109944958134895,-2.90340478146989E-06
-0.107945202313887,-2.86548733458941E-06
-0.105945198879089,-2.82712662911987E-06
-0.103945093941983,-2.79151107573445E-06
-0.101938510493311,-2.75123854972323E-06
-0.0999395123051568,-2.71424835221524E-06
-0.0979401056054606,-2.67580156664105E-06
-0.0959405147894027,-2.63651693871115E-06
-0.0939360574008999,-2.59938088158292E-06
-0.0919370674195572,-2.5572016902452E-06
-0.0899374808086211,-2.51477668955569E-06
-0.0879365313966402,-2.47331061883428E-06
-0.0859325341321517,-2.42846223990592E-06
-0.0839313656487597,-2.38900421541423E-06
-0.0819294226333436,-2.34876319765858E-06
-0.0799305067161029,-2.30261388369449E-06
-0.0779286140887835,-2.26119552868569E-06
-0.0759275571882853,-2.21544076851606E-06
-0.0739260886847603,-2.17131573071784E-06
-0.0719257734812871,-2.12533627659814E-06
-0.0699244960142387,-2.07791524298202E-06
-0.0679247847142405,-2.03388675307278E-06
-0.0659201676686807,-1.98591232059441E-06
-0.0639193218244156,-1.94147966331355E-06
-0.0619183873043551,-1.89243175468324E-06
-0.0599158725682038,-1.84467339915282E-06
-0.057913125504778,-1.79699212457962E-06
-0.055916336080649,-1.74886086266267E-06
-0.053914314815898,-1.69961755039646E-06
-0.0519133194871515,-1.64904587854864E-06
-0.049911234992869,-1.5965502624118E-06
-0.047908471522908,-1.54592498531774E-06
-0.0459096471294062,-1.49540475322606E-06
-0.0439082581004265,-1.44448302128689E-06
-0.0419051029577802,-1.3943919683521E-06
-0.039906691752399,-1.34022231597382E-06
-0.0379019464623029,-1.28839885972105E-06
-0.0359023168299374,-1.23703679522702E-06
-0.033904578190922,-1.18703936789353E-06
-0.0319042308349529,-1.13067914244802E-06
-0.0299001277551109,-1.07541899721186E-06
-0.027997640829899,-1.02127334505775E-06
-0.0259950413086058,-9.6887174416056E-07
-0.0239952268601573,-9.14020854073796E-07
-0.0219934332061305,-8.59805479132958E-07
-0.0199917949473069,-7.97951881117168E-07
-0.0179892127186352,-7.4360880220491E-07
-0.0159883768375447,-6.82207889029194E-07
-0.013987126785706,-6.28184830589587E-07
-0.0119895613005594,-5.64141184019741E-07
-0.00999567804903709,-5.02646315548734E-07
-0.00798790080678286,-4.43172649221761E-07
-0.00598447010816534,-3.79379360282209E-07
-0.00390695199016356,-3.16191529073906E-07
-0.00197524418367493,-2.53035696915649E-07
3.82893233056816E-05,-1.85106302687965E-07
0.0020259763281465,-1.20059392844892E-07
0.00402648046543825,-4.83911040520422E-08
0.00602568508883363,2.52367499208931E-08
0.00802290593467268,1.04726558236606E-07
0.0100249145628959,1.884465734916E-07
0.0120233330315586,2.70142893057572E-07
0.0140260690204565,3.56366474546721E-07
0.016027718181445,4.39779229282775E-07
0.0180294351345217,5.19855321570706E-07
0.0200257332488786,5.96622925260924E-07
0.0220280585277254,6.69788470330765E-07
0.0240290542815668,7.40550111586543E-07
0.0260306285117372,8.10187927172337E-07
0.0280300592946373,8.72398726151665E-07
0.0300318811232878,9.35245017797784E-07
0.0320311502719138,9.99738985151904E-07
0.0340320851919221,1.05822677839305E-06
0.0360351091819302,1.1182873356216E-06
0.0380405142445529,1.17330313264981E-06
0.0400378275814281,1.23389465081638E-06
0.0420367275034366,1.29347101120275E-06
0.0440383861478198,1.34645501654062E-06
0.0460397260514148,1.40498503683868E-06
0.0480450053555022,1.46096009352899E-06
0.0500417743650911,1.5123363236252E-06
0.0520406670510718,1.56424154773504E-06
0.0540449395994417,1.61572970894227E-06
0.0560448683011518,1.67223776842546E-06
0.0580474047698214,1.72466460589929E-06
0.0600473917552545,1.77185043282276E-06
0.0620460299160468,1.82945714509017E-06
0.0640462255816261,1.87867973159302E-06
0.0660493409738598,1.92723162310216E-06
0.0680483916733459,1.97791802096691E-06
0.0700496200867183,2.02245521372306E-06
0.0720517430656795,2.07271525730899E-06
0.0740529029283752,2.11924545775289E-06
0.0760537155582204,2.16867883860673E-06
0.078054374544187,2.21480039083791E-06
0.0800527323209591,2.26165502515815E-06
0.0820557931928893,2.30646285172524E-06
0.0840567233657936,2.35189094509102E-06
0.0860576982896498,2.3944824787128E-06
0.0880585942949021,2.43664405390098E-06
0.0900615005625194,2.47899189870281E-06
0.0920647218173662,2.52712019337381E-06
0.0940638830676348,2.56450767963781E-06
0.0960629845037061,2.60982473356497E-06
0.0980711084571463,2.65185730099184E-06
0.100065323397437,2.68719375342512E-06
0.102067506355736,2.72590679687177E-06
0.1040681590712,2.76878356075678E-06
0.1060673712496,2.80801119658396E-06
0.108068682548657,2.84589880615797E-06
0.110070909838391,2.88099696476392E-06
0.112067520169785,2.91702584951539E-06
0.114070995974056,2.9556792333352E-06
0.116073808549843,2.99187621706541E-06
0.118072898441002,3.02829055905433E-06
0.120073093479244,3.0633406272954E-06
0.122073996620023,3.10116715356395E-06
0.124075399060023,3.13403638595019E-06
0.126078967597455,3.16774987473894E-06
0.128078335243875,3.19783777861826E-06
0.130077933253831,3.22751585787675E-06
0.132078061406983,3.26292957859338E-06
0.13408301467378,3.29471979746719E-06
0.136084751002122,3.32731300104987E-06
0.13808443648278,3.35900165918738E-06
0.140083099004374,3.38725207353461E-06
0.142087086786813,3.41343822882612E-06
0.144086369016673,3.44460385741408E-06
0.146087742034257,3.47235346658418E-06
0.148089501521245,3.49838572971087E-06
0.150088568991201,3.52560679445005E-06
0.15208648679536,3.5520038340091E-06
0.154086919761057,3.57640348244889E-06
0.156088735455883,3.60111705951548E-06
0.158089741633522,3.62508624748762E-06
0.16008855057034,3.6491208797176E-06
0.162092481750568,3.67258328306244E-06
0.164092427921625,3.6963472664954E-06
0.166094656135236,3.72206122505682E-06
0.16809458306093,3.74168288818886E-06
0.170093911898017,3.76726544870752E-06
0.17209619737845,3.78543086845344E-06
0.174096359306404,3.80938677874927E-06
0.176096463698076,3.82840162509897E-06
0.178099512836548,3.84858970251298E-06
0.180099375799752,3.87154587571587E-06
0.18200022723097,3.88834835547603E-06

0.239771184234496,4.2934041774747E-06

-0.216049993217186,-4.15054125040109E-06
-0.213925753338226,-4.13690359320743E-06
-0.211986428112562,-4.1270612983441E-06
-0.209995964999113,-4.1110488553105E-06
-0.20798803733418,-4.09751508169719E-06
-0.205976322822106,-4.0847419271145E-06
-0.203966169599178,-4.06895892112865E-06
-0.201955359979652,-4.05619606199023E-06
-0.199950839547079,-4.03771653378441E-06
-0.197941356692189,-4.02659886266295E-06
-0.195937911873238,-4.00998747054459E-06
-0.193933096854021,-3.99444146958228E-06
-0.191930088287428,-3.97447289343792E-06
-0.189926176090314,-3.95898436413323E-06
-0.187925247669531,-3.94328959624909E-06
-0.185919555289079,-3.92532512499261E-06
-0.183916080128164,-3.90551246413531E-06
-0.181914388806574,-3.88872837230838E-06
-0.179913761645335,-3.86856888835532E-06
-0.177912422311503,-3.84946154785417E-06
-0.17590808082572,-3.82732121742591E-06
-0.173905540575763,-3.80710625496528E-06
-0.171901150723155,-3.78876809055251E-06
-0.169996316715824,-3.76753803025604E-06
-0.167997607655718,-3.74755217514918E-06
-0.165995032141145,-3.72783325228886E-06
-0.163996413952069,-3.70051498776576E-06
-0.161993557683973,-3.67789216516314E-06
-0.159993466511876,-3.65342563380081E-06
-0.157991178210133,-3.63111438700876E-06
-0.1559884885544,-3.60401785668283E-06
-0.153986235046965,-3.57951965971097E-06
-0.151986867311964,-3.55180757571184E-06
-0.149981265230537,-3.53048968193812E-06
-0.147979289528283,-3.50302539294778E-06
-0.145977109053749,-3.47896553912725E-06
-0.143975504034532,-3.44805275586063E-06
-0.141973867019592,-3.41984407777585E-06
-0.139975602818374,-3.39127263139485E-06
-0.137973370000906,-3.36130842270771E-06
-0.135973968821004,-3.33498088863706E-06
-0.133968454667607,-3.30269199261099E-06
-0.131968693833941,-3.27113041652214E-06
-0.129966279493908,-3.24179123271746E-06
-0.127966733411295,-3.20890376225891E-06
-0.125964331174192,-3.17912499145738E-06
-0.123964979145289,-3.14509683972339E-06
-0.121962678856238,-3.11446661919586E-06
-0.119964141510052,-3.07923303128876E-06
-0.117959503979774,-3.04465033425659E-06
-0.115958806160681,-3.01083266216569E-06
-0.113956354884528,-2.9727087669005E-06
-0.111955465060499,-2.93648477823494E-06
-0.109954905227181,-2.90123455576723E-06
-0.107950998374077,-2.86578970894033E-06
-0.105950775609472,-2.82900856739682E-06
-0.103951206203984,-2.79272025843022E-06
-0.101946497069688,-2.75626182736263E-06
-0.0999445470857163,-2.71595182113871E-06
-0.0979451720817953,-2.67740593254709E-06
-0.095946268493438,-2.63770523079656E-06
-0.0939442794881833,-2.59427607961042E-06
-0.0919432711784911,-2.55555254590031E-06
-0.0899426578924523,-2.51488820854921E-06
-0.087939876185913,-2.47479947944669E-06
-0.0859384281051992,-2.43352982392231E-06
-0.0839396381779486,-2.3889011935341E-06
-0.0819357034620145,-2.34458636439092E-06
-0.0799349593987048,-2.30222127059876E-06
-0.077932468564586,-2.2611905533036E-06
-0.0759338580712231,-2.21481585602927E-06
-0.0739332698374139,-2.16982945520607E-06
-0.0719339544234425,-2.12598698763998E-06
-0.0699304841765718,-2.08243190833417E-06
-0.067929262332807,-2.03571364743878E-06
-0.065924483807872,-1.98837134324986E-06
-0.0639253696157367,-1.9429752601737E-06
-0.0619246185562004,-1.89360359953417E-06
-0.0599208893468744,-1.8439888645044E-06
-0.0579197391845449,-1.79503085743186E-06
-0.0559217668914421,-1.75058051656404E-06
-0.0539198552835364,-1.69891562438985E-06
-0.0519181306658138,-1.65214950541399E-06
-0.0499184987319222,-1.59974884864052E-06
-0.0479169843637176,-1.54890676777312E-06
-0.0459160677854,-1.49570706763261E-06
-0.0439151394349147,-1.44397996819616E-06
-0.0419112915874991,-1.38949424418011E-06
-0.0399133149726636,-1.3425822955562E-06
-0.0379096189758579,-1.28891701504462E-06
-0.0359100211812735,-1.23507634856772E-06
-0.0339079033723448,-1.18503483215555E-06
-0.0319078499964247,-1.13025313659581E-06
-0.029904317656556,-1.07868652695059E-06
-0.0279064089639308,-1.02045185252693E-06
-0.0259017115032343,-9.67033329237368E-07
-0.0239009882269953,-9.12757657760826E-07
-0.0219986024888578,-8.55422279904086E-07
-0.019998440268577,-7.99278670905784E-07
-0.0179960461869313,-7.40473195022124E-07
-0.0159914385023607,-6.84474992314816E-07
-0.0139945726369719,-6.26651232750088E-07
-0.0119948090935827,-5.68311099333312E-07
-0.00990120319644086,-5.03308460977735E-07
-0.00799018620914444,-4.47162592826268E-07
-0.00598879525058216,-3.8334386687111E-07
-0.00391204345530911,-3.1628699609109E-07
-0.00198040147373181,-2.53499694380898E-07
2.90789398643387E-05,-1.85576147070141E-07
0.00201856315025044,-1.18923335480894E-07
0.00402046859512013,-4.73748758200674E-08
0.00601948997627508,2.53210830374002E-08
0.00801754855235625,1.04272806340047E-07
0.0100201085084804,1.86006486698309E-07
0.0120207867517992,2.73140749968423E-07
0.0140208533568472,3.58926660807062E-07
0.0160196788921531,4.36380406403924E-07
0.0180213340639725,5.21320727077992E-07
0.0200212724508412,5.9673055911045E-07
0.0220233487278749,6.67830183541776E-07
0.0240217563036826,7.40366902881901E-07
0.0260232719619486,8.04857086248133E-07
0.0280242352487314,8.70312482500976E-07
0.030024994262826,9.37589674102487E-07
0.0320247426525514,9.96585229813349E-07
0.0340277615924783,1.05726414686056E-06
0.0360293541958548,1.11484147889726E-06
0.0380326113940082,1.18037529736244E-06
0.0400318905374874,1.23358208967035E-06
0.0420328611480384,1.28636373782626E-06
0.0440316801976874,1.34564249318506E-06
0.0460333152934312,1.3993134384389E-06
0.0480370493580849,1.45890074241796E-06
0.0500352215559312,1.51191026157516E-06
0.0520359588088366,1.56323122296907E-06
0.0540394414030435,1.618717171126E-06
0.0560391837421265,1.66990307787104E-06
0.0580399954699684,1.72320916426902E-06
0.0600422166091517,1.77412986216794E-06
0.0620415835315642,1.82390255059309E-06
0.0640407629740905,1.87373791084932E-06
0.0660419572038515,1.92499935498424E-06
0.0680430645141251,1.97064745914676E-06
0.0700449084606711,2.02362037477756E-06
0.0720444999885075,2.07291458730064E-06
0.0740448897460845,2.11848340755061E-06
0.0760463736778334,2.16214001762053E-06
0.0780489173301709,2.2107944514549E-06
0.0800474596809477,2.25579930015568E-06
0.0820489813889022,2.30451555161395E-06
0.0840505154688338,2.3507593603726E-06
0.0860514067896924,2.39408028950515E-06
0.0880521828641238,2.44066644801152E-06
0.0900560110252785,2.48162006936336E-06
0.0920605140737828,2.5257643717811E-06
0.0940574685838374,2.56607260215328E-06
0.0960588018587078,2.60883094595002E-06
0.0980613030096194,2.6469652565482E-06
0.100060538047509,2.68666260141443E-06
0.102060776342248,2.72388734622708E-06
0.104060742731318,2.76689018809268E-06
0.106059832243171,2.802680808989E-06
0.108060945178376,2.84305582487414E-06
0.110062601386439,2.88286850269396E-06
0.112064757833093,2.91750182274032E-06
0.114067741571386,2.9536929469091E-06
0.116064271240625,2.98864012065182E-06
0.118067632202165,3.02519488231006E-06
0.120066108667982,3.05809132943692E-06
0.122067515512435,3.09482569939153E-06
0.124069896749603,3.12668921523467E-06
0.126073327430193,3.16187829445256E-06
0.128072242056294,3.19827168588676E-06
0.130073627655994,3.22769561603402E-06
0.132071576800576,3.25734499692892E-06
0.134076385384339,3.29077635757521E-06
0.136077016481498,3.32263309970539E-06
0.138075949458281,3.34876761292854E-06
0.140079018953553,3.38410941539618E-06
0.14208209560756,3.40910663420038E-06
0.144077749111301,3.44150298049636E-06
0.146079321396385,3.4696314829962E-06
0.148079583843991,3.49390671691147E-06
0.150082427949289,3.52044479056957E-06
0.152081873301847,3.54918213297399E-06
0.154081058750617,3.57459163411789E-06
0.156080801875281,3.59969414519496E-06
0.158083683793445,3.62402592163022E-06
0.16008411227839,3.65072155904534E-06
0.162085492177869,3.67784867598228E-06
0.164089425117542,3.70234384576383E-06
0.166090767248408,3.72763133015771E-06
0.168085833915513,3.74846136673663E-06
0.170089541723548,3.77055017498525E-06
0.172089848841166,3.78574575619004E-06
0.174092761495412,3.80757532005662E-06
0.176091702434051,3.83016653699407E-06
0.178093574822447,3.8527430525766E-06
0.18009298850194,3.87129162170201E-06

0.239770114190043,4.29304377698081E-06

-0.2180449902275,-4.16282923029919E-06
-0.215930432923402,-4.15036547854393E-06
-0.213983956709186,-4.13926713947939E-06
-0.211992991588367,-4.12766929902761E-06
-0.209986996539664,-4.11553919759443E-06
-0.207979099280069,-4.10122088714983E-06
-0.205968307633241,-4.08338054568215E-06
-0.203961003456629,-4.0670668972127E-06
-0.201949832033807,-4.05522839513128E-06
-0.1999457467511,-4.03984544283516E-06
-0.197938500293756,-4.02691613318796E-06
-0.195933560078813,-4.00807487072619E-06
-0.193928633406816,-3.99227299725223E-06
-0.191928458418689,-3.97698238924666E-06
-0.18992468618147,-3.95898924959878E-06
-0.187922004954554,-3.94088064212248E-06
-0.185918213485184,-3.92412972950023E-06
-0.18391706986226,-3.90490145124759E-06
-0.181913364864313,-3.88626497371446E-06
-0.179913318882099,-3.86881659344757E-06
-0.177908055700075,-3.85112408976408E-06
-0.175906623782446,-3.83005938599178E-06
-0.173905585233967,-3.805664203407E-06
-0.171902992285456,-3.78495404056715E-06
-0.16999836696679,-3.76819969613014E-06
-0.167995878793988,-3.74335980130552E-06
-0.165995458442258,-3.72326755994117E-06
-0.163995498385712,-3.69916088957347E-06
-0.161990783390317,-3.67760732453828E-06
-0.159994135649611,-3.65306866512168E-06
-0.157991730848904,-3.63144205788069E-06
-0.155986685659299,-3.60674127893551E-06
-0.153988028055027,-3.58048020817687E-06
-0.15198480373504,-3.55588836312457E-06
-0.149978910788969,-3.52895050552637E-06
-0.14798050835718,-3.50370286914751E-06
-0.145979707041863,-3.4743435740092E-06
-0.143977922126655,-3.44714169146604E-06
-0.141973759581039,-3.42109688498148E-06
-0.139973890381959,-3.39052251761377E-06
-0.137972883211807,-3.36528505679046E-06
-0.135972951249222,-3.33260695700429E-06
-0.133968048780749,-3.30405938346569E-06
-0.131967893248473,-3.27141273948377E-06
-0.129967271661685,-3.24163524249995E-06
-0.127966595889755,-3.21344255457389E-06
-0.125965389194337,-3.17636809027821E-06
-0.123966165455838,-3.14509089024541E-06
-0.121962647246899,-3.11367959467352E-06
-0.119962867318537,-3.0760241046575E-06
-0.117961568082599,-3.04861343589949E-06
-0.1159618239942,-3.00785440144161E-06
-0.113958071281151,-2.97479486069028E-06
-0.111955431159331,-2.93677976444317E-06
-0.109953014084608,-2.90176399936358E-06
-0.107952136170414,-2.86725815100423E-06
-0.105950021901642,-2.82893141900218E-06
-0.103949131334611,-2.79344685903508E-06
-0.10194664006226,-2.75162388707195E-06
-0.099948029688705,-2.71548325104255E-06
-0.0979438328682697,-2.67680055442945E-06
-0.0959453708741235,-2.6387006219232E-06
-0.0939443753022117,-2.59703287588696E-06
-0.0919449177389105,-2.55696413073631E-06
-0.0899425915540302,-2.51457479694253E-06
-0.0879407431668443,-2.47373889882574E-06
-0.0859390451417923,-2.43349071022573E-06
-0.0839379293569254,-2.39399030506969E-06
-0.0819381510745039,-2.34755485418389E-06
-0.0799357979156803,-2.30534844061251E-06
-0.0779320046501421,-2.26012930580162E-06
-0.0759337361396919,-2.21688876955233E-06
-0.0739332198939331,-2.16991224586383E-06
-0.0719323595562444,-2.12853020964572E-06
-0.0699302893949079,-2.08106915567453E-06
-0.0679293101369273,-2.03477802084163E-06
-0.0659259385922695,-1.98824892936844E-06
-0.063925045519761,-1.93989336313978E-06
-0.0619269947082134,-1.89461701143481E-06
-0.0599222928090634,-1.8458110457449E-06
-0.0579208612571409,-1.79640125299773E-06
-0.0559196920332088,-1.74712345773694E-06
-0.0539206657719576,-1.69794388131424E-06
-0.0519203564320516,-1.6522532016682E-06
-0.049919807362543,-1.5987213722938E-06
-0.0479181929397261,-1.54723652301261E-06
-0.0459144824782944,-1.50074743690839E-06
-0.043914894281443,-1.44981574671199E-06
-0.0419141795457254,-1.39770159401944E-06
-0.039914008850527,-1.34277575100032E-06
-0.0379090741742778,-1.29170092115914E-06
-0.0359108765505543,-1.23803979179467E-06
-0.0339071446987064,-1.18736402281471E-06
-0.0319062196121854,-1.13189458558315E-06
-0.0299056245709047,-1.08074637634913E-06
-0.0279052033542911,-1.02364030815837E-06
-0.0259046377472607,-9.68913731440021E-07
-0.0239022168869205,-9.14317455033293E-07
-0.0219963214555772,-8.59058306372168E-07
-0.0199978786604384,-8.03449820698571E-07
-0.0179975988798976,-7.4132788923676E-07
-0.0159946939996528,-6.86625117923396E-07
-0.0139953645323074,-6.24769416235131E-07
-0.0119966848664856,-5.68177151781877E-07
-0.00990471030264015,-5.02882172263068E-07
-0.00799240051066518,-4.43364952610162E-07
-0.00599028342574654,-3.83268411904719E-07
-0.0039126956733034,-3.1629164271582E-07
-0.00197992432375946,-2.54122057359023E-07
2.79141897161475E-05,-1.87345632064471E-07
0.00201917799346544,-1.16249475039868E-07
0.00402010973327909,-4.7120437553393E-08
0.00601975845797899,2.433711158623E-08
0.00801636166483954,1.0654067906776E-07
0.0100213185345224,1.88717683110912E-07
0.0120211493693488,2.72229231307958E-07
0.0140214689260678,3.54866391225686E-07
0.0160189236134885,4.40129900057315E-07
0.0180185218742724,5.20321314059272E-07
0.0200208559543046,5.97720193705026E-07
0.0220211198431005,6.72558120926555E-07
0.0240194830107802,7.37016694881097E-07
0.0260228118829465,8.10747534022631E-07
0.0280233348884678,8.72885867760651E-07
0.0300272905082368,9.31774006920302E-07
0.0320275364298634,9.99087007785405E-07
0.0340276243957988,1.06265264676851E-06
0.0360293441790265,1.11725217141039E-06
0.0380294940199239,1.17610212601108E-06
0.0400277119047801,1.23292817909816E-06
0.0420290403433278,1.29068392803702E-06
0.0440306843923706,1.34513968736483E-06
0.0460346870545011,1.40266494273655E-06
0.0480374045445382,1.45894235879168E-06
0.0500367013313292,1.51286859209964E-06
0.0520337627038656,1.56545737676201E-06
0.0540384604953877,1.61928564599543E-06
0.0560392266924374,1.67298189526333E-06
0.0580413915819311,1.7255159732018E-06
0.0600401480539427,1.77517156031467E-06
0.0620411531514353,1.82690708193406E-06
0.0640401521448279,1.8790646643173E-06
0.0660407414073693,1.92782509477079E-06
0.0680426524017561,1.9782266070524E-06
0.0700470490454128,2.02459525743915E-06
0.0720430143300226,2.07377084756175E-06
0.0740438028535437,2.1210093955521E-06
0.0760453569032377,2.1670189567279E-06
0.0780463905503138,2.21289211450666E-06
0.0800458797882903,2.25771889098536E-06
0.0820492560055459,2.30571300020074E-06
0.0840506367677412,2.35091278047557E-06
0.0860520639073144,2.39511869820499E-06
0.0880513921211128,2.43852127905242E-06
0.0900559721836482,2.47965845753551E-06
0.0920578311670494,2.52443411645902E-06
0.0940594484185361,2.56557579826235E-06
0.0960564361086526,2.60792520161761E-06
0.0980607153355469,2.64681512589214E-06
0.100061220148182,2.68737070918344E-06
0.102061166907049,2.72410750688473E-06
0.104059244116625,2.76473899472514E-06
0.106060499600878,2.80311702411546E-06
0.108062207719392,2.84338451480023E-06
0.110062464696534,2.88054888065368E-06
0.112062166515093,2.91650043717742E-06
0.114065809382947,2.95567568163171E-06
0.116066851935886,2.99302906704645E-06
0.118066452132701,3.02739401618157E-06
0.12006642162209,3.06139201590119E-06
0.12206911045512,3.09307234177231E-06
0.124069940500675,3.13020141538229E-06
0.126072604382185,3.16216228087026E-06
0.128071461628837,3.19794509401336E-06
0.130070408422763,3.22951224492793E-06
0.132070124841134,3.26194227995568E-06
0.134074355669568,3.29348563295832E-06
0.136079074315318,3.32447000477995E-06
0.138077181406337,3.35666723088955E-06
0.140078391997435,3.38447957183508E-06
0.142079993187686,3.41231015085292E-06
0.144075871533415,3.44199001345619E-06
0.146077257063971,3.46958859280478E-06
0.148079037463464,3.4987185258258E-06
0.150081450802185,3.52693065071143E-06
0.152078798850418,3.55329758321437E-06
0.154081178349938,3.58015063452562E-06
0.156082306911023,3.60579820470549E-06
0.158082931811111,3.62588487124411E-06
0.160082222685863,3.65430428373553E-06
0.162086196971887,3.67792655869536E-06
0.164089438533406,3.70125480655676E-06
0.16608823716983,3.72547406742347E-06
0.168085510360552,3.74687243650395E-06
0.170089671218177,3.77354575963011E-06
0.172089381838564,3.79158081537352E-06
0.17408645248109,3.81163202482169E-06
0.17608858811521,3.83563326804171E-06
0.178092440285475,3.85485457776221E-06

0.239770199999482,4.29182788051643E-06

-0.220047470208301,-4.17671078611808E-06
-0.217934426529646,-4.16189337891068E-06
-0.215994115052585,-4.15018137442037E-06
-0.213997741585253,-4.14039635639548E-06
-0.21199195404877,-4.126153455959E-06
-0.209982970008699,-4.11249345450419E-06
-0.207976465562602,-4.10185533828332E-06
-0.205966407308395,-4.08374592155813E-06
-0.203959748666936,-4.06784320668023E-06
-0.201950196718933,-4.05504387139718E-06
-0.199945871627727,-4.03829180484595E-06
-0.197941384148553,-4.02759242548653E-06
-0.195937434689605,-4.0099211421074E-06
-0.193932838996843,-3.99217943908834E-06
-0.19193077988728,-3.97824259958107E-06
-0.189928250039862,-3.95859937146459E-06
-0.187929105450631,-3.94391114435854E-06
-0.185923259236697,-3.92397442864289E-06
-0.183919279936505,-3.90585907742581E-06
-0.181918130101725,-3.88609110509081E-06
-0.179917657224064,-3.86849033126816E-06
-0.177911542518829,-3.84799333058162E-06
-0.175910902408876,-3.83169711093559E-06
-0.173908639526447,-3.80209907238724E-06
-0.171904051452257,-3.78547689028362E-06
-0.169904216836337,-3.76005982116394E-06
-0.167903200898378,-3.7388721565179E-06
-0.165900926519438,-3.71700281956676E-06
-0.163999988455943,-3.69825620925349E-06
-0.161997585320995,-3.6690107484597E-06
-0.159997075598385,-3.6486906735593E-06
-0.157993375315771,-3.62680790907094E-06
-0.155994047420366,-3.60018146243632E-06
-0.15399154596687,-3.57649324867766E-06
-0.151990954372505,-3.54984274936755E-06
-0.149986847947984,-3.52430544684264E-06
-0.147986254479313,-3.49871593277792E-06
-0.145981955462411,-3.47015476685511E-06
-0.143979225908167,-3.44409286124113E-06
-0.141978074909522,-3.4185285088226E-06
-0.139980982943484,-3.38390518449869E-06
-0.137978901769039,-3.35666809962861E-06
-0.135979134840365,-3.32768255759095E-06
-0.133973416785882,-3.29973199993142E-06
-0.131974841676994,-3.26927474886209E-06
-0.129971541316454,-3.23680658921974E-06
-0.12797139074256,-3.20251547655323E-06
-0.125969644264039,-3.17372398940331E-06
-0.123969953290022,-3.13653660491463E-06
-0.121969219650973,-3.10803238613626E-06
-0.119967292283583,-3.07007077524666E-06
-0.117965368157281,-3.03903273823444E-06
-0.115965228934277,-3.0096384056162E-06
-0.11396298191462,-2.9717081756004E-06
-0.111962114356044,-2.93568008511174E-06
-0.109958920537436,-2.89473302017456E-06
-0.107956861102902,-2.86073188836199E-06
-0.10595598869811,-2.8284926862125E-06
-0.103957945222204,-2.78896883531766E-06
-0.101951367434829,-2.74728393020763E-06
-0.099951694047581,-2.7117768161741E-06
-0.0979512985921397,-2.67306798381891E-06
-0.0959514014429099,-2.63257451787333E-06
-0.0939476425764109,-2.59463294338692E-06
-0.0919497681550481,-2.55072972220936E-06
-0.0899487611167294,-2.51577046218454E-06
-0.0879466733907009,-2.47060087138932E-06
-0.0859435489286118,-2.42431636790152E-06
-0.0839463062431704,-2.38647633167227E-06
-0.0819428164497966,-2.34285889524329E-06
-0.0799406467720878,-2.30270510402823E-06
-0.0779392905243387,-2.25540351704759E-06
-0.0759399567327732,-2.21226089991456E-06
-0.0739383809334383,-2.16645097594527E-06
-0.0719388083536113,-2.12227275251135E-06
-0.069935654597136,-2.07588826931983E-06
-0.0679354893319678,-2.03038164883908E-06
-0.06593081380174,-1.98347494534689E-06
-0.0639314187734784,-1.93606544352752E-06
-0.061930550754582,-1.89087380069992E-06
-0.0599267935821668,-1.84197419442262E-06
-0.0579258552355792,-1.7934900250571E-06
-0.0559278588640904,-1.74869370031459E-06
-0.0539261057962397,-1.69790253469015E-06
-0.0519259414780536,-1.64646169955718E-06
-0.0499247537727915,-1.59433272562098E-06
-0.0479234123644943,-1.54580960740588E-06
-0.0459215780708648,-1.49747831864406E-06
-0.0439218542489842,-1.44638228348462E-06
-0.0419185086485537,-1.39573840865207E-06
-0.0399170702556654,-1.34246407028711E-06
-0.0379142851529797,-1.29168248826765E-06
-0.0359154300154267,-1.23536576744327E-06
-0.0339134851867285,-1.18281537339861E-06
-0.0319142209672259,-1.13106965374453E-06
-0.0299115936080402,-1.0733471252221E-06
-0.0279101157612303,-1.02263105489788E-06
-0.0259071448751952,-9.65165200642953E-07
-0.023908106060916,-9.1130247464062E-07
-0.021904614958234,-8.53925933739404E-07
-0.0199037544645174,-7.99368894664504E-07
-0.0179023919675712,-7.39290691314226E-07
-0.0159023017226715,-6.80573723281908E-07
-0.0139018850330279,-6.2153862302436E-07
-0.0119029531469044,-5.61803580543948E-07
-0.00990623026102284,-4.99731099434738E-07
-0.00799453483824874,-4.43987988089105E-07
-0.00599373790978462,-3.79033775412181E-07
-0.00391926004249125,-3.15334645953405E-07
-0.00198417645376716,-2.51465835546685E-07
2.44517744185672E-05,-1.85724370746175E-07
0.00201201709908143,-1.17592372066034E-07
0.00401227748835885,-4.64258300568301E-08
0.0060139642081216,2.78780884689025E-08
0.00801309077463318,1.0666936837464E-07
0.0100140396250034,1.87651405902262E-07
0.0120144940433369,2.68444768548681E-07
0.014010632874217,3.54837579529793E-07
0.0160124403331785,4.39226025239709E-07
0.0180164021155608,5.16197214971322E-07
0.0200144882254887,5.94059335284746E-07
0.0220165240516995,6.68561293086658E-07
0.0240167571660212,7.34460090296421E-07
0.0260180328898822,8.03974364297471E-07
0.028018725289908,8.72658300227704E-07
0.0300193469893414,9.35571478542889E-07
0.0320202980317145,9.94849162396208E-07
0.0340204020413015,1.05826039594089E-06
0.0360236396531099,1.11574900282794E-06
0.0380244236103133,1.17782093319832E-06
0.0400230882688157,1.23330039987104E-06
0.0420246687367838,1.29019973119484E-06
0.0440261277185436,1.34446960680083E-06
0.0460295350960526,1.4037477777021E-06
0.0480323433634219,1.45497842542075E-06
0.0500317359113673,1.51015776565615E-06
0.0520302461344321,1.56570232441358E-06
0.0540349256030191,1.61703848919646E-06
0.0560319842023373,1.67072412831218E-06
0.0580332384621521,1.72231743942441E-06
0.0600343002524871,1.77256987756934E-06
0.0620341452642457,1.82581542765417E-06
0.0640342057680995,1.87585751353778E-06
0.0660355361492371,1.92618325614509E-06
0.0680355914164527,1.97197560143006E-06
0.0700399325577726,2.02131725991612E-06
0.0720398148722329,2.06944716559187E-06
0.0740416465936039,2.11569187351596E-06
0.0760426525956704,2.16635454839921E-06
0.078046598511259,2.21341742194199E-06
0.080041061854311,2.25358328445306E-06
0.0820417003072687,2.30454571861442E-06
0.0840446737411027,2.34626503178856E-06
0.0860472375593066,2.38829323077001E-06
0.0880463124236506,2.43483951878221E-06
0.0900492355319866,2.47688013373976E-06
0.0920513516981949,2.51867699993298E-06
0.0940529829598033,2.56028885534417E-06
0.0960534516049278,2.60365422572852E-06
0.0980548911393199,2.64593879925566E-06
0.10005396450968,2.68286839301308E-06
0.102055904351834,2.72847485832275E-06
0.104055702195386,2.76119295598485E-06
0.106053867429834,2.80321492824564E-06
0.108053914772856,2.8424445122646E-06
0.110056166051204,2.87761367496802E-06
0.112057505911072,2.91628941803507E-06
0.114059963520288,2.95202324164785E-06
0.116058286623977,2.98913490142051E-06
0.118060836232978,3.02319386455687E-06
0.120060681346204,3.05965697128473E-06
0.122062108752935,3.09410392430785E-06
0.124064675282218,3.12955713337334E-06
0.126067564559968,3.16165516654897E-06
0.128064740697037,3.19301487999685E-06
0.130066242717198,3.22360735056206E-06
0.132066183063873,3.25678541630429E-06
0.134069793662345,3.28878220345153E-06
0.136072520141722,3.32072698886423E-06
0.138072142473914,3.35117992393945E-06
0.140072203765023,3.38003026146733E-06
0.142074967393326,3.41122728591519E-06
0.144072144990633,3.43857609209102E-06
0.146072903838226,3.46520670485884E-06
0.148074689951286,3.49579509920739E-06
0.150075079705569,3.51842186315185E-06
0.152073847858781,3.54567201589297E-06
0.154076495340354,3.5754672713942E-06
0.156075360253794,3.59838406115088E-06
0.158077448139981,3.6262877273328E-06
0.160074997983329,3.65245060922554E-06
0.162078757026353,3.67550147953521E-06
0.164081554914673,3.69924789926993E-06
0.166080511058466,3.71769926861143E-06
0.168080592753043,3.74149514244528E-06
0.170083984733428,3.76431531687558E-06
0.172085546986481,3.78482052993979E-06
0.174084970687745,3.80769252627155E-06
0.176085278988449,3.82900222265369E-06

0.239770992201733,4.29057691659995E-06

-0.222047805360754,-4.18884623758561E-06
-0.219933241185671,-4.17758853643317E-06
-0.217995124969559,-4.16610405077101E-06
-0.215996137796691,-4.15040597096085E-06
-0.213988640740703,-4.13945942600844E-06
-0.21197940831964,-4.12830042324898E-06
-0.209971805399364,-4.1129383915354E-06
-0.207964197952189,-4.10044916342605E-06
-0.205955408709204,-4.08590568696952E-06
-0.203950099899399,-4.07447329295845E-06
-0.201940106295554,-4.05660194526922E-06
-0.199937130483929,-4.04151406909789E-06
-0.197932873784098,-4.02526890706268E-06
-0.195929073843629,-4.0096427604876E-06
-0.193926016426406,-3.99331545968958E-06
-0.191924814244794,-3.97703849717003E-06
-0.189920268483523,-3.95867169433804E-06
-0.187919627312998,-3.9397900143898E-06
-0.185916817288896,-3.92184051423787E-06
-0.183912656650947,-3.90869281229172E-06
-0.181912759333786,-3.88967715669312E-06
-0.179909143085522,-3.8702353266488E-06
-0.177906790461224,-3.84726494663198E-06
-0.175904270248051,-3.82707516080363E-06
-0.173901757284437,-3.80726566201146E-06
-0.171999896279277,-3.78749169524021E-06
-0.169995868591181,-3.76874967067068E-06
-0.167997077339516,-3.74686157113405E-06
-0.165996866354034,-3.72283234888279E-06
-0.16399713467617,-3.70379463375877E-06
-0.161994421803366,-3.68136661534843E-06
-0.159992180182453,-3.6537650537678E-06
-0.157989749509115,-3.6301446520693E-06
-0.155986459887965,-3.6045365402661E-06
-0.153985601938934,-3.57978480861273E-06
-0.151984415962154,-3.55794220684729E-06
-0.14998162870977,-3.53008131096807E-06
-0.147980571923743,-3.50452698424419E-06
-0.145980009098966,-3.47601798490291E-06
-0.14397448116015,-3.45020923931817E-06
-0.141975426249954,-3.41934616491421E-06
-0.139975083149981,-3.3904571183142E-06
-0.137974031599535,-3.35925081747624E-06
-0.135972522559252,-3.3309102468077E-06
-0.133970981289147,-3.30375787830803E-06
-0.131967136559918,-3.27355729401316E-06
-0.129966536429862,-3.24119012563566E-06
-0.127965700188171,-3.20948424847999E-06
-0.125965695219037,-3.17616215142058E-06
-0.123964129806199,-3.14709517496636E-06
-0.121963084394837,-3.11289276497037E-06
-0.119963828249999,-3.07779085984175E-06
-0.117962042802909,-3.04631428485903E-06
-0.115960240254818,-3.01024153582025E-06
-0.113957454554911,-2.9740413900249E-06
-0.111956417386749,-2.93873260191495E-06
-0.109952706655587,-2.9033717671122E-06
-0.107950865871862,-2.86654518774186E-06
-0.105953152462438,-2.8276179930599E-06
-0.103951489925359,-2.79248223435252E-06
-0.101947232365462,-2.75181100339973E-06
-0.0999469207954418,-2.71518030722019E-06
-0.0979466621326514,-2.67836126585344E-06
-0.0959448081001485,-2.63728825781049E-06
-0.093944039743332,-2.59622499072645E-06
-0.0919426467848767,-2.55676468085594E-06
-0.0899437650906708,-2.51470579036085E-06
-0.0879433507806584,-2.47452394518411E-06
-0.0859397233316073,-2.43078656757866E-06
-0.0839386251883828,-2.38889619567287E-06
-0.0819381453942506,-2.34921718628854E-06
-0.0799369638814307,-2.30296066183198E-06
-0.0779362233801286,-2.25993790345192E-06
-0.075934621783651,-2.21563436632804E-06
-0.0739328709777956,-2.17222363304731E-06
-0.071932013529575,-2.12749840981185E-06
-0.0699303384063594,-2.08309128882945E-06
-0.0679302519582555,-2.03310668958954E-06
-0.0659262907030822,-1.98794166955197E-06
-0.0639249889895828,-1.94015195562688E-06
-0.0619247636500233,-1.89505381851185E-06
-0.0599227430395216,-1.84403655773787E-06
-0.0579186958624887,-1.79731207761487E-06
-0.0559210334671202,-1.7515223773749E-06
-0.0539225801839467,-1.70153083957503E-06
-0.0519192504847173,-1.65299547772387E-06
-0.0499194289211292,-1.60256713284697E-06
-0.0479175281608847,-1.54911843131737E-06
-0.0459171713761237,-1.49919551482656E-06
-0.0439155165964804,-1.44581276708188E-06
-0.0419126218495788,-1.39522078908124E-06
-0.0399120480626397,-1.34559875582533E-06
-0.0379120660006872,-1.29284923035471E-06
-0.0359104319721574,-1.24013169269457E-06
-0.0339099474434288,-1.18673673877907E-06
-0.0319091393231391,-1.13125595707689E-06
-0.0299082890894899,-1.0783531089129E-06
-0.0279063916625025,-1.02455233540929E-06
-0.0259025661633594,-9.71523311855123E-07
-0.0239017183423878,-9.11826733049609E-07
-0.0219015376383338,-8.56200432660759E-07
-0.0199009185991073,-7.99489113083648E-07
-0.0179976602925931,-7.4294427773402E-07
-0.0159936794380748,-6.8669111666659E-07
-0.0139960430368185,-6.26353608989904E-07
-0.011997128241079,-5.66058163523132E-07
-0.00990274791595867,-5.04124657798768E-07
-0.00798975489216814,-4.43077880931053E-07
-0.00599247408234531,-3.82945879388625E-07
-0.0039146656376415,-3.14522806338226E-07
-0.00197810040600214,-2.5496702279094E-07
2.89073186746079E-05,-1.9152071289616E-07
0.00201608390200506,-1.19582535908925E-07
0.00401826526033244,-4.80210144651569E-08
0.0060176462155413,2.70866658545897E-08
0.00801660178781122,1.04494615701821E-07
0.0100203310092924,1.88115213231486E-07
0.0120194791971792,2.72861649952906E-07
0.0140183271359123,3.57384124701125E-07
0.016019003728674,4.39215239000968E-07
0.0180187789193246,5.18491907649819E-07
0.0200199470033322,5.96516947374415E-07
0.0220207526915659,6.72569933712505E-07
0.0240220505749188,7.41760272124724E-07
0.0260234848929053,8.04141519152511E-07
0.0280252134998896,8.75423672294616E-07
0.0300259194787527,9.36432200912486E-07
0.032026374385114,9.97526236417047E-07
0.034026443498459,1.05688864788034E-06
0.0360267866026923,1.11834733618201E-06
0.0380295968037312,1.17893894801165E-06
0.0400298938452293,1.23375464701106E-06
0.0420293271494662,1.29036158472032E-06
0.0440296721155545,1.35024521616273E-06
0.0460353300381817,1.40481385821831E-06
0.0480367274779701,1.46187977492571E-06
0.0500346456331198,1.51494295178045E-06
0.0520330817785144,1.56927701655918E-06
0.0540354876855851,1.62041352914946E-06
0.0560393602734017,1.6721991867351E-06
0.0580395270039494,1.72343564156387E-06
0.0600402431009252,1.77505614493758E-06
0.0620406974344983,1.82584370640721E-06
0.064038806049366,1.8801133834475E-06
0.0660408174898207,1.92657799726569E-06
0.0680420675543216,1.97611536660251E-06
0.0700456068553272,2.02465943537234E-06
0.0720438241102486,2.07335870758991E-06
0.0740445394443013,2.1208393708607E-06
0.0760466722705853,2.16768301288346E-06
0.078047983129546,2.21175473017117E-06
0.0800483955747704,2.25940549306381E-06
0.0820486614397205,2.30887783775333E-06
0.084048858446071,2.35281119595917E-06
0.0860503482497801,2.39326167430374E-06
0.0880522549121876,2.43743773224756E-06
0.0900524826543005,2.48271606960954E-06
0.0920532877097479,2.52465668238422E-06
0.0940548572017799,2.56678264312798E-06
0.0960586521122057,2.60644644912334E-06
0.0980586116734574,2.64817494877105E-06
0.100060570515535,2.69055628748547E-06
0.102057074859577,2.72821765204903E-06
0.10405996815491,2.77021085101578E-06
0.106062549929798,2.80608926043109E-06
0.108058986301782,2.84554481971088E-06
0.110061033542061,2.88429480387097E-06
0.112060533451078,2.91887816029113E-06
0.114062346887604,2.95959921999532E-06
0.116064083610386,2.99029699781947E-06
0.118062632175018,3.02862236608727E-06
0.120066714043449,3.06604867381908E-06
0.122068179124741,3.10054607002331E-06
0.124069835309572,3.13407109373612E-06
0.126072020782397,3.1658602336114E-06
0.128072319449745,3.19849560805315E-06
0.130073653744318,3.23090779464695E-06
0.13207162075919,3.26355722604172E-06
0.134074105461135,3.29583450784754E-06
0.136076754578006,3.32432293128637E-06
0.138074048755745,3.35629203912419E-06
0.140076728520581,3.38492317510422E-06
0.142079113262606,3.41441165034388E-06
0.144075808837469,3.44500181305113E-06
0.146077622176012,3.47318993021955E-06
0.148080544633265,3.49730810990487E-06
0.150078170244106,3.52615350202283E-06
0.152077590319731,3.55274942199081E-06
0.154080008425949,3.57946021034357E-06
0.156082158612535,3.60639265796305E-06
0.158080947683642,3.62739283162904E-06
0.160081551812036,3.65759050862233E-06
0.162084496282274,3.67714783646724E-06
0.164089408709048,3.70176250533558E-06
0.166085877160426,3.72539531551713E-06
0.168084198308943,3.7474436912932E-06
0.170087545920189,3.76989242048081E-06
0.172088276538365,3.79193342310028E-06
0.174090175917036,3.81527304540448E-06

0.239769532003129,4.2952112152706E-06

-0.224048269863577,-4.19385109731961E-06
-0.221917154169559,-4.18044978576149E-06
-0.21997575507162,-4.16928808550572E-06
-0.217984618349841,-4.15880527014219E-06
-0.215972698268207,-4.14588463744147E-06
-0.213962086861507,-4.13153334261136E-06
-0.2119530961419,-4.11857590407202E-06
-0.209948330531189,-4.10566158051546E-06
-0.207940140387298,-4.09378171682385E-06
-0.205935571454986,-4.07947526037695E-06
-0.203929819001871,-4.06164413535502E-06
-0.201922449073022,-4.05040600603695E-06
-0.199917901392835,-4.03486426112438E-06
-0.197915100982994,-4.01796706927136E-06
-0.195908194336082,-4.00309034711719E-06
-0.193907830334133,-3.98589057110799E-06
-0.191907427835693,-3.96890493134799E-06
-0.189905101052594,-3.95056693178221E-06
-0.187902373265588,-3.93393133712747E-06
-0.185996036096196,-3.91842605337343E-06
-0.183996380296883,-3.9021761257614E-06
-0.18199368102589,-3.88148803743306E-06
-0.179992595030456,-3.86429830210459E-06
-0.177988874871908,-3.84304757598912E-06
-0.175986220560441,-3.82598684092891E-06
-0.173988337544608,-3.80140152981213E-06
-0.171984443506273,-3.78116954315254E-06
-0.169981341675204,-3.76298401207297E-06
-0.167979127882211,-3.73587832524565E-06
-0.165978216872211,-3.71680636690451E-06
-0.163977046872989,-3.69773828996084E-06
-0.161975363774367,-3.67086151566811E-06
-0.159976881394397,-3.65016635390499E-06
-0.157973014019717,-3.6264464745368E-06
-0.15596926700184,-3.6000996383814E-06
-0.153969359126153,-3.57293109988993E-06
-0.151968552483561,-3.54935769457169E-06
-0.149965201512104,-3.52385289687738E-06
-0.147961906495583,-3.49534214416349E-06
-0.145962591759718,-3.46744860857886E-06
-0.143956449764424,-3.44343533152804E-06
-0.141956895011851,-3.41153964054828E-06
-0.139957453920421,-3.3877801829147E-06
-0.137956866369055,-3.35805312911199E-06
-0.135955188980339,-3.32693974203602E-06
-0.133952214617895,-3.29494766052124E-06
-0.131950011953517,-3.26571929885688E-06
-0.129949349983009,-3.23709534121427E-06
-0.127949534249877,-3.20314375341737E-06
-0.125948792934634,-3.17330013780163E-06
-0.12394788851463,-3.13865545829856E-06
-0.121947406722871,-3.10908358546446E-06
-0.119946456020416,-3.07237064561947E-06
-0.117943412852288,-3.0382907319284E-06
-0.115943056975161,-3.00335487268412E-06
-0.113940420429856,-2.96692089891646E-06
-0.111937389200519,-2.93308197654903E-06
-0.109938682689207,-2.89815498907041E-06
-0.107936485821244,-2.86164794312477E-06
-0.105937067226961,-2.82504431182493E-06
-0.103933978695797,-2.78793860153026E-06
-0.101930671508368,-2.75024948272684E-06
-0.0999284965202812,-2.71310164653137E-06
-0.0979296420089976,-2.67021130524823E-06
-0.0959282950370582,-2.63248491603737E-06
-0.0939286088118582,-2.59310470682135E-06
-0.0919262688763416,-2.55326057319727E-06
-0.0899251939181253,-2.51097191596043E-06
-0.087925573633811,-2.47388719368571E-06
-0.0859245247827793,-2.4316800158237E-06
-0.083921945672505,-2.38939207791922E-06
-0.081917507636021,-2.34611432371381E-06
-0.0799184625761887,-2.29977105227156E-06
-0.0779224525505706,-2.25812599517655E-06
-0.075920653979093,-2.21303687219504E-06
-0.0739187615870531,-2.1682688636708E-06
-0.0719140819468967,-2.12353969160046E-06
-0.0699113522889696,-2.07972629705022E-06
-0.0679128164829333,-2.03287504209342E-06
-0.0659095746205868,-1.98467138237257E-06
-0.0639079597348042,-1.94027024833337E-06
-0.0619101401445122,-1.89125123288583E-06
-0.0599026312600104,-1.8429467092819E-06
-0.0579043346253991,-1.79549796638418E-06
-0.0559051469819242,-1.74522657083458E-06
-0.0539059896379229,-1.69778616020326E-06
-0.0519057171723025,-1.64918185484209E-06
-0.04990421133357,-1.59643002151352E-06
-0.0479014338669648,-1.54891674850949E-06
-0.045999630659831,-1.49987948000354E-06
-0.0439989393543709,-1.44764238891639E-06
-0.0419996894743908,-1.3975141704768E-06
-0.0399977342108612,-1.34636301647597E-06
-0.0379947867540431,-1.29192155387864E-06
-0.0359920163114979,-1.23702979672269E-06
-0.0339947033934746,-1.1883676225725E-06
-0.0319928720341421,-1.13395679154445E-06
-0.0299897176002453,-1.08040349084868E-06
-0.0279873591177507,-1.02523503051508E-06
-0.0259868041307713,-9.70165834299391E-07
-0.0239838443354227,-9.11570909242753E-07
-0.0219841170022443,-8.59810188511943E-07
-0.0199808677445193,-8.01840801611385E-07
-0.0179808411528148,-7.45147974870129E-07
-0.0159803549294227,-6.84801115872881E-07
-0.0139798416808981,-6.25435111494353E-07
-0.0119789237082186,-5.65804812421233E-07
-0.0099862221767076,-5.03994719026581E-07
-0.00797222460625889,-4.43768563623161E-07
-0.00597522272822246,-3.81963292003174E-07
-0.00399876237173907,-3.15572541712697E-07
-0.00196248361669124,-2.52937150256838E-07
4.54220612480315E-05,-1.86605544446348E-07
0.00203607355576913,-1.16715226814352E-07
0.00403646291951475,-4.84438012933841E-08
0.00603441663383444,2.666288135555E-08
0.00803215456092651,1.05514841590554E-07
0.0100325220678739,1.87951076668765E-07
0.0120333732973945,2.70778145010282E-07
0.0140358779722089,3.55249967708756E-07
0.0160368728556629,4.40576770294219E-07
0.0180365406600998,5.20731693165458E-07
0.0200371561960072,5.98467789822877E-07
0.0220362587308463,6.69358152230977E-07
0.0240382464306386,7.40746298245682E-07
0.0260411664812019,8.06826591999231E-07
0.0280413840052228,8.72052652360431E-07
0.0300408427595323,9.34077620069254E-07
0.0320425284722936,9.96176705235879E-07
0.0340426963850897,1.05724805179921E-06
0.0360421253180385,1.11773682907485E-06
0.0380456793865332,1.17738611552481E-06
0.0400460518545287,1.23540848574884E-06
0.0420463470778592,1.28991421244938E-06
0.0440470272976557,1.34932221534694E-06
0.0460487744256352,1.40324617076912E-06
0.0480516466948587,1.45696812867551E-06
0.0500520399450769,1.51339052017153E-06
0.0520527483389508,1.56799875547859E-06
0.0540540879067505,1.62155179017125E-06
0.0560545102649303,1.67165169988561E-06
0.0580553213302199,1.72462821217816E-06
0.0600570302169386,1.77541387041429E-06
0.0620564111472116,1.82884979630161E-06
0.0640565028351093,1.8746654074923E-06
0.0660566440858334,1.92711169691179E-06
0.0680580226122727,1.97647501779187E-06
0.0700609443980217,2.02552222956897E-06
0.0720627376773649,2.07419909008798E-06
0.0740638512102199,2.12100099584829E-06
0.076061823357631,2.16874740746447E-06
0.0780619851807722,2.21209646548916E-06
0.0800653790928323,2.26019868436245E-06
0.082066336787249,2.30593154985365E-06
0.0840666319621807,2.34729402173043E-06
0.086066526700287,2.39511057574386E-06
0.0880670792906777,2.43673982251324E-06
0.0900695946287343,2.48157179167235E-06
0.0920754631753341,2.52350629012205E-06
0.0940734471878333,2.5650428329347E-06
0.0960735811637498,2.60853026502735E-06
0.0980748975393568,2.64835596575994E-06
0.100077164279068,2.68808953200725E-06
0.102074197416414,2.72880871845011E-06
0.104075227722468,2.76898528852294E-06
0.106075930139965,2.80535410276848E-06
0.108077859296667,2.84766162000039E-06
0.110079322953108,2.88504891893825E-06
0.11207932003725,2.92058150932587E-06
0.114079702082865,2.95657445743198E-06
0.116080575108857,2.99364490545536E-06
0.118081100935975,3.03010739775352E-06
0.120082910974019,3.06225749260804E-06
0.122081709748726,3.10038090831832E-06
0.124087511795142,3.13090179032852E-06
0.126088122184289,3.16168976943226E-06
0.128085781481232,3.20042839413565E-06
0.130086769521135,3.22929236900601E-06
0.132089826878766,3.26409712992934E-06
0.13409157012531,3.29571406463704E-06
0.136094041115213,3.32360325425539E-06
0.138092946173485,3.35562833514176E-06
0.140094085778162,3.38467388148636E-06
0.142096106638614,3.41419805359394E-06
0.144093839154168,3.44323069691449E-06
0.146096360991714,3.47040542466141E-06
0.148095545370549,3.50134930406611E-06
0.150094153449142,3.5259938551992E-06
0.152096116791958,3.55399358222214E-06
0.154093822182426,3.58067463817107E-06
0.156098348341286,3.60381343187455E-06
0.158099876634517,3.62323530044613E-06
0.160000416034006,3.6506431518191E-06
0.162001935528598,3.67507248770445E-06
0.164005435517336,3.69771029639771E-06
0.166002952151081,3.72395708541197E-06
0.168005288906688,3.74634486616893E-06
0.170003432552099,3.76740883562279E-06
0.172004858757772,3.78998108016949E-06

0.239769617137275,4.28897794568654E-06

-0.226047947799232,-4.21240940740394E-06
-0.22392249517327,-4.20195701380442E-06
-0.221981471592824,-4.19033137415449E-06
-0.219988794486409,-4.17522320681642E-06
-0.217981856039681,-4.164359819681E-06
-0.21596638196106,-4.15417080662454E-06
-0.213956340331135,-4.14004577179096E-06
-0.211950367321979,-4.12718542813291E-06
-0.209944318133242,-4.11219998189112E-06
-0.207937958517511,-4.10115279035395E-06
-0.205934570396232,-4.08259091358004E-06
-0.203928773452114,-4.06909536948396E-06
-0.201924459884135,-4.054176191735E-06
-0.199921944609362,-4.04113826290281E-06
-0.197917187935587,-4.02460767578521E-06
-0.195910708073894,-4.00874843555626E-06
-0.193910663941053,-3.99369472767159E-06
-0.19190941143894,-3.9788893243228E-06
-0.189905967360551,-3.95881124481411E-06
-0.187903024145551,-3.94062181735098E-06
-0.185900839639615,-3.92455302661656E-06
-0.183996034661484,-3.90969380821626E-06
-0.181996160659212,-3.89021866409244E-06
-0.179994858568098,-3.87033451958277E-06
-0.177994700742167,-3.85149262770519E-06
-0.175993186092872,-3.83025275151936E-06
-0.173992058613276,-3.81242910455665E-06
-0.171985175474114,-3.79043223597413E-06
-0.169984022228415,-3.76450340684506E-06
-0.167984608424165,-3.74117232661253E-06
-0.165981654804334,-3.71782162958735E-06
-0.163980663027992,-3.69325716412266E-06
-0.161979854792659,-3.67384908275447E-06
-0.159976478931918,-3.64617428414887E-06
-0.157978003174179,-3.62589762395306E-06
-0.155974293270946,-3.60430022460274E-06
-0.153972379152818,-3.57477411928947E-06
-0.151971447867906,-3.54674058364604E-06
-0.149965978557802,-3.52088028590948E-06
-0.147966175063688,-3.4960451266895E-06
-0.145966548989864,-3.47065482272771E-06
-0.14396153035553,-3.44473048942583E-06
-0.141961471812457,-3.41704508066805E-06
-0.139961104106084,-3.38754307298854E-06
-0.137962143953316,-3.35886931656672E-06
-0.135960586343394,-3.32764653102904E-06
-0.133958742058198,-3.29959387313395E-06
-0.131956951037448,-3.26753819065048E-06
-0.129955285711551,-3.239035440509E-06
-0.127952838574661,-3.20774287973328E-06
-0.125952783852465,-3.17313287804396E-06
-0.123949667073544,-3.14004870015961E-06
-0.121949730064242,-3.10702407699948E-06
-0.119948010340714,-3.07331099283518E-06
-0.117947450252726,-3.03913500331699E-06
-0.115947345485261,-3.00545225100015E-06
-0.113944081558885,-2.96935865630929E-06
-0.111943014195059,-2.93479723952583E-06
-0.109944477138045,-2.89741287786173E-06
-0.107939387931358,-2.8599142022982E-06
-0.105939843542806,-2.82508071303911E-06
-0.103936700421316,-2.78623762029784E-06
-0.10193511745262,-2.7476703015966E-06
-0.0999351361866881,-2.70772027625603E-06
-0.0979355012780272,-2.67150631328512E-06
-0.0959328063565243,-2.6335898854588E-06
-0.0939333144461674,-2.58872497687246E-06
-0.0919302711685324,-2.55148968185199E-06
-0.089930130344423,-2.51007623478789E-06
-0.0879272742264013,-2.46743334383346E-06
-0.0859272752915033,-2.42903552531045E-06
-0.083924297631865,-2.3858698745561E-06
-0.0819251300322791,-2.34337297809673E-06
-0.0799227234388442,-2.29873346780671E-06
-0.0779222454751838,-2.2553643359136E-06
-0.0759234084110938,-2.21002974826039E-06
-0.0739217074953719,-2.16767091865412E-06
-0.0719196072641308,-2.12120179402264E-06
-0.0699200417238874,-2.07849922096223E-06
-0.0679198320176473,-2.0302946395968E-06
-0.0659154998970746,-1.98742530131971E-06
-0.0639135224524212,-1.93635203003195E-06
-0.0619123116788463,-1.89073912070331E-06
-0.0599089968728065,-1.84457228799925E-06
-0.0579084991193641,-1.7940828148586E-06
-0.0559083744947348,-1.74631558756252E-06
-0.0539091468229608,-1.69749826990895E-06
-0.0519085272779196,-1.64533935376365E-06
-0.0499079242690486,-1.59535922037876E-06
-0.0479042918903498,-1.54625074546311E-06
-0.0459059327977858,-1.49663508878877E-06
-0.0439024054403693,-1.44331523766652E-06
-0.0419013186372112,-1.39417590639024E-06
-0.0399033950911513,-1.34342870246271E-06
-0.0379028312481109,-1.28963655720079E-06
-0.0359979805375105,-1.24274360344677E-06
-0.0339977117697861,-1.18950997854357E-06
-0.0319966096012671,-1.13342635511959E-06
-0.0299945350643485,-1.08075514321216E-06
-0.0279922799602027,-1.02666802298157E-06
-0.0259901119487389,-9.68960664129394E-07
-0.0239885843580033,-9.13444646381591E-07
-0.0219891444452805,-8.57012075583498E-07
-0.0199878116869877,-8.01788998442553E-07
-0.0179864031260322,-7.42492728090313E-07
-0.0159808771221041,-6.84910555546329E-07
-0.0139834661209684,-6.22344552500042E-07
-0.0119831202318997,-5.65974707857599E-07
-0.009991752012592,-5.07502902901905E-07
-0.00797712983878023,-4.43259669703606E-07
-0.00598061029791786,-3.79641925956593E-07
-0.00390288923033741,-3.16273966621906E-07
-0.00196330630186936,-2.53680367626329E-07
3.91242073578749E-05,-1.87464026395394E-07
0.00202883184610394,-1.18128884414015E-07
0.00403106690543426,-4.59994611138934E-08
0.00603072621197528,2.81909685399634E-08
0.00802865645315352,1.05735034093643E-07
0.0100279517414398,1.87229411170881E-07
0.0120300018558984,2.71159200083602E-07
0.0140320424080352,3.56444748771415E-07
0.0160316480434485,4.42761802254431E-07
0.0180328523835152,5.20778983647746E-07
0.0200323286377745,5.95054115728197E-07
0.0220349124419485,6.6861053363399E-07
0.0240344385109773,7.3993041425929E-07
0.0260348764878029,8.08096378445561E-07
0.0280345975124236,8.73907169838019E-07
0.0300365375308783,9.35578525752014E-07
0.0320401699208603,9.97657334737998E-07
0.0340373565482561,1.0599073785422E-06
0.036040252821438,1.11437162374383E-06
0.0380427769878992,1.17200308179342E-06
0.0400406370148744,1.23432596174467E-06
0.0420410520348988,1.28911955251386E-06
0.0440446213658063,1.34467624251167E-06
0.0460457538558229,1.39987781461254E-06
0.0480491878277794,1.45768286029658E-06
0.0500499127564557,1.51047383729392E-06
0.0520459929901772,1.56387279998867E-06
0.054048707097786,1.61907264868911E-06
0.0560494784796228,1.67101046005306E-06
0.0580515774452985,1.72312402079503E-06
0.0600519612624442,1.77474933470383E-06
0.0620505133919328,1.82716828200094E-06
0.0640522056987421,1.87552355600083E-06
0.0660545203805006,1.92629451288203E-06
0.068055343469129,1.9713623181496E-06
0.0700535582676264,2.02618935787311E-06
0.0720566951795696,2.06850068157204E-06
0.0740554978978271,2.11790131781783E-06
0.0760586198161225,2.16593600936667E-06
0.0780580201067517,2.21196876151774E-06
0.0800595626605276,2.25764103824447E-06
0.0820584425865494,2.30491498338092E-06
0.0840611541721149,2.34742288712387E-06
0.086063074746941,2.39063961047513E-06
0.0880643682378975,2.43362585524534E-06
0.0900662825362202,2.47887584641687E-06
0.0920686443512299,2.52023800358575E-06
0.0940693732423691,2.56198674944191E-06
0.0960690092444514,2.6049809593193E-06
0.0980707917606577,2.64406646706282E-06
0.100071221633822,2.68476764022472E-06
0.10207143264962,2.7234221779735E-06
0.104074293928884,2.76145677112454E-06
0.106071947964766,2.80574149321162E-06
0.108071164331094,2.84158338152403E-06
0.110073583461568,2.87924564525303E-06
0.112074948075375,2.91568351540425E-06
0.114076598812298,2.956018788177E-06
0.116076934864803,2.98875314574745E-06
0.118075728784269,3.02318999814548E-06
0.120079684229479,3.06011395713282E-06
0.122077555663066,3.09247730405721E-06
0.124079821346047,3.12323722919926E-06
0.126079844062961,3.16276792873753E-06
0.128084451474307,3.19445219595049E-06
0.130083563579502,3.22646170628869E-06
0.132083105741493,3.2577304092081E-06
0.134085853359042,3.28819464379566E-06
0.136088419320204,3.32090241604131E-06
0.138086024208794,3.35107975690959E-06
0.140089590937222,3.38047519849854E-06
0.142089686601103,3.40764162395124E-06
0.144090718384633,3.43502651663334E-06
0.146091194624378,3.46500391308025E-06
0.14809299057958,3.49539398150522E-06
0.150092073357122,3.51838468266096E-06
0.152092397803503,3.54650426843687E-06
0.154091055421237,3.57164394501873E-06
0.156093099464057,3.59992941183197E-06
0.158095080194643,3.62352522135572E-06
0.160097545137059,3.65060991267005E-06
0.162095920456654,3.67226105214142E-06
0.16400060575189,3.69477341226991E-06
0.166095211797813,3.71961297740054E-06
0.168096701908725,3.74107428806173E-06
0.170099649440219,3.76260534398877E-06

0.239772068584211,4.28939608758768E-06

-0.228049127762563,-4.21646029756583E-06
-0.225925773476676,-4.20183865366051E-06
-0.223983195878578,-4.19446058162609E-06
-0.221992505023772,-4.18940078288379E-06
-0.21998595062519,-4.17510594065713E-06
-0.217976668976906,-4.16001413813005E-06
-0.215960801528751,-4.14763562725837E-06
-0.213951908128654,-4.13414411442067E-06
-0.211948191533949,-4.12538694739476E-06
-0.209945175428135,-4.10979132748632E-06
-0.207937869654448,-4.09828202485806E-06
-0.205933829959422,-4.08400584031426E-06
-0.20392812440216,-4.06878804972313E-06
-0.201925024951105,-4.05533633994218E-06
-0.199921546938278,-4.04088167105881E-06
-0.19791823503855,-4.0217648143901E-06
-0.195913666421422,-4.00943024273619E-06
-0.193912367676056,-3.99176846053852E-06
-0.191908758652299,-3.97832861974136E-06
-0.189908413260658,-3.96115460482197E-06
-0.187906829212284,-3.9424599063267E-06
-0.185902171894523,-3.9235440431057E-06
-0.183899805461802,-3.90713968382959E-06
-0.18190022752928,-3.88684375152121E-06
-0.179998277529088,-3.86828881330728E-06
-0.17799374487406,-3.85134789204176E-06
-0.175991499150031,-3.8296011113399E-06
-0.173992577605267,-3.80928620664077E-06
-0.171988122936349,-3.79211652270157E-06
-0.169988265190753,-3.7678800578028E-06
-0.167986232721851,-3.74827589842463E-06
-0.165986174645027,-3.72355929416773E-06
-0.163984550230893,-3.70104087965863E-06
-0.161982672367024,-3.68087922272242E-06
-0.159979787910244,-3.65398866122629E-06
-0.157982239232963,-3.62992880740576E-06
-0.155974602730811,-3.605830394374E-06
-0.153976167612446,-3.57846207630815E-06
-0.151972399975055,-3.55834711603039E-06
-0.149970640876211,-3.52998701848574E-06
-0.147969747711406,-3.50448319488733E-06
-0.145967594563262,-3.47591231797778E-06
-0.14396415234328,-3.45010665952771E-06
-0.141964433502124,-3.42193042632917E-06
-0.139960417395127,-3.39289896690978E-06
-0.137964495511112,-3.36403043626786E-06
-0.135960752927079,-3.33294207596326E-06
-0.1339618126919,-3.3033089549767E-06
-0.131956512135563,-3.27452118437727E-06
-0.129959578456901,-3.24295891892824E-06
-0.127956570444942,-3.2107415664989E-06
-0.125957802826902,-3.17755124213453E-06
-0.123954540440136,-3.14463619726919E-06
-0.121951888585702,-3.11304932465932E-06
-0.119951857334205,-3.07819809186891E-06
-0.117950531261282,-3.0442649369635E-06
-0.115946615586177,-3.01125604919855E-06
-0.113947772032186,-2.9717323631507E-06
-0.111946072926647,-2.93975654154427E-06
-0.109944942191119,-2.90323794132275E-06
-0.107940457091085,-2.8684753362724E-06
-0.105942213637106,-2.83163278172943E-06
-0.10393932106169,-2.79051749792477E-06
-0.10193740750583,-2.75497501671733E-06
-0.0999367396667134,-2.71464614300529E-06
-0.0979381492075782,-2.67511625271591E-06
-0.0959375552827892,-2.63503544376229E-06
-0.0939357798419182,-2.59517752293482E-06
-0.0919321026584272,-2.55889474383567E-06
-0.0899328550287729,-2.51787851059712E-06
-0.0879313648793306,-2.47420809833771E-06
-0.0859305041615703,-2.43279875746244E-06
-0.0839286342987018,-2.38692667118916E-06
-0.0819280794245512,-2.34701487536582E-06
-0.0799244265793133,-2.30346588041281E-06
-0.0779252582325169,-2.26165542932841E-06
-0.0759242508728545,-2.2173380150846E-06
-0.0739253318222921,-2.16900225297472E-06
-0.0719218107370553,-2.12730679765688E-06
-0.0699226645671856,-2.08308206489065E-06
-0.0679198164624356,-2.03347974583698E-06
-0.0659185353411706,-1.98617599336624E-06
-0.0639165035998076,-1.9402891832589E-06
-0.0619162913683996,-1.89273145401698E-06
-0.0599085067954412,-1.84567324114838E-06
-0.0579138033790107,-1.79635619731621E-06
-0.0559120758589414,-1.74926281209287E-06
-0.0539110999634834,-1.70073563264721E-06
-0.0519104157362898,-1.65107521252011E-06
-0.0499118020112059,-1.599600958405E-06
-0.0479078710181994,-1.55074789143219E-06
-0.0459043152386837,-1.49664001921259E-06
-0.0439051702005549,-1.44625666257979E-06
-0.0419023596258323,-1.39558090483941E-06
-0.0399005168520521,-1.34732878759446E-06
-0.0379007634762629,-1.29237148877108E-06
-0.0359017764919923,-1.23990098932216E-06
-0.0339004690473056,-1.18789518981148E-06
-0.0319999522573199,-1.13389752155595E-06
-0.0298999379206211,-1.07671737337262E-06
-0.0279949544139873,-1.0253126547181E-06
-0.0259937464857359,-9.71182951510946E-07
-0.0239925113016673,-9.17976694955783E-07
-0.0219906842789637,-8.59411213820736E-07
-0.0199902746122866,-8.03906222089125E-07
-0.017990028097178,-7.45617507822609E-07
-0.0159864172519481,-6.87046687892771E-07
-0.0139860640874979,-6.27554092260053E-07
-0.0119854847743523,-5.63950397973018E-07
-0.00999436935207444,-5.05083865009553E-07
-0.00797961654908022,-4.45471571724342E-07
-0.00598610242857226,-3.81190719692004E-07
-0.00390484227422249,-3.14162634382218E-07
-0.00196570923379773,-2.5138668557232E-07
3.52964709397603E-05,-1.87959517598446E-07
0.00202542127270037,-1.17614315917574E-07
0.00403003034462791,-5.10125802619869E-08
0.00602801797149897,2.43479920706875E-08
0.00802788975285588,1.03019292446579E-07
0.0100276621355076,1.8437877995609E-07
0.0120289138616723,2.73184143130513E-07
0.0140283376543209,3.56484688576241E-07
0.0160278222696417,4.38829204799032E-07
0.0180266808844465,5.19588488607012E-07
0.0200303874020059,5.96016722908297E-07
0.022030037524503,6.68477730645228E-07
0.0240318263352231,7.40188309893177E-07
0.0260329464936955,8.05472074196401E-07
0.0280321605059635,8.73602940958384E-07
0.0300339449807444,9.35507221932731E-07
0.0320368472915639,9.94841459545617E-07
0.0340362989728994,1.0604559593763E-06
0.0360387153774956,1.11823724461362E-06
0.0380383768999604,1.17515893893119E-06
0.040038468123291,1.23338825208092E-06
0.0420371895160488,1.29101533044551E-06
0.0440408968543048,1.3463917902242E-06
0.0460412423606169,1.40186934617036E-06
0.0480460948398139,1.45557216683901E-06
0.0500446075259799,1.50743215543424E-06
0.0520437461549324,1.56462013384993E-06
0.0540467499775243,1.61575420370743E-06
0.0560480257224558,1.66988953793814E-06
0.0580493862953854,1.72123466440322E-06
0.0600480380288222,1.77320187098396E-06
0.0620481412830942,1.82454740956653E-06
0.064051245814659,1.87529510803506E-06
0.0660482774348438,1.92679052251016E-06
0.0680513889718068,1.97309501744287E-06
0.0700545771541446,2.02247963355776E-06
0.072054337962815,2.06888224242592E-06
0.0740526217552908,2.11752772207112E-06
0.0760544726741676,2.16603405586471E-06
0.0780544129926606,2.21043271719894E-06
0.0800585423929689,2.25695079389551E-06
0.0820569498575574,2.3030929969596E-06
0.0840570094388397,2.34503147421636E-06
0.0860588500342006,2.3901211966415E-06
0.0880615391657485,2.4342930360008E-06
0.0900636167543429,2.47795004320213E-06
0.0920662025807924,2.52063446061372E-06
0.0940659583539691,2.56156934185922E-06
0.0960678108711541,2.60451442733147E-06
0.0980682694005152,2.64541987589494E-06
0.100068675824376,2.68334052979881E-06
0.10207010004369,2.72664908791354E-06
0.104066744195913,2.76832741412977E-06
0.106066788497704,2.8023785695129E-06
0.108070656881978,2.84037482824407E-06
0.110071374061775,2.88048471021354E-06
0.112073483673548,2.91284311172801E-06
0.114073363208586,2.95177556652779E-06
0.116073788254007,2.98840687713704E-06
0.118076165222524,3.0244621973524E-06
0.120075713882357,3.06129420168756E-06
0.122076321568923,3.09269027139135E-06
0.12407698518608,3.13075648519364E-06
0.126078569009401,3.1590155015569E-06
0.128079283445742,3.19623533093182E-06
0.130079552161151,3.22671049037946E-06
0.132081657442019,3.25706866840354E-06
0.134083217841955,3.28887024673406E-06
0.136089479948586,3.31896550878389E-06
0.138084217606746,3.34879120103521E-06
0.140085604929098,3.38374977919291E-06
0.14208615854401,3.41068967489944E-06
0.1440864760894,3.4368035073175E-06
0.146087460887359,3.46475857579032E-06
0.148088552752062,3.49218199771147E-06
0.150087032339015,3.51988426582122E-06
0.152088726795005,3.54631990954977E-06
0.154087894329928,3.57182556145124E-06
0.156090463043712,3.59789966574301E-06
0.158089598808244,3.6223704231829E-06
0.160091928265623,3.64894904920228E-06
0.162092893637597,3.67327886245967E-06
0.16409849476187,3.69827248460212E-06
0.166097424916109,3.71864499583368E-06
0.168096363662189,3.74167137887124E-06

0.23977060717399,4.28764560729787E-06

-0.230050299109554,-4.22516120680747E-06
-0.227929007791772,-4.21677025487862E-06
-0.225983616253564,-4.20626317703434E-06
-0.22398992949877,-4.19102241276625E-06
-0.221985346543007,-4.18185034083478E-06
-0.219975378547867,-4.17152320098086E-06
-0.217964475976924,-4.15616257795981E-06
-0.215949423345377,-4.14751807636336E-06
-0.213943931612106,-4.13148483263594E-06
-0.211939695496287,-4.11797132021718E-06
-0.209935337855663,-4.1065371728335E-06
-0.207933593774681,-4.09153650072362E-06
-0.205929301692534,-4.07855686778403E-06
-0.203924161893896,-4.06268556375212E-06
-0.201917818291549,-4.05134744723728E-06
-0.199917195141183,-4.03315650617899E-06
-0.197913446978401,-4.01671427705182E-06
-0.195909263947661,-4.0036722420308E-06
-0.193908476614505,-3.98575703005426E-06
-0.191907918321227,-3.96816823011803E-06
-0.189904705108776,-3.94920189374375E-06
-0.187902450209797,-3.93707258657338E-06
-0.18590066186922,-3.91855868027563E-06
-0.183996116909513,-3.90255593324267E-06
-0.18199633812429,-3.88635596925685E-06
-0.179994389185795,-3.86278664015527E-06
-0.177990332426276,-3.84416932983207E-06
-0.175988430295311,-3.82376065716379E-06
-0.173988501822359,-3.80085474730891E-06
-0.17198502920913,-3.78277651663835E-06
-0.169985570149241,-3.75915571031541E-06
-0.167983016841211,-3.73815842896491E-06
-0.165981217818627,-3.71820202152616E-06
-0.1639786351747,-3.69579513350362E-06
-0.161979636998521,-3.67281522233314E-06
-0.15997838062112,-3.64950172078494E-06
-0.157976073492377,-3.62276182944414E-06
-0.155973436042419,-3.59958545062533E-06
-0.15397067066208,-3.57181256805646E-06
-0.151969465495934,-3.55330663435893E-06
-0.149967150517382,-3.52348726623786E-06
-0.147965012423318,-3.49809395007185E-06
-0.145963010521749,-3.46964293191527E-06
-0.143961894985483,-3.44152289655664E-06
-0.141962563021196,-3.41688639295423E-06
-0.13996096984607,-3.38495170816662E-06
-0.1379612437495,-3.35598495868662E-06
-0.135959084838293,-3.32644218884056E-06
-0.133956576139904,-3.29490835200548E-06
-0.13195702946496,-3.26640073138454E-06
-0.129953929519927,-3.23508195993629E-06
-0.127952847263703,-3.20591271839951E-06
-0.125953122071481,-3.1737084638134E-06
-0.123950024806686,-3.13677840548717E-06
-0.121949822416945,-3.10611371695115E-06
-0.119949416985478,-3.07199674265791E-06
-0.117948253728401,-3.03679291712683E-06
-0.115947936464013,-3.00259476318058E-06
-0.113944982671011,-2.96775506967996E-06
-0.111942313866745,-2.93666867255323E-06
-0.109942782247463,-2.89783152928995E-06
-0.107940331877536,-2.86047193963369E-06
-0.105940651282765,-2.82732684329087E-06
-0.103935827989289,-2.78532484748892E-06
-0.101932662536549,-2.74822841358436E-06
-0.0999309387729386,-2.7103938997295E-06
-0.0979332839190711,-2.66991579452683E-06
-0.0959319728072141,-2.63039739856898E-06
-0.0939334060532657,-2.59192739954038E-06
-0.091931664134488,-2.5519711399861E-06
-0.0899318951104552,-2.51132145903165E-06
-0.0879304477915359,-2.46783978159781E-06
-0.0859293648046557,-2.42658229477903E-06
-0.0839266361948645,-2.38469220760896E-06
-0.0819248602248779,-2.34151489767609E-06
-0.0799212497678942,-2.29859811343601E-06
-0.077921444625777,-2.25333421517237E-06
-0.0759202118357391,-2.2126444389324E-06
-0.0739215843332982,-2.16682493135815E-06
-0.0719210512078185,-2.12186313020275E-06
-0.0699212163390202,-2.07766791254204E-06
-0.0679194903248028,-2.03045586745299E-06
-0.0659120365773819,-1.98321876562039E-06
-0.0639121159630717,-1.93705579183467E-06
-0.0619120538395224,-1.88841294974141E-06
-0.05990883825668,-1.84092027511897E-06
-0.0579082645837403,-1.79220914141065E-06
-0.0559092382995365,-1.74551634188327E-06
-0.0539093206607581,-1.69646305324642E-06
-0.0519095310494447,-1.64820407237196E-06
-0.049907420019925,-1.59856025683329E-06
-0.0479038718187691,-1.54372683303517E-06
-0.0459057207106972,-1.49620593960405E-06
-0.0439038664226918,-1.44134091014076E-06
-0.0419044589067099,-1.39135563652678E-06
-0.0399014286815436,-1.34195567465507E-06
-0.037999637689375,-1.29052897889862E-06
-0.0359983410215117,-1.24059955095142E-06
-0.0339973668122391,-1.18661995592121E-06
-0.0319946624698237,-1.1359365740072E-06
-0.0299935449114099,-1.07950367351511E-06
-0.0279936253674295,-1.02178307445186E-06
-0.0259913718430756,-9.69347144167527E-07
-0.0239884701597055,-9.12447524361478E-07
-0.0219877081097726,-8.54935580384773E-07
-0.0199876688476744,-7.99959605145929E-07
-0.0179870082705531,-7.42390253202491E-07
-0.0159814144382416,-6.83526871064584E-07
-0.013982847405234,-6.25799777404292E-07
-0.0119829446071655,-5.65398685618266E-07
-0.00999368570597105,-5.03144584330023E-07
-0.00797798019733879,-4.41994313520322E-07
-0.00598031692832631,-3.79771094818373E-07
-0.00390203218596138,-3.14105719083215E-07
-0.001962528499167,-2.53448189060617E-07
3.92042328746745E-05,-1.85136185889339E-07
0.00202828427543774,-1.22143120939771E-07
0.00403133430614578,-4.79661191858013E-08
0.00603081703136515,2.53074712802982E-08
0.00803009012849194,1.07754594792436E-07
0.0100292484891925,1.85760453960112E-07
0.0120310770825231,2.70098163323524E-07
0.0140323698910915,3.57023137876438E-07
0.0160303833308308,4.38805283251842E-07
0.0180300293704082,5.2213654924676E-07
0.0200337790295073,5.93723777982621E-07
0.0220321810489994,6.68832413945538E-07
0.0240339112956478,7.37648287417798E-07
0.0260330936954681,8.06938923988173E-07
0.0280352370290345,8.70664014975728E-07
0.0300374527998135,9.35123652942706E-07
0.0320383316237653,9.96430427243522E-07
0.0340379683683272,1.05940028670004E-06
0.0360394449717856,1.11610279445586E-06
0.0380417866904186,1.17571986455746E-06
0.0400421988856586,1.23526870673489E-06
0.0420412845012827,1.28878474826279E-06
0.0440426906950629,1.34363256620097E-06
0.0460456427941637,1.40449530638254E-06
0.0480469392434937,1.45731792651027E-06
0.0500459306322231,1.5106533331946E-06
0.0520485311106741,1.56334805453173E-06
0.0540520068568404,1.6209931162051E-06
0.0560504329019754,1.67177690867294E-06
0.0580511144211594,1.71989422603255E-06
0.0600524465154679,1.77293327528135E-06
0.0620521703631006,1.82384843581978E-06
0.0640536165057316,1.87550477842925E-06
0.0660514127007835,1.92412773398022E-06
0.0680548884327968,1.97290156949179E-06
0.0700537343622818,2.02367224163727E-06
0.072056377426693,2.07075190709462E-06
0.0740548555301609,2.11939947729948E-06
0.0760560989172416,2.16478460554338E-06
0.0780562927711837,2.20898028777289E-06
0.0800570129764972,2.25660899114011E-06
0.0820592064110785,2.29966961937123E-06
0.0840614127755286,2.34744264628439E-06
0.086063558393559,2.38961558842232E-06
0.0880636022136023,2.43384628565262E-06
0.0900666950909064,2.47736134460337E-06
0.0920707426161505,2.51920977044146E-06
0.0940676927218978,2.56238878129561E-06
0.0960686165341415,2.60385820140827E-06
0.0980709995373777,2.64378324493574E-06
0.10007137821585,2.68258191890434E-06
0.102072098516403,2.72619757198853E-06
0.104071567826468,2.76533854325352E-06
0.106069856331521,2.80259445913471E-06
0.108072191081216,2.84114802060474E-06
0.11007571573834,2.87989677590541E-06
0.112074764681941,2.91625889136843E-06
0.114074546509895,2.95116417898779E-06
0.116077043160836,2.98946395101277E-06
0.118076357556964,3.02365612550886E-06
0.120079209436297,3.05907533113467E-06
0.122079326509549,3.09343290711319E-06
0.124082896326745,3.1279682930572E-06
0.126082327355743,3.1629050814391E-06
0.128083065867439,3.19471130545772E-06
0.130082101416604,3.22588289850976E-06
0.132083770991359,3.25669591937096E-06
0.134085282024668,3.28775658538005E-06
0.136087349363822,3.32004922792878E-06
0.138087375537186,3.34585457167095E-06
0.140089180653325,3.37955697075262E-06
0.14208820536445,3.40928441419369E-06
0.144091126870784,3.43811919615947E-06
0.14609004763856,3.4672364509478E-06
0.148093049098867,3.49291967303731E-06
0.150091567064962,3.52057854142856E-06
0.152091046907807,3.54754842430247E-06
0.154090573272842,3.57263740293968E-06
0.15609113879005,3.59650500020335E-06
0.158092994380463,3.62201078697963E-06
0.160093813654394,3.647312073563E-06
0.162096245769069,3.67665798612237E-06
0.164097827819162,3.69439433910707E-06
0.166098833521614,3.72058845201272E-06

0.239773607890688,4.28933961999814E-06

-0.232050108807363,-4.23547240146094E-06
-0.229935655697136,-4.22724733056943E-06
-0.227993082515285,-4.21421006112523E-06
-0.225998435277101,-4.20111352169254E-06
-0.223993624861722,-4.1919048836999E-06
-0.221982996962097,-4.18190874163002E-06
-0.219972732059754,-4.16709268317078E-06
-0.217963036296505,-4.15769118917764E-06
-0.215952946372757,-4.14481500522177E-06
-0.213949363557144,-4.13434593210336E-06
-0.211944942292007,-4.11920451063016E-06
-0.209941202214772,-4.10509618528765E-06
-0.207936633465241,-4.09099730118226E-06
-0.205933797185998,-4.07698446720934E-06
-0.203929436112585,-4.06257208907376E-06
-0.201924034589933,-4.04828103832804E-06
-0.199925433948913,-4.03507040978728E-06
-0.19792001544675,-4.01983454597083E-06
-0.195917134896399,-4.0027820083022E-06
-0.193913499915711,-3.98977728864688E-06
-0.191912881944275,-3.97056630434284E-06
-0.189912503980847,-3.9489541886515E-06
-0.187910238605597,-3.93584143426873E-06
-0.185907315255022,-3.9164324537351E-06
-0.183905080155842,-3.89990152193741E-06
-0.181902938388909,-3.88488406540601E-06
-0.179901702610393,-3.86258984281293E-06
-0.17799725690741,-3.84601883820886E-06
-0.17590131371476,-3.82521030667002E-06
-0.173997180007976,-3.80447543176669E-06
-0.171993519942161,-3.78372350269221E-06
-0.169993266411587,-3.76021584135363E-06
-0.167991620418422,-3.73841875234548E-06
-0.165988437094207,-3.72004688421485E-06
-0.163988673485081,-3.69546893126858E-06
-0.161988523437248,-3.67262836076891E-06
-0.159986498031362,-3.6536771153879E-06
-0.157984519298592,-3.63227510468739E-06
-0.1559817519307,-3.6084725770293E-06
-0.153977596232788,-3.58051723880685E-06
-0.151978197871362,-3.55731345042824E-06
-0.149973977307565,-3.53006470637964E-06
-0.147975347747393,-3.5017114874506E-06
-0.145971601542624,-3.47566524230134E-06
-0.143969921156223,-3.44722180710662E-06
-0.141968208512154,-3.4206488608156E-06
-0.139969324244684,-3.39176439995933E-06
-0.137967349751194,-3.36535832378762E-06
-0.135967203493124,-3.33393105304311E-06
-0.133965600940564,-3.30242446092082E-06
-0.131966738036502,-3.27131113378921E-06
-0.129964110160123,-3.23880627321087E-06
-0.127964263573372,-3.20976712592698E-06
-0.125961676553415,-3.17875438543577E-06
-0.123959779706892,-3.14538043650273E-06
-0.121958734591291,-3.11284235176144E-06
-0.119959331704377,-3.07887621247053E-06
-0.117957224384576,-3.04584788774601E-06
-0.115955189487701,-3.01257407587066E-06
-0.113953814507377,-2.97532334517683E-06
-0.111952452987444,-2.93826990636633E-06
-0.109949351909216,-2.89972545643941E-06
-0.107949492576141,-2.86749616009583E-06
-0.105944750127628,-2.82937863391917E-06
-0.10394417564695,-2.79239143362931E-06
-0.101941343384337,-2.75508383072149E-06
-0.0999422240820223,-2.71583680289302E-06
-0.0979427823321896,-2.68003211005758E-06
-0.0959417996364817,-2.63770158917653E-06
-0.0939404854212967,-2.59992538620037E-06
-0.0919393526000484,-2.5576471218174E-06
-0.0899395539074727,-2.51610531139388E-06
-0.087938835270739,-2.47318678127425E-06
-0.0859375723086582,-2.43399915830909E-06
-0.0839343968917401,-2.39038497386177E-06
-0.0819325050824297,-2.34906743777779E-06
-0.079933167483854,-2.30511465759847E-06
-0.0779312756749877,-2.2585997055018E-06
-0.0759320184806535,-2.21542153386872E-06
-0.0739287832590375,-2.17134393454043E-06
-0.0719281926325789,-2.12565794554077E-06
-0.0699255078681792,-2.079710883856E-06
-0.0679242349555767,-2.03776719893273E-06
-0.0659200470483232,-1.98894546787546E-06
-0.0639246455309725,-1.94207177124792E-06
-0.0619229756187523,-1.89084389595604E-06
-0.0599183297201718,-1.84701532798902E-06
-0.0579163775995693,-1.79536668823014E-06
-0.055917918168601,-1.74958101924856E-06
-0.0539167188623359,-1.70003085179032E-06
-0.051916321139976,-1.64963253903907E-06
-0.0499140787205427,-1.59995038908054E-06
-0.0479141380146506,-1.54729132714609E-06
-0.045912993812653,-1.50190261722652E-06
-0.0439129429970656,-1.44790979322479E-06
-0.0419102768515683,-1.39705480933335E-06
-0.0399096200966652,-1.34748386366044E-06
-0.0379051002024726,-1.29100850382704E-06
-0.0359054813116846,-1.23892422590618E-06
-0.0339092118206397,-1.18855670582468E-06
-0.0319064458038052,-1.1337461208287E-06
-0.0299035467832251,-1.07989834345178E-06
-0.0279016701778108,-1.02414421170974E-06
-0.0259002016816195,-9.69610760741517E-07
-0.0239984196785696,-9.18848649400317E-07
-0.0219949647089411,-8.58521324772224E-07
-0.0199945595166505,-8.01121300666969E-07
-0.017994316841214,-7.4092976875272E-07
-0.0159923686529494,-6.85599964420733E-07
-0.0139911124387908,-6.27044881759332E-07
-0.0119918794795135,-5.69366914377432E-07
-0.00990159613023294,-5.07325218444927E-07
-0.00798863484524554,-4.47764014615981E-07
-0.00598782024512622,-3.83403386003363E-07
-0.00391100171055269,-3.16267054287596E-07
-0.00196920039024888,-2.54896684637873E-07
2.88533802135417E-05,-1.86367700201742E-07
0.00202088961829099,-1.20952828913734E-07
0.00402289150499329,-5.03933489670299E-08
0.00602057034365532,2.65379824118659E-08
0.00801952703487799,1.04778186957977E-07
0.0100236856241677,1.87783631926534E-07
0.0120207381278888,2.71602509250717E-07
0.014022484237246,3.54742192126215E-07
0.0160236151510188,4.4247986705789E-07
0.018021300433613,5.18824947288716E-07
0.0200219168145403,5.99054804359696E-07
0.0220234682803301,6.7174437245808E-07
0.0240228633311529,7.3863704345281E-07
0.0260260618359841,8.06715129203545E-07
0.0280278808684558,8.71838759635196E-07
0.0300275201718998,9.34117183348553E-07
0.0320278326025095,9.96880347149872E-07
0.0340305719436016,1.05881714419439E-06
0.0360309171747971,1.11515405877591E-06
0.0380339941131308,1.17697344354676E-06
0.0400344167661948,1.23562791583457E-06
0.0420347904786072,1.29674192779796E-06
0.0440327778257044,1.34787883002659E-06
0.0460374808714233,1.40002713601972E-06
0.0480373603154385,1.46173800650822E-06
0.0500393604299882,1.50925967921605E-06
0.0520369199253391,1.56559320319456E-06
0.054041800886201,1.61945191667112E-06
0.0560380079429717,1.6717572768942E-06
0.0580424510390229,1.72622360141591E-06
0.0600444645589527,1.77575362756831E-06
0.0620421140429758,1.82458798440695E-06
0.0640425091676802,1.87653585893076E-06
0.0660440670490163,1.92717397161146E-06
0.0680449839939661,1.97697784609124E-06
0.070047731418771,2.02622825427137E-06
0.072045505925166,2.07248668196144E-06
0.0740503843526396,2.1217996046187E-06
0.0760495870292807,2.16852615282221E-06
0.0780515772197566,2.2165433930685E-06
0.080050506468963,2.26110105682446E-06
0.08205118885857,2.30339079305982E-06
0.0840532006371316,2.34954805714501E-06
0.0860554374147572,2.39017410503452E-06
0.0880547657448977,2.43734153653172E-06
0.0900583178806794,2.48054664566273E-06
0.0920593917347018,2.52508889622447E-06
0.0940590582879174,2.56721671524347E-06
0.0960602103676135,2.60655806552646E-06
0.0980612410317894,2.6479123475047E-06
0.100059988510384,2.68988829748112E-06
0.102060965581248,2.72866555632619E-06
0.104063864487978,2.76990416067076E-06
0.106064828709078,2.80408412150297E-06
0.10806257415037,2.84358667716301E-06
0.11006508741183,2.88225756473669E-06
0.112063943011016,2.91878220435274E-06
0.114069608784672,2.95772222712829E-06
0.116067700325725,2.99203947553689E-06
0.118065945488953,3.02913147355862E-06
0.120069653570494,3.06564371967771E-06
0.122068914548472,3.09518073486497E-06
0.124072680497267,3.13393929106891E-06
0.12607378353752,3.1644235021153E-06
0.128071270956263,3.19787194690493E-06
0.130075403160279,3.23304876750067E-06
0.132072510983076,3.26374231924726E-06
0.134077766088386,3.29783314281232E-06
0.136079685189224,3.32349598381856E-06
0.138082859578736,3.35570933496169E-06
0.140078483181898,3.38387545254905E-06
0.142081168363647,3.41490064648159E-06
0.144079106427511,3.44287044628151E-06
0.146082882938331,3.47256316695056E-06
0.148084652643482,3.49794378989779E-06
0.15008546165176,3.52714504172418E-06
0.15208332769956,3.55267333760861E-06
0.154081415322742,3.57843018636145E-06
0.156079835887,3.60523974803765E-06
0.158084545062918,3.62721547124628E-06
0.16008303684769,3.65465602226903E-06
0.162086411898197,3.67578438695439E-06
0.164090234529342,3.70332525486791E-06

0.239770747501598,4.29439702096593E-06

-0.23404901789124,-4.25512183381895E-06
-0.23193435567814,-4.24588001662162E-06
-0.229996303953239,-4.23524928854344E-06
-0.227903948385286,-4.22258616183825E-06
-0.225995025535706,-4.21147602872038E-06
-0.223985928577635,-4.20007940650767E-06
-0.221976394474813,-4.19385977426609E-06
-0.219967861672354,-4.17802801852738E-06
-0.217960391027711,-4.16407515888922E-06
-0.215947732465198,-4.15073959131076E-06
-0.213946775585179,-4.14251940588479E-06
-0.211945951962197,-4.12692299171355E-06
-0.209939986796318,-4.1130232877389E-06
-0.207935063216666,-4.09907502883056E-06
-0.205932515020984,-4.08559124881564E-06
-0.203930977413821,-4.07268417852695E-06
-0.201926023792643,-4.05375266982732E-06
-0.199924771302804,-4.03484687725924E-06
-0.197919131789186,-4.02263826369718E-06
-0.195916188393322,-4.00550991139598E-06
-0.193918790611051,-3.9869182123017E-06
-0.191915401517843,-3.97208162289827E-06
-0.189914117166973,-3.95701068100936E-06
-0.187912516471923,-3.94176113489216E-06
-0.18590675391614,-3.92368629107809E-06
-0.183904919029281,-3.90197084629176E-06
-0.181903258830151,-3.88627610837981E-06
-0.179901182549761,-3.86416480600913E-06
-0.177901793939281,-3.84613841222611E-06
-0.175900582751253,-3.82592289528013E-06
-0.173999900535628,-3.8057076181116E-06
-0.171994628960882,-3.7864843901715E-06
-0.169992714593705,-3.76829995307655E-06
-0.167993306124976,-3.74445783216698E-06
-0.16599222554913,-3.72249131041801E-06
-0.163991082254992,-3.70120578660007E-06
-0.161987469155954,-3.67967537507492E-06
-0.159987335806432,-3.65668104728525E-06
-0.157986801161792,-3.62617757911238E-06
-0.155984140341876,-3.60171680240885E-06
-0.153981435554058,-3.57577629911517E-06
-0.151981630061359,-3.55582285892237E-06
-0.149976205398832,-3.52424500793907E-06
-0.14797517015698,-3.50003891984604E-06
-0.145972076850645,-3.47334791313292E-06
-0.143969791574079,-3.44130231628846E-06
-0.141973064800804,-3.41391469613786E-06
-0.139971714558694,-3.38648512991955E-06
-0.137969779667376,-3.35935655933182E-06
-0.135968478742777,-3.33328853939285E-06
-0.13396704729327,-3.30137577925585E-06
-0.131964823917871,-3.26890860869548E-06
-0.129968035665553,-3.23493283334829E-06
-0.127966925834609,-3.20530038673581E-06
-0.125962723070929,-3.17479658886895E-06
-0.123961521055958,-3.14268427394894E-06
-0.121959668549226,-3.10896432615512E-06
-0.119959168253021,-3.07609791115392E-06
-0.117956044621765,-3.04307480158894E-06
-0.115957057247716,-3.01047885555168E-06
-0.113956507690189,-2.97539909986504E-06
-0.111955017914131,-2.93948175658623E-06
-0.109951459764161,-2.90160463727568E-06
-0.107948519545475,-2.86526602000278E-06
-0.105949118489934,-2.82626961955423E-06
-0.103950127005711,-2.79031046508253E-06
-0.101946813524913,-2.75429653644952E-06
-0.099946650577528,-2.71624715202702E-06
-0.0979443438990616,-2.67717348329511E-06
-0.0959427736582498,-2.6377381552377E-06
-0.0939435559580355,-2.59704074358455E-06
-0.0919420594107776,-2.55475793841611E-06
-0.0899416978937352,-2.51598135394512E-06
-0.0879387660744032,-2.47226374299323E-06
-0.0859368514774035,-2.43258190873082E-06
-0.0839381554450769,-2.38728351248652E-06
-0.0819346027250474,-2.34785800781152E-06
-0.0799328446178862,-2.30373772060404E-06
-0.0779314649707634,-2.25862203477686E-06
-0.075932437810956,-2.21355509870255E-06
-0.073932884916308,-2.16896663853031E-06
-0.0719305245101732,-2.12589520532784E-06
-0.0699313907102634,-2.08152907879639E-06
-0.0679272116044988,-2.02872174448111E-06
-0.0659244470140426,-1.9861066152596E-06
-0.0639237223745608,-1.94183358232323E-06
-0.0619223615987953,-1.89138556820236E-06
-0.0599211319219623,-1.84520473848964E-06
-0.0579228037932496,-1.79546509439435E-06
-0.055922153201261,-1.75078958002156E-06
-0.0539209975840537,-1.70047630584166E-06
-0.0519187760436113,-1.64799179439799E-06
-0.0499187578720606,-1.59923527531416E-06
-0.0479140646362033,-1.54543434071007E-06
-0.0459129178708582,-1.49583624024091E-06
-0.0439143388200411,-1.44787270265045E-06
-0.0419126190061105,-1.39703157339981E-06
-0.039911770169841,-1.34625054586569E-06
-0.0379085883336308,-1.29349789579518E-06
-0.035907521829434,-1.23855466141787E-06
-0.0339084605112743,-1.18876612520186E-06
-0.0319074164330669,-1.13138269069894E-06
-0.0299046039041035,-1.08015992941049E-06
-0.0279032337201499,-1.0255497046999E-06
-0.0259033321092164,-9.70019622506026E-07
-0.023900101921425,-9.1492445914177E-07
-0.0219976914689458,-8.60763937039211E-07
-0.019997698059244,-8.02061801490108E-07
-0.017995074151825,-7.44818543132554E-07
-0.0159941370897003,-6.85787440414686E-07
-0.0139952257705774,-6.23372283610295E-07
-0.0119959837022033,-5.6327627491107E-07
-0.00990352287477645,-5.00038881891117E-07
-0.00798996600249042,-4.43860769292369E-07
-0.00599248353887436,-3.80959699738425E-07
-0.0039133947645715,-3.14310312002574E-07
-0.0019731939930695,-2.52473235215088E-07
2.61525735587893E-05,-1.85631538002737E-07
0.00201890080855751,-1.19305188095225E-07
0.00402071918606279,-4.75665189131193E-08
0.00601853697873081,2.59291239887063E-08
0.00801899441464355,1.05003809109032E-07
0.0100198655685322,1.89839777419111E-07
0.0120225379442997,2.6945835747252E-07
0.0140197888244586,3.57266505432077E-07
0.0160196631753737,4.35027111840743E-07
0.0180220794543861,5.20872009805417E-07
0.0200225580962986,5.96791818502479E-07
0.0220176103934441,6.70787139664737E-07
0.0240220865712793,7.40884470001417E-07
0.0260244673969171,8.06138048571561E-07
0.028023273191274,8.70517301148326E-07
0.0300258627290911,9.36114405874296E-07
0.0320253961938542,9.9530087314039E-07
0.0340286582311652,1.05633051341345E-06
0.03603291293337,1.11693971516699E-06
0.0380334081602749,1.17617952167621E-06
0.0400332214263883,1.23473047004985E-06
0.0420311507678251,1.28646719055649E-06
0.0440321323963981,1.34805982453634E-06
0.046031978301218,1.40253446633836E-06
0.0480378276400814,1.45831477128771E-06
0.0500363261227693,1.51445977773896E-06
0.0520364281160787,1.56441130267681E-06
0.0540367620588223,1.62185350513418E-06
0.0560361660239286,1.67194479784642E-06
0.0580377739088385,1.72175923752011E-06
0.0600390139133294,1.77528985302116E-06
0.0620423180897189,1.82583440004492E-06
0.0640405956482532,1.87685832962924E-06
0.0660404678416111,1.92491498329392E-06
0.0680429156241757,1.97462124587229E-06
0.0700440738156298,2.02292785254282E-06
0.0720452647874896,2.06941701357749E-06
0.0740462735846574,2.1191586283437E-06
0.0760460343777564,2.16809170605445E-06
0.0780462656899815,2.2122491213015E-06
0.0800496166271771,2.26097612527981E-06
0.0820482520022555,2.30266686747215E-06
0.0840511590296782,2.34802669919504E-06
0.0860518078144695,2.39399263586098E-06
0.0880520499919773,2.43763682995481E-06
0.0900556476196959,2.47853103895029E-06
0.0920583213952247,2.52040663457071E-06
0.0940579282289869,2.56291062694401E-06
0.0960573792916238,2.60616577463168E-06
0.098062049252847,2.64628986341507E-06
0.100061237552673,2.68877024520256E-06
0.10205755504452,2.7299468970484E-06
0.104060295245964,2.76694750988939E-06
0.106060131016354,2.80415867730392E-06
0.108060377433464,2.84371326467068E-06
0.110062160571123,2.88259572587206E-06
0.112065075574758,2.91726875905863E-06
0.114066504912414,2.95352691601086E-06
0.11606398596304,2.99001415034466E-06
0.118064796214302,3.02852657499588E-06
0.120064994288179,3.06234162452092E-06
0.122066343772048,3.09142091954164E-06
0.12406834499471,3.12982607375603E-06
0.126069912653841,3.16342404975809E-06
0.12807122729217,3.19557405469608E-06
0.130070349393942,3.22758124219022E-06
0.132073472794423,3.26339296350217E-06
0.13407686940902,3.29381905848905E-06
0.136078674193223,3.32666982801162E-06
0.138077525092445,3.35377678865664E-06
0.140078207291965,3.38328715857474E-06
0.142079183426453,3.41099452195531E-06
0.144080586567407,3.43846414599391E-06
0.146079412511977,3.46869348859673E-06
0.148079624017874,3.49712297174105E-06
0.150080557022503,3.52551713266973E-06
0.152080782554062,3.55000831615117E-06
0.154079018867233,3.57909258655399E-06
0.156079683882758,3.60388403134757E-06
0.158083037702132,3.62959127614038E-06
0.160083377609935,3.65489511035916E-06
0.162084142359625,3.67683802901536E-06

0.239771636377547,4.29214336769666E-06

-0.23604763192426,-4.2595837924472E-06
-0.233935128627798,-4.25085914523799E-06
-0.231993591975327,-4.24234034696986E-06
-0.22990102171356,-4.22712825109318E-06
-0.227993005735363,-4.22038148311321E-06
-0.225982434754649,-4.20799753229062E-06
-0.223970469095227,-4.19834689454053E-06
-0.221964012654243,-4.18543287070579E-06
-0.219956114460831,-4.1738978219738E-06
-0.217948922739405,-4.16330270084699E-06
-0.215938893876211,-4.14798616690461E-06
-0.213938876976573,-4.13625875671312E-06
-0.211935062101056,-4.12125063651619E-06
-0.20993284396935,-4.10483045192836E-06
-0.207929557806854,-4.09481661128544E-06
-0.205927275560271,-4.08354705613529E-06
-0.203919857118448,-4.06551576190063E-06
-0.20191756863456,-4.05439007322067E-06
-0.199917641601097,-4.03772140426387E-06
-0.197913648593411,-4.02439799040492E-06
-0.195911222687387,-4.00520852612704E-06
-0.193911959350518,-3.99179128435457E-06
-0.191907344569092,-3.97207258628561E-06
-0.189905471091267,-3.95324689437202E-06
-0.187902454091308,-3.93808832881112E-06
-0.185900862535346,-3.92168771605767E-06
-0.183901666612077,-3.90294659065357E-06
-0.181900460890674,-3.88418202700371E-06
-0.179999778244007,-3.86736725864923E-06
-0.177996618944804,-3.84694494863846E-06
-0.175995255491986,-3.82825942163066E-06
-0.17399302236824,-3.80566784502703E-06
-0.171989383802515,-3.78526735476424E-06
-0.169988207399064,-3.76337639288429E-06
-0.167983534706089,-3.74397656885205E-06
-0.165986117959737,-3.72089470730692E-06
-0.163985704691365,-3.70296872033121E-06
-0.161983752954481,-3.67581821010678E-06
-0.159979301175232,-3.64760738901103E-06
-0.157980338230342,-3.63103998106872E-06
-0.155975758973513,-3.60320163925592E-06
-0.153977695845237,-3.58054833494493E-06
-0.151972570115419,-3.55196178258457E-06
-0.149971540998363,-3.52706610953057E-06
-0.147969534277687,-3.50206264152656E-06
-0.145968885601252,-3.47381579386891E-06
-0.143963798261529,-3.44480753291783E-06
-0.141966675032334,-3.42061926328657E-06
-0.139966734321876,-3.3897892182264E-06
-0.13796668145023,-3.35960323038381E-06
-0.135963776165777,-3.33052288633674E-06
-0.133960349674599,-3.3015754239554E-06
-0.131958767251666,-3.2736754293657E-06
-0.129960221663494,-3.23787971319856E-06
-0.127959200077351,-3.21003085115013E-06
-0.125958512282567,-3.17640934698575E-06
-0.12395652245381,-3.14469689093629E-06
-0.121954748798212,-3.10913342920195E-06
-0.119953675063915,-3.07364425351892E-06
-0.117954190060349,-3.0428258076929E-06
-0.115953086510832,-3.00859135743511E-06
-0.1139515989678,-2.97311109847601E-06
-0.111946131613606,-2.93660474189055E-06
-0.109946743858089,-2.90020127980344E-06
-0.107942291451834,-2.86384156211492E-06
-0.105943987107679,-2.82754402171648E-06
-0.103940862290896,-2.78854633246414E-06
-0.101940607161651,-2.75123535768592E-06
-0.0999389387578755,-2.71249989504766E-06
-0.0979382390129452,-2.67350276028067E-06
-0.0959380010990724,-2.6349569466195E-06
-0.093937243431642,-2.59742877842959E-06
-0.0919368299123695,-2.55471366950435E-06
-0.0899368913471623,-2.51306259549395E-06
-0.087931648870807,-2.47215994183639E-06
-0.0859345678783991,-2.43130539352979E-06
-0.083930617098405,-2.38847147487793E-06
-0.0819297505670606,-2.34590110910918E-06
-0.0799291219582868,-2.30222323377663E-06
-0.0779282350856563,-2.26264392685336E-06
-0.0759270928625772,-2.21914303725131E-06
-0.0739265771898741,-2.17184227450565E-06
-0.0719244818140426,-2.12627337932523E-06
-0.069923522936086,-2.07940128620939E-06
-0.0679237162866337,-2.03275287548249E-06
-0.0659191739432677,-1.98684880139873E-06
-0.0639192860745291,-1.93875128066487E-06
-0.0619177096904064,-1.89008352419592E-06
-0.0599156187755363,-1.84361461686275E-06
-0.0579158015920801,-1.79875794313322E-06
-0.0559140880198315,-1.74907003102283E-06
-0.0539148260177693,-1.69831402276705E-06
-0.0519121452432077,-1.65087230085279E-06
-0.0499111280443392,-1.59542088064871E-06
-0.0479117151337373,-1.54815103420805E-06
-0.0459108650041104,-1.50009276204558E-06
-0.0439080846867747,-1.44655805534178E-06
-0.0419083611978429,-1.395185534303E-06
-0.0399061664654942,-1.34305706240084E-06
-0.0379053326913223,-1.29086480220385E-06
-0.035903679291287,-1.23825995619883E-06
-0.0339035697791955,-1.186656956579E-06
-0.0319017542780635,-1.13234881773708E-06
-0.0299011778024146,-1.07535834850303E-06
-0.0279985404599026,-1.02445890837369E-06
-0.0259979439437156,-9.73334272260255E-07
-0.0239937830633013,-9.14574687532669E-07
-0.0219914466443841,-8.59034002679667E-07
-0.0199916571641423,-8.03552910016109E-07
-0.0179907882528029,-7.43655038041069E-07
-0.0159890871216869,-6.86818764440171E-07
-0.0139899314330947,-6.26588637722731E-07
-0.0119914282558772,-5.67601266290622E-07
-0.00999886634730412,-5.0337968424678E-07
-0.00798280342037452,-4.45931976274358E-07
-0.00598775050281225,-3.82357079633757E-07
-0.00390687228966657,-3.13736661312086E-07
-0.00196652844204055,-2.51871740368184E-07
3.26961373566828E-05,-1.91511162541582E-07
0.00202271621556079,-1.22228943939311E-07
0.00402765898902545,-4.79006697106349E-08
0.00602360240969207,3.01427363863824E-08
0.00802309077118433,1.05919843734249E-07
0.0100271652384351,1.86431550300065E-07
0.0120240096791537,2.73155781953969E-07
0.0140244248594624,3.5656972808423E-07
0.0160255977826059,4.37495982231008E-07
0.0180256512434328,5.20262566710687E-07
0.0200256990711107,5.90995039414288E-07
0.0220262333293433,6.69586472814979E-07
0.0240271710676675,7.39258625280961E-07
0.0260285639938842,8.04832587736454E-07
0.0280324145682312,8.7103209209455E-07
0.0300316420372015,9.35581092120037E-07
0.0320322169017999,9.97887607260306E-07
0.0340309156253122,1.05561233499154E-06
0.0360350807113663,1.11946890644536E-06
0.0380358424656586,1.17553937957479E-06
0.0400370151054504,1.23158110563585E-06
0.0420362957442285,1.28889817423635E-06
0.0440387881427716,1.3461143677142E-06
0.0460383330397504,1.40280350413064E-06
0.0480411256541326,1.45811850595159E-06
0.05004033347752,1.51081375929494E-06
0.0520412775657906,1.56884730539607E-06
0.0540442886434354,1.61816780352214E-06
0.0560458290130188,1.67157365232554E-06
0.0580470923433682,1.72244705412238E-06
0.0600452017968639,1.77353884072513E-06
0.0620418994532171,1.82600644785856E-06
0.0640456483873001,1.87822784101575E-06
0.0660454375348933,1.92367752933815E-06
0.0680485225802433,1.97636072637158E-06
0.0700483621085026,2.02141088551741E-06
0.0720494281143662,2.07182046031579E-06
0.0740506656063678,2.11668268639191E-06
0.0760510845276529,2.16399076984285E-06
0.0780532707417983,2.21203872408191E-06
0.080055176222833,2.25926146923968E-06
0.082054961281417,2.3057407844128E-06
0.0840549454087235,2.34950752726286E-06
0.0860573837893732,2.39271704230453E-06
0.0880585234740845,2.43931659088288E-06
0.0900615478091651,2.47695429990235E-06
0.09206474727591,2.51856133728539E-06
0.0940612541935502,2.5659348200359E-06
0.0960633525699604,2.60436888241914E-06
0.0980661306156534,2.64805577937825E-06
0.100065924736587,2.68677363336001E-06
0.102063362712803,2.72351644048365E-06
0.104064600851914,2.76681918399521E-06
0.106065804100501,2.80664875113919E-06
0.108067537603916,2.84444915665173E-06
0.110067437911628,2.88503466716605E-06
0.112068737473832,2.91657502295056E-06
0.114068300370358,2.95400130071019E-06
0.116069827229554,2.99080243369861E-06
0.118069869615572,3.0268147887921E-06
0.120072950256004,3.0610317802543E-06
0.122072248502728,3.09672436214563E-06
0.124076067431972,3.12987438891226E-06
0.126076741592463,3.16126464401288E-06
0.128077302709552,3.1955049838043E-06
0.130079100711068,3.22741954227218E-06
0.132077453907168,3.2606552894773E-06
0.134079821027644,3.29405795176E-06
0.136083828217258,3.32469188883802E-06
0.138080401603437,3.35508814651842E-06
0.140082794333026,3.38200451406264E-06
0.142082656484327,3.41093727508905E-06
0.144083278800958,3.44169651087094E-06
0.146085888315088,3.46959500685158E-06
0.148086813489188,3.49435880230792E-06
0.150084026988802,3.52327289066539E-06
0.152082464853536,3.54754302930983E-06
0.154085779905357,3.57735790160372E-06
0.156087500963687,3.60152815795402E-06
0.158088150448238,3.62722465771984E-06
0.1600883028197,3.65444131654838E-06

0.239771092622567,4.2935492877904E-06

-0.238048650491678,-4.27113887758238E-06
-0.235922296680095,-4.25731226077179E-06
-0.233982197564785,-4.25197217717619E-06
-0.231990777995249,-4.24191544634184E-06
-0.229982801853776,-4.22742557513155E-06
-0.227973311314889,-4.22089089030637E-06
-0.225960290716192,-4.20341682388011E-06
-0.223953316778759,-4.19406345022403E-06
-0.221946634477214,-4.1853625409824E-06
-0.219941567753378,-4.17277911030725E-06
-0.217931776726315,-4.16010212146822E-06
-0.215927954184605,-4.15004074494577E-06
-0.213925939570155,-4.13946940674481E-06
-0.211924450563499,-4.12732419933227E-06
-0.209917808573547,-4.11318644130774E-06
-0.20791703842412,-4.09340397742309E-06
-0.205913135742549,-4.0797468233255E-06
-0.203909826077401,-4.06425484721996E-06
-0.201905938683167,-4.05189919013651E-06
-0.199904585830759,-4.03486869700721E-06
-0.197901629666379,-4.02733784177868E-06
-0.195999366601685,-4.01090685221949E-06
-0.193996310726533,-3.99350368498807E-06
-0.191999819537297,-3.97722986954755E-06
-0.189997507549835,-3.95941668287612E-06
-0.187993837141955,-3.9435899025195E-06
-0.185989822288444,-3.92461439465774E-06
-0.183988784258742,-3.90592793851232E-06
-0.181989033138474,-3.88402897405997E-06
-0.179986706949011,-3.86432094608755E-06
-0.177983261523795,-3.84559124008453E-06
-0.175984674771716,-3.82991019945942E-06
-0.173978564112557,-3.80742957987092E-06
-0.171975823018303,-3.78936733935908E-06
-0.169975614897751,-3.76818644842601E-06
-0.167975297926488,-3.74609191549077E-06
-0.165974015965161,-3.72484892219807E-06
-0.163973827809185,-3.70294513222454E-06
-0.16197180712877,-3.67914227487246E-06
-0.159970225792131,-3.65686651514305E-06
-0.157968078804392,-3.63190848496588E-06
-0.155966073882217,-3.6033314188009E-06
-0.153964802268089,-3.57897404612281E-06
-0.151963331479352,-3.55788863157324E-06
-0.149960744770596,-3.52975268098635E-06
-0.147960864829595,-3.50148155586185E-06
-0.145955990220067,-3.47633982618557E-06
-0.143954623759259,-3.44964150626022E-06
-0.141955156464745,-3.41599626412827E-06
-0.139958706103033,-3.38823030513328E-06
-0.137953669679325,-3.35660526295054E-06
-0.135950632114868,-3.32576276444904E-06
-0.133948596013401,-3.29811007032714E-06
-0.131951233184386,-3.26825377647872E-06
-0.129949003361643,-3.23478715356114E-06
-0.127949054163054,-3.20540896096253E-06
-0.125947875188725,-3.17318393565478E-06
-0.123944657720753,-3.13903941692694E-06
-0.121941068395992,-3.10762022368529E-06
-0.11994257236333,-3.07220522915095E-06
-0.117940419912149,-3.03590773371078E-06
-0.11594086307323,-3.00452392262914E-06
-0.113938946862618,-2.97000208411107E-06
-0.111938678185244,-2.93366721336084E-06
-0.109935727273304,-2.89662508904877E-06
-0.107934692076883,-2.86409096063541E-06
-0.105930819474886,-2.82633609785233E-06
-0.103931204837187,-2.78678552675787E-06
-0.101929873566568,-2.7509717523515E-06
-0.0999290083553909,-2.7117121062347E-06
-0.09792796057182,-2.67100627239861E-06
-0.0959277414601006,-2.63048021170588E-06
-0.0939253465750904,-2.59067991239693E-06
-0.091922418303252,-2.55017791936577E-06
-0.0899251390238151,-2.51069282250133E-06
-0.087926470939349,-2.47008069669003E-06
-0.0859220672471264,-2.43072775466593E-06
-0.0839187455809069,-2.38712062866731E-06
-0.0819187936625717,-2.34494496655393E-06
-0.079915414159554,-2.29960176939165E-06
-0.0779158721614639,-2.25706727283085E-06
-0.0759190007139401,-2.21401436243641E-06
-0.0739161728428054,-2.16862492569145E-06
-0.0719128915657243,-2.12402652974111E-06
-0.0699148962934702,-2.07576285072723E-06
-0.0679119692385036,-2.02985667109774E-06
-0.0659056176784712,-1.98318183989304E-06
-0.0639086032587453,-1.93523372298984E-06
-0.061906777542882,-1.88985679213752E-06
-0.0599038962348728,-1.84386884839748E-06
-0.0579024408739361,-1.79239104257888E-06
-0.0559053556036365,-1.74593159896196E-06
-0.053904131819159,-1.69755461011672E-06
-0.051903487820984,-1.64797096373199E-06
-0.0499016503560106,-1.59776874397681E-06
-0.0479014472698543,-1.5469448637165E-06
-0.045999342999143,-1.50029318602184E-06
-0.0439984978252814,-1.44715639748986E-06
-0.0419946146574664,-1.39370718643318E-06
-0.0399933547840437,-1.34327038940115E-06
-0.0379938798842056,-1.2900911003161E-06
-0.0359926204399533,-1.24096741826498E-06
-0.0339916794369621,-1.18820506844729E-06
-0.0319912669294482,-1.1337268936744E-06
-0.029987111442422,-1.07850399262002E-06
-0.0279854041072576,-1.02370072832933E-06
-0.0259893536871709,-9.71062691880053E-07
-0.0239879776579978,-9.14340960716467E-07
-0.0219822157501845,-8.52852674885775E-07
-0.0199834299608101,-7.98807751739919E-07
-0.0179810042657758,-7.43235536152203E-07
-0.0159776930606805,-6.84208037589134E-07
-0.013977963492255,-6.25357299965208E-07
-0.0119789364095879,-5.68232471062227E-07
-0.00998663402859791,-5.03839217730278E-07
-0.00797195733195183,-4.41659213293961E-07
-0.00597724688425803,-3.81220467081932E-07
-0.00399809788495091,-3.20303628049773E-07
-0.00195495674812782,-2.5427276310632E-07
4.18110315819688E-05,-1.87105475747068E-07
0.00203627747189719,-1.17282495303487E-07
0.00403621835525191,-4.82840309808577E-08
0.00603392944728749,2.9344388859103E-08
0.00803383347905729,1.04262672230406E-07
0.0100365075534361,1.83841338470489E-07
0.0120366315711092,2.70674631399053E-07
0.0140367136710167,3.55160981239145E-07
0.016036422812191,4.41998142920671E-07
0.0180364371273274,5.20861397779979E-07
0.0200349331862434,6.0048186795407E-07
0.0220369011292478,6.66473932972216E-07
0.0240388244359177,7.39247509348226E-07
0.0260408202715972,8.04447194189893E-07
0.0280417790631887,8.68799254505185E-07
0.030042197774882,9.34648245442694E-07
0.0320422605755583,9.97062285783331E-07
0.0340429196976804,1.0569556656777E-06
0.0360459332758584,1.1151780140418E-06
0.0380456752110348,1.17624389068204E-06
0.0400468016269658,1.23266844017512E-06
0.042046221699938,1.28848325059818E-06
0.0440458078466417,1.34648080760262E-06
0.0460511268498295,1.4008653380416E-06
0.0480542683603818,1.45843919330528E-06
0.0500532194179144,1.51255231814965E-06
0.052051717329348,1.56564526487346E-06
0.0540552692513328,1.61660928756042E-06
0.0560527168327918,1.67026834884438E-06
0.0580555223550484,1.72527819639461E-06
0.0600536792493092,1.77508490324552E-06
0.0620566284665411,1.82309531732752E-06
0.0640585509344752,1.87815309788867E-06
0.0660576391554927,1.92345903962961E-06
0.0680597456117721,1.97391660738327E-06
0.0700622087674393,2.0230171771361E-06
0.0720591053427999,2.07097020198398E-06
0.0740607748573293,2.11771251555485E-06
0.0760618867461397,2.16477966013347E-06
0.0780618379854733,2.21372281599018E-06
0.0800638008851428,2.25806877873667E-06
0.0820668802301034,2.30277181506492E-06
0.0840667578838564,2.34728503007604E-06
0.0860658076022739,2.39145615010299E-06
0.0880686747017976,2.43421568529394E-06
0.0900730166361517,2.47983674705589E-06
0.0920745035439712,2.52061025058429E-06
0.0940744700920254,2.56231917090457E-06
0.0960736418533953,2.60751841917318E-06
0.0980758052391762,2.64406667686808E-06
0.100074623121528,2.682744712807E-06
0.10207484307632,2.72386503193812E-06
0.104076812358311,2.76650351698189E-06
0.106078388755314,2.80210520823347E-06
0.108076086596003,2.84014010110632E-06
0.110077987737755,2.87967651034513E-06
0.112078564354254,2.91808236890577E-06
0.114080615584871,2.95351957282644E-06
0.116082391721686,2.99042566839374E-06
0.118081676161462,3.02356306188596E-06
0.120081947025712,3.05957435296702E-06
0.122083047243379,3.09393948193522E-06
0.124082017435744,3.12941307208398E-06
0.126085428318661,3.1615936036886E-06
0.128089253991308,3.19685131920164E-06
0.13008822567945,3.22893156388767E-06
0.13208856500543,3.26248642490696E-06
0.134091648704604,3.29203541398064E-06
0.136090808913548,3.32271249601362E-06
0.138091075300163,3.35447425630129E-06
0.140093172998884,3.38268885389188E-06
0.142097140137281,3.41007110902203E-06
0.144094570469137,3.4379259954789E-06
0.146094278069751,3.46787273038435E-06
0.148095487706951,3.49527221951874E-06
0.150094989371173,3.52192333325856E-06
0.152093143047319,3.54845401877397E-06
0.15409596459333,3.57048634444696E-06
0.156098721277321,3.59526767362935E-06
0.158099829092447,3.62593194255483E-06

MicroMag 2900/3900 Data File ends
